

Microchip MPLAB XC8 Assembler V3.10 build 20250813170317 
                                                                                               Thu Sep  3 14:40:59 2026

Microchip MPLAB XC8 C Compiler v3.10 (Free license) build 20250813170317 Og1 
     1                           	processor	16F15213
     2                           	pagewidth 120
     3                           	opt	flic
     4                           	psect	idataBANK0,global,class=CODE,space=0,delta=2,noexec
     5                           	psect	stringtext1,global,class=STRCODE,space=0,delta=2,noexec
     6                           	psect	nvBANK0,global,class=BANK0,space=1,delta=1,noexec
     7                           	psect	nvBANK1,global,class=BANK1,space=1,delta=1,noexec
     8                           	psect	cinit,global,class=CODE,space=0,merge=1,delta=2
     9                           	psect	bssCOMMON,global,class=COMMON,space=1,delta=1,noexec
    10                           	psect	bssBANK0,global,class=BANK0,space=1,delta=1,noexec
    11                           	psect	dataBANK0,global,class=BANK0,space=1,delta=1,noexec
    12                           	psect	bssBANK1,global,class=BANK1,space=1,delta=1,noexec
    13                           	psect	clrtext,global,class=CODE,space=0,delta=2
    14                           	psect	cstackBANK1,global,class=BANK1,space=1,delta=1,noexec
    15                           	psect	cstackCOMMON,global,class=COMMON,space=1,delta=1,noexec
    16                           	psect	cstackBANK0,global,class=BANK0,space=1,delta=1,noexec
    17                           	psect	maintext,global,class=CODE,space=0,merge=1,split=1,delta=2
    18                           	psect	text1,local,class=CODE,space=0,merge=1,delta=2
    19                           	psect	text2,local,class=CODE,space=0,merge=1,delta=2
    20                           	psect	text3,local,class=CODE,space=0,merge=1,delta=2
    21                           	psect	text4,local,class=CODE,space=0,merge=1,delta=2
    22                           	psect	text5,local,class=CODE,space=0,merge=1,delta=2
    23                           	psect	text6,local,class=CODE,space=0,merge=1,delta=2
    24                           	psect	text7,local,class=CODE,space=0,merge=1,delta=2
    25                           	psect	text8,local,class=CODE,space=0,merge=1,delta=2
    26                           	psect	text9,local,class=CODE,space=0,merge=1,delta=2
    27                           	psect	text10,local,class=CODE,space=0,merge=1,delta=2
    28                           	psect	text11,local,class=CODE,space=0,merge=1,delta=2
    29                           	psect	text12,local,class=CODE,space=0,merge=1,delta=2
    30                           	psect	text13,local,class=CODE,space=0,merge=1,delta=2
    31                           	psect	text14,local,class=CODE,space=0,merge=1,delta=2
    32                           	psect	text15,local,class=CODE,space=0,merge=1,delta=2
    33                           	psect	text16,local,class=CODE,space=0,merge=1,delta=2
    34                           	psect	text17,local,class=CODE,space=0,merge=1,delta=2
    35                           	psect	text18,local,class=CODE,space=0,merge=1,delta=2
    36                           	psect	text19,local,class=CODE,space=0,merge=1,delta=2
    37                           	psect	text20,local,class=CODE,space=0,merge=1,delta=2
    38                           	psect	text21,local,class=CODE,space=0,merge=1,delta=2
    39                           	psect	text22,local,class=CODE,space=0,merge=1,delta=2
    40                           	psect	text23,local,class=CODE,space=0,merge=1,delta=2
    41                           	psect	text24,local,class=CODE,space=0,merge=1,delta=2
    42                           	psect	text25,local,class=CODE,space=0,merge=1,delta=2
    43                           	psect	text26,local,class=CODE,space=0,merge=1,delta=2
    44                           	psect	text27,local,class=CODE,space=0,merge=1,delta=2
    45                           	psect	text28,local,class=CODE,space=0,merge=1,delta=2
    46                           	psect	text29,local,class=CODE,space=0,merge=1,delta=2
    47                           	psect	text30,local,class=CODE,space=0,merge=1,delta=2
    48                           	psect	text31,local,class=CODE,space=0,merge=1,delta=2
    49                           	psect	text32,local,class=CODE,space=0,merge=1,delta=2
    50                           	psect	text33,local,class=CODE,space=0,merge=1,delta=2
    51                           	psect	text34,local,class=CODE,space=0,merge=1,delta=2
    52                           	psect	text35,local,class=CODE,space=0,merge=1,delta=2,group=2
    53                           	psect	text36,local,class=CODE,space=0,merge=1,delta=2
    54                           	psect	text37,local,class=CODE,space=0,merge=1,delta=2
    55                           	psect	text38,local,class=CODE,space=0,merge=1,delta=2
    56                           	psect	text39,local,class=CODE,space=0,merge=1,delta=2
    57                           	psect	text40,local,class=CODE,space=0,merge=1,delta=2,group=2
    58                           	psect	text41,local,class=CODE,space=0,merge=1,delta=2
    59                           	psect	text42,local,class=CODE,space=0,merge=1,delta=2
    60                           	psect	text43,local,class=CODE,space=0,merge=1,delta=2
    61                           	psect	text44,local,class=CODE,space=0,merge=1,delta=2
    62                           	psect	text45,local,class=CODE,space=0,merge=1,delta=2
    63                           	psect	text46,local,class=CODE,space=0,merge=1,delta=2
    64                           	psect	text47,local,class=CODE,space=0,merge=1,delta=2
    65                           	psect	text48,local,class=CODE,space=0,merge=1,delta=2
    66                           	psect	text49,local,class=CODE,space=0,merge=1,delta=2
    67                           	psect	text50,local,class=CODE,space=0,merge=1,delta=2
    68                           	psect	text51,local,class=CODE,space=0,merge=1,delta=2
    69                           	psect	text52,local,class=CODE,space=0,merge=1,delta=2
    70                           	psect	intentry,global,class=CODE,space=0,delta=2
    71                           	psect	text54,local,class=CODE,space=0,merge=1,delta=2
    72                           	psect	text55,local,class=CODE,space=0,merge=1,delta=2
    73                           	psect	text56,local,class=CODE,space=0,merge=1,delta=2
    74                           	psect	text57,local,class=CODE,space=0,merge=1,delta=2
    75                           	psect	text58,local,class=CODE,space=0,merge=1,delta=2
    76                           	psect	text59,local,class=CODE,space=0,merge=1,delta=2
    77                           	psect	text60,local,class=CODE,space=0,merge=1,delta=2
    78                           	psect	text61,local,class=CODE,space=0,merge=1,delta=2
    79                           	psect	text62,local,class=CODE,space=0,merge=1,delta=2
    80                           	psect	idloc,global,abs,ovrld,class=IDLOC,space=5,delta=2,noexec
    81                           	psect	config,global,abs,ovrld,class=CONFIG,space=4,delta=2,noexec
    82                           	dabs	1,0x7E,2
    83     0000                     
    84                           ; Version 2.30
    85                           ; Generated 15/09/2020 GMT
    86                           ; 
    87                           ; Copyright © 2020, Microchip Technology Inc. and its subsidiaries ("Microchip")
    88                           ; All rights reserved.
    89                           ; 
    90                           ; This software is developed by Microchip Technology Inc. and its subsidiaries ("Microch
      +                          ip").
    91                           ; 
    92                           ; Redistribution and use in source and binary forms, with or without modification, are
    93                           ; permitted provided that the following conditions are met:
    94                           ; 
    95                           ;     1. Redistributions of source code must retain the above copyright notice, this lis
      +                          t of
    96                           ;        conditions and the following disclaimer.
    97                           ; 
    98                           ;     2. Redistributions in binary form must reproduce the above copyright notice, this 
      +                          list
    99                           ;        of conditions and the following disclaimer in the documentation and/or other
   100                           ;        materials provided with the distribution. Publication is not required when
   101                           ;        this file is used in an embedded application.
   102                           ; 
   103                           ;     3. Microchip's name may not be used to endorse or promote products derived from th
      +                          is
   104                           ;        software without specific prior written permission.
   105                           ; 
   106                           ; THIS SOFTWARE IS PROVIDED BY MICROCHIP "AS IS" AND ANY EXPRESS OR IMPLIED WARRANTIES,
   107                           ; INCLUDING, BUT NOT LIMITED TO, THE IMPLIED WARRANTIES OF MERCHANTABILITY AND FITNESS F
      +                          OR
   108                           ; PURPOSE ARE DISCLAIMED.  IN NO EVENT SHALL MICROCHIP BE LIABLE FOR ANY DIRECT, INDIREC
      +                          T,
   109                           ; INCIDENTAL, SPECIAL, EXEMPLARY, OR CONSEQUENTIAL DAMAGES (INCLUDING BUT NOT LIMITED TO
   110                           ; PROCUREMENT OF SUBSTITUTE GOODS OR SERVICES; LOSS OF USE, DATA OR PROFITS; OR BUSINESS
   111                           ; INTERRUPTION) HOWSOEVER CAUSED AND ON ANY THEORY OF LIABILITY, WHETHER IN CONTRACT, ST
      +                          RICT
   112                           ; LIABILITY, OR TORT (INCLUDING NEGLIGENCE OR OTHERWISE) ARISING IN ANY WAY OUT OF THE U
      +                          SE OF
   113                           ; THIS SOFTWARE, EVEN IF ADVISED OF THE POSSIBILITY OF SUCH DAMAGE.
   114                           ; 
   115                           ; 
   116                           ; Code-generator required, PIC16F15213 Definitions
   117                           ; 
   118                           ; SFR Addresses
   119     0008                     bsr             equ	8
   120     0005                     fsr0h           equ	5
   121     0004                     fsr0l           equ	4
   122     0007                     fsr1h           equ	7
   123     0006                     fsr1l           equ	6
   124     0000                     indf            equ	0
   125     0000                     indf0           equ	0
   126     0001                     indf1           equ	1
   127     000B                     intcon          equ	11
   128     0002                     pc              equ	2
   129     0002                     pcl             equ	2
   130     000A                     pclath          equ	10
   131     0003                     status          equ	3
   132     0009                     wreg            equ	9
   133     0000                     INDF0           equ	0	;# 
   134     0001                     INDF1           equ	1	;# 
   135     0002                     PCL             equ	2	;# 
   136     0003                     STATUS          equ	3	;# 
   137     0004                     FSR0L           equ	4	;# 
   138     0005                     FSR0H           equ	5	;# 
   139     0006                     FSR1L           equ	6	;# 
   140     0007                     FSR1H           equ	7	;# 
   141     0008                     BSR             equ	8	;# 
   142     0009                     WREG            equ	9	;# 
   143     000A                     PCLATH          equ	10	;# 
   144     000B                     INTCON          equ	11	;# 
   145     000C                     PORTA           equ	12	;# 
   146     0012                     TRISA           equ	18	;# 
   147     0018                     LATA            equ	24	;# 
   148     009A                     CPCON           equ	154	;# 
   149     009B                     ADRES           equ	155	;# 
   150     009B                     ADRESL          equ	155	;# 
   151     009C                     ADRESH          equ	156	;# 
   152     009D                     ADCON0          equ	157	;# 
   153     009E                     ADCON1          equ	158	;# 
   154     009F                     ADACT           equ	159	;# 
   155     0119                     RC1REG          equ	281	;# 
   156     011A                     TX1REG          equ	282	;# 
   157     011B                     SP1BRG          equ	283	;# 
   158     011B                     SP1BRGL         equ	283	;# 
   159     011C                     SP1BRGH         equ	284	;# 
   160     011D                     RC1STA          equ	285	;# 
   161     011E                     TX1STA          equ	286	;# 
   162     011F                     BAUD1CON        equ	287	;# 
   163     018C                     SSP1BUF         equ	396	;# 
   164     018D                     SSP1ADD         equ	397	;# 
   165     018E                     SSP1MSK         equ	398	;# 
   166     018F                     SSP1STAT        equ	399	;# 
   167     0190                     SSP1CON1        equ	400	;# 
   168     0191                     SSP1CON2        equ	401	;# 
   169     0192                     SSP1CON3        equ	402	;# 
   170     020C                     TMR1L           equ	524	;# 
   171     020D                     TMR1H           equ	525	;# 
   172     020E                     T1CON           equ	526	;# 
   173     020E                     TMR1CON         equ	526	;# 
   174     020F                     T1GCON          equ	527	;# 
   175     020F                     TMR1GCON        equ	527	;# 
   176     0210                     T1GATE          equ	528	;# 
   177     0210                     TMR1GATE        equ	528	;# 
   178     0211                     T1CLK           equ	529	;# 
   179     0211                     TMR1CLK         equ	529	;# 
   180     028C                     T2TMR           equ	652	;# 
   181     028C                     TMR2            equ	652	;# 
   182     028D                     T2PR            equ	653	;# 
   183     028D                     PR2             equ	653	;# 
   184     028E                     T2CON           equ	654	;# 
   185     028F                     T2HLT           equ	655	;# 
   186     0290                     T2CLKCON        equ	656	;# 
   187     0291                     T2RST           equ	657	;# 
   188     030C                     CCPR1           equ	780	;# 
   189     030C                     CCPR1L          equ	780	;# 
   190     030D                     CCPR1H          equ	781	;# 
   191     030E                     CCP1CON         equ	782	;# 
   192     030F                     CCP1CAP         equ	783	;# 
   193     0310                     CCPR2           equ	784	;# 
   194     0310                     CCPR2L          equ	784	;# 
   195     0311                     CCPR2H          equ	785	;# 
   196     0312                     CCP2CON         equ	786	;# 
   197     0313                     CCP2CAP         equ	787	;# 
   198     0314                     PWM3DC          equ	788	;# 
   199     0314                     PWM3DCL         equ	788	;# 
   200     0315                     PWM3DCH         equ	789	;# 
   201     0316                     PWM3CON         equ	790	;# 
   202     0318                     PWM4DC          equ	792	;# 
   203     0318                     PWM4DCL         equ	792	;# 
   204     0319                     PWM4DCH         equ	793	;# 
   205     031A                     PWM4CON         equ	794	;# 
   206     059C                     TMR0L           equ	1436	;# 
   207     059C                     TMR0            equ	1436	;# 
   208     059D                     TMR0H           equ	1437	;# 
   209     059D                     PR0             equ	1437	;# 
   210     059E                     T0CON0          equ	1438	;# 
   211     059F                     T0CON1          equ	1439	;# 
   212     070C                     PIR0            equ	1804	;# 
   213     070D                     PIR1            equ	1805	;# 
   214     070E                     PIR2            equ	1806	;# 
   215     0716                     PIE0            equ	1814	;# 
   216     0717                     PIE1            equ	1815	;# 
   217     0718                     PIE2            equ	1816	;# 
   218     080C                     WDTCON          equ	2060	;# 
   219     0811                     BORCON          equ	2065	;# 
   220     0813                     PCON0           equ	2067	;# 
   221     0814                     PCON1           equ	2068	;# 
   222     081A                     NVMADR          equ	2074	;# 
   223     081A                     NVMADRL         equ	2074	;# 
   224     081B                     NVMADRH         equ	2075	;# 
   225     081C                     NVMDAT          equ	2076	;# 
   226     081C                     NVMDATL         equ	2076	;# 
   227     081D                     NVMDATH         equ	2077	;# 
   228     081E                     NVMCON1         equ	2078	;# 
   229     081F                     NVMCON2         equ	2079	;# 
   230     088E                     OSCCON          equ	2190	;# 
   231     0890                     OSCSTAT         equ	2192	;# 
   232     0891                     OSCEN           equ	2193	;# 
   233     0892                     OSCTUNE         equ	2194	;# 
   234     0893                     OSCFRQ          equ	2195	;# 
   235     090C                     FVRCON          equ	2316	;# 
   236     1E8F                     PPSLOCK         equ	7823	;# 
   237     1E90                     INTPPS          equ	7824	;# 
   238     1E91                     T0CKIPPS        equ	7825	;# 
   239     1E92                     T1CKIPPS        equ	7826	;# 
   240     1E93                     T1GPPS          equ	7827	;# 
   241     1E9C                     T2INPPS         equ	7836	;# 
   242     1EA1                     CCP1PPS         equ	7841	;# 
   243     1EA2                     CCP2PPS         equ	7842	;# 
   244     1EC3                     ADACTPPS        equ	7875	;# 
   245     1EC5                     SSP1CLKPPS      equ	7877	;# 
   246     1EC6                     SSP1DATPPS      equ	7878	;# 
   247     1EC7                     SSP1SSPPS       equ	7879	;# 
   248     1ECB                     RX1PPS          equ	7883	;# 
   249     1ECB                     RX1DTPPS        equ	7883	;# 
   250     1ECB                     RXPPS           equ	7883	;# 
   251     1ECC                     CK1PPS          equ	7884	;# 
   252     1ECC                     TX1CKPPS        equ	7884	;# 
   253     1ECC                     CKPPS           equ	7884	;# 
   254     1F10                     RA0PPS          equ	7952	;# 
   255     1F11                     RA1PPS          equ	7953	;# 
   256     1F12                     RA2PPS          equ	7954	;# 
   257     1F14                     RA4PPS          equ	7956	;# 
   258     1F15                     RA5PPS          equ	7957	;# 
   259     1F38                     ANSELA          equ	7992	;# 
   260     1F39                     WPUA            equ	7993	;# 
   261     1F3A                     ODCONA          equ	7994	;# 
   262     1F3B                     SLRCONA         equ	7995	;# 
   263     1F3C                     INLVLA          equ	7996	;# 
   264     1F3D                     IOCAP           equ	7997	;# 
   265     1F3E                     IOCAN           equ	7998	;# 
   266     1F3F                     IOCAF           equ	7999	;# 
   267     1FE4                     STATUS_SHAD     equ	8164	;# 
   268     1FE5                     WREG_SHAD       equ	8165	;# 
   269     1FE6                     BSR_SHAD        equ	8166	;# 
   270     1FE7                     PCLATH_SHAD     equ	8167	;# 
   271     1FE8                     FSR0_SHAD       equ	8168	;# 
   272     1FE8                     FSR0L_SHAD      equ	8168	;# 
   273     1FE9                     FSR0H_SHAD      equ	8169	;# 
   274     1FEA                     FSR1L_SHAD      equ	8170	;# 
   275     1FEB                     FSR1H_SHAD      equ	8171	;# 
   276     1FED                     STKPTR          equ	8173	;# 
   277     1FEE                     TOSL            equ	8174	;# 
   278     1FEF                     TOSH            equ	8175	;# 
   279     0000                     INDF0           equ	0	;# 
   280     0001                     INDF1           equ	1	;# 
   281     0002                     PCL             equ	2	;# 
   282     0003                     STATUS          equ	3	;# 
   283     0004                     FSR0L           equ	4	;# 
   284     0005                     FSR0H           equ	5	;# 
   285     0006                     FSR1L           equ	6	;# 
   286     0007                     FSR1H           equ	7	;# 
   287     0008                     BSR             equ	8	;# 
   288     0009                     WREG            equ	9	;# 
   289     000A                     PCLATH          equ	10	;# 
   290     000B                     INTCON          equ	11	;# 
   291     000C                     PORTA           equ	12	;# 
   292     0012                     TRISA           equ	18	;# 
   293     0018                     LATA            equ	24	;# 
   294     009A                     CPCON           equ	154	;# 
   295     009B                     ADRES           equ	155	;# 
   296     009B                     ADRESL          equ	155	;# 
   297     009C                     ADRESH          equ	156	;# 
   298     009D                     ADCON0          equ	157	;# 
   299     009E                     ADCON1          equ	158	;# 
   300     009F                     ADACT           equ	159	;# 
   301     0119                     RC1REG          equ	281	;# 
   302     011A                     TX1REG          equ	282	;# 
   303     011B                     SP1BRG          equ	283	;# 
   304     011B                     SP1BRGL         equ	283	;# 
   305     011C                     SP1BRGH         equ	284	;# 
   306     011D                     RC1STA          equ	285	;# 
   307     011E                     TX1STA          equ	286	;# 
   308     011F                     BAUD1CON        equ	287	;# 
   309     018C                     SSP1BUF         equ	396	;# 
   310     018D                     SSP1ADD         equ	397	;# 
   311     018E                     SSP1MSK         equ	398	;# 
   312     018F                     SSP1STAT        equ	399	;# 
   313     0190                     SSP1CON1        equ	400	;# 
   314     0191                     SSP1CON2        equ	401	;# 
   315     0192                     SSP1CON3        equ	402	;# 
   316     020C                     TMR1L           equ	524	;# 
   317     020D                     TMR1H           equ	525	;# 
   318     020E                     T1CON           equ	526	;# 
   319     020E                     TMR1CON         equ	526	;# 
   320     020F                     T1GCON          equ	527	;# 
   321     020F                     TMR1GCON        equ	527	;# 
   322     0210                     T1GATE          equ	528	;# 
   323     0210                     TMR1GATE        equ	528	;# 
   324     0211                     T1CLK           equ	529	;# 
   325     0211                     TMR1CLK         equ	529	;# 
   326     028C                     T2TMR           equ	652	;# 
   327     028C                     TMR2            equ	652	;# 
   328     028D                     T2PR            equ	653	;# 
   329     028D                     PR2             equ	653	;# 
   330     028E                     T2CON           equ	654	;# 
   331     028F                     T2HLT           equ	655	;# 
   332     0290                     T2CLKCON        equ	656	;# 
   333     0291                     T2RST           equ	657	;# 
   334     030C                     CCPR1           equ	780	;# 
   335     030C                     CCPR1L          equ	780	;# 
   336     030D                     CCPR1H          equ	781	;# 
   337     030E                     CCP1CON         equ	782	;# 
   338     030F                     CCP1CAP         equ	783	;# 
   339     0310                     CCPR2           equ	784	;# 
   340     0310                     CCPR2L          equ	784	;# 
   341     0311                     CCPR2H          equ	785	;# 
   342     0312                     CCP2CON         equ	786	;# 
   343     0313                     CCP2CAP         equ	787	;# 
   344     0314                     PWM3DC          equ	788	;# 
   345     0314                     PWM3DCL         equ	788	;# 
   346     0315                     PWM3DCH         equ	789	;# 
   347     0316                     PWM3CON         equ	790	;# 
   348     0318                     PWM4DC          equ	792	;# 
   349     0318                     PWM4DCL         equ	792	;# 
   350     0319                     PWM4DCH         equ	793	;# 
   351     031A                     PWM4CON         equ	794	;# 
   352     059C                     TMR0L           equ	1436	;# 
   353     059C                     TMR0            equ	1436	;# 
   354     059D                     TMR0H           equ	1437	;# 
   355     059D                     PR0             equ	1437	;# 
   356     059E                     T0CON0          equ	1438	;# 
   357     059F                     T0CON1          equ	1439	;# 
   358     070C                     PIR0            equ	1804	;# 
   359     070D                     PIR1            equ	1805	;# 
   360     070E                     PIR2            equ	1806	;# 
   361     0716                     PIE0            equ	1814	;# 
   362     0717                     PIE1            equ	1815	;# 
   363     0718                     PIE2            equ	1816	;# 
   364     080C                     WDTCON          equ	2060	;# 
   365     0811                     BORCON          equ	2065	;# 
   366     0813                     PCON0           equ	2067	;# 
   367     0814                     PCON1           equ	2068	;# 
   368     081A                     NVMADR          equ	2074	;# 
   369     081A                     NVMADRL         equ	2074	;# 
   370     081B                     NVMADRH         equ	2075	;# 
   371     081C                     NVMDAT          equ	2076	;# 
   372     081C                     NVMDATL         equ	2076	;# 
   373     081D                     NVMDATH         equ	2077	;# 
   374     081E                     NVMCON1         equ	2078	;# 
   375     081F                     NVMCON2         equ	2079	;# 
   376     088E                     OSCCON          equ	2190	;# 
   377     0890                     OSCSTAT         equ	2192	;# 
   378     0891                     OSCEN           equ	2193	;# 
   379     0892                     OSCTUNE         equ	2194	;# 
   380     0893                     OSCFRQ          equ	2195	;# 
   381     090C                     FVRCON          equ	2316	;# 
   382     1E8F                     PPSLOCK         equ	7823	;# 
   383     1E90                     INTPPS          equ	7824	;# 
   384     1E91                     T0CKIPPS        equ	7825	;# 
   385     1E92                     T1CKIPPS        equ	7826	;# 
   386     1E93                     T1GPPS          equ	7827	;# 
   387     1E9C                     T2INPPS         equ	7836	;# 
   388     1EA1                     CCP1PPS         equ	7841	;# 
   389     1EA2                     CCP2PPS         equ	7842	;# 
   390     1EC3                     ADACTPPS        equ	7875	;# 
   391     1EC5                     SSP1CLKPPS      equ	7877	;# 
   392     1EC6                     SSP1DATPPS      equ	7878	;# 
   393     1EC7                     SSP1SSPPS       equ	7879	;# 
   394     1ECB                     RX1PPS          equ	7883	;# 
   395     1ECB                     RX1DTPPS        equ	7883	;# 
   396     1ECB                     RXPPS           equ	7883	;# 
   397     1ECC                     CK1PPS          equ	7884	;# 
   398     1ECC                     TX1CKPPS        equ	7884	;# 
   399     1ECC                     CKPPS           equ	7884	;# 
   400     1F10                     RA0PPS          equ	7952	;# 
   401     1F11                     RA1PPS          equ	7953	;# 
   402     1F12                     RA2PPS          equ	7954	;# 
   403     1F14                     RA4PPS          equ	7956	;# 
   404     1F15                     RA5PPS          equ	7957	;# 
   405     1F38                     ANSELA          equ	7992	;# 
   406     1F39                     WPUA            equ	7993	;# 
   407     1F3A                     ODCONA          equ	7994	;# 
   408     1F3B                     SLRCONA         equ	7995	;# 
   409     1F3C                     INLVLA          equ	7996	;# 
   410     1F3D                     IOCAP           equ	7997	;# 
   411     1F3E                     IOCAN           equ	7998	;# 
   412     1F3F                     IOCAF           equ	7999	;# 
   413     1FE4                     STATUS_SHAD     equ	8164	;# 
   414     1FE5                     WREG_SHAD       equ	8165	;# 
   415     1FE6                     BSR_SHAD        equ	8166	;# 
   416     1FE7                     PCLATH_SHAD     equ	8167	;# 
   417     1FE8                     FSR0_SHAD       equ	8168	;# 
   418     1FE8                     FSR0L_SHAD      equ	8168	;# 
   419     1FE9                     FSR0H_SHAD      equ	8169	;# 
   420     1FEA                     FSR1L_SHAD      equ	8170	;# 
   421     1FEB                     FSR1H_SHAD      equ	8171	;# 
   422     1FED                     STKPTR          equ	8173	;# 
   423     1FEE                     TOSL            equ	8174	;# 
   424     1FEF                     TOSH            equ	8175	;# 
   425     0000                     INDF0           equ	0	;# 
   426     0001                     INDF1           equ	1	;# 
   427     0002                     PCL             equ	2	;# 
   428     0003                     STATUS          equ	3	;# 
   429     0004                     FSR0L           equ	4	;# 
   430     0005                     FSR0H           equ	5	;# 
   431     0006                     FSR1L           equ	6	;# 
   432     0007                     FSR1H           equ	7	;# 
   433     0008                     BSR             equ	8	;# 
   434     0009                     WREG            equ	9	;# 
   435     000A                     PCLATH          equ	10	;# 
   436     000B                     INTCON          equ	11	;# 
   437     000C                     PORTA           equ	12	;# 
   438     0012                     TRISA           equ	18	;# 
   439     0018                     LATA            equ	24	;# 
   440     009A                     CPCON           equ	154	;# 
   441     009B                     ADRES           equ	155	;# 
   442     009B                     ADRESL          equ	155	;# 
   443     009C                     ADRESH          equ	156	;# 
   444     009D                     ADCON0          equ	157	;# 
   445     009E                     ADCON1          equ	158	;# 
   446     009F                     ADACT           equ	159	;# 
   447     0119                     RC1REG          equ	281	;# 
   448     011A                     TX1REG          equ	282	;# 
   449     011B                     SP1BRG          equ	283	;# 
   450     011B                     SP1BRGL         equ	283	;# 
   451     011C                     SP1BRGH         equ	284	;# 
   452     011D                     RC1STA          equ	285	;# 
   453     011E                     TX1STA          equ	286	;# 
   454     011F                     BAUD1CON        equ	287	;# 
   455     018C                     SSP1BUF         equ	396	;# 
   456     018D                     SSP1ADD         equ	397	;# 
   457     018E                     SSP1MSK         equ	398	;# 
   458     018F                     SSP1STAT        equ	399	;# 
   459     0190                     SSP1CON1        equ	400	;# 
   460     0191                     SSP1CON2        equ	401	;# 
   461     0192                     SSP1CON3        equ	402	;# 
   462     020C                     TMR1L           equ	524	;# 
   463     020D                     TMR1H           equ	525	;# 
   464     020E                     T1CON           equ	526	;# 
   465     020E                     TMR1CON         equ	526	;# 
   466     020F                     T1GCON          equ	527	;# 
   467     020F                     TMR1GCON        equ	527	;# 
   468     0210                     T1GATE          equ	528	;# 
   469     0210                     TMR1GATE        equ	528	;# 
   470     0211                     T1CLK           equ	529	;# 
   471     0211                     TMR1CLK         equ	529	;# 
   472     028C                     T2TMR           equ	652	;# 
   473     028C                     TMR2            equ	652	;# 
   474     028D                     T2PR            equ	653	;# 
   475     028D                     PR2             equ	653	;# 
   476     028E                     T2CON           equ	654	;# 
   477     028F                     T2HLT           equ	655	;# 
   478     0290                     T2CLKCON        equ	656	;# 
   479     0291                     T2RST           equ	657	;# 
   480     030C                     CCPR1           equ	780	;# 
   481     030C                     CCPR1L          equ	780	;# 
   482     030D                     CCPR1H          equ	781	;# 
   483     030E                     CCP1CON         equ	782	;# 
   484     030F                     CCP1CAP         equ	783	;# 
   485     0310                     CCPR2           equ	784	;# 
   486     0310                     CCPR2L          equ	784	;# 
   487     0311                     CCPR2H          equ	785	;# 
   488     0312                     CCP2CON         equ	786	;# 
   489     0313                     CCP2CAP         equ	787	;# 
   490     0314                     PWM3DC          equ	788	;# 
   491     0314                     PWM3DCL         equ	788	;# 
   492     0315                     PWM3DCH         equ	789	;# 
   493     0316                     PWM3CON         equ	790	;# 
   494     0318                     PWM4DC          equ	792	;# 
   495     0318                     PWM4DCL         equ	792	;# 
   496     0319                     PWM4DCH         equ	793	;# 
   497     031A                     PWM4CON         equ	794	;# 
   498     059C                     TMR0L           equ	1436	;# 
   499     059C                     TMR0            equ	1436	;# 
   500     059D                     TMR0H           equ	1437	;# 
   501     059D                     PR0             equ	1437	;# 
   502     059E                     T0CON0          equ	1438	;# 
   503     059F                     T0CON1          equ	1439	;# 
   504     070C                     PIR0            equ	1804	;# 
   505     070D                     PIR1            equ	1805	;# 
   506     070E                     PIR2            equ	1806	;# 
   507     0716                     PIE0            equ	1814	;# 
   508     0717                     PIE1            equ	1815	;# 
   509     0718                     PIE2            equ	1816	;# 
   510     080C                     WDTCON          equ	2060	;# 
   511     0811                     BORCON          equ	2065	;# 
   512     0813                     PCON0           equ	2067	;# 
   513     0814                     PCON1           equ	2068	;# 
   514     081A                     NVMADR          equ	2074	;# 
   515     081A                     NVMADRL         equ	2074	;# 
   516     081B                     NVMADRH         equ	2075	;# 
   517     081C                     NVMDAT          equ	2076	;# 
   518     081C                     NVMDATL         equ	2076	;# 
   519     081D                     NVMDATH         equ	2077	;# 
   520     081E                     NVMCON1         equ	2078	;# 
   521     081F                     NVMCON2         equ	2079	;# 
   522     088E                     OSCCON          equ	2190	;# 
   523     0890                     OSCSTAT         equ	2192	;# 
   524     0891                     OSCEN           equ	2193	;# 
   525     0892                     OSCTUNE         equ	2194	;# 
   526     0893                     OSCFRQ          equ	2195	;# 
   527     090C                     FVRCON          equ	2316	;# 
   528     1E8F                     PPSLOCK         equ	7823	;# 
   529     1E90                     INTPPS          equ	7824	;# 
   530     1E91                     T0CKIPPS        equ	7825	;# 
   531     1E92                     T1CKIPPS        equ	7826	;# 
   532     1E93                     T1GPPS          equ	7827	;# 
   533     1E9C                     T2INPPS         equ	7836	;# 
   534     1EA1                     CCP1PPS         equ	7841	;# 
   535     1EA2                     CCP2PPS         equ	7842	;# 
   536     1EC3                     ADACTPPS        equ	7875	;# 
   537     1EC5                     SSP1CLKPPS      equ	7877	;# 
   538     1EC6                     SSP1DATPPS      equ	7878	;# 
   539     1EC7                     SSP1SSPPS       equ	7879	;# 
   540     1ECB                     RX1PPS          equ	7883	;# 
   541     1ECB                     RX1DTPPS        equ	7883	;# 
   542     1ECB                     RXPPS           equ	7883	;# 
   543     1ECC                     CK1PPS          equ	7884	;# 
   544     1ECC                     TX1CKPPS        equ	7884	;# 
   545     1ECC                     CKPPS           equ	7884	;# 
   546     1F10                     RA0PPS          equ	7952	;# 
   547     1F11                     RA1PPS          equ	7953	;# 
   548     1F12                     RA2PPS          equ	7954	;# 
   549     1F14                     RA4PPS          equ	7956	;# 
   550     1F15                     RA5PPS          equ	7957	;# 
   551     1F38                     ANSELA          equ	7992	;# 
   552     1F39                     WPUA            equ	7993	;# 
   553     1F3A                     ODCONA          equ	7994	;# 
   554     1F3B                     SLRCONA         equ	7995	;# 
   555     1F3C                     INLVLA          equ	7996	;# 
   556     1F3D                     IOCAP           equ	7997	;# 
   557     1F3E                     IOCAN           equ	7998	;# 
   558     1F3F                     IOCAF           equ	7999	;# 
   559     1FE4                     STATUS_SHAD     equ	8164	;# 
   560     1FE5                     WREG_SHAD       equ	8165	;# 
   561     1FE6                     BSR_SHAD        equ	8166	;# 
   562     1FE7                     PCLATH_SHAD     equ	8167	;# 
   563     1FE8                     FSR0_SHAD       equ	8168	;# 
   564     1FE8                     FSR0L_SHAD      equ	8168	;# 
   565     1FE9                     FSR0H_SHAD      equ	8169	;# 
   566     1FEA                     FSR1L_SHAD      equ	8170	;# 
   567     1FEB                     FSR1H_SHAD      equ	8171	;# 
   568     1FED                     STKPTR          equ	8173	;# 
   569     1FEE                     TOSL            equ	8174	;# 
   570     1FEF                     TOSH            equ	8175	;# 
   571     0000                     INDF0           equ	0	;# 
   572     0001                     INDF1           equ	1	;# 
   573     0002                     PCL             equ	2	;# 
   574     0003                     STATUS          equ	3	;# 
   575     0004                     FSR0L           equ	4	;# 
   576     0005                     FSR0H           equ	5	;# 
   577     0006                     FSR1L           equ	6	;# 
   578     0007                     FSR1H           equ	7	;# 
   579     0008                     BSR             equ	8	;# 
   580     0009                     WREG            equ	9	;# 
   581     000A                     PCLATH          equ	10	;# 
   582     000B                     INTCON          equ	11	;# 
   583     000C                     PORTA           equ	12	;# 
   584     0012                     TRISA           equ	18	;# 
   585     0018                     LATA            equ	24	;# 
   586     009A                     CPCON           equ	154	;# 
   587     009B                     ADRES           equ	155	;# 
   588     009B                     ADRESL          equ	155	;# 
   589     009C                     ADRESH          equ	156	;# 
   590     009D                     ADCON0          equ	157	;# 
   591     009E                     ADCON1          equ	158	;# 
   592     009F                     ADACT           equ	159	;# 
   593     0119                     RC1REG          equ	281	;# 
   594     011A                     TX1REG          equ	282	;# 
   595     011B                     SP1BRG          equ	283	;# 
   596     011B                     SP1BRGL         equ	283	;# 
   597     011C                     SP1BRGH         equ	284	;# 
   598     011D                     RC1STA          equ	285	;# 
   599     011E                     TX1STA          equ	286	;# 
   600     011F                     BAUD1CON        equ	287	;# 
   601     018C                     SSP1BUF         equ	396	;# 
   602     018D                     SSP1ADD         equ	397	;# 
   603     018E                     SSP1MSK         equ	398	;# 
   604     018F                     SSP1STAT        equ	399	;# 
   605     0190                     SSP1CON1        equ	400	;# 
   606     0191                     SSP1CON2        equ	401	;# 
   607     0192                     SSP1CON3        equ	402	;# 
   608     020C                     TMR1L           equ	524	;# 
   609     020D                     TMR1H           equ	525	;# 
   610     020E                     T1CON           equ	526	;# 
   611     020E                     TMR1CON         equ	526	;# 
   612     020F                     T1GCON          equ	527	;# 
   613     020F                     TMR1GCON        equ	527	;# 
   614     0210                     T1GATE          equ	528	;# 
   615     0210                     TMR1GATE        equ	528	;# 
   616     0211                     T1CLK           equ	529	;# 
   617     0211                     TMR1CLK         equ	529	;# 
   618     028C                     T2TMR           equ	652	;# 
   619     028C                     TMR2            equ	652	;# 
   620     028D                     T2PR            equ	653	;# 
   621     028D                     PR2             equ	653	;# 
   622     028E                     T2CON           equ	654	;# 
   623     028F                     T2HLT           equ	655	;# 
   624     0290                     T2CLKCON        equ	656	;# 
   625     0291                     T2RST           equ	657	;# 
   626     030C                     CCPR1           equ	780	;# 
   627     030C                     CCPR1L          equ	780	;# 
   628     030D                     CCPR1H          equ	781	;# 
   629     030E                     CCP1CON         equ	782	;# 
   630     030F                     CCP1CAP         equ	783	;# 
   631     0310                     CCPR2           equ	784	;# 
   632     0310                     CCPR2L          equ	784	;# 
   633     0311                     CCPR2H          equ	785	;# 
   634     0312                     CCP2CON         equ	786	;# 
   635     0313                     CCP2CAP         equ	787	;# 
   636     0314                     PWM3DC          equ	788	;# 
   637     0314                     PWM3DCL         equ	788	;# 
   638     0315                     PWM3DCH         equ	789	;# 
   639     0316                     PWM3CON         equ	790	;# 
   640     0318                     PWM4DC          equ	792	;# 
   641     0318                     PWM4DCL         equ	792	;# 
   642     0319                     PWM4DCH         equ	793	;# 
   643     031A                     PWM4CON         equ	794	;# 
   644     059C                     TMR0L           equ	1436	;# 
   645     059C                     TMR0            equ	1436	;# 
   646     059D                     TMR0H           equ	1437	;# 
   647     059D                     PR0             equ	1437	;# 
   648     059E                     T0CON0          equ	1438	;# 
   649     059F                     T0CON1          equ	1439	;# 
   650     070C                     PIR0            equ	1804	;# 
   651     070D                     PIR1            equ	1805	;# 
   652     070E                     PIR2            equ	1806	;# 
   653     0716                     PIE0            equ	1814	;# 
   654     0717                     PIE1            equ	1815	;# 
   655     0718                     PIE2            equ	1816	;# 
   656     080C                     WDTCON          equ	2060	;# 
   657     0811                     BORCON          equ	2065	;# 
   658     0813                     PCON0           equ	2067	;# 
   659     0814                     PCON1           equ	2068	;# 
   660     081A                     NVMADR          equ	2074	;# 
   661     081A                     NVMADRL         equ	2074	;# 
   662     081B                     NVMADRH         equ	2075	;# 
   663     081C                     NVMDAT          equ	2076	;# 
   664     081C                     NVMDATL         equ	2076	;# 
   665     081D                     NVMDATH         equ	2077	;# 
   666     081E                     NVMCON1         equ	2078	;# 
   667     081F                     NVMCON2         equ	2079	;# 
   668     088E                     OSCCON          equ	2190	;# 
   669     0890                     OSCSTAT         equ	2192	;# 
   670     0891                     OSCEN           equ	2193	;# 
   671     0892                     OSCTUNE         equ	2194	;# 
   672     0893                     OSCFRQ          equ	2195	;# 
   673     090C                     FVRCON          equ	2316	;# 
   674     1E8F                     PPSLOCK         equ	7823	;# 
   675     1E90                     INTPPS          equ	7824	;# 
   676     1E91                     T0CKIPPS        equ	7825	;# 
   677     1E92                     T1CKIPPS        equ	7826	;# 
   678     1E93                     T1GPPS          equ	7827	;# 
   679     1E9C                     T2INPPS         equ	7836	;# 
   680     1EA1                     CCP1PPS         equ	7841	;# 
   681     1EA2                     CCP2PPS         equ	7842	;# 
   682     1EC3                     ADACTPPS        equ	7875	;# 
   683     1EC5                     SSP1CLKPPS      equ	7877	;# 
   684     1EC6                     SSP1DATPPS      equ	7878	;# 
   685     1EC7                     SSP1SSPPS       equ	7879	;# 
   686     1ECB                     RX1PPS          equ	7883	;# 
   687     1ECB                     RX1DTPPS        equ	7883	;# 
   688     1ECB                     RXPPS           equ	7883	;# 
   689     1ECC                     CK1PPS          equ	7884	;# 
   690     1ECC                     TX1CKPPS        equ	7884	;# 
   691     1ECC                     CKPPS           equ	7884	;# 
   692     1F10                     RA0PPS          equ	7952	;# 
   693     1F11                     RA1PPS          equ	7953	;# 
   694     1F12                     RA2PPS          equ	7954	;# 
   695     1F14                     RA4PPS          equ	7956	;# 
   696     1F15                     RA5PPS          equ	7957	;# 
   697     1F38                     ANSELA          equ	7992	;# 
   698     1F39                     WPUA            equ	7993	;# 
   699     1F3A                     ODCONA          equ	7994	;# 
   700     1F3B                     SLRCONA         equ	7995	;# 
   701     1F3C                     INLVLA          equ	7996	;# 
   702     1F3D                     IOCAP           equ	7997	;# 
   703     1F3E                     IOCAN           equ	7998	;# 
   704     1F3F                     IOCAF           equ	7999	;# 
   705     1FE4                     STATUS_SHAD     equ	8164	;# 
   706     1FE5                     WREG_SHAD       equ	8165	;# 
   707     1FE6                     BSR_SHAD        equ	8166	;# 
   708     1FE7                     PCLATH_SHAD     equ	8167	;# 
   709     1FE8                     FSR0_SHAD       equ	8168	;# 
   710     1FE8                     FSR0L_SHAD      equ	8168	;# 
   711     1FE9                     FSR0H_SHAD      equ	8169	;# 
   712     1FEA                     FSR1L_SHAD      equ	8170	;# 
   713     1FEB                     FSR1H_SHAD      equ	8171	;# 
   714     1FED                     STKPTR          equ	8173	;# 
   715     1FEE                     TOSL            equ	8174	;# 
   716     1FEF                     TOSH            equ	8175	;# 
   717     0000                     INDF0           equ	0	;# 
   718     0001                     INDF1           equ	1	;# 
   719     0002                     PCL             equ	2	;# 
   720     0003                     STATUS          equ	3	;# 
   721     0004                     FSR0L           equ	4	;# 
   722     0005                     FSR0H           equ	5	;# 
   723     0006                     FSR1L           equ	6	;# 
   724     0007                     FSR1H           equ	7	;# 
   725     0008                     BSR             equ	8	;# 
   726     0009                     WREG            equ	9	;# 
   727     000A                     PCLATH          equ	10	;# 
   728     000B                     INTCON          equ	11	;# 
   729     000C                     PORTA           equ	12	;# 
   730     0012                     TRISA           equ	18	;# 
   731     0018                     LATA            equ	24	;# 
   732     009A                     CPCON           equ	154	;# 
   733     009B                     ADRES           equ	155	;# 
   734     009B                     ADRESL          equ	155	;# 
   735     009C                     ADRESH          equ	156	;# 
   736     009D                     ADCON0          equ	157	;# 
   737     009E                     ADCON1          equ	158	;# 
   738     009F                     ADACT           equ	159	;# 
   739     0119                     RC1REG          equ	281	;# 
   740     011A                     TX1REG          equ	282	;# 
   741     011B                     SP1BRG          equ	283	;# 
   742     011B                     SP1BRGL         equ	283	;# 
   743     011C                     SP1BRGH         equ	284	;# 
   744     011D                     RC1STA          equ	285	;# 
   745     011E                     TX1STA          equ	286	;# 
   746     011F                     BAUD1CON        equ	287	;# 
   747     018C                     SSP1BUF         equ	396	;# 
   748     018D                     SSP1ADD         equ	397	;# 
   749     018E                     SSP1MSK         equ	398	;# 
   750     018F                     SSP1STAT        equ	399	;# 
   751     0190                     SSP1CON1        equ	400	;# 
   752     0191                     SSP1CON2        equ	401	;# 
   753     0192                     SSP1CON3        equ	402	;# 
   754     020C                     TMR1L           equ	524	;# 
   755     020D                     TMR1H           equ	525	;# 
   756     020E                     T1CON           equ	526	;# 
   757     020E                     TMR1CON         equ	526	;# 
   758     020F                     T1GCON          equ	527	;# 
   759     020F                     TMR1GCON        equ	527	;# 
   760     0210                     T1GATE          equ	528	;# 
   761     0210                     TMR1GATE        equ	528	;# 
   762     0211                     T1CLK           equ	529	;# 
   763     0211                     TMR1CLK         equ	529	;# 
   764     028C                     T2TMR           equ	652	;# 
   765     028C                     TMR2            equ	652	;# 
   766     028D                     T2PR            equ	653	;# 
   767     028D                     PR2             equ	653	;# 
   768     028E                     T2CON           equ	654	;# 
   769     028F                     T2HLT           equ	655	;# 
   770     0290                     T2CLKCON        equ	656	;# 
   771     0291                     T2RST           equ	657	;# 
   772     030C                     CCPR1           equ	780	;# 
   773     030C                     CCPR1L          equ	780	;# 
   774     030D                     CCPR1H          equ	781	;# 
   775     030E                     CCP1CON         equ	782	;# 
   776     030F                     CCP1CAP         equ	783	;# 
   777     0310                     CCPR2           equ	784	;# 
   778     0310                     CCPR2L          equ	784	;# 
   779     0311                     CCPR2H          equ	785	;# 
   780     0312                     CCP2CON         equ	786	;# 
   781     0313                     CCP2CAP         equ	787	;# 
   782     0314                     PWM3DC          equ	788	;# 
   783     0314                     PWM3DCL         equ	788	;# 
   784     0315                     PWM3DCH         equ	789	;# 
   785     0316                     PWM3CON         equ	790	;# 
   786     0318                     PWM4DC          equ	792	;# 
   787     0318                     PWM4DCL         equ	792	;# 
   788     0319                     PWM4DCH         equ	793	;# 
   789     031A                     PWM4CON         equ	794	;# 
   790     059C                     TMR0L           equ	1436	;# 
   791     059C                     TMR0            equ	1436	;# 
   792     059D                     TMR0H           equ	1437	;# 
   793     059D                     PR0             equ	1437	;# 
   794     059E                     T0CON0          equ	1438	;# 
   795     059F                     T0CON1          equ	1439	;# 
   796     070C                     PIR0            equ	1804	;# 
   797     070D                     PIR1            equ	1805	;# 
   798     070E                     PIR2            equ	1806	;# 
   799     0716                     PIE0            equ	1814	;# 
   800     0717                     PIE1            equ	1815	;# 
   801     0718                     PIE2            equ	1816	;# 
   802     080C                     WDTCON          equ	2060	;# 
   803     0811                     BORCON          equ	2065	;# 
   804     0813                     PCON0           equ	2067	;# 
   805     0814                     PCON1           equ	2068	;# 
   806     081A                     NVMADR          equ	2074	;# 
   807     081A                     NVMADRL         equ	2074	;# 
   808     081B                     NVMADRH         equ	2075	;# 
   809     081C                     NVMDAT          equ	2076	;# 
   810     081C                     NVMDATL         equ	2076	;# 
   811     081D                     NVMDATH         equ	2077	;# 
   812     081E                     NVMCON1         equ	2078	;# 
   813     081F                     NVMCON2         equ	2079	;# 
   814     088E                     OSCCON          equ	2190	;# 
   815     0890                     OSCSTAT         equ	2192	;# 
   816     0891                     OSCEN           equ	2193	;# 
   817     0892                     OSCTUNE         equ	2194	;# 
   818     0893                     OSCFRQ          equ	2195	;# 
   819     090C                     FVRCON          equ	2316	;# 
   820     1E8F                     PPSLOCK         equ	7823	;# 
   821     1E90                     INTPPS          equ	7824	;# 
   822     1E91                     T0CKIPPS        equ	7825	;# 
   823     1E92                     T1CKIPPS        equ	7826	;# 
   824     1E93                     T1GPPS          equ	7827	;# 
   825     1E9C                     T2INPPS         equ	7836	;# 
   826     1EA1                     CCP1PPS         equ	7841	;# 
   827     1EA2                     CCP2PPS         equ	7842	;# 
   828     1EC3                     ADACTPPS        equ	7875	;# 
   829     1EC5                     SSP1CLKPPS      equ	7877	;# 
   830     1EC6                     SSP1DATPPS      equ	7878	;# 
   831     1EC7                     SSP1SSPPS       equ	7879	;# 
   832     1ECB                     RX1PPS          equ	7883	;# 
   833     1ECB                     RX1DTPPS        equ	7883	;# 
   834     1ECB                     RXPPS           equ	7883	;# 
   835     1ECC                     CK1PPS          equ	7884	;# 
   836     1ECC                     TX1CKPPS        equ	7884	;# 
   837     1ECC                     CKPPS           equ	7884	;# 
   838     1F10                     RA0PPS          equ	7952	;# 
   839     1F11                     RA1PPS          equ	7953	;# 
   840     1F12                     RA2PPS          equ	7954	;# 
   841     1F14                     RA4PPS          equ	7956	;# 
   842     1F15                     RA5PPS          equ	7957	;# 
   843     1F38                     ANSELA          equ	7992	;# 
   844     1F39                     WPUA            equ	7993	;# 
   845     1F3A                     ODCONA          equ	7994	;# 
   846     1F3B                     SLRCONA         equ	7995	;# 
   847     1F3C                     INLVLA          equ	7996	;# 
   848     1F3D                     IOCAP           equ	7997	;# 
   849     1F3E                     IOCAN           equ	7998	;# 
   850     1F3F                     IOCAF           equ	7999	;# 
   851     1FE4                     STATUS_SHAD     equ	8164	;# 
   852     1FE5                     WREG_SHAD       equ	8165	;# 
   853     1FE6                     BSR_SHAD        equ	8166	;# 
   854     1FE7                     PCLATH_SHAD     equ	8167	;# 
   855     1FE8                     FSR0_SHAD       equ	8168	;# 
   856     1FE8                     FSR0L_SHAD      equ	8168	;# 
   857     1FE9                     FSR0H_SHAD      equ	8169	;# 
   858     1FEA                     FSR1L_SHAD      equ	8170	;# 
   859     1FEB                     FSR1H_SHAD      equ	8171	;# 
   860     1FED                     STKPTR          equ	8173	;# 
   861     1FEE                     TOSL            equ	8174	;# 
   862     1FEF                     TOSH            equ	8175	;# 
   863     0000                     INDF0           equ	0	;# 
   864     0001                     INDF1           equ	1	;# 
   865     0002                     PCL             equ	2	;# 
   866     0003                     STATUS          equ	3	;# 
   867     0004                     FSR0L           equ	4	;# 
   868     0005                     FSR0H           equ	5	;# 
   869     0006                     FSR1L           equ	6	;# 
   870     0007                     FSR1H           equ	7	;# 
   871     0008                     BSR             equ	8	;# 
   872     0009                     WREG            equ	9	;# 
   873     000A                     PCLATH          equ	10	;# 
   874     000B                     INTCON          equ	11	;# 
   875     000C                     PORTA           equ	12	;# 
   876     0012                     TRISA           equ	18	;# 
   877     0018                     LATA            equ	24	;# 
   878     009A                     CPCON           equ	154	;# 
   879     009B                     ADRES           equ	155	;# 
   880     009B                     ADRESL          equ	155	;# 
   881     009C                     ADRESH          equ	156	;# 
   882     009D                     ADCON0          equ	157	;# 
   883     009E                     ADCON1          equ	158	;# 
   884     009F                     ADACT           equ	159	;# 
   885     0119                     RC1REG          equ	281	;# 
   886     011A                     TX1REG          equ	282	;# 
   887     011B                     SP1BRG          equ	283	;# 
   888     011B                     SP1BRGL         equ	283	;# 
   889     011C                     SP1BRGH         equ	284	;# 
   890     011D                     RC1STA          equ	285	;# 
   891     011E                     TX1STA          equ	286	;# 
   892     011F                     BAUD1CON        equ	287	;# 
   893     018C                     SSP1BUF         equ	396	;# 
   894     018D                     SSP1ADD         equ	397	;# 
   895     018E                     SSP1MSK         equ	398	;# 
   896     018F                     SSP1STAT        equ	399	;# 
   897     0190                     SSP1CON1        equ	400	;# 
   898     0191                     SSP1CON2        equ	401	;# 
   899     0192                     SSP1CON3        equ	402	;# 
   900     020C                     TMR1L           equ	524	;# 
   901     020D                     TMR1H           equ	525	;# 
   902     020E                     T1CON           equ	526	;# 
   903     020E                     TMR1CON         equ	526	;# 
   904     020F                     T1GCON          equ	527	;# 
   905     020F                     TMR1GCON        equ	527	;# 
   906     0210                     T1GATE          equ	528	;# 
   907     0210                     TMR1GATE        equ	528	;# 
   908     0211                     T1CLK           equ	529	;# 
   909     0211                     TMR1CLK         equ	529	;# 
   910     028C                     T2TMR           equ	652	;# 
   911     028C                     TMR2            equ	652	;# 
   912     028D                     T2PR            equ	653	;# 
   913     028D                     PR2             equ	653	;# 
   914     028E                     T2CON           equ	654	;# 
   915     028F                     T2HLT           equ	655	;# 
   916     0290                     T2CLKCON        equ	656	;# 
   917     0291                     T2RST           equ	657	;# 
   918     030C                     CCPR1           equ	780	;# 
   919     030C                     CCPR1L          equ	780	;# 
   920     030D                     CCPR1H          equ	781	;# 
   921     030E                     CCP1CON         equ	782	;# 
   922     030F                     CCP1CAP         equ	783	;# 
   923     0310                     CCPR2           equ	784	;# 
   924     0310                     CCPR2L          equ	784	;# 
   925     0311                     CCPR2H          equ	785	;# 
   926     0312                     CCP2CON         equ	786	;# 
   927     0313                     CCP2CAP         equ	787	;# 
   928     0314                     PWM3DC          equ	788	;# 
   929     0314                     PWM3DCL         equ	788	;# 
   930     0315                     PWM3DCH         equ	789	;# 
   931     0316                     PWM3CON         equ	790	;# 
   932     0318                     PWM4DC          equ	792	;# 
   933     0318                     PWM4DCL         equ	792	;# 
   934     0319                     PWM4DCH         equ	793	;# 
   935     031A                     PWM4CON         equ	794	;# 
   936     059C                     TMR0L           equ	1436	;# 
   937     059C                     TMR0            equ	1436	;# 
   938     059D                     TMR0H           equ	1437	;# 
   939     059D                     PR0             equ	1437	;# 
   940     059E                     T0CON0          equ	1438	;# 
   941     059F                     T0CON1          equ	1439	;# 
   942     070C                     PIR0            equ	1804	;# 
   943     070D                     PIR1            equ	1805	;# 
   944     070E                     PIR2            equ	1806	;# 
   945     0716                     PIE0            equ	1814	;# 
   946     0717                     PIE1            equ	1815	;# 
   947     0718                     PIE2            equ	1816	;# 
   948     080C                     WDTCON          equ	2060	;# 
   949     0811                     BORCON          equ	2065	;# 
   950     0813                     PCON0           equ	2067	;# 
   951     0814                     PCON1           equ	2068	;# 
   952     081A                     NVMADR          equ	2074	;# 
   953     081A                     NVMADRL         equ	2074	;# 
   954     081B                     NVMADRH         equ	2075	;# 
   955     081C                     NVMDAT          equ	2076	;# 
   956     081C                     NVMDATL         equ	2076	;# 
   957     081D                     NVMDATH         equ	2077	;# 
   958     081E                     NVMCON1         equ	2078	;# 
   959     081F                     NVMCON2         equ	2079	;# 
   960     088E                     OSCCON          equ	2190	;# 
   961     0890                     OSCSTAT         equ	2192	;# 
   962     0891                     OSCEN           equ	2193	;# 
   963     0892                     OSCTUNE         equ	2194	;# 
   964     0893                     OSCFRQ          equ	2195	;# 
   965     090C                     FVRCON          equ	2316	;# 
   966     1E8F                     PPSLOCK         equ	7823	;# 
   967     1E90                     INTPPS          equ	7824	;# 
   968     1E91                     T0CKIPPS        equ	7825	;# 
   969     1E92                     T1CKIPPS        equ	7826	;# 
   970     1E93                     T1GPPS          equ	7827	;# 
   971     1E9C                     T2INPPS         equ	7836	;# 
   972     1EA1                     CCP1PPS         equ	7841	;# 
   973     1EA2                     CCP2PPS         equ	7842	;# 
   974     1EC3                     ADACTPPS        equ	7875	;# 
   975     1EC5                     SSP1CLKPPS      equ	7877	;# 
   976     1EC6                     SSP1DATPPS      equ	7878	;# 
   977     1EC7                     SSP1SSPPS       equ	7879	;# 
   978     1ECB                     RX1PPS          equ	7883	;# 
   979     1ECB                     RX1DTPPS        equ	7883	;# 
   980     1ECB                     RXPPS           equ	7883	;# 
   981     1ECC                     CK1PPS          equ	7884	;# 
   982     1ECC                     TX1CKPPS        equ	7884	;# 
   983     1ECC                     CKPPS           equ	7884	;# 
   984     1F10                     RA0PPS          equ	7952	;# 
   985     1F11                     RA1PPS          equ	7953	;# 
   986     1F12                     RA2PPS          equ	7954	;# 
   987     1F14                     RA4PPS          equ	7956	;# 
   988     1F15                     RA5PPS          equ	7957	;# 
   989     1F38                     ANSELA          equ	7992	;# 
   990     1F39                     WPUA            equ	7993	;# 
   991     1F3A                     ODCONA          equ	7994	;# 
   992     1F3B                     SLRCONA         equ	7995	;# 
   993     1F3C                     INLVLA          equ	7996	;# 
   994     1F3D                     IOCAP           equ	7997	;# 
   995     1F3E                     IOCAN           equ	7998	;# 
   996     1F3F                     IOCAF           equ	7999	;# 
   997     1FE4                     STATUS_SHAD     equ	8164	;# 
   998     1FE5                     WREG_SHAD       equ	8165	;# 
   999     1FE6                     BSR_SHAD        equ	8166	;# 
  1000     1FE7                     PCLATH_SHAD     equ	8167	;# 
  1001     1FE8                     FSR0_SHAD       equ	8168	;# 
  1002     1FE8                     FSR0L_SHAD      equ	8168	;# 
  1003     1FE9                     FSR0H_SHAD      equ	8169	;# 
  1004     1FEA                     FSR1L_SHAD      equ	8170	;# 
  1005     1FEB                     FSR1H_SHAD      equ	8171	;# 
  1006     1FED                     STKPTR          equ	8173	;# 
  1007     1FEE                     TOSL            equ	8174	;# 
  1008     1FEF                     TOSH            equ	8175	;# 
  1009     0000                     INDF0           equ	0	;# 
  1010     0001                     INDF1           equ	1	;# 
  1011     0002                     PCL             equ	2	;# 
  1012     0003                     STATUS          equ	3	;# 
  1013     0004                     FSR0L           equ	4	;# 
  1014     0005                     FSR0H           equ	5	;# 
  1015     0006                     FSR1L           equ	6	;# 
  1016     0007                     FSR1H           equ	7	;# 
  1017     0008                     BSR             equ	8	;# 
  1018     0009                     WREG            equ	9	;# 
  1019     000A                     PCLATH          equ	10	;# 
  1020     000B                     INTCON          equ	11	;# 
  1021     000C                     PORTA           equ	12	;# 
  1022     0012                     TRISA           equ	18	;# 
  1023     0018                     LATA            equ	24	;# 
  1024     009A                     CPCON           equ	154	;# 
  1025     009B                     ADRES           equ	155	;# 
  1026     009B                     ADRESL          equ	155	;# 
  1027     009C                     ADRESH          equ	156	;# 
  1028     009D                     ADCON0          equ	157	;# 
  1029     009E                     ADCON1          equ	158	;# 
  1030     009F                     ADACT           equ	159	;# 
  1031     0119                     RC1REG          equ	281	;# 
  1032     011A                     TX1REG          equ	282	;# 
  1033     011B                     SP1BRG          equ	283	;# 
  1034     011B                     SP1BRGL         equ	283	;# 
  1035     011C                     SP1BRGH         equ	284	;# 
  1036     011D                     RC1STA          equ	285	;# 
  1037     011E                     TX1STA          equ	286	;# 
  1038     011F                     BAUD1CON        equ	287	;# 
  1039     018C                     SSP1BUF         equ	396	;# 
  1040     018D                     SSP1ADD         equ	397	;# 
  1041     018E                     SSP1MSK         equ	398	;# 
  1042     018F                     SSP1STAT        equ	399	;# 
  1043     0190                     SSP1CON1        equ	400	;# 
  1044     0191                     SSP1CON2        equ	401	;# 
  1045     0192                     SSP1CON3        equ	402	;# 
  1046     020C                     TMR1L           equ	524	;# 
  1047     020D                     TMR1H           equ	525	;# 
  1048     020E                     T1CON           equ	526	;# 
  1049     020E                     TMR1CON         equ	526	;# 
  1050     020F                     T1GCON          equ	527	;# 
  1051     020F                     TMR1GCON        equ	527	;# 
  1052     0210                     T1GATE          equ	528	;# 
  1053     0210                     TMR1GATE        equ	528	;# 
  1054     0211                     T1CLK           equ	529	;# 
  1055     0211                     TMR1CLK         equ	529	;# 
  1056     028C                     T2TMR           equ	652	;# 
  1057     028C                     TMR2            equ	652	;# 
  1058     028D                     T2PR            equ	653	;# 
  1059     028D                     PR2             equ	653	;# 
  1060     028E                     T2CON           equ	654	;# 
  1061     028F                     T2HLT           equ	655	;# 
  1062     0290                     T2CLKCON        equ	656	;# 
  1063     0291                     T2RST           equ	657	;# 
  1064     030C                     CCPR1           equ	780	;# 
  1065     030C                     CCPR1L          equ	780	;# 
  1066     030D                     CCPR1H          equ	781	;# 
  1067     030E                     CCP1CON         equ	782	;# 
  1068     030F                     CCP1CAP         equ	783	;# 
  1069     0310                     CCPR2           equ	784	;# 
  1070     0310                     CCPR2L          equ	784	;# 
  1071     0311                     CCPR2H          equ	785	;# 
  1072     0312                     CCP2CON         equ	786	;# 
  1073     0313                     CCP2CAP         equ	787	;# 
  1074     0314                     PWM3DC          equ	788	;# 
  1075     0314                     PWM3DCL         equ	788	;# 
  1076     0315                     PWM3DCH         equ	789	;# 
  1077     0316                     PWM3CON         equ	790	;# 
  1078     0318                     PWM4DC          equ	792	;# 
  1079     0318                     PWM4DCL         equ	792	;# 
  1080     0319                     PWM4DCH         equ	793	;# 
  1081     031A                     PWM4CON         equ	794	;# 
  1082     059C                     TMR0L           equ	1436	;# 
  1083     059C                     TMR0            equ	1436	;# 
  1084     059D                     TMR0H           equ	1437	;# 
  1085     059D                     PR0             equ	1437	;# 
  1086     059E                     T0CON0          equ	1438	;# 
  1087     059F                     T0CON1          equ	1439	;# 
  1088     070C                     PIR0            equ	1804	;# 
  1089     070D                     PIR1            equ	1805	;# 
  1090     070E                     PIR2            equ	1806	;# 
  1091     0716                     PIE0            equ	1814	;# 
  1092     0717                     PIE1            equ	1815	;# 
  1093     0718                     PIE2            equ	1816	;# 
  1094     080C                     WDTCON          equ	2060	;# 
  1095     0811                     BORCON          equ	2065	;# 
  1096     0813                     PCON0           equ	2067	;# 
  1097     0814                     PCON1           equ	2068	;# 
  1098     081A                     NVMADR          equ	2074	;# 
  1099     081A                     NVMADRL         equ	2074	;# 
  1100     081B                     NVMADRH         equ	2075	;# 
  1101     081C                     NVMDAT          equ	2076	;# 
  1102     081C                     NVMDATL         equ	2076	;# 
  1103     081D                     NVMDATH         equ	2077	;# 
  1104     081E                     NVMCON1         equ	2078	;# 
  1105     081F                     NVMCON2         equ	2079	;# 
  1106     088E                     OSCCON          equ	2190	;# 
  1107     0890                     OSCSTAT         equ	2192	;# 
  1108     0891                     OSCEN           equ	2193	;# 
  1109     0892                     OSCTUNE         equ	2194	;# 
  1110     0893                     OSCFRQ          equ	2195	;# 
  1111     090C                     FVRCON          equ	2316	;# 
  1112     1E8F                     PPSLOCK         equ	7823	;# 
  1113     1E90                     INTPPS          equ	7824	;# 
  1114     1E91                     T0CKIPPS        equ	7825	;# 
  1115     1E92                     T1CKIPPS        equ	7826	;# 
  1116     1E93                     T1GPPS          equ	7827	;# 
  1117     1E9C                     T2INPPS         equ	7836	;# 
  1118     1EA1                     CCP1PPS         equ	7841	;# 
  1119     1EA2                     CCP2PPS         equ	7842	;# 
  1120     1EC3                     ADACTPPS        equ	7875	;# 
  1121     1EC5                     SSP1CLKPPS      equ	7877	;# 
  1122     1EC6                     SSP1DATPPS      equ	7878	;# 
  1123     1EC7                     SSP1SSPPS       equ	7879	;# 
  1124     1ECB                     RX1PPS          equ	7883	;# 
  1125     1ECB                     RX1DTPPS        equ	7883	;# 
  1126     1ECB                     RXPPS           equ	7883	;# 
  1127     1ECC                     CK1PPS          equ	7884	;# 
  1128     1ECC                     TX1CKPPS        equ	7884	;# 
  1129     1ECC                     CKPPS           equ	7884	;# 
  1130     1F10                     RA0PPS          equ	7952	;# 
  1131     1F11                     RA1PPS          equ	7953	;# 
  1132     1F12                     RA2PPS          equ	7954	;# 
  1133     1F14                     RA4PPS          equ	7956	;# 
  1134     1F15                     RA5PPS          equ	7957	;# 
  1135     1F38                     ANSELA          equ	7992	;# 
  1136     1F39                     WPUA            equ	7993	;# 
  1137     1F3A                     ODCONA          equ	7994	;# 
  1138     1F3B                     SLRCONA         equ	7995	;# 
  1139     1F3C                     INLVLA          equ	7996	;# 
  1140     1F3D                     IOCAP           equ	7997	;# 
  1141     1F3E                     IOCAN           equ	7998	;# 
  1142     1F3F                     IOCAF           equ	7999	;# 
  1143     1FE4                     STATUS_SHAD     equ	8164	;# 
  1144     1FE5                     WREG_SHAD       equ	8165	;# 
  1145     1FE6                     BSR_SHAD        equ	8166	;# 
  1146     1FE7                     PCLATH_SHAD     equ	8167	;# 
  1147     1FE8                     FSR0_SHAD       equ	8168	;# 
  1148     1FE8                     FSR0L_SHAD      equ	8168	;# 
  1149     1FE9                     FSR0H_SHAD      equ	8169	;# 
  1150     1FEA                     FSR1L_SHAD      equ	8170	;# 
  1151     1FEB                     FSR1H_SHAD      equ	8171	;# 
  1152     1FED                     STKPTR          equ	8173	;# 
  1153     1FEE                     TOSL            equ	8174	;# 
  1154     1FEF                     TOSH            equ	8175	;# 
  1155     0000                     INDF0           equ	0	;# 
  1156     0001                     INDF1           equ	1	;# 
  1157     0002                     PCL             equ	2	;# 
  1158     0003                     STATUS          equ	3	;# 
  1159     0004                     FSR0L           equ	4	;# 
  1160     0005                     FSR0H           equ	5	;# 
  1161     0006                     FSR1L           equ	6	;# 
  1162     0007                     FSR1H           equ	7	;# 
  1163     0008                     BSR             equ	8	;# 
  1164     0009                     WREG            equ	9	;# 
  1165     000A                     PCLATH          equ	10	;# 
  1166     000B                     INTCON          equ	11	;# 
  1167     000C                     PORTA           equ	12	;# 
  1168     0012                     TRISA           equ	18	;# 
  1169     0018                     LATA            equ	24	;# 
  1170     009A                     CPCON           equ	154	;# 
  1171     009B                     ADRES           equ	155	;# 
  1172     009B                     ADRESL          equ	155	;# 
  1173     009C                     ADRESH          equ	156	;# 
  1174     009D                     ADCON0          equ	157	;# 
  1175     009E                     ADCON1          equ	158	;# 
  1176     009F                     ADACT           equ	159	;# 
  1177     0119                     RC1REG          equ	281	;# 
  1178     011A                     TX1REG          equ	282	;# 
  1179     011B                     SP1BRG          equ	283	;# 
  1180     011B                     SP1BRGL         equ	283	;# 
  1181     011C                     SP1BRGH         equ	284	;# 
  1182     011D                     RC1STA          equ	285	;# 
  1183     011E                     TX1STA          equ	286	;# 
  1184     011F                     BAUD1CON        equ	287	;# 
  1185     018C                     SSP1BUF         equ	396	;# 
  1186     018D                     SSP1ADD         equ	397	;# 
  1187     018E                     SSP1MSK         equ	398	;# 
  1188     018F                     SSP1STAT        equ	399	;# 
  1189     0190                     SSP1CON1        equ	400	;# 
  1190     0191                     SSP1CON2        equ	401	;# 
  1191     0192                     SSP1CON3        equ	402	;# 
  1192     020C                     TMR1L           equ	524	;# 
  1193     020D                     TMR1H           equ	525	;# 
  1194     020E                     T1CON           equ	526	;# 
  1195     020E                     TMR1CON         equ	526	;# 
  1196     020F                     T1GCON          equ	527	;# 
  1197     020F                     TMR1GCON        equ	527	;# 
  1198     0210                     T1GATE          equ	528	;# 
  1199     0210                     TMR1GATE        equ	528	;# 
  1200     0211                     T1CLK           equ	529	;# 
  1201     0211                     TMR1CLK         equ	529	;# 
  1202     028C                     T2TMR           equ	652	;# 
  1203     028C                     TMR2            equ	652	;# 
  1204     028D                     T2PR            equ	653	;# 
  1205     028D                     PR2             equ	653	;# 
  1206     028E                     T2CON           equ	654	;# 
  1207     028F                     T2HLT           equ	655	;# 
  1208     0290                     T2CLKCON        equ	656	;# 
  1209     0291                     T2RST           equ	657	;# 
  1210     030C                     CCPR1           equ	780	;# 
  1211     030C                     CCPR1L          equ	780	;# 
  1212     030D                     CCPR1H          equ	781	;# 
  1213     030E                     CCP1CON         equ	782	;# 
  1214     030F                     CCP1CAP         equ	783	;# 
  1215     0310                     CCPR2           equ	784	;# 
  1216     0310                     CCPR2L          equ	784	;# 
  1217     0311                     CCPR2H          equ	785	;# 
  1218     0312                     CCP2CON         equ	786	;# 
  1219     0313                     CCP2CAP         equ	787	;# 
  1220     0314                     PWM3DC          equ	788	;# 
  1221     0314                     PWM3DCL         equ	788	;# 
  1222     0315                     PWM3DCH         equ	789	;# 
  1223     0316                     PWM3CON         equ	790	;# 
  1224     0318                     PWM4DC          equ	792	;# 
  1225     0318                     PWM4DCL         equ	792	;# 
  1226     0319                     PWM4DCH         equ	793	;# 
  1227     031A                     PWM4CON         equ	794	;# 
  1228     059C                     TMR0L           equ	1436	;# 
  1229     059C                     TMR0            equ	1436	;# 
  1230     059D                     TMR0H           equ	1437	;# 
  1231     059D                     PR0             equ	1437	;# 
  1232     059E                     T0CON0          equ	1438	;# 
  1233     059F                     T0CON1          equ	1439	;# 
  1234     070C                     PIR0            equ	1804	;# 
  1235     070D                     PIR1            equ	1805	;# 
  1236     070E                     PIR2            equ	1806	;# 
  1237     0716                     PIE0            equ	1814	;# 
  1238     0717                     PIE1            equ	1815	;# 
  1239     0718                     PIE2            equ	1816	;# 
  1240     080C                     WDTCON          equ	2060	;# 
  1241     0811                     BORCON          equ	2065	;# 
  1242     0813                     PCON0           equ	2067	;# 
  1243     0814                     PCON1           equ	2068	;# 
  1244     081A                     NVMADR          equ	2074	;# 
  1245     081A                     NVMADRL         equ	2074	;# 
  1246     081B                     NVMADRH         equ	2075	;# 
  1247     081C                     NVMDAT          equ	2076	;# 
  1248     081C                     NVMDATL         equ	2076	;# 
  1249     081D                     NVMDATH         equ	2077	;# 
  1250     081E                     NVMCON1         equ	2078	;# 
  1251     081F                     NVMCON2         equ	2079	;# 
  1252     088E                     OSCCON          equ	2190	;# 
  1253     0890                     OSCSTAT         equ	2192	;# 
  1254     0891                     OSCEN           equ	2193	;# 
  1255     0892                     OSCTUNE         equ	2194	;# 
  1256     0893                     OSCFRQ          equ	2195	;# 
  1257     090C                     FVRCON          equ	2316	;# 
  1258     1E8F                     PPSLOCK         equ	7823	;# 
  1259     1E90                     INTPPS          equ	7824	;# 
  1260     1E91                     T0CKIPPS        equ	7825	;# 
  1261     1E92                     T1CKIPPS        equ	7826	;# 
  1262     1E93                     T1GPPS          equ	7827	;# 
  1263     1E9C                     T2INPPS         equ	7836	;# 
  1264     1EA1                     CCP1PPS         equ	7841	;# 
  1265     1EA2                     CCP2PPS         equ	7842	;# 
  1266     1EC3                     ADACTPPS        equ	7875	;# 
  1267     1EC5                     SSP1CLKPPS      equ	7877	;# 
  1268     1EC6                     SSP1DATPPS      equ	7878	;# 
  1269     1EC7                     SSP1SSPPS       equ	7879	;# 
  1270     1ECB                     RX1PPS          equ	7883	;# 
  1271     1ECB                     RX1DTPPS        equ	7883	;# 
  1272     1ECB                     RXPPS           equ	7883	;# 
  1273     1ECC                     CK1PPS          equ	7884	;# 
  1274     1ECC                     TX1CKPPS        equ	7884	;# 
  1275     1ECC                     CKPPS           equ	7884	;# 
  1276     1F10                     RA0PPS          equ	7952	;# 
  1277     1F11                     RA1PPS          equ	7953	;# 
  1278     1F12                     RA2PPS          equ	7954	;# 
  1279     1F14                     RA4PPS          equ	7956	;# 
  1280     1F15                     RA5PPS          equ	7957	;# 
  1281     1F38                     ANSELA          equ	7992	;# 
  1282     1F39                     WPUA            equ	7993	;# 
  1283     1F3A                     ODCONA          equ	7994	;# 
  1284     1F3B                     SLRCONA         equ	7995	;# 
  1285     1F3C                     INLVLA          equ	7996	;# 
  1286     1F3D                     IOCAP           equ	7997	;# 
  1287     1F3E                     IOCAN           equ	7998	;# 
  1288     1F3F                     IOCAF           equ	7999	;# 
  1289     1FE4                     STATUS_SHAD     equ	8164	;# 
  1290     1FE5                     WREG_SHAD       equ	8165	;# 
  1291     1FE6                     BSR_SHAD        equ	8166	;# 
  1292     1FE7                     PCLATH_SHAD     equ	8167	;# 
  1293     1FE8                     FSR0_SHAD       equ	8168	;# 
  1294     1FE8                     FSR0L_SHAD      equ	8168	;# 
  1295     1FE9                     FSR0H_SHAD      equ	8169	;# 
  1296     1FEA                     FSR1L_SHAD      equ	8170	;# 
  1297     1FEB                     FSR1H_SHAD      equ	8171	;# 
  1298     1FED                     STKPTR          equ	8173	;# 
  1299     1FEE                     TOSL            equ	8174	;# 
  1300     1FEF                     TOSH            equ	8175	;# 
  1301     0000                     INDF0           equ	0	;# 
  1302     0001                     INDF1           equ	1	;# 
  1303     0002                     PCL             equ	2	;# 
  1304     0003                     STATUS          equ	3	;# 
  1305     0004                     FSR0L           equ	4	;# 
  1306     0005                     FSR0H           equ	5	;# 
  1307     0006                     FSR1L           equ	6	;# 
  1308     0007                     FSR1H           equ	7	;# 
  1309     0008                     BSR             equ	8	;# 
  1310     0009                     WREG            equ	9	;# 
  1311     000A                     PCLATH          equ	10	;# 
  1312     000B                     INTCON          equ	11	;# 
  1313     000C                     PORTA           equ	12	;# 
  1314     0012                     TRISA           equ	18	;# 
  1315     0018                     LATA            equ	24	;# 
  1316     009A                     CPCON           equ	154	;# 
  1317     009B                     ADRES           equ	155	;# 
  1318     009B                     ADRESL          equ	155	;# 
  1319     009C                     ADRESH          equ	156	;# 
  1320     009D                     ADCON0          equ	157	;# 
  1321     009E                     ADCON1          equ	158	;# 
  1322     009F                     ADACT           equ	159	;# 
  1323     0119                     RC1REG          equ	281	;# 
  1324     011A                     TX1REG          equ	282	;# 
  1325     011B                     SP1BRG          equ	283	;# 
  1326     011B                     SP1BRGL         equ	283	;# 
  1327     011C                     SP1BRGH         equ	284	;# 
  1328     011D                     RC1STA          equ	285	;# 
  1329     011E                     TX1STA          equ	286	;# 
  1330     011F                     BAUD1CON        equ	287	;# 
  1331     018C                     SSP1BUF         equ	396	;# 
  1332     018D                     SSP1ADD         equ	397	;# 
  1333     018E                     SSP1MSK         equ	398	;# 
  1334     018F                     SSP1STAT        equ	399	;# 
  1335     0190                     SSP1CON1        equ	400	;# 
  1336     0191                     SSP1CON2        equ	401	;# 
  1337     0192                     SSP1CON3        equ	402	;# 
  1338     020C                     TMR1L           equ	524	;# 
  1339     020D                     TMR1H           equ	525	;# 
  1340     020E                     T1CON           equ	526	;# 
  1341     020E                     TMR1CON         equ	526	;# 
  1342     020F                     T1GCON          equ	527	;# 
  1343     020F                     TMR1GCON        equ	527	;# 
  1344     0210                     T1GATE          equ	528	;# 
  1345     0210                     TMR1GATE        equ	528	;# 
  1346     0211                     T1CLK           equ	529	;# 
  1347     0211                     TMR1CLK         equ	529	;# 
  1348     028C                     T2TMR           equ	652	;# 
  1349     028C                     TMR2            equ	652	;# 
  1350     028D                     T2PR            equ	653	;# 
  1351     028D                     PR2             equ	653	;# 
  1352     028E                     T2CON           equ	654	;# 
  1353     028F                     T2HLT           equ	655	;# 
  1354     0290                     T2CLKCON        equ	656	;# 
  1355     0291                     T2RST           equ	657	;# 
  1356     030C                     CCPR1           equ	780	;# 
  1357     030C                     CCPR1L          equ	780	;# 
  1358     030D                     CCPR1H          equ	781	;# 
  1359     030E                     CCP1CON         equ	782	;# 
  1360     030F                     CCP1CAP         equ	783	;# 
  1361     0310                     CCPR2           equ	784	;# 
  1362     0310                     CCPR2L          equ	784	;# 
  1363     0311                     CCPR2H          equ	785	;# 
  1364     0312                     CCP2CON         equ	786	;# 
  1365     0313                     CCP2CAP         equ	787	;# 
  1366     0314                     PWM3DC          equ	788	;# 
  1367     0314                     PWM3DCL         equ	788	;# 
  1368     0315                     PWM3DCH         equ	789	;# 
  1369     0316                     PWM3CON         equ	790	;# 
  1370     0318                     PWM4DC          equ	792	;# 
  1371     0318                     PWM4DCL         equ	792	;# 
  1372     0319                     PWM4DCH         equ	793	;# 
  1373     031A                     PWM4CON         equ	794	;# 
  1374     059C                     TMR0L           equ	1436	;# 
  1375     059C                     TMR0            equ	1436	;# 
  1376     059D                     TMR0H           equ	1437	;# 
  1377     059D                     PR0             equ	1437	;# 
  1378     059E                     T0CON0          equ	1438	;# 
  1379     059F                     T0CON1          equ	1439	;# 
  1380     070C                     PIR0            equ	1804	;# 
  1381     070D                     PIR1            equ	1805	;# 
  1382     070E                     PIR2            equ	1806	;# 
  1383     0716                     PIE0            equ	1814	;# 
  1384     0717                     PIE1            equ	1815	;# 
  1385     0718                     PIE2            equ	1816	;# 
  1386     080C                     WDTCON          equ	2060	;# 
  1387     0811                     BORCON          equ	2065	;# 
  1388     0813                     PCON0           equ	2067	;# 
  1389     0814                     PCON1           equ	2068	;# 
  1390     081A                     NVMADR          equ	2074	;# 
  1391     081A                     NVMADRL         equ	2074	;# 
  1392     081B                     NVMADRH         equ	2075	;# 
  1393     081C                     NVMDAT          equ	2076	;# 
  1394     081C                     NVMDATL         equ	2076	;# 
  1395     081D                     NVMDATH         equ	2077	;# 
  1396     081E                     NVMCON1         equ	2078	;# 
  1397     081F                     NVMCON2         equ	2079	;# 
  1398     088E                     OSCCON          equ	2190	;# 
  1399     0890                     OSCSTAT         equ	2192	;# 
  1400     0891                     OSCEN           equ	2193	;# 
  1401     0892                     OSCTUNE         equ	2194	;# 
  1402     0893                     OSCFRQ          equ	2195	;# 
  1403     090C                     FVRCON          equ	2316	;# 
  1404     1E8F                     PPSLOCK         equ	7823	;# 
  1405     1E90                     INTPPS          equ	7824	;# 
  1406     1E91                     T0CKIPPS        equ	7825	;# 
  1407     1E92                     T1CKIPPS        equ	7826	;# 
  1408     1E93                     T1GPPS          equ	7827	;# 
  1409     1E9C                     T2INPPS         equ	7836	;# 
  1410     1EA1                     CCP1PPS         equ	7841	;# 
  1411     1EA2                     CCP2PPS         equ	7842	;# 
  1412     1EC3                     ADACTPPS        equ	7875	;# 
  1413     1EC5                     SSP1CLKPPS      equ	7877	;# 
  1414     1EC6                     SSP1DATPPS      equ	7878	;# 
  1415     1EC7                     SSP1SSPPS       equ	7879	;# 
  1416     1ECB                     RX1PPS          equ	7883	;# 
  1417     1ECB                     RX1DTPPS        equ	7883	;# 
  1418     1ECB                     RXPPS           equ	7883	;# 
  1419     1ECC                     CK1PPS          equ	7884	;# 
  1420     1ECC                     TX1CKPPS        equ	7884	;# 
  1421     1ECC                     CKPPS           equ	7884	;# 
  1422     1F10                     RA0PPS          equ	7952	;# 
  1423     1F11                     RA1PPS          equ	7953	;# 
  1424     1F12                     RA2PPS          equ	7954	;# 
  1425     1F14                     RA4PPS          equ	7956	;# 
  1426     1F15                     RA5PPS          equ	7957	;# 
  1427     1F38                     ANSELA          equ	7992	;# 
  1428     1F39                     WPUA            equ	7993	;# 
  1429     1F3A                     ODCONA          equ	7994	;# 
  1430     1F3B                     SLRCONA         equ	7995	;# 
  1431     1F3C                     INLVLA          equ	7996	;# 
  1432     1F3D                     IOCAP           equ	7997	;# 
  1433     1F3E                     IOCAN           equ	7998	;# 
  1434     1F3F                     IOCAF           equ	7999	;# 
  1435     1FE4                     STATUS_SHAD     equ	8164	;# 
  1436     1FE5                     WREG_SHAD       equ	8165	;# 
  1437     1FE6                     BSR_SHAD        equ	8166	;# 
  1438     1FE7                     PCLATH_SHAD     equ	8167	;# 
  1439     1FE8                     FSR0_SHAD       equ	8168	;# 
  1440     1FE8                     FSR0L_SHAD      equ	8168	;# 
  1441     1FE9                     FSR0H_SHAD      equ	8169	;# 
  1442     1FEA                     FSR1L_SHAD      equ	8170	;# 
  1443     1FEB                     FSR1H_SHAD      equ	8171	;# 
  1444     1FED                     STKPTR          equ	8173	;# 
  1445     1FEE                     TOSL            equ	8174	;# 
  1446     1FEF                     TOSH            equ	8175	;# 
  1447     0000                     INDF0           equ	0	;# 
  1448     0001                     INDF1           equ	1	;# 
  1449     0002                     PCL             equ	2	;# 
  1450     0003                     STATUS          equ	3	;# 
  1451     0004                     FSR0L           equ	4	;# 
  1452     0005                     FSR0H           equ	5	;# 
  1453     0006                     FSR1L           equ	6	;# 
  1454     0007                     FSR1H           equ	7	;# 
  1455     0008                     BSR             equ	8	;# 
  1456     0009                     WREG            equ	9	;# 
  1457     000A                     PCLATH          equ	10	;# 
  1458     000B                     INTCON          equ	11	;# 
  1459     000C                     PORTA           equ	12	;# 
  1460     0012                     TRISA           equ	18	;# 
  1461     0018                     LATA            equ	24	;# 
  1462     009A                     CPCON           equ	154	;# 
  1463     009B                     ADRES           equ	155	;# 
  1464     009B                     ADRESL          equ	155	;# 
  1465     009C                     ADRESH          equ	156	;# 
  1466     009D                     ADCON0          equ	157	;# 
  1467     009E                     ADCON1          equ	158	;# 
  1468     009F                     ADACT           equ	159	;# 
  1469     0119                     RC1REG          equ	281	;# 
  1470     011A                     TX1REG          equ	282	;# 
  1471     011B                     SP1BRG          equ	283	;# 
  1472     011B                     SP1BRGL         equ	283	;# 
  1473     011C                     SP1BRGH         equ	284	;# 
  1474     011D                     RC1STA          equ	285	;# 
  1475     011E                     TX1STA          equ	286	;# 
  1476     011F                     BAUD1CON        equ	287	;# 
  1477     018C                     SSP1BUF         equ	396	;# 
  1478     018D                     SSP1ADD         equ	397	;# 
  1479     018E                     SSP1MSK         equ	398	;# 
  1480     018F                     SSP1STAT        equ	399	;# 
  1481     0190                     SSP1CON1        equ	400	;# 
  1482     0191                     SSP1CON2        equ	401	;# 
  1483     0192                     SSP1CON3        equ	402	;# 
  1484     020C                     TMR1L           equ	524	;# 
  1485     020D                     TMR1H           equ	525	;# 
  1486     020E                     T1CON           equ	526	;# 
  1487     020E                     TMR1CON         equ	526	;# 
  1488     020F                     T1GCON          equ	527	;# 
  1489     020F                     TMR1GCON        equ	527	;# 
  1490     0210                     T1GATE          equ	528	;# 
  1491     0210                     TMR1GATE        equ	528	;# 
  1492     0211                     T1CLK           equ	529	;# 
  1493     0211                     TMR1CLK         equ	529	;# 
  1494     028C                     T2TMR           equ	652	;# 
  1495     028C                     TMR2            equ	652	;# 
  1496     028D                     T2PR            equ	653	;# 
  1497     028D                     PR2             equ	653	;# 
  1498     028E                     T2CON           equ	654	;# 
  1499     028F                     T2HLT           equ	655	;# 
  1500     0290                     T2CLKCON        equ	656	;# 
  1501     0291                     T2RST           equ	657	;# 
  1502     030C                     CCPR1           equ	780	;# 
  1503     030C                     CCPR1L          equ	780	;# 
  1504     030D                     CCPR1H          equ	781	;# 
  1505     030E                     CCP1CON         equ	782	;# 
  1506     030F                     CCP1CAP         equ	783	;# 
  1507     0310                     CCPR2           equ	784	;# 
  1508     0310                     CCPR2L          equ	784	;# 
  1509     0311                     CCPR2H          equ	785	;# 
  1510     0312                     CCP2CON         equ	786	;# 
  1511     0313                     CCP2CAP         equ	787	;# 
  1512     0314                     PWM3DC          equ	788	;# 
  1513     0314                     PWM3DCL         equ	788	;# 
  1514     0315                     PWM3DCH         equ	789	;# 
  1515     0316                     PWM3CON         equ	790	;# 
  1516     0318                     PWM4DC          equ	792	;# 
  1517     0318                     PWM4DCL         equ	792	;# 
  1518     0319                     PWM4DCH         equ	793	;# 
  1519     031A                     PWM4CON         equ	794	;# 
  1520     059C                     TMR0L           equ	1436	;# 
  1521     059C                     TMR0            equ	1436	;# 
  1522     059D                     TMR0H           equ	1437	;# 
  1523     059D                     PR0             equ	1437	;# 
  1524     059E                     T0CON0          equ	1438	;# 
  1525     059F                     T0CON1          equ	1439	;# 
  1526     070C                     PIR0            equ	1804	;# 
  1527     070D                     PIR1            equ	1805	;# 
  1528     070E                     PIR2            equ	1806	;# 
  1529     0716                     PIE0            equ	1814	;# 
  1530     0717                     PIE1            equ	1815	;# 
  1531     0718                     PIE2            equ	1816	;# 
  1532     080C                     WDTCON          equ	2060	;# 
  1533     0811                     BORCON          equ	2065	;# 
  1534     0813                     PCON0           equ	2067	;# 
  1535     0814                     PCON1           equ	2068	;# 
  1536     081A                     NVMADR          equ	2074	;# 
  1537     081A                     NVMADRL         equ	2074	;# 
  1538     081B                     NVMADRH         equ	2075	;# 
  1539     081C                     NVMDAT          equ	2076	;# 
  1540     081C                     NVMDATL         equ	2076	;# 
  1541     081D                     NVMDATH         equ	2077	;# 
  1542     081E                     NVMCON1         equ	2078	;# 
  1543     081F                     NVMCON2         equ	2079	;# 
  1544     088E                     OSCCON          equ	2190	;# 
  1545     0890                     OSCSTAT         equ	2192	;# 
  1546     0891                     OSCEN           equ	2193	;# 
  1547     0892                     OSCTUNE         equ	2194	;# 
  1548     0893                     OSCFRQ          equ	2195	;# 
  1549     090C                     FVRCON          equ	2316	;# 
  1550     1E8F                     PPSLOCK         equ	7823	;# 
  1551     1E90                     INTPPS          equ	7824	;# 
  1552     1E91                     T0CKIPPS        equ	7825	;# 
  1553     1E92                     T1CKIPPS        equ	7826	;# 
  1554     1E93                     T1GPPS          equ	7827	;# 
  1555     1E9C                     T2INPPS         equ	7836	;# 
  1556     1EA1                     CCP1PPS         equ	7841	;# 
  1557     1EA2                     CCP2PPS         equ	7842	;# 
  1558     1EC3                     ADACTPPS        equ	7875	;# 
  1559     1EC5                     SSP1CLKPPS      equ	7877	;# 
  1560     1EC6                     SSP1DATPPS      equ	7878	;# 
  1561     1EC7                     SSP1SSPPS       equ	7879	;# 
  1562     1ECB                     RX1PPS          equ	7883	;# 
  1563     1ECB                     RX1DTPPS        equ	7883	;# 
  1564     1ECB                     RXPPS           equ	7883	;# 
  1565     1ECC                     CK1PPS          equ	7884	;# 
  1566     1ECC                     TX1CKPPS        equ	7884	;# 
  1567     1ECC                     CKPPS           equ	7884	;# 
  1568     1F10                     RA0PPS          equ	7952	;# 
  1569     1F11                     RA1PPS          equ	7953	;# 
  1570     1F12                     RA2PPS          equ	7954	;# 
  1571     1F14                     RA4PPS          equ	7956	;# 
  1572     1F15                     RA5PPS          equ	7957	;# 
  1573     1F38                     ANSELA          equ	7992	;# 
  1574     1F39                     WPUA            equ	7993	;# 
  1575     1F3A                     ODCONA          equ	7994	;# 
  1576     1F3B                     SLRCONA         equ	7995	;# 
  1577     1F3C                     INLVLA          equ	7996	;# 
  1578     1F3D                     IOCAP           equ	7997	;# 
  1579     1F3E                     IOCAN           equ	7998	;# 
  1580     1F3F                     IOCAF           equ	7999	;# 
  1581     1FE4                     STATUS_SHAD     equ	8164	;# 
  1582     1FE5                     WREG_SHAD       equ	8165	;# 
  1583     1FE6                     BSR_SHAD        equ	8166	;# 
  1584     1FE7                     PCLATH_SHAD     equ	8167	;# 
  1585     1FE8                     FSR0_SHAD       equ	8168	;# 
  1586     1FE8                     FSR0L_SHAD      equ	8168	;# 
  1587     1FE9                     FSR0H_SHAD      equ	8169	;# 
  1588     1FEA                     FSR1L_SHAD      equ	8170	;# 
  1589     1FEB                     FSR1H_SHAD      equ	8171	;# 
  1590     1FED                     STKPTR          equ	8173	;# 
  1591     1FEE                     TOSL            equ	8174	;# 
  1592     1FEF                     TOSH            equ	8175	;# 
  1593                           
  1594                           	psect	idataBANK0
  1595     063B                     __pidataBANK0:
  1596                           
  1597                           ;initializer for _LIN_timeout
  1598     063B  3414               	retlw	20
  1599                           
  1600                           	psect	stringtext1
  1601     05ED                     __pstringtext1:
  1602     05ED                     _scheduleTable:
  1603     05ED  3401               	retlw	1
  1604     05EE  3401               	retlw	1
  1605     05EF  3408               	retlw	8
  1606     05F0  34A9               	retlw	low (_SIGNAL_Data| 0)
  1607     05F1  3400               	retlw	high (_SIGNAL_Data| 0)
  1608     05F2                     __end_of_scheduleTable:
  1609                           
  1610                           	psect	nvBANK0
  1611     0058                     __pnvBANK0:
  1612     0058                     _TMR0_InterruptHandler:
  1613     0058                     	ds	2
  1614     005A                     _EUSART1_OverrunErrorHandler:
  1615     005A                     	ds	2
  1616     005C                     _EUSART1_FramingErrorHandler:
  1617     005C                     	ds	2
  1618     005E                     _EUSART1_RxDefaultInterruptHandler:
  1619     005E                     	ds	2
  1620     0060                     _EUSART1_TxDefaultInterruptHandler:
  1621     0060                     	ds	2
  1622     0062                     _LIN_rxCommand:
  1623     0062                     	ds	2
  1624     0064                     _LIN_processData:
  1625     0064                     	ds	2
  1626     0066                     _LIN_rxCommandLength:
  1627     0066                     	ds	1
  1628                           
  1629                           	psect	nvBANK1
  1630     00B1                     __pnvBANK1:
  1631     00B1                     _EUSART1_ErrorHandler:
  1632     00B1                     	ds	2
  1633     0012                     _TRISA          set	18
  1634     0018                     _LATA           set	24
  1635     000B                     _INTCONbits     set	11
  1636     0018                     _LATAbits       set	24
  1637     0119                     _RC1REG         set	281
  1638     011A                     _TX1REG         set	282
  1639     011C                     _SP1BRGH        set	284
  1640     011B                     _SP1BRGL        set	283
  1641     011E                     _TX1STA         set	286
  1642     011D                     _RC1STA         set	285
  1643     011F                     _BAUD1CON       set	287
  1644     011D                     _RC1STAbits     set	285
  1645     011E                     _TX1STAbits     set	286
  1646     059E                     _T0CON0bits     set	1438
  1647     059E                     _T0CON0         set	1438
  1648     059C                     _TMR0L          set	1436
  1649     059D                     _TMR0H          set	1437
  1650     059F                     _T0CON1         set	1439
  1651     070D                     _PIR1bits       set	1805
  1652     070C                     _PIR0bits       set	1804
  1653     0716                     _PIE0bits       set	1814
  1654     0717                     _PIE1bits       set	1815
  1655     080C                     _WDTCON         set	2060
  1656     0892                     _OSCTUNE        set	2194
  1657     0893                     _OSCFRQ         set	2195
  1658     0891                     _OSCEN          set	2193
  1659     1ECB                     _RX1PPS         set	7883
  1660     1F3C                     _INLVLA         set	7996
  1661     1F3B                     _SLRCONA        set	7995
  1662     1F3A                     _ODCONA         set	7994
  1663     1F39                     _WPUA           set	7993
  1664     1F38                     _ANSELA         set	7992
  1665                           
  1666                           	psect	cinit
  1667     003B                     start_initialization:	
  1668                           ; #config settings
  1669                           
  1670     003B                     __initialization:
  1671                           
  1672                           ; Initialize objects allocated to BANK0
  1673     003B  3186  263B  3180   	fcall	__pidataBANK0	;fetch initializer
  1674     003E  00EC               	movwf	__pdataBANK0& (0+127)
  1675                           
  1676                           ; Clear objects allocated to COMMON
  1677     003F  01FD               	clrf	__pbssCOMMON& (0+127)
  1678                           
  1679                           ; Clear objects allocated to BANK0
  1680     0040  3020               	movlw	low __pbssBANK0
  1681     0041  0084               	movwf	4
  1682     0042  3000               	movlw	high __pbssBANK0
  1683     0043  0085               	movwf	5
  1684     0044  3038               	movlw	56
  1685     0045  3185  25BD  3180   	fcall	clear_ram0
  1686                           
  1687                           ; Clear objects allocated to BANK1
  1688     0048  30A9               	movlw	low __pbssBANK1
  1689     0049  0084               	movwf	4
  1690     004A  3000               	movlw	high __pbssBANK1
  1691     004B  0085               	movwf	5
  1692     004C  3008               	movlw	8
  1693     004D  3185  25BD  3180   	fcall	clear_ram0
  1694     0050                     end_of_initialization:	
  1695                           ;End of C runtime variable initialization code
  1696                           
  1697     0050                     __end_of__initialization:
  1698     0050  107E               	bcf	int$flags,0	;clear compiler interrupt flag (level 1)
  1699     0051  0140               	movlb	0
  1700     0052  2D46               	ljmp	_main	;jump to C main() function
  1701                           
  1702                           	psect	bssCOMMON
  1703     007D                     __pbssCOMMON:
  1704     007D                     _eusart1RxHead:
  1705     007D                     	ds	1
  1706                           
  1707                           	psect	bssBANK0
  1708     0020                     __pbssBANK0:
  1709     0020                     _eusart1RxStatusBuffer:
  1710     0020                     	ds	8
  1711     0028                     _eusart1RxBuffer:
  1712     0028                     	ds	8
  1713     0030                     _eusart1TxBuffer:
  1714     0030                     	ds	8
  1715     0038                     _eusart1RxLastError:
  1716     0038                     	ds	1
  1717     0039                     _eusart1RxCount:
  1718     0039                     	ds	1
  1719     003A                     _eusart1RxTail:
  1720     003A                     	ds	1
  1721     003B                     _eusart1TxBufferRemaining:
  1722     003B                     	ds	1
  1723     003C                     _eusart1TxTail:
  1724     003C                     	ds	1
  1725     003D                     _eusart1TxHead:
  1726     003D                     	ds	1
  1727     003E                     LIN_handler@rxDataIndex:
  1728     003E                     	ds	1
  1729     003F                     LIN_handler@LIN_rxState:
  1730     003F                     	ds	1
  1731     0040                     _CountCallBack:
  1732     0040                     	ds	1
  1733     0041                     _LIN_timerRunning:
  1734     0041                     	ds	1
  1735     0042                     _LIN_rxInProgress:
  1736     0042                     	ds	1
  1737     0043                     _LIN_packet:
  1738     0043                     	ds	13
  1739     0050                     _tempRxData:
  1740     0050                     	ds	8
  1741                           
  1742                           	psect	dataBANK0
  1743     006C                     __pdataBANK0:
  1744     006C                     _LIN_timeout:
  1745     006C                     	ds	1
  1746                           
  1747                           	psect	bssBANK1
  1748     00A9                     __pbssBANK1:
  1749     00A9                     _SIGNAL_Data:
  1750     00A9                     	ds	8
  1751                           
  1752                           	psect	clrtext
  1753     05BD                     clear_ram0:	
  1754                           ;	Called with FSR0 containing the base address, and
  1755                           ;	WREG with the size to clear
  1756                           
  1757     05BD  0064               	clrwdt	;clear the watchdog before getting into this loop
  1758     05BE                     clrloop0:
  1759     05BE  0180               	clrf	0	;clear RAM location pointed to by FSR
  1760     05BF  3101               	addfsr 0,1
  1761     05C0  0B89               	decfsz	9,f	;Have we reached the end of clearing yet?
  1762     05C1  2DBE               	goto	clrloop0	;have we reached the end yet?
  1763     05C2  3400               	retlw	0	;all done for this memory range, return
  1764                           
  1765                           	psect	cstackBANK1
  1766     00A0                     __pcstackBANK1:
  1767     00A0                     LIN_queuePacket@cmd:
  1768                           
  1769                           ; 1 bytes @ 0x0
  1770     00A0                     	ds	1
  1771     00A1                     LIN_queuePacket@i:
  1772                           
  1773                           ; 1 bytes @ 0x1
  1774     00A1                     	ds	1
  1775     00A2                     LIN_queuePacket@tempSchedule:
  1776                           
  1777                           ; 2 bytes @ 0x2
  1778     00A2                     	ds	2
  1779     00A4                     ??_LIN_handler:
  1780                           
  1781                           ; 1 bytes @ 0x4
  1782     00A4                     	ds	5
  1783                           
  1784                           	psect	cstackCOMMON
  1785     0070                     __pcstackCOMMON:
  1786     0070                     ?_DRL_POS_OFF:
  1787     0070                     ?_POS_ON:	
  1788                           ; 1 bytes @ 0x0
  1789                           
  1790     0070                     ?_DRL_ON:	
  1791                           ; 1 bytes @ 0x0
  1792                           
  1793     0070                     ?_HIBEAM_ON:	
  1794                           ; 1 bytes @ 0x0
  1795                           
  1796     0070                     ?_HIBEAM_OFF:	
  1797                           ; 1 bytes @ 0x0
  1798                           
  1799     0070                     ?_PIN_MANAGER_IOC:	
  1800                           ; 1 bytes @ 0x0
  1801                           
  1802     0070                     ?_TMR0_StartTimer:	
  1803                           ; 1 bytes @ 0x0
  1804                           
  1805     0070                     ?_TMR0_StopTimer:	
  1806                           ; 1 bytes @ 0x0
  1807                           
  1808     0070                     ?_TMR0_ReadTimer:	
  1809                           ; 1 bytes @ 0x0
  1810                           
  1811     0070                     ?_TMR0_WriteTimer:	
  1812                           ; 1 bytes @ 0x0
  1813                           
  1814     0070                     ?_TMR0_Reload:	
  1815                           ; 1 bytes @ 0x0
  1816                           
  1817     0070                     ?_EUSART1_is_tx_done:	
  1818                           ; 1 bytes @ 0x0
  1819                           
  1820     0070                     ?_EUSART1_is_tx_ready:	
  1821                           ; 1 bytes @ 0x0
  1822                           
  1823     0070                     ?_SYSTEM_Initialize:	
  1824                           ; 1 bytes @ 0x0
  1825                           
  1826     0070                     ?_LIN_handler:	
  1827                           ; 1 bytes @ 0x0
  1828                           
  1829     0070                     ?_processLIN:	
  1830                           ; 1 bytes @ 0x0
  1831                           
  1832     0070                     ?_LIN_stopTimer:	
  1833                           ; 1 bytes @ 0x0
  1834                           
  1835     0070                     ?_LIN_enableRx:	
  1836                           ; 1 bytes @ 0x0
  1837                           
  1838     0070                     ?_LIN_setTimerHandler:	
  1839                           ; 1 bytes @ 0x0
  1840                           
  1841     0070                     ?_LIN_getChecksum:	
  1842                           ; 1 bytes @ 0x0
  1843                           
  1844     0070                     ?_EUSART1_is_rx_ready:	
  1845                           ; 1 bytes @ 0x0
  1846                           
  1847     0070                     ?_LIN_startTimer:	
  1848                           ; 1 bytes @ 0x0
  1849                           
  1850     0070                     ?_LIN_breakCheck:	
  1851                           ; 1 bytes @ 0x0
  1852                           
  1853     0070                     ?_EUSART1_Read:	
  1854                           ; 1 bytes @ 0x0
  1855                           
  1856     0070                     ?_LIN_checkPID:	
  1857                           ; 1 bytes @ 0x0
  1858                           
  1859     0070                     ?_LIN_getFromTable:	
  1860                           ; 1 bytes @ 0x0
  1861                           
  1862     0070                     ?_LIN_disableRx:	
  1863                           ; 1 bytes @ 0x0
  1864                           
  1865     0070                     ?_EUSART1_Write:	
  1866                           ; 1 bytes @ 0x0
  1867                           
  1868     0070                     ?_LIN_calcParity:	
  1869                           ; 1 bytes @ 0x0
  1870                           
  1871     0070                     ?_TMR0_SetInterruptHandler:	
  1872                           ; 1 bytes @ 0x0
  1873                           
  1874     0070                     ?_EUSART1_get_last_status:	
  1875                           ; 1 bytes @ 0x0
  1876                           
  1877     0070                     ?_EUSART1_SetRxInterruptHandler:	
  1878                           ; 1 bytes @ 0x0
  1879                           
  1880     0070                     ?_EUSART1_Receive_ISR:	
  1881                           ; 1 bytes @ 0x0
  1882                           
  1883     0070                     ?_EUSART1_SetTxInterruptHandler:	
  1884                           ; 1 bytes @ 0x0
  1885                           
  1886     0070                     ?_EUSART1_Transmit_ISR:	
  1887                           ; 1 bytes @ 0x0
  1888                           
  1889     0070                     ?_EUSART1_SetFramingErrorHandler:	
  1890                           ; 1 bytes @ 0x0
  1891                           
  1892     0070                     ?_EUSART1_DefaultFramingErrorHandler:	
  1893                           ; 1 bytes @ 0x0
  1894                           
  1895     0070                     ?_EUSART1_SetOverrunErrorHandler:	
  1896                           ; 1 bytes @ 0x0
  1897                           
  1898     0070                     ?_EUSART1_DefaultOverrunErrorHandler:	
  1899                           ; 1 bytes @ 0x0
  1900                           
  1901     0070                     ?_EUSART1_SetErrorHandler:	
  1902                           ; 1 bytes @ 0x0
  1903                           
  1904     0070                     ?_EUSART1_DefaultErrorHandler:	
  1905                           ; 1 bytes @ 0x0
  1906                           
  1907     0070                     ?_EUSART1_RxDataHandler:	
  1908                           ; 1 bytes @ 0x0
  1909                           
  1910     0070                     ?_TMR0_ISR:	
  1911                           ; 1 bytes @ 0x0
  1912                           
  1913     0070                     ?_PIN_MANAGER_Initialize:	
  1914                           ; 1 bytes @ 0x0
  1915                           
  1916     0070                     ?_OSCILLATOR_Initialize:	
  1917                           ; 1 bytes @ 0x0
  1918                           
  1919     0070                     ?_WDT_Initialize:	
  1920                           ; 1 bytes @ 0x0
  1921                           
  1922     0070                     ?_TMR0_Initialize:	
  1923                           ; 1 bytes @ 0x0
  1924                           
  1925     0070                     ?_TMR0_DefaultInterruptHandler:	
  1926                           ; 1 bytes @ 0x0
  1927                           
  1928     0070                     ?_func_F150:	
  1929                           ; 1 bytes @ 0x0
  1930                           
  1931     0070                     ?_Clear_No_Call_Warning:	
  1932                           ; 1 bytes @ 0x0
  1933                           
  1934     0070                     ?_software_Initialize:	
  1935                           ; 1 bytes @ 0x0
  1936                           
  1937     0070                     ?_func_main:	
  1938                           ; 1 bytes @ 0x0
  1939                           
  1940     0070                     ?_LIN_Slave_Initialize:	
  1941                           ; 1 bytes @ 0x0
  1942                           
  1943     0070                     ?_LIN_queuePacket:	
  1944                           ; 1 bytes @ 0x0
  1945                           
  1946     0070                     ?_LIN_timerHandler:	
  1947                           ; 1 bytes @ 0x0
  1948                           
  1949     0070                     ?_EUSART1_Initialize:	
  1950                           ; 1 bytes @ 0x0
  1951                           
  1952     0070                     ?_INTERRUPT_InterruptManager:	
  1953                           ; 1 bytes @ 0x0
  1954                           
  1955     0070                     ?_memcpy:	
  1956                           ; 1 bytes @ 0x0
  1957                           
  1958     0070                     ?_memset:	
  1959                           ; 2 bytes @ 0x0
  1960                           
  1961     0070                     ?_main:	
  1962                           ; 2 bytes @ 0x0
  1963                           
  1964     0070                     LIN_getFromTable@param:	
  1965                           ; 2 bytes @ 0x0
  1966                           
  1967     0070                     LIN_getChecksum@pid:	
  1968                           ; 1 bytes @ 0x0
  1969                           
  1970     0070                     EUSART1_Read@readValue:	
  1971                           ; 1 bytes @ 0x0
  1972                           
  1973     0070                     TMR0_WriteTimer@timerVal:	
  1974                           ; 1 bytes @ 0x0
  1975                           
  1976     0070                     TMR0_Reload@periodVal:	
  1977                           ; 1 bytes @ 0x0
  1978                           
  1979     0070                     EUSART1_SetFramingErrorHandler@interruptHandler:	
  1980                           ; 1 bytes @ 0x0
  1981                           
  1982     0070                     EUSART1_SetOverrunErrorHandler@interruptHandler:	
  1983                           ; 2 bytes @ 0x0
  1984                           
  1985     0070                     EUSART1_SetErrorHandler@interruptHandler:	
  1986                           ; 2 bytes @ 0x0
  1987                           
  1988     0070                     EUSART1_SetTxInterruptHandler@interruptHandler:	
  1989                           ; 2 bytes @ 0x0
  1990                           
  1991     0070                     EUSART1_SetRxInterruptHandler@interruptHandler:	
  1992                           ; 2 bytes @ 0x0
  1993                           
  1994     0070                     TMR0_SetInterruptHandler@InterruptHandler:	
  1995                           ; 2 bytes @ 0x0
  1996                           
  1997     0070                     memcpy@d1:	
  1998                           ; 2 bytes @ 0x0
  1999                           
  2000     0070                     memset@dest:	
  2001                           ; 2 bytes @ 0x0
  2002                           
  2003     0070                     ??_DRL_POS_OFF:	
  2004                           ; 2 bytes @ 0x0
  2005                           
  2006     0070                     ??_POS_ON:	
  2007                           ; 1 bytes @ 0x0
  2008                           
  2009     0070                     ??_DRL_ON:	
  2010                           ; 1 bytes @ 0x0
  2011                           
  2012     0070                     ??_HIBEAM_ON:	
  2013                           ; 1 bytes @ 0x0
  2014                           
  2015     0070                     ??_HIBEAM_OFF:	
  2016                           ; 1 bytes @ 0x0
  2017                           
  2018     0070                     ??_PIN_MANAGER_IOC:	
  2019                           ; 1 bytes @ 0x0
  2020                           
  2021     0070                     ??_TMR0_StartTimer:	
  2022                           ; 1 bytes @ 0x0
  2023                           
  2024     0070                     ??_TMR0_StopTimer:	
  2025                           ; 1 bytes @ 0x0
  2026                           
  2027     0070                     ??_TMR0_ReadTimer:	
  2028                           ; 1 bytes @ 0x0
  2029                           
  2030     0070                     ??_TMR0_WriteTimer:	
  2031                           ; 1 bytes @ 0x0
  2032                           
  2033     0070                     ??_TMR0_Reload:	
  2034                           ; 1 bytes @ 0x0
  2035                           
  2036     0070                     ??_EUSART1_is_tx_done:	
  2037                           ; 1 bytes @ 0x0
  2038                           
  2039     0070                     ??_EUSART1_is_tx_ready:	
  2040                           ; 1 bytes @ 0x0
  2041                           
  2042     0070                     ??_LIN_stopTimer:	
  2043                           ; 1 bytes @ 0x0
  2044                           
  2045     0070                     ??_LIN_enableRx:	
  2046                           ; 1 bytes @ 0x0
  2047                           
  2048     0070                     ??_EUSART1_is_rx_ready:	
  2049                           ; 1 bytes @ 0x0
  2050                           
  2051     0070                     ??_EUSART1_Read:	
  2052                           ; 1 bytes @ 0x0
  2053                           
  2054     0070                     ??_LIN_disableRx:	
  2055                           ; 1 bytes @ 0x0
  2056                           
  2057     0070                     ??_LIN_calcParity:	
  2058                           ; 1 bytes @ 0x0
  2059                           
  2060     0070                     ??_EUSART1_get_last_status:	
  2061                           ; 1 bytes @ 0x0
  2062                           
  2063     0070                     ??_EUSART1_Receive_ISR:	
  2064                           ; 1 bytes @ 0x0
  2065                           
  2066     0070                     ??_EUSART1_Transmit_ISR:	
  2067                           ; 1 bytes @ 0x0
  2068                           
  2069     0070                     ??_EUSART1_DefaultFramingErrorHandler:	
  2070                           ; 1 bytes @ 0x0
  2071                           
  2072     0070                     ??_EUSART1_DefaultOverrunErrorHandler:	
  2073                           ; 1 bytes @ 0x0
  2074                           
  2075     0070                     ??_EUSART1_DefaultErrorHandler:	
  2076                           ; 1 bytes @ 0x0
  2077                           
  2078     0070                     ??_EUSART1_RxDataHandler:	
  2079                           ; 1 bytes @ 0x0
  2080                           
  2081     0070                     ??_TMR0_ISR:	
  2082                           ; 1 bytes @ 0x0
  2083                           
  2084     0070                     ??_PIN_MANAGER_Initialize:	
  2085                           ; 1 bytes @ 0x0
  2086                           
  2087     0070                     ??_OSCILLATOR_Initialize:	
  2088                           ; 1 bytes @ 0x0
  2089                           
  2090     0070                     ??_WDT_Initialize:	
  2091                           ; 1 bytes @ 0x0
  2092                           
  2093     0070                     ??_TMR0_DefaultInterruptHandler:	
  2094                           ; 1 bytes @ 0x0
  2095                           
  2096     0070                     ??_func_F150:	
  2097                           ; 1 bytes @ 0x0
  2098                           
  2099     0070                     ??_func_main:	
  2100                           ; 1 bytes @ 0x0
  2101                           
  2102     0070                     ??_LIN_timerHandler:	
  2103                           ; 1 bytes @ 0x0
  2104                           
  2105     0070                     ??_INTERRUPT_InterruptManager:	
  2106                           ; 1 bytes @ 0x0
  2107                           
  2108                           
  2109                           ; 1 bytes @ 0x0
  2110     0070                     	ds	1
  2111     0071                     LIN_calcParity@CMD:
  2112     0071                     LIN_startTimer@timeout:	
  2113                           ; 1 bytes @ 0x1
  2114                           
  2115     0071                     LIN_getChecksum@data:	
  2116                           ; 1 bytes @ 0x1
  2117                           
  2118     0071                     ??_LIN_startTimer:	
  2119                           ; 2 bytes @ 0x1
  2120                           
  2121     0071                     ??_LIN_breakCheck:	
  2122                           ; 1 bytes @ 0x1
  2123                           
  2124     0071                     ??_LIN_getFromTable:	
  2125                           ; 1 bytes @ 0x1
  2126                           
  2127     0071                     ??_Clear_No_Call_Warning:	
  2128                           ; 1 bytes @ 0x1
  2129                           
  2130     0071                     ??_software_Initialize:	
  2131                           ; 1 bytes @ 0x1
  2132                           
  2133                           
  2134                           ; 1 bytes @ 0x1
  2135     0071                     	ds	1
  2136     0072                     ?_LIN_init:
  2137     0072                     LIN_calcParity@PID:	
  2138                           ; 1 bytes @ 0x2
  2139                           
  2140     0072                     LIN_init@command:	
  2141                           ; 1 bytes @ 0x2
  2142                           
  2143     0072                     memcpy@s1:	
  2144                           ; 2 bytes @ 0x2
  2145                           
  2146     0072                     memset@c:	
  2147                           ; 2 bytes @ 0x2
  2148                           
  2149     0072                     ??_LIN_setTimerHandler:	
  2150                           ; 2 bytes @ 0x2
  2151                           
  2152     0072                     ??_TMR0_SetInterruptHandler:	
  2153                           ; 1 bytes @ 0x2
  2154                           
  2155     0072                     ??_EUSART1_SetRxInterruptHandler:	
  2156                           ; 1 bytes @ 0x2
  2157                           
  2158     0072                     ??_EUSART1_SetTxInterruptHandler:	
  2159                           ; 1 bytes @ 0x2
  2160                           
  2161     0072                     ??_EUSART1_SetFramingErrorHandler:	
  2162                           ; 1 bytes @ 0x2
  2163                           
  2164     0072                     ??_EUSART1_SetOverrunErrorHandler:	
  2165                           ; 1 bytes @ 0x2
  2166                           
  2167     0072                     ??_EUSART1_SetErrorHandler:	
  2168                           ; 1 bytes @ 0x2
  2169                           
  2170     0072                     ??_TMR0_Initialize:	
  2171                           ; 1 bytes @ 0x2
  2172                           
  2173     0072                     ??_EUSART1_Initialize:	
  2174                           ; 1 bytes @ 0x2
  2175                           
  2176                           
  2177                           ; 1 bytes @ 0x2
  2178     0072                     	ds	1
  2179     0073                     LIN_getFromTable@cmd:
  2180     0073                     ??_LIN_getChecksum:	
  2181                           ; 1 bytes @ 0x3
  2182                           
  2183                           
  2184                           ; 1 bytes @ 0x3
  2185     0073                     	ds	1
  2186     0074                     LIN_getFromTable@length:
  2187     0074                     LIN_init@processData:	
  2188                           ; 1 bytes @ 0x4
  2189                           
  2190     0074                     memcpy@n:	
  2191                           ; 2 bytes @ 0x4
  2192                           
  2193     0074                     memset@n:	
  2194                           ; 2 bytes @ 0x4
  2195                           
  2196                           
  2197                           ; 2 bytes @ 0x4
  2198     0074                     	ds	1
  2199     0075                     LIN_getChecksum@length:
  2200     0075                     LIN_getFromTable@rxCommand:	
  2201                           ; 1 bytes @ 0x5
  2202                           
  2203                           
  2204                           ; 2 bytes @ 0x5
  2205     0075                     	ds	1
  2206     0076                     LIN_init@tableLength:
  2207     0076                     LIN_getChecksum@i:	
  2208                           ; 1 bytes @ 0x6
  2209                           
  2210     0076                     memcpy@tmp:	
  2211                           ; 1 bytes @ 0x6
  2212                           
  2213     0076                     memset@p:	
  2214                           ; 1 bytes @ 0x6
  2215                           
  2216     0076                     ??_LIN_init:	
  2217                           ; 1 bytes @ 0x6
  2218                           
  2219     0076                     ??_memcpy:	
  2220                           ; 1 bytes @ 0x6
  2221                           
  2222     0076                     ??_memset:	
  2223                           ; 1 bytes @ 0x6
  2224                           
  2225                           
  2226                           ; 1 bytes @ 0x6
  2227     0076                     	ds	1
  2228     0077                     LIN_checkPID@pid:
  2229     0077                     memcpy@d:	
  2230                           ; 1 bytes @ 0x7
  2231                           
  2232     0077                     LIN_getChecksum@checksum:	
  2233                           ; 1 bytes @ 0x7
  2234                           
  2235     0077                     ??_SYSTEM_Initialize:	
  2236                           ; 2 bytes @ 0x7
  2237                           
  2238     0077                     ??_LIN_checkPID:	
  2239                           ; 1 bytes @ 0x7
  2240                           
  2241     0077                     ??_LIN_Slave_Initialize:	
  2242                           ; 1 bytes @ 0x7
  2243                           
  2244                           
  2245                           ; 1 bytes @ 0x7
  2246     0077                     	ds	1
  2247     0078                     memcpy@s:
  2248                           
  2249                           ; 1 bytes @ 0x8
  2250     0078                     	ds	1
  2251     0079                     ?_LIN_getPacket:
  2252     0079                     LIN_getPacket@data:	
  2253                           ; 1 bytes @ 0x9
  2254                           
  2255     0079                     EUSART1_Write@txData:	
  2256                           ; 1 bytes @ 0x9
  2257                           
  2258     0079                     ??_EUSART1_Write:	
  2259                           ; 1 bytes @ 0x9
  2260                           
  2261                           
  2262                           ; 1 bytes @ 0x9
  2263     0079                     	ds	1
  2264     007A                     ?_LIN_sendPacket:
  2265     007A                     LIN_sendPacket@pid:	
  2266                           ; 1 bytes @ 0xA
  2267                           
  2268     007A                     LIN_getPacket@cmd:	
  2269                           ; 1 bytes @ 0xA
  2270                           
  2271     007A                     ??_LIN_getPacket:	
  2272                           ; 1 bytes @ 0xA
  2273                           
  2274                           
  2275                           ; 1 bytes @ 0xA
  2276     007A                     	ds	1
  2277     007B                     processLIN@cmd:
  2278     007B                     LIN_sendPacket@data:	
  2279                           ; 1 bytes @ 0xB
  2280                           
  2281     007B                     ??_processLIN:	
  2282                           ; 2 bytes @ 0xB
  2283                           
  2284                           
  2285                           ; 1 bytes @ 0xB
  2286     007B                     	ds	2
  2287     007D                     ??_LIN_sendPacket:
  2288     007D                     ??_main:	
  2289                           ; 1 bytes @ 0xD
  2290                           
  2291                           
  2292                           	psect	cstackBANK0
  2293     0067                     __pcstackBANK0:	
  2294                           ; 1 bytes @ 0xD
  2295                           
  2296     0067                     LIN_sendPacket@length:
  2297                           
  2298                           ; 1 bytes @ 0x0
  2299     0067                     	ds	1
  2300     0068                     LIN_sendPacket@i:
  2301                           
  2302                           ; 1 bytes @ 0x1
  2303     0068                     	ds	1
  2304     0069                     ??_LIN_queuePacket:
  2305                           
  2306                           ; 1 bytes @ 0x2
  2307     0069                     	ds	3
  2308                           
  2309                           	psect	maintext
  2310     0546                     __pmaintext:	
  2311 ;;
  2312 ;;Main: autosize = 0, tempsize = 0, incstack = 0, save=0
  2313 ;;
  2314 ;; *************** function _main *****************
  2315 ;; Defined at:
  2316 ;;		line 48 in file "D:\yiming\00work\FR761_RX_V04.X\main.c"
  2317 ;; Parameters:    Size  Location     Type
  2318 ;;		None
  2319 ;; Auto vars:     Size  Location     Type
  2320 ;;		None
  2321 ;; Return value:  Size  Location     Type
  2322 ;;                  2  117[None  ] int 
  2323 ;; Registers used:
  2324 ;;		wreg, fsr0l, fsr0h, fsr1l, fsr1h, status,2, status,0, pclath, cstack
  2325 ;; Tracked objects:
  2326 ;;		On entry : B3F/0
  2327 ;;		On exit  : 0/0
  2328 ;;		Unchanged: 0/0
  2329 ;; Data sizes:     COMMON   BANK0   BANK1   BANK2
  2330 ;;      Params:         0       0       0       0
  2331 ;;      Locals:         0       0       0       0
  2332 ;;      Temps:          0       0       0       0
  2333 ;;      Totals:         0       0       0       0
  2334 ;;Total ram usage:        0 bytes
  2335 ;; Hardware stack levels required when called: 9
  2336 ;; This function calls:
  2337 ;;		_LIN_handler
  2338 ;;		_SYSTEM_Initialize
  2339 ;;		_func_main
  2340 ;;		_software_Initialize
  2341 ;; This function is called by:
  2342 ;;		Startup code after reset
  2343 ;; This function uses a non-reentrant model
  2344 ;;
  2345                           
  2346     0546                     _main:	
  2347                           ;psect for function _main
  2348                           
  2349     0546                     l2608:	
  2350                           ;incstack = 0
  2351                           ; Regs used in _main: [wreg-fsr1h+status,2+status,0+pclath+cstack]
  2352                           
  2353                           
  2354                           ;D:\yiming\00work\FR761_RX_V04.X\main.c: 50:   SYSTEM_Initialize();
  2355     0546  3185  2520  3185   	fcall	_SYSTEM_Initialize
  2356     0549                     l2610:
  2357                           
  2358                           ;D:\yiming\00work\FR761_RX_V04.X\main.c: 51:   software_Initialize();
  2359     0549  3186  2606  3185   	fcall	_software_Initialize
  2360     054C                     l2612:
  2361                           
  2362                           ;D:\yiming\00work\FR761_RX_V04.X\main.c: 57:   (INTCONbits.GIE = 1);
  2363     054C  178B               	bsf	11,7	;volatile
  2364     054D                     l2614:
  2365                           
  2366                           ;D:\yiming\00work\FR761_RX_V04.X\main.c: 60:   (INTCONbits.PEIE = 1);
  2367     054D  170B               	bsf	11,6	;volatile
  2368     054E                     l2616:
  2369                           
  2370                           ;D:\yiming\00work\FR761_RX_V04.X\main.c: 64:     LIN_handler();
  2371     054E  3180  2053  3185   	fcall	_LIN_handler
  2372     0551                     l2618:
  2373                           
  2374                           ;D:\yiming\00work\FR761_RX_V04.X\main.c: 65:     func_main();
  2375     0551  3186  263F  3185   	fcall	_func_main
  2376     0554  2D4E               	goto	l2616
  2377     0555  283A               	ljmp	start
  2378     0556                     __end_of_main:
  2379                           
  2380                           	psect	text1
  2381     0606                     __ptext1:	
  2382 ;; *************** function _software_Initialize *****************
  2383 ;; Defined at:
  2384 ;;		line 40 in file "D:\yiming\00work\FR761_RX_V04.X\func_main.c"
  2385 ;; Parameters:    Size  Location     Type
  2386 ;;		None
  2387 ;; Auto vars:     Size  Location     Type
  2388 ;;		None
  2389 ;; Return value:  Size  Location     Type
  2390 ;;                  1    wreg      void 
  2391 ;; Registers used:
  2392 ;;		status,2, status,0, pclath, cstack
  2393 ;; Tracked objects:
  2394 ;;		On entry : 0/0
  2395 ;;		On exit  : 0/0
  2396 ;;		Unchanged: 0/0
  2397 ;; Data sizes:     COMMON   BANK0   BANK1   BANK2
  2398 ;;      Params:         0       0       0       0
  2399 ;;      Locals:         0       0       0       0
  2400 ;;      Temps:          0       0       0       0
  2401 ;;      Totals:         0       0       0       0
  2402 ;;Total ram usage:        0 bytes
  2403 ;; Hardware stack levels used: 1
  2404 ;; Hardware stack levels required when called: 6
  2405 ;; This function calls:
  2406 ;;		_Clear_No_Call_Warning
  2407 ;; This function is called by:
  2408 ;;		_main
  2409 ;; This function uses a non-reentrant model
  2410 ;;
  2411                           
  2412     0606                     _software_Initialize:	
  2413                           ;psect for function _software_Initialize
  2414                           
  2415     0606                     l2178:	
  2416                           ;incstack = 0
  2417                           ; Regs used in _software_Initialize: [status,2+status,0+pclath+cstack]
  2418                           
  2419                           
  2420                           ;D:\yiming\00work\FR761_RX_V04.X\func_main.c: 41:   Clear_No_Call_Warning();
  2421     0606  3186  263C  3186   	fcall	_Clear_No_Call_Warning
  2422     0609                     l79:
  2423     0609  0008               	return
  2424     060A                     __end_of_software_Initialize:
  2425                           
  2426                           	psect	text2
  2427     063C                     __ptext2:	
  2428 ;; *************** function _Clear_No_Call_Warning *****************
  2429 ;; Defined at:
  2430 ;;		line 18 in file "D:\yiming\00work\FR761_RX_V04.X\func_main.c"
  2431 ;; Parameters:    Size  Location     Type
  2432 ;;		None
  2433 ;; Auto vars:     Size  Location     Type
  2434 ;;  i               1    0        unsigned char 
  2435 ;; Return value:  Size  Location     Type
  2436 ;;                  1    wreg      void 
  2437 ;; Registers used:
  2438 ;;		status,2
  2439 ;; Tracked objects:
  2440 ;;		On entry : 0/0
  2441 ;;		On exit  : 0/0
  2442 ;;		Unchanged: 0/0
  2443 ;; Data sizes:     COMMON   BANK0   BANK1   BANK2
  2444 ;;      Params:         0       0       0       0
  2445 ;;      Locals:         0       0       0       0
  2446 ;;      Temps:          0       0       0       0
  2447 ;;      Totals:         0       0       0       0
  2448 ;;Total ram usage:        0 bytes
  2449 ;; Hardware stack levels used: 1
  2450 ;; Hardware stack levels required when called: 5
  2451 ;; This function calls:
  2452 ;;		_EUSART1_is_tx_done
  2453 ;;		_EUSART1_is_tx_ready
  2454 ;;		_PIN_MANAGER_IOC
  2455 ;;		_TMR0_ReadTimer
  2456 ;;		_TMR0_Reload
  2457 ;;		_TMR0_StartTimer
  2458 ;;		_TMR0_StopTimer
  2459 ;;		_TMR0_WriteTimer
  2460 ;; This function is called by:
  2461 ;;		_software_Initialize
  2462 ;; This function uses a non-reentrant model
  2463 ;;
  2464                           
  2465     063C                     _Clear_No_Call_Warning:	
  2466                           ;psect for function _Clear_No_Call_Warning
  2467                           
  2468     063C                     l2008:	
  2469                           ;incstack = 0
  2470                           ; Regs used in _Clear_No_Call_Warning: [status,2]
  2471                           
  2472     063C                     l76:
  2473     063C  0008               	return
  2474     063D                     __end_of_Clear_No_Call_Warning:
  2475                           
  2476                           	psect	text3
  2477     0626                     __ptext3:	
  2478 ;; *************** function _TMR0_StopTimer *****************
  2479 ;; Defined at:
  2480 ;;		line 93 in file "D:\yiming\00work\FR761_RX_V04.X\mcc_generated_files\tmr0.c"
  2481 ;; Parameters:    Size  Location     Type
  2482 ;;		None
  2483 ;; Auto vars:     Size  Location     Type
  2484 ;;		None
  2485 ;; Return value:  Size  Location     Type
  2486 ;;                  1    wreg      void 
  2487 ;; Registers used:
  2488 ;;		None
  2489 ;; Tracked objects:
  2490 ;;		On entry : 0/0
  2491 ;;		On exit  : 0/0
  2492 ;;		Unchanged: 0/0
  2493 ;; Data sizes:     COMMON   BANK0   BANK1   BANK2
  2494 ;;      Params:         0       0       0       0
  2495 ;;      Locals:         0       0       0       0
  2496 ;;      Temps:          0       0       0       0
  2497 ;;      Totals:         0       0       0       0
  2498 ;;Total ram usage:        0 bytes
  2499 ;; Hardware stack levels used: 1
  2500 ;; Hardware stack levels required when called: 4
  2501 ;; This function calls:
  2502 ;;		Nothing
  2503 ;; This function is called by:
  2504 ;;		_Clear_No_Call_Warning
  2505 ;; This function uses a non-reentrant model
  2506 ;;
  2507                           
  2508     0626                     _TMR0_StopTimer:	
  2509                           ;psect for function _TMR0_StopTimer
  2510                           
  2511     0626                     l1212:	
  2512                           ;incstack = 0
  2513                           ; Regs used in _TMR0_StopTimer: []
  2514                           
  2515                           
  2516                           ;D:\yiming\00work\FR761_RX_V04.X\mcc_generated_files\tmr0.c: 96:     T0CON0bits.T0EN = 0
      +                          ;
  2517     0626  014B               	movlb	11	; select bank11
  2518     0627  139E               	bcf	30,7	;volatile
  2519     0628                     l575:
  2520     0628  0008               	return
  2521     0629                     __end_of_TMR0_StopTimer:
  2522                           
  2523                           	psect	text4
  2524     0629                     __ptext4:	
  2525 ;; *************** function _TMR0_StartTimer *****************
  2526 ;; Defined at:
  2527 ;;		line 87 in file "D:\yiming\00work\FR761_RX_V04.X\mcc_generated_files\tmr0.c"
  2528 ;; Parameters:    Size  Location     Type
  2529 ;;		None
  2530 ;; Auto vars:     Size  Location     Type
  2531 ;;		None
  2532 ;; Return value:  Size  Location     Type
  2533 ;;                  1    wreg      void 
  2534 ;; Registers used:
  2535 ;;		None
  2536 ;; Tracked objects:
  2537 ;;		On entry : 0/0
  2538 ;;		On exit  : 0/0
  2539 ;;		Unchanged: 0/0
  2540 ;; Data sizes:     COMMON   BANK0   BANK1   BANK2
  2541 ;;      Params:         0       0       0       0
  2542 ;;      Locals:         0       0       0       0
  2543 ;;      Temps:          0       0       0       0
  2544 ;;      Totals:         0       0       0       0
  2545 ;;Total ram usage:        0 bytes
  2546 ;; Hardware stack levels used: 1
  2547 ;; Hardware stack levels required when called: 4
  2548 ;; This function calls:
  2549 ;;		Nothing
  2550 ;; This function is called by:
  2551 ;;		_Clear_No_Call_Warning
  2552 ;; This function uses a non-reentrant model
  2553 ;;
  2554                           
  2555     0629                     _TMR0_StartTimer:	
  2556                           ;psect for function _TMR0_StartTimer
  2557                           
  2558     0629                     l1210:	
  2559                           ;incstack = 0
  2560                           ; Regs used in _TMR0_StartTimer: []
  2561                           
  2562                           
  2563                           ;D:\yiming\00work\FR761_RX_V04.X\mcc_generated_files\tmr0.c: 90:     T0CON0bits.T0EN = 1
      +                          ;
  2564     0629  014B               	movlb	11	; select bank11
  2565     062A  179E               	bsf	30,7	;volatile
  2566     062B                     l572:
  2567     062B  0008               	return
  2568     062C                     __end_of_TMR0_StartTimer:
  2569                           
  2570                           	psect	text5
  2571     05F2                     __ptext5:	
  2572 ;; *************** function _TMR0_Reload *****************
  2573 ;; Defined at:
  2574 ;;		line 115 in file "D:\yiming\00work\FR761_RX_V04.X\mcc_generated_files\tmr0.c"
  2575 ;; Parameters:    Size  Location     Type
  2576 ;;  periodVal       1    wreg     unsigned char 
  2577 ;; Auto vars:     Size  Location     Type
  2578 ;;  periodVal       1    0[COMMON] unsigned char 
  2579 ;; Return value:  Size  Location     Type
  2580 ;;                  1    wreg      void 
  2581 ;; Registers used:
  2582 ;;		wreg
  2583 ;; Tracked objects:
  2584 ;;		On entry : 0/0
  2585 ;;		On exit  : 0/0
  2586 ;;		Unchanged: 0/0
  2587 ;; Data sizes:     COMMON   BANK0   BANK1   BANK2
  2588 ;;      Params:         0       0       0       0
  2589 ;;      Locals:         1       0       0       0
  2590 ;;      Temps:          0       0       0       0
  2591 ;;      Totals:         1       0       0       0
  2592 ;;Total ram usage:        1 bytes
  2593 ;; Hardware stack levels used: 1
  2594 ;; Hardware stack levels required when called: 4
  2595 ;; This function calls:
  2596 ;;		Nothing
  2597 ;; This function is called by:
  2598 ;;		_Clear_No_Call_Warning
  2599 ;; This function uses a non-reentrant model
  2600 ;;
  2601                           
  2602     05F2                     _TMR0_Reload:	
  2603                           ;psect for function _TMR0_Reload
  2604                           
  2605                           
  2606                           ;incstack = 0
  2607                           ; Regs used in _TMR0_Reload: [wreg]
  2608                           ;TMR0_Reload@periodVal stored from wreg
  2609     05F2  00F0               	movwf	TMR0_Reload@periodVal
  2610     05F3                     l1220:
  2611                           
  2612                           ;D:\yiming\00work\FR761_RX_V04.X\mcc_generated_files\tmr0.c: 115: void TMR0_Reload(uint8
      +                          _t periodVal);D:\yiming\00work\FR761_RX_V04.X\mcc_generated_files\tmr0.c: 116: {;D:\yimi
      +                          ng\00work\FR761_RX_V04.X\mcc_generated_files\tmr0.c: 118:    TMR0H = periodVal;
  2613     05F3  0870               	movf	TMR0_Reload@periodVal,w
  2614     05F4  014B               	movlb	11	; select bank11
  2615     05F5  009D               	movwf	29	;volatile
  2616     05F6                     l584:
  2617     05F6  0008               	return
  2618     05F7                     __end_of_TMR0_Reload:
  2619                           
  2620                           	psect	text6
  2621     062C                     __ptext6:	
  2622 ;; *************** function _TMR0_ReadTimer *****************
  2623 ;; Defined at:
  2624 ;;		line 99 in file "D:\yiming\00work\FR761_RX_V04.X\mcc_generated_files\tmr0.c"
  2625 ;; Parameters:    Size  Location     Type
  2626 ;;		None
  2627 ;; Auto vars:     Size  Location     Type
  2628 ;;  readVal         1    0        unsigned char 
  2629 ;; Return value:  Size  Location     Type
  2630 ;;                  1    wreg      unsigned char 
  2631 ;; Registers used:
  2632 ;;		wreg
  2633 ;; Tracked objects:
  2634 ;;		On entry : 0/0
  2635 ;;		On exit  : 0/0
  2636 ;;		Unchanged: 0/0
  2637 ;; Data sizes:     COMMON   BANK0   BANK1   BANK2
  2638 ;;      Params:         0       0       0       0
  2639 ;;      Locals:         0       0       0       0
  2640 ;;      Temps:          0       0       0       0
  2641 ;;      Totals:         0       0       0       0
  2642 ;;Total ram usage:        0 bytes
  2643 ;; Hardware stack levels used: 1
  2644 ;; Hardware stack levels required when called: 4
  2645 ;; This function calls:
  2646 ;;		Nothing
  2647 ;; This function is called by:
  2648 ;;		_Clear_No_Call_Warning
  2649 ;; This function uses a non-reentrant model
  2650 ;;
  2651                           
  2652     062C                     _TMR0_ReadTimer:	
  2653                           ;psect for function _TMR0_ReadTimer
  2654                           
  2655     062C                     l1214:	
  2656                           ;incstack = 0
  2657                           ; Regs used in _TMR0_ReadTimer: [wreg]
  2658                           
  2659     062C  014B               	movlb	11	; select bank11
  2660     062D  081C               	movf	28,w	;volatile
  2661     062E                     l578:
  2662     062E  0008               	return
  2663     062F                     __end_of_TMR0_ReadTimer:
  2664                           
  2665                           	psect	text7
  2666     063D                     __ptext7:	
  2667 ;; *************** function _PIN_MANAGER_IOC *****************
  2668 ;; Defined at:
  2669 ;;		line 102 in file "D:\yiming\00work\FR761_RX_V04.X\mcc_generated_files\pin_manager.c"
  2670 ;; Parameters:    Size  Location     Type
  2671 ;;		None
  2672 ;; Auto vars:     Size  Location     Type
  2673 ;;		None
  2674 ;; Return value:  Size  Location     Type
  2675 ;;                  1    wreg      void 
  2676 ;; Registers used:
  2677 ;;		None
  2678 ;; Tracked objects:
  2679 ;;		On entry : 0/0
  2680 ;;		On exit  : 0/0
  2681 ;;		Unchanged: 0/0
  2682 ;; Data sizes:     COMMON   BANK0   BANK1   BANK2
  2683 ;;      Params:         0       0       0       0
  2684 ;;      Locals:         0       0       0       0
  2685 ;;      Temps:          0       0       0       0
  2686 ;;      Totals:         0       0       0       0
  2687 ;;Total ram usage:        0 bytes
  2688 ;; Hardware stack levels used: 1
  2689 ;; Hardware stack levels required when called: 4
  2690 ;; This function calls:
  2691 ;;		Nothing
  2692 ;; This function is called by:
  2693 ;;		_Clear_No_Call_Warning
  2694 ;; This function uses a non-reentrant model
  2695 ;;
  2696                           
  2697     063D                     _PIN_MANAGER_IOC:	
  2698                           ;psect for function _PIN_MANAGER_IOC
  2699                           
  2700     063D                     l546:	
  2701                           ;incstack = 0
  2702                           ; Regs used in _PIN_MANAGER_IOC: []
  2703                           
  2704     063D  0008               	return
  2705     063E                     __end_of_PIN_MANAGER_IOC:
  2706                           
  2707                           	psect	text8
  2708     063E                     __ptext8:	
  2709 ;; *************** function _EUSART1_is_tx_ready *****************
  2710 ;; Defined at:
  2711 ;;		line 132 in file "D:\yiming\00work\FR761_RX_V04.X\mcc_generated_files\eusart1.c"
  2712 ;; Parameters:    Size  Location     Type
  2713 ;;		None
  2714 ;; Auto vars:     Size  Location     Type
  2715 ;;		None
  2716 ;; Return value:  Size  Location     Type
  2717 ;;                  1    wreg      _Bool 
  2718 ;; Registers used:
  2719 ;;		None
  2720 ;; Tracked objects:
  2721 ;;		On entry : 0/0
  2722 ;;		On exit  : 0/0
  2723 ;;		Unchanged: 0/0
  2724 ;; Data sizes:     COMMON   BANK0   BANK1   BANK2
  2725 ;;      Params:         0       0       0       0
  2726 ;;      Locals:         0       0       0       0
  2727 ;;      Temps:          0       0       0       0
  2728 ;;      Totals:         0       0       0       0
  2729 ;;Total ram usage:        0 bytes
  2730 ;; Hardware stack levels used: 1
  2731 ;; Hardware stack levels required when called: 4
  2732 ;; This function calls:
  2733 ;;		Nothing
  2734 ;; This function is called by:
  2735 ;;		_Clear_No_Call_Warning
  2736 ;; This function uses a non-reentrant model
  2737 ;;
  2738                           
  2739     063E                     _EUSART1_is_tx_ready:	
  2740                           ;psect for function _EUSART1_is_tx_ready
  2741                           
  2742     063E                     l1876:	
  2743                           ;incstack = 0
  2744                           ; Regs used in _EUSART1_is_tx_ready: []
  2745                           
  2746     063E                     l392:	
  2747                           ;D:\yiming\00work\FR761_RX_V04.X\mcc_generated_files\eusart1.c: 134:     return (eusart1
      +                          TxBufferRemaining ? 1 : 0);;	Return value of _EUSART1_is_tx_ready is never used
  2748                           
  2749     063E  0008               	return
  2750     063F                     __end_of_EUSART1_is_tx_ready:
  2751                           
  2752                           	psect	text9
  2753     062F                     __ptext9:	
  2754 ;; *************** function _EUSART1_is_tx_done *****************
  2755 ;; Defined at:
  2756 ;;		line 142 in file "D:\yiming\00work\FR761_RX_V04.X\mcc_generated_files\eusart1.c"
  2757 ;; Parameters:    Size  Location     Type
  2758 ;;		None
  2759 ;; Auto vars:     Size  Location     Type
  2760 ;;		None
  2761 ;; Return value:  Size  Location     Type
  2762 ;;                  1    wreg      _Bool 
  2763 ;; Registers used:
  2764 ;;		wreg
  2765 ;; Tracked objects:
  2766 ;;		On entry : 0/0
  2767 ;;		On exit  : 0/0
  2768 ;;		Unchanged: 0/0
  2769 ;; Data sizes:     COMMON   BANK0   BANK1   BANK2
  2770 ;;      Params:         0       0       0       0
  2771 ;;      Locals:         0       0       0       0
  2772 ;;      Temps:          0       0       0       0
  2773 ;;      Totals:         0       0       0       0
  2774 ;;Total ram usage:        0 bytes
  2775 ;; Hardware stack levels used: 1
  2776 ;; Hardware stack levels required when called: 4
  2777 ;; This function calls:
  2778 ;;		Nothing
  2779 ;; This function is called by:
  2780 ;;		_Clear_No_Call_Warning
  2781 ;; This function uses a non-reentrant model
  2782 ;;
  2783                           
  2784     062F                     _EUSART1_is_tx_done:	
  2785                           ;psect for function _EUSART1_is_tx_done
  2786                           
  2787     062F                     l1222:	
  2788                           ;incstack = 0
  2789                           ; Regs used in _EUSART1_is_tx_done: [wreg]
  2790                           
  2791                           
  2792                           ;D:\yiming\00work\FR761_RX_V04.X\mcc_generated_files\eusart1.c: 144:     return TX1STAbi
      +                          ts.TRMT;;	Return value of _EUSART1_is_tx_done is never used
  2793     062F  0142               	movlb	2	; select bank2
  2794     0630  081E               	movf	30,w	;volatile
  2795     0631                     l398:
  2796     0631  0008               	return
  2797     0632                     __end_of_EUSART1_is_tx_done:
  2798                           
  2799                           	psect	text10
  2800     063F                     __ptext10:	
  2801 ;; *************** function _func_main *****************
  2802 ;; Defined at:
  2803 ;;		line 44 in file "D:\yiming\00work\FR761_RX_V04.X\func_main.c"
  2804 ;; Parameters:    Size  Location     Type
  2805 ;;		None
  2806 ;; Auto vars:     Size  Location     Type
  2807 ;;		None
  2808 ;; Return value:  Size  Location     Type
  2809 ;;                  1    wreg      void 
  2810 ;; Registers used:
  2811 ;;		None
  2812 ;; Tracked objects:
  2813 ;;		On entry : 0/0
  2814 ;;		On exit  : 0/0
  2815 ;;		Unchanged: 0/0
  2816 ;; Data sizes:     COMMON   BANK0   BANK1   BANK2
  2817 ;;      Params:         0       0       0       0
  2818 ;;      Locals:         0       0       0       0
  2819 ;;      Temps:          0       0       0       0
  2820 ;;      Totals:         0       0       0       0
  2821 ;;Total ram usage:        0 bytes
  2822 ;; Hardware stack levels used: 1
  2823 ;; Hardware stack levels required when called: 4
  2824 ;; This function calls:
  2825 ;;		Nothing
  2826 ;; This function is called by:
  2827 ;;		_main
  2828 ;; This function uses a non-reentrant model
  2829 ;;
  2830                           
  2831     063F                     _func_main:	
  2832                           ;psect for function _func_main
  2833                           
  2834     063F                     l82:	
  2835                           ;incstack = 0
  2836                           ; Regs used in _func_main: []
  2837                           
  2838     063F  0008               	return
  2839     0640                     __end_of_func_main:
  2840                           
  2841                           	psect	text11
  2842     0520                     __ptext11:	
  2843 ;; *************** function _SYSTEM_Initialize *****************
  2844 ;; Defined at:
  2845 ;;		line 50 in file "D:\yiming\00work\FR761_RX_V04.X\mcc_generated_files\mcc.c"
  2846 ;; Parameters:    Size  Location     Type
  2847 ;;		None
  2848 ;; Auto vars:     Size  Location     Type
  2849 ;;		None
  2850 ;; Return value:  Size  Location     Type
  2851 ;;                  1    wreg      void 
  2852 ;; Registers used:
  2853 ;;		wreg, status,2, status,0, pclath, cstack
  2854 ;; Tracked objects:
  2855 ;;		On entry : 0/0
  2856 ;;		On exit  : 0/0
  2857 ;;		Unchanged: 0/0
  2858 ;; Data sizes:     COMMON   BANK0   BANK1   BANK2
  2859 ;;      Params:         0       0       0       0
  2860 ;;      Locals:         0       0       0       0
  2861 ;;      Temps:          0       0       0       0
  2862 ;;      Totals:         0       0       0       0
  2863 ;;Total ram usage:        0 bytes
  2864 ;; Hardware stack levels used: 1
  2865 ;; Hardware stack levels required when called: 8
  2866 ;; This function calls:
  2867 ;;		_EUSART1_Initialize
  2868 ;;		_LIN_Slave_Initialize
  2869 ;;		_OSCILLATOR_Initialize
  2870 ;;		_PIN_MANAGER_Initialize
  2871 ;;		_TMR0_Initialize
  2872 ;;		_WDT_Initialize
  2873 ;; This function is called by:
  2874 ;;		_main
  2875 ;; This function uses a non-reentrant model
  2876 ;;
  2877                           
  2878     0520                     _SYSTEM_Initialize:	
  2879                           ;psect for function _SYSTEM_Initialize
  2880                           
  2881     0520                     l2510:	
  2882                           ;incstack = 0
  2883                           ; Regs used in _SYSTEM_Initialize: [wreg+status,2+status,0+pclath+cstack]
  2884                           
  2885                           
  2886                           ;D:\yiming\00work\FR761_RX_V04.X\mcc_generated_files\mcc.c: 53:     PIN_MANAGER_Initiali
      +                          ze();
  2887     0520  3185  2556  3185   	fcall	_PIN_MANAGER_Initialize
  2888                           
  2889                           ;D:\yiming\00work\FR761_RX_V04.X\mcc_generated_files\mcc.c: 54:     OSCILLATOR_Initializ
      +                          e();
  2890     0523  3185  25C3  3185   	fcall	_OSCILLATOR_Initialize
  2891                           
  2892                           ;D:\yiming\00work\FR761_RX_V04.X\mcc_generated_files\mcc.c: 55:     WDT_Initialize();
  2893     0526  3186  260A  3185   	fcall	_WDT_Initialize
  2894     0529                     l2512:
  2895                           
  2896                           ;D:\yiming\00work\FR761_RX_V04.X\mcc_generated_files\mcc.c: 56:     TMR0_Initialize();
  2897     0529  3184  24F8  3185   	fcall	_TMR0_Initialize
  2898     052C                     l2514:
  2899                           
  2900                           ;D:\yiming\00work\FR761_RX_V04.X\mcc_generated_files\mcc.c: 57:     EUSART1_Initialize()
      +                          ;
  2901     052C  3183  2339  3185   	fcall	_EUSART1_Initialize
  2902     052F                     l2516:
  2903                           
  2904                           ;D:\yiming\00work\FR761_RX_V04.X\mcc_generated_files\mcc.c: 58:     LIN_Slave_Initialize
      +                          ();
  2905     052F  3185  2593  3185   	fcall	_LIN_Slave_Initialize
  2906     0532                     l518:
  2907     0532  0008               	return
  2908     0533                     __end_of_SYSTEM_Initialize:
  2909                           
  2910                           	psect	text12
  2911     060A                     __ptext12:	
  2912 ;; *************** function _WDT_Initialize *****************
  2913 ;; Defined at:
  2914 ;;		line 71 in file "D:\yiming\00work\FR761_RX_V04.X\mcc_generated_files\mcc.c"
  2915 ;; Parameters:    Size  Location     Type
  2916 ;;		None
  2917 ;; Auto vars:     Size  Location     Type
  2918 ;;		None
  2919 ;; Return value:  Size  Location     Type
  2920 ;;                  1    wreg      void 
  2921 ;; Registers used:
  2922 ;;		None
  2923 ;; Tracked objects:
  2924 ;;		On entry : 0/0
  2925 ;;		On exit  : 0/0
  2926 ;;		Unchanged: 0/0
  2927 ;; Data sizes:     COMMON   BANK0   BANK1   BANK2
  2928 ;;      Params:         0       0       0       0
  2929 ;;      Locals:         0       0       0       0
  2930 ;;      Temps:          0       0       0       0
  2931 ;;      Totals:         0       0       0       0
  2932 ;;Total ram usage:        0 bytes
  2933 ;; Hardware stack levels used: 1
  2934 ;; Hardware stack levels required when called: 4
  2935 ;; This function calls:
  2936 ;;		Nothing
  2937 ;; This function is called by:
  2938 ;;		_SYSTEM_Initialize
  2939 ;; This function uses a non-reentrant model
  2940 ;;
  2941                           
  2942     060A                     _WDT_Initialize:	
  2943                           ;psect for function _WDT_Initialize
  2944                           
  2945     060A                     l1526:	
  2946                           ;incstack = 0
  2947                           ; Regs used in _WDT_Initialize: []
  2948                           
  2949                           
  2950                           ;D:\yiming\00work\FR761_RX_V04.X\mcc_generated_files\mcc.c: 74:     WDTCON = 0x16;
  2951     060A  3016               	movlw	22
  2952     060B  0150               	movlb	16	; select bank16
  2953     060C  008C               	movwf	12	;volatile
  2954     060D                     l524:
  2955     060D  0008               	return
  2956     060E                     __end_of_WDT_Initialize:
  2957                           
  2958                           	psect	text13
  2959     04F8                     __ptext13:	
  2960 ;; *************** function _TMR0_Initialize *****************
  2961 ;; Defined at:
  2962 ;;		line 61 in file "D:\yiming\00work\FR761_RX_V04.X\mcc_generated_files\tmr0.c"
  2963 ;; Parameters:    Size  Location     Type
  2964 ;;		None
  2965 ;; Auto vars:     Size  Location     Type
  2966 ;;		None
  2967 ;; Return value:  Size  Location     Type
  2968 ;;                  1    wreg      void 
  2969 ;; Registers used:
  2970 ;;		wreg, status,2, status,0, pclath, cstack
  2971 ;; Tracked objects:
  2972 ;;		On entry : 0/0
  2973 ;;		On exit  : 0/0
  2974 ;;		Unchanged: 0/0
  2975 ;; Data sizes:     COMMON   BANK0   BANK1   BANK2
  2976 ;;      Params:         0       0       0       0
  2977 ;;      Locals:         0       0       0       0
  2978 ;;      Temps:          0       0       0       0
  2979 ;;      Totals:         0       0       0       0
  2980 ;;Total ram usage:        0 bytes
  2981 ;; Hardware stack levels used: 1
  2982 ;; Hardware stack levels required when called: 5
  2983 ;; This function calls:
  2984 ;;		_TMR0_SetInterruptHandler
  2985 ;; This function is called by:
  2986 ;;		_SYSTEM_Initialize
  2987 ;; This function uses a non-reentrant model
  2988 ;;
  2989                           
  2990     04F8                     _TMR0_Initialize:	
  2991                           ;psect for function _TMR0_Initialize
  2992                           
  2993     04F8                     l2166:	
  2994                           ;incstack = 0
  2995                           ; Regs used in _TMR0_Initialize: [wreg+status,2+status,0+pclath+cstack]
  2996                           
  2997                           
  2998                           ;D:\yiming\00work\FR761_RX_V04.X\mcc_generated_files\tmr0.c: 66:     T0CON1 = 0x45;
  2999     04F8  3045               	movlw	69
  3000     04F9  014B               	movlb	11	; select bank11
  3001     04FA  009F               	movwf	31	;volatile
  3002                           
  3003                           ;D:\yiming\00work\FR761_RX_V04.X\mcc_generated_files\tmr0.c: 69:     TMR0H = 0xF9;
  3004     04FB  30F9               	movlw	249
  3005     04FC  009D               	movwf	29	;volatile
  3006     04FD                     l2168:
  3007                           
  3008                           ;D:\yiming\00work\FR761_RX_V04.X\mcc_generated_files\tmr0.c: 72:     TMR0L = 0x00;
  3009     04FD  019C               	clrf	28	;volatile
  3010     04FE                     l2170:
  3011                           
  3012                           ;D:\yiming\00work\FR761_RX_V04.X\mcc_generated_files\tmr0.c: 75:     PIR0bits.TMR0IF = 0
      +                          ;
  3013     04FE  014E               	movlb	14	; select bank14
  3014     04FF  128C               	bcf	12,5	;volatile
  3015     0500                     l2172:
  3016                           
  3017                           ;D:\yiming\00work\FR761_RX_V04.X\mcc_generated_files\tmr0.c: 78:     PIE0bits.TMR0IE = 1
      +                          ;
  3018     0500  1696               	bsf	22,5	;volatile
  3019     0501                     l2174:
  3020                           
  3021                           ;D:\yiming\00work\FR761_RX_V04.X\mcc_generated_files\tmr0.c: 81:     TMR0_SetInterruptHa
      +                          ndler(TMR0_DefaultInterruptHandler);
  3022     0501  3040               	movlw	low _TMR0_DefaultInterruptHandler
  3023     0502  00F0               	movwf	TMR0_SetInterruptHandler@InterruptHandler
  3024     0503  3006               	movlw	high _TMR0_DefaultInterruptHandler
  3025     0504  00F1               	movwf	TMR0_SetInterruptHandler@InterruptHandler+1
  3026     0505  3185  25C9  3184   	fcall	_TMR0_SetInterruptHandler
  3027     0508                     l2176:
  3028                           
  3029                           ;D:\yiming\00work\FR761_RX_V04.X\mcc_generated_files\tmr0.c: 84:     T0CON0 = 0x80;
  3030     0508  3080               	movlw	128
  3031     0509  014B               	movlb	11	; select bank11
  3032     050A  009E               	movwf	30	;volatile
  3033     050B                     l569:
  3034     050B  0008               	return
  3035     050C                     __end_of_TMR0_Initialize:
  3036                           
  3037                           	psect	text14
  3038     0556                     __ptext14:	
  3039 ;; *************** function _PIN_MANAGER_Initialize *****************
  3040 ;; Defined at:
  3041 ;;		line 55 in file "D:\yiming\00work\FR761_RX_V04.X\mcc_generated_files\pin_manager.c"
  3042 ;; Parameters:    Size  Location     Type
  3043 ;;		None
  3044 ;; Auto vars:     Size  Location     Type
  3045 ;;		None
  3046 ;; Return value:  Size  Location     Type
  3047 ;;                  1    wreg      void 
  3048 ;; Registers used:
  3049 ;;		status,2
  3050 ;; Tracked objects:
  3051 ;;		On entry : 0/0
  3052 ;;		On exit  : 0/0
  3053 ;;		Unchanged: 0/0
  3054 ;; Data sizes:     COMMON   BANK0   BANK1   BANK2
  3055 ;;      Params:         0       0       0       0
  3056 ;;      Locals:         0       0       0       0
  3057 ;;      Temps:          0       0       0       0
  3058 ;;      Totals:         0       0       0       0
  3059 ;;Total ram usage:        0 bytes
  3060 ;; Hardware stack levels used: 1
  3061 ;; Hardware stack levels required when called: 4
  3062 ;; This function calls:
  3063 ;;		Nothing
  3064 ;; This function is called by:
  3065 ;;		_SYSTEM_Initialize
  3066 ;; This function uses a non-reentrant model
  3067 ;;
  3068                           
  3069     0556                     _PIN_MANAGER_Initialize:	
  3070                           ;psect for function _PIN_MANAGER_Initialize
  3071                           
  3072     0556                     l1512:	
  3073                           ;incstack = 0
  3074                           ; Regs used in _PIN_MANAGER_Initialize: [status,2]
  3075                           
  3076                           
  3077                           ;D:\yiming\00work\FR761_RX_V04.X\mcc_generated_files\pin_manager.c: 60:     LATA = 0x00;
  3078     0556  0140               	movlb	0	; select bank0
  3079     0557  0198               	clrf	24	;volatile
  3080     0558                     l1514:
  3081                           
  3082                           ;D:\yiming\00work\FR761_RX_V04.X\mcc_generated_files\pin_manager.c: 65:     TRISA = 0x0C
      +                          ;
  3083     0558  300C               	movlw	12
  3084     0559  0092               	movwf	18	;volatile
  3085                           
  3086                           ;D:\yiming\00work\FR761_RX_V04.X\mcc_generated_files\pin_manager.c: 70:     ANSELA = 0x0
      +                          0;
  3087     055A  017E               	movlb	62	; select bank62
  3088     055B  01B8               	clrf	56	;volatile
  3089                           
  3090                           ;D:\yiming\00work\FR761_RX_V04.X\mcc_generated_files\pin_manager.c: 75:     WPUA = 0x00;
  3091     055C  01B9               	clrf	57	;volatile
  3092                           
  3093                           ;D:\yiming\00work\FR761_RX_V04.X\mcc_generated_files\pin_manager.c: 80:     ODCONA = 0x0
      +                          0;
  3094     055D  01BA               	clrf	58	;volatile
  3095     055E                     l1516:
  3096                           
  3097                           ;D:\yiming\00work\FR761_RX_V04.X\mcc_generated_files\pin_manager.c: 85:     SLRCONA = 0x
      +                          37;
  3098     055E  3037               	movlw	55
  3099     055F  00BB               	movwf	59	;volatile
  3100     0560                     l1518:
  3101                           
  3102                           ;D:\yiming\00work\FR761_RX_V04.X\mcc_generated_files\pin_manager.c: 90:     INLVLA = 0x3
      +                          F;
  3103     0560  303F               	movlw	63
  3104     0561  00BC               	movwf	60	;volatile
  3105     0562                     l1520:
  3106                           
  3107                           ;D:\yiming\00work\FR761_RX_V04.X\mcc_generated_files\pin_manager.c: 99:     RX1PPS = 0x0
      +                          2;
  3108     0562  3002               	movlw	2
  3109     0563  017D               	movlb	61	; select bank61
  3110     0564  00CB               	movwf	75	;volatile
  3111     0565                     l543:
  3112     0565  0008               	return
  3113     0566                     __end_of_PIN_MANAGER_Initialize:
  3114                           
  3115                           	psect	text15
  3116     05C3                     __ptext15:	
  3117 ;; *************** function _OSCILLATOR_Initialize *****************
  3118 ;; Defined at:
  3119 ;;		line 61 in file "D:\yiming\00work\FR761_RX_V04.X\mcc_generated_files\mcc.c"
  3120 ;; Parameters:    Size  Location     Type
  3121 ;;		None
  3122 ;; Auto vars:     Size  Location     Type
  3123 ;;		None
  3124 ;; Return value:  Size  Location     Type
  3125 ;;                  1    wreg      void 
  3126 ;; Registers used:
  3127 ;;		status,2
  3128 ;; Tracked objects:
  3129 ;;		On entry : 0/0
  3130 ;;		On exit  : 0/0
  3131 ;;		Unchanged: 0/0
  3132 ;; Data sizes:     COMMON   BANK0   BANK1   BANK2
  3133 ;;      Params:         0       0       0       0
  3134 ;;      Locals:         0       0       0       0
  3135 ;;      Temps:          0       0       0       0
  3136 ;;      Totals:         0       0       0       0
  3137 ;;Total ram usage:        0 bytes
  3138 ;; Hardware stack levels used: 1
  3139 ;; Hardware stack levels required when called: 4
  3140 ;; This function calls:
  3141 ;;		Nothing
  3142 ;; This function is called by:
  3143 ;;		_SYSTEM_Initialize
  3144 ;; This function uses a non-reentrant model
  3145 ;;
  3146                           
  3147     05C3                     _OSCILLATOR_Initialize:	
  3148                           ;psect for function _OSCILLATOR_Initialize
  3149                           
  3150     05C3                     l1522:	
  3151                           ;incstack = 0
  3152                           ; Regs used in _OSCILLATOR_Initialize: [status,2]
  3153                           
  3154                           
  3155                           ;D:\yiming\00work\FR761_RX_V04.X\mcc_generated_files\mcc.c: 64:     OSCEN = 0x00;
  3156     05C3  0151               	movlb	17	; select bank17
  3157     05C4  0191               	clrf	17	;volatile
  3158     05C5                     l1524:
  3159                           
  3160                           ;D:\yiming\00work\FR761_RX_V04.X\mcc_generated_files\mcc.c: 66:     OSCFRQ = 0x05;
  3161     05C5  3005               	movlw	5
  3162     05C6  0093               	movwf	19	;volatile
  3163                           
  3164                           ;D:\yiming\00work\FR761_RX_V04.X\mcc_generated_files\mcc.c: 68:     OSCTUNE = 0x00;
  3165     05C7  0192               	clrf	18	;volatile
  3166     05C8                     l521:
  3167     05C8  0008               	return
  3168     05C9                     __end_of_OSCILLATOR_Initialize:
  3169                           
  3170                           	psect	text16
  3171     0593                     __ptext16:	
  3172 ;; *************** function _LIN_Slave_Initialize *****************
  3173 ;; Defined at:
  3174 ;;		line 45 in file "D:\yiming\00work\FR761_RX_V04.X\mcc_generated_files\LINDrivers\lin_app.c"
  3175 ;; Parameters:    Size  Location     Type
  3176 ;;		None
  3177 ;; Auto vars:     Size  Location     Type
  3178 ;;		None
  3179 ;; Return value:  Size  Location     Type
  3180 ;;                  1    wreg      void 
  3181 ;; Registers used:
  3182 ;;		wreg, status,2, status,0, pclath, cstack
  3183 ;; Tracked objects:
  3184 ;;		On entry : 0/0
  3185 ;;		On exit  : 0/0
  3186 ;;		Unchanged: 0/0
  3187 ;; Data sizes:     COMMON   BANK0   BANK1   BANK2
  3188 ;;      Params:         0       0       0       0
  3189 ;;      Locals:         0       0       0       0
  3190 ;;      Temps:          0       0       0       0
  3191 ;;      Totals:         0       0       0       0
  3192 ;;Total ram usage:        0 bytes
  3193 ;; Hardware stack levels used: 1
  3194 ;; Hardware stack levels required when called: 7
  3195 ;; This function calls:
  3196 ;;		_LIN_init
  3197 ;; This function is called by:
  3198 ;;		_SYSTEM_Initialize
  3199 ;; This function uses a non-reentrant model
  3200 ;;
  3201                           
  3202     0593                     _LIN_Slave_Initialize:	
  3203                           ;psect for function _LIN_Slave_Initialize
  3204                           
  3205     0593                     l2476:	
  3206                           ;incstack = 0
  3207                           ; Regs used in _LIN_Slave_Initialize: [wreg+status,2+status,0+pclath+cstack]
  3208                           
  3209                           
  3210                           ;D:\yiming\00work\FR761_RX_V04.X\mcc_generated_files\LINDrivers\lin_app.c: 46:   LIN_ini
      +                          t((sizeof(scheduleTable)/sizeof(lin_rx_cmd_t)), scheduleTable, processLIN);
  3211     0593  30ED               	movlw	low (_scheduleTable| (0+32768))
  3212     0594  00F2               	movwf	LIN_init@command
  3213     0595  3085               	movlw	high (_scheduleTable| (0+32768))
  3214     0596  00F3               	movwf	LIN_init@command+1
  3215     0597  3066               	movlw	low _processLIN
  3216     0598  00F4               	movwf	LIN_init@processData
  3217     0599  3005               	movlw	high _processLIN
  3218     059A  00F5               	movwf	LIN_init@processData+1
  3219     059B  3001               	movlw	1
  3220     059C  3184  24E2  3185   	fcall	_LIN_init
  3221     059F                     l138:
  3222     059F  0008               	return
  3223     05A0                     __end_of_LIN_Slave_Initialize:
  3224                           
  3225                           	psect	text17
  3226     04E2                     __ptext17:	
  3227 ;; *************** function _LIN_init *****************
  3228 ;; Defined at:
  3229 ;;		line 37 in file "D:\yiming\00work\FR761_RX_V04.X\mcc_generated_files\LINDrivers\lin_slave.c"
  3230 ;; Parameters:    Size  Location     Type
  3231 ;;  tableLength     1    wreg     unsigned char 
  3232 ;;  command         2    2[COMMON] const PTR const struct .
  3233 ;;		 -> scheduleTable(5), 
  3234 ;;  processData     2    4[COMMON] PTR FTN()void 
  3235 ;;		 -> processLIN(1), 
  3236 ;; Auto vars:     Size  Location     Type
  3237 ;;  tableLength     1    6[COMMON] unsigned char 
  3238 ;; Return value:  Size  Location     Type
  3239 ;;                  1    wreg      void 
  3240 ;; Registers used:
  3241 ;;		wreg, status,2, status,0, pclath, cstack
  3242 ;; Tracked objects:
  3243 ;;		On entry : 0/0
  3244 ;;		On exit  : 0/0
  3245 ;;		Unchanged: 0/0
  3246 ;; Data sizes:     COMMON   BANK0   BANK1   BANK2
  3247 ;;      Params:         4       0       0       0
  3248 ;;      Locals:         1       0       0       0
  3249 ;;      Temps:          0       0       0       0
  3250 ;;      Totals:         5       0       0       0
  3251 ;;Total ram usage:        5 bytes
  3252 ;; Hardware stack levels used: 1
  3253 ;; Hardware stack levels required when called: 6
  3254 ;; This function calls:
  3255 ;;		_LIN_enableRx
  3256 ;;		_LIN_setTimerHandler
  3257 ;;		_LIN_stopTimer
  3258 ;; This function is called by:
  3259 ;;		_LIN_Slave_Initialize
  3260 ;; This function uses a non-reentrant model
  3261 ;;
  3262                           
  3263     04E2                     _LIN_init:	
  3264                           ;psect for function _LIN_init
  3265                           
  3266                           
  3267                           ;incstack = 0
  3268                           ; Regs used in _LIN_init: [wreg+status,2+status,0+pclath+cstack]
  3269                           ;LIN_init@tableLength stored from wreg
  3270     04E2  00F6               	movwf	LIN_init@tableLength
  3271     04E3                     l1878:
  3272                           
  3273                           ;D:\yiming\00work\FR761_RX_V04.X\mcc_generated_files\LINDrivers\lin_slave.c: 38:     LIN
      +                          _rxCommand = command;
  3274     04E3  0873               	movf	LIN_init@command+1,w
  3275     04E4  0140               	movlb	0	; select bank0
  3276     04E5  00E3               	movwf	_LIN_rxCommand+1
  3277     04E6  0872               	movf	LIN_init@command,w
  3278     04E7  00E2               	movwf	_LIN_rxCommand
  3279                           
  3280                           ;D:\yiming\00work\FR761_RX_V04.X\mcc_generated_files\LINDrivers\lin_slave.c: 39:     LIN
      +                          _rxCommandLength = tableLength;
  3281     04E8  0876               	movf	LIN_init@tableLength,w
  3282     04E9  00E6               	movwf	_LIN_rxCommandLength
  3283                           
  3284                           ;D:\yiming\00work\FR761_RX_V04.X\mcc_generated_files\LINDrivers\lin_slave.c: 40:     LIN
      +                          _processData = processData;
  3285     04EA  0875               	movf	LIN_init@processData+1,w
  3286     04EB  00E5               	movwf	_LIN_processData+1
  3287     04EC  0874               	movf	LIN_init@processData,w
  3288     04ED  00E4               	movwf	_LIN_processData
  3289     04EE                     l1880:
  3290                           
  3291                           ;D:\yiming\00work\FR761_RX_V04.X\mcc_generated_files\LINDrivers\lin_slave.c: 41:     LIN
      +                          _stopTimer();
  3292     04EE  3186  261A  3184   	fcall	_LIN_stopTimer
  3293     04F1                     l1882:
  3294                           
  3295                           ;D:\yiming\00work\FR761_RX_V04.X\mcc_generated_files\LINDrivers\lin_slave.c: 42:     LIN
      +                          _enableRx();
  3296     04F1  3185  25FC  3184   	fcall	_LIN_enableRx
  3297     04F4                     l1884:
  3298                           
  3299                           ;D:\yiming\00work\FR761_RX_V04.X\mcc_generated_files\LINDrivers\lin_slave.c: 43:     LIN
      +                          _setTimerHandler();
  3300     04F4  3185  25B5  3184   	fcall	_LIN_setTimerHandler
  3301     04F7                     l207:
  3302     04F7  0008               	return
  3303     04F8                     __end_of_LIN_init:
  3304                           
  3305                           	psect	text18
  3306     05B5                     __ptext18:	
  3307 ;; *************** function _LIN_setTimerHandler *****************
  3308 ;; Defined at:
  3309 ;;		line 280 in file "D:\yiming\00work\FR761_RX_V04.X\mcc_generated_files\LINDrivers\lin_slave.c"
  3310 ;; Parameters:    Size  Location     Type
  3311 ;;		None
  3312 ;; Auto vars:     Size  Location     Type
  3313 ;;		None
  3314 ;; Return value:  Size  Location     Type
  3315 ;;                  1    wreg      void 
  3316 ;; Registers used:
  3317 ;;		wreg, status,2, status,0, pclath, cstack
  3318 ;; Tracked objects:
  3319 ;;		On entry : 0/0
  3320 ;;		On exit  : 0/0
  3321 ;;		Unchanged: 0/0
  3322 ;; Data sizes:     COMMON   BANK0   BANK1   BANK2
  3323 ;;      Params:         0       0       0       0
  3324 ;;      Locals:         0       0       0       0
  3325 ;;      Temps:          0       0       0       0
  3326 ;;      Totals:         0       0       0       0
  3327 ;;Total ram usage:        0 bytes
  3328 ;; Hardware stack levels used: 1
  3329 ;; Hardware stack levels required when called: 5
  3330 ;; This function calls:
  3331 ;;		_TMR0_SetInterruptHandler
  3332 ;; This function is called by:
  3333 ;;		_LIN_init
  3334 ;; This function uses a non-reentrant model
  3335 ;;
  3336                           
  3337     05B5                     _LIN_setTimerHandler:	
  3338                           ;psect for function _LIN_setTimerHandler
  3339                           
  3340     05B5                     l1760:	
  3341                           ;incstack = 0
  3342                           ; Regs used in _LIN_setTimerHandler: [wreg+status,2+status,0+pclath+cstack]
  3343                           
  3344     05B5  30A0               	movlw	low _LIN_timerHandler
  3345     05B6  00F0               	movwf	TMR0_SetInterruptHandler@InterruptHandler
  3346     05B7  3005               	movlw	high _LIN_timerHandler
  3347     05B8  00F1               	movwf	TMR0_SetInterruptHandler@InterruptHandler+1
  3348     05B9  3185  25C9  3185   	fcall	_TMR0_SetInterruptHandler
  3349     05BC                     l301:
  3350     05BC  0008               	return
  3351     05BD                     __end_of_LIN_setTimerHandler:
  3352                           
  3353                           	psect	text19
  3354     05C9                     __ptext19:	
  3355 ;; *************** function _TMR0_SetInterruptHandler *****************
  3356 ;; Defined at:
  3357 ;;		line 134 in file "D:\yiming\00work\FR761_RX_V04.X\mcc_generated_files\tmr0.c"
  3358 ;; Parameters:    Size  Location     Type
  3359 ;;  InterruptHan    2    0[COMMON] PTR FTN()void 
  3360 ;;		 -> TMR0_DefaultInterruptHandler(1), LIN_timerHandler(1), 
  3361 ;; Auto vars:     Size  Location     Type
  3362 ;;		None
  3363 ;; Return value:  Size  Location     Type
  3364 ;;                  1    wreg      void 
  3365 ;; Registers used:
  3366 ;;		wreg
  3367 ;; Tracked objects:
  3368 ;;		On entry : 0/0
  3369 ;;		On exit  : 0/0
  3370 ;;		Unchanged: 0/0
  3371 ;; Data sizes:     COMMON   BANK0   BANK1   BANK2
  3372 ;;      Params:         2       0       0       0
  3373 ;;      Locals:         0       0       0       0
  3374 ;;      Temps:          0       0       0       0
  3375 ;;      Totals:         2       0       0       0
  3376 ;;Total ram usage:        2 bytes
  3377 ;; Hardware stack levels used: 1
  3378 ;; Hardware stack levels required when called: 4
  3379 ;; This function calls:
  3380 ;;		Nothing
  3381 ;; This function is called by:
  3382 ;;		_LIN_setTimerHandler
  3383 ;;		_TMR0_Initialize
  3384 ;; This function uses a non-reentrant model
  3385 ;;
  3386                           
  3387     05C9                     _TMR0_SetInterruptHandler:	
  3388                           ;psect for function _TMR0_SetInterruptHandler
  3389                           
  3390     05C9                     l1744:	
  3391                           ;incstack = 0
  3392                           ; Regs used in _TMR0_SetInterruptHandler: [wreg]
  3393                           
  3394                           
  3395                           ;D:\yiming\00work\FR761_RX_V04.X\mcc_generated_files\tmr0.c: 135:     TMR0_InterruptHand
      +                          ler = InterruptHandler;
  3396     05C9  0871               	movf	TMR0_SetInterruptHandler@InterruptHandler+1,w
  3397     05CA  0140               	movlb	0	; select bank0
  3398     05CB  00D9               	movwf	_TMR0_InterruptHandler+1
  3399     05CC  0870               	movf	TMR0_SetInterruptHandler@InterruptHandler,w
  3400     05CD  00D8               	movwf	_TMR0_InterruptHandler
  3401     05CE                     l591:
  3402     05CE  0008               	return
  3403     05CF                     __end_of_TMR0_SetInterruptHandler:
  3404                           
  3405                           	psect	text20
  3406     0339                     __ptext20:	
  3407 ;; *************** function _EUSART1_Initialize *****************
  3408 ;; Defined at:
  3409 ;;		line 88 in file "D:\yiming\00work\FR761_RX_V04.X\mcc_generated_files\eusart1.c"
  3410 ;; Parameters:    Size  Location     Type
  3411 ;;		None
  3412 ;; Auto vars:     Size  Location     Type
  3413 ;;		None
  3414 ;; Return value:  Size  Location     Type
  3415 ;;                  1    wreg      void 
  3416 ;; Registers used:
  3417 ;;		wreg, status,2, status,0, pclath, cstack
  3418 ;; Tracked objects:
  3419 ;;		On entry : 0/0
  3420 ;;		On exit  : 0/0
  3421 ;;		Unchanged: 0/0
  3422 ;; Data sizes:     COMMON   BANK0   BANK1   BANK2
  3423 ;;      Params:         0       0       0       0
  3424 ;;      Locals:         0       0       0       0
  3425 ;;      Temps:          0       0       0       0
  3426 ;;      Totals:         0       0       0       0
  3427 ;;Total ram usage:        0 bytes
  3428 ;; Hardware stack levels used: 1
  3429 ;; Hardware stack levels required when called: 5
  3430 ;; This function calls:
  3431 ;;		_EUSART1_SetErrorHandler
  3432 ;;		_EUSART1_SetFramingErrorHandler
  3433 ;;		_EUSART1_SetOverrunErrorHandler
  3434 ;;		_EUSART1_SetRxInterruptHandler
  3435 ;;		_EUSART1_SetTxInterruptHandler
  3436 ;; This function is called by:
  3437 ;;		_SYSTEM_Initialize
  3438 ;; This function uses a non-reentrant model
  3439 ;;
  3440                           
  3441     0339                     _EUSART1_Initialize:	
  3442                           ;psect for function _EUSART1_Initialize
  3443                           
  3444     0339                     l2130:	
  3445                           ;incstack = 0
  3446                           ; Regs used in _EUSART1_Initialize: [wreg+status,2+status,0+pclath+cstack]
  3447                           
  3448                           
  3449                           ;D:\yiming\00work\FR761_RX_V04.X\mcc_generated_files\eusart1.c: 91:     PIE1bits.RC1IE =
      +                           0;
  3450     0339  014E               	movlb	14	; select bank14
  3451     033A  1217               	bcf	23,4	;volatile
  3452     033B                     l2132:
  3453                           
  3454                           ;D:\yiming\00work\FR761_RX_V04.X\mcc_generated_files\eusart1.c: 92:     EUSART1_SetRxInt
      +                          erruptHandler(EUSART1_Receive_ISR);
  3455     033B  3077               	movlw	low _EUSART1_Receive_ISR
  3456     033C  00F0               	movwf	EUSART1_SetRxInterruptHandler@interruptHandler
  3457     033D  3003               	movlw	high _EUSART1_Receive_ISR
  3458     033E  00F1               	movwf	EUSART1_SetRxInterruptHandler@interruptHandler+1
  3459     033F  3185  25D5  3183   	fcall	_EUSART1_SetRxInterruptHandler
  3460     0342                     l2134:
  3461                           
  3462                           ;D:\yiming\00work\FR761_RX_V04.X\mcc_generated_files\eusart1.c: 93:     PIE1bits.TX1IE =
      +                           0;
  3463     0342  014E               	movlb	14	; select bank14
  3464     0343  1197               	bcf	23,3	;volatile
  3465                           
  3466                           ;D:\yiming\00work\FR761_RX_V04.X\mcc_generated_files\eusart1.c: 94:     EUSART1_SetTxInt
      +                          erruptHandler(EUSART1_Transmit_ISR);
  3467     0344  3093               	movlw	low _EUSART1_Transmit_ISR
  3468     0345  00F0               	movwf	EUSART1_SetTxInterruptHandler@interruptHandler
  3469     0346  3004               	movlw	high _EUSART1_Transmit_ISR
  3470     0347  00F1               	movwf	EUSART1_SetTxInterruptHandler@interruptHandler+1
  3471     0348  3185  25CF  3183   	fcall	_EUSART1_SetTxInterruptHandler
  3472     034B                     l2136:
  3473                           
  3474                           ;D:\yiming\00work\FR761_RX_V04.X\mcc_generated_files\eusart1.c: 98:     BAUD1CON = 0x08;
  3475     034B  3008               	movlw	8
  3476     034C  0142               	movlb	2	; select bank2
  3477     034D  009F               	movwf	31	;volatile
  3478     034E                     l2138:
  3479                           
  3480                           ;D:\yiming\00work\FR761_RX_V04.X\mcc_generated_files\eusart1.c: 101:     RC1STA = 0x90;
  3481     034E  3090               	movlw	144
  3482     034F  009D               	movwf	29	;volatile
  3483     0350                     l2140:
  3484                           
  3485                           ;D:\yiming\00work\FR761_RX_V04.X\mcc_generated_files\eusart1.c: 104:     TX1STA = 0x24;
  3486     0350  3024               	movlw	36
  3487     0351  009E               	movwf	30	;volatile
  3488     0352                     l2142:
  3489                           
  3490                           ;D:\yiming\00work\FR761_RX_V04.X\mcc_generated_files\eusart1.c: 107:     SP1BRGL = 0xFF;
  3491     0352  30FF               	movlw	255
  3492     0353  009B               	movwf	27	;volatile
  3493     0354                     l2144:
  3494                           
  3495                           ;D:\yiming\00work\FR761_RX_V04.X\mcc_generated_files\eusart1.c: 110:     SP1BRGH = 0x02;
  3496     0354  3002               	movlw	2
  3497     0355  009C               	movwf	28	;volatile
  3498                           
  3499                           ;D:\yiming\00work\FR761_RX_V04.X\mcc_generated_files\eusart1.c: 113:     EUSART1_SetFram
      +                          ingErrorHandler(EUSART1_DefaultFramingErrorHandler);
  3500     0356  3041               	movlw	low _EUSART1_DefaultFramingErrorHandler
  3501     0357  00F0               	movwf	EUSART1_SetFramingErrorHandler@interruptHandler
  3502     0358  3006               	movlw	high _EUSART1_DefaultFramingErrorHandler
  3503     0359  00F1               	movwf	EUSART1_SetFramingErrorHandler@interruptHandler+1
  3504     035A  3185  25E1  3183   	fcall	_EUSART1_SetFramingErrorHandler
  3505                           
  3506                           ;D:\yiming\00work\FR761_RX_V04.X\mcc_generated_files\eusart1.c: 114:     EUSART1_SetOver
      +                          runErrorHandler(EUSART1_DefaultOverrunErrorHandler);
  3507     035D  301E               	movlw	low _EUSART1_DefaultOverrunErrorHandler
  3508     035E  00F0               	movwf	EUSART1_SetOverrunErrorHandler@interruptHandler
  3509     035F  3006               	movlw	high _EUSART1_DefaultOverrunErrorHandler
  3510     0360  00F1               	movwf	EUSART1_SetOverrunErrorHandler@interruptHandler+1
  3511     0361  3185  25DB  3183   	fcall	_EUSART1_SetOverrunErrorHandler
  3512                           
  3513                           ;D:\yiming\00work\FR761_RX_V04.X\mcc_generated_files\eusart1.c: 115:     EUSART1_SetErro
      +                          rHandler(EUSART1_DefaultErrorHandler);
  3514     0364  3022               	movlw	low _EUSART1_DefaultErrorHandler
  3515     0365  00F0               	movwf	EUSART1_SetErrorHandler@interruptHandler
  3516     0366  3006               	movlw	high _EUSART1_DefaultErrorHandler
  3517     0367  00F1               	movwf	EUSART1_SetErrorHandler@interruptHandler+1
  3518     0368  3185  25E7  3183   	fcall	_EUSART1_SetErrorHandler
  3519     036B                     l2146:
  3520                           
  3521                           ;D:\yiming\00work\FR761_RX_V04.X\mcc_generated_files\eusart1.c: 117:     eusart1RxLastEr
      +                          ror.status = 0;
  3522     036B  0140               	movlb	0	; select bank0
  3523     036C  01B8               	clrf	_eusart1RxLastError	;volatile
  3524     036D                     l2148:
  3525                           
  3526                           ;D:\yiming\00work\FR761_RX_V04.X\mcc_generated_files\eusart1.c: 120:     eusart1TxHead =
      +                           0;
  3527     036D  01BD               	clrf	_eusart1TxHead	;volatile
  3528     036E                     l2150:
  3529                           
  3530                           ;D:\yiming\00work\FR761_RX_V04.X\mcc_generated_files\eusart1.c: 121:     eusart1TxTail =
      +                           0;
  3531     036E  01BC               	clrf	_eusart1TxTail	;volatile
  3532     036F                     l2152:
  3533                           
  3534                           ;D:\yiming\00work\FR761_RX_V04.X\mcc_generated_files\eusart1.c: 122:     eusart1TxBuffer
      +                          Remaining = sizeof(eusart1TxBuffer);
  3535     036F  3008               	movlw	8
  3536     0370  00BB               	movwf	_eusart1TxBufferRemaining	;volatile
  3537     0371                     l2154:
  3538                           
  3539                           ;D:\yiming\00work\FR761_RX_V04.X\mcc_generated_files\eusart1.c: 124:     eusart1RxHead =
      +                           0;
  3540     0371  01FD               	clrf	_eusart1RxHead	;volatile
  3541     0372                     l2156:
  3542                           
  3543                           ;D:\yiming\00work\FR761_RX_V04.X\mcc_generated_files\eusart1.c: 125:     eusart1RxTail =
      +                           0;
  3544     0372  01BA               	clrf	_eusart1RxTail	;volatile
  3545     0373                     l2158:
  3546                           
  3547                           ;D:\yiming\00work\FR761_RX_V04.X\mcc_generated_files\eusart1.c: 126:     eusart1RxCount 
      +                          = 0;
  3548     0373  01B9               	clrf	_eusart1RxCount	;volatile
  3549     0374                     l2160:
  3550                           
  3551                           ;D:\yiming\00work\FR761_RX_V04.X\mcc_generated_files\eusart1.c: 129:     PIE1bits.RC1IE 
      +                          = 1;
  3552     0374  014E               	movlb	14	; select bank14
  3553     0375  1617               	bsf	23,4	;volatile
  3554     0376                     l389:
  3555     0376  0008               	return
  3556     0377                     __end_of_EUSART1_Initialize:
  3557                           
  3558                           	psect	text21
  3559     05CF                     __ptext21:	
  3560 ;; *************** function _EUSART1_SetTxInterruptHandler *****************
  3561 ;; Defined at:
  3562 ;;		line 276 in file "D:\yiming\00work\FR761_RX_V04.X\mcc_generated_files\eusart1.c"
  3563 ;; Parameters:    Size  Location     Type
  3564 ;;  interruptHan    2    0[COMMON] PTR FTN()void 
  3565 ;;		 -> EUSART1_Transmit_ISR(1), 
  3566 ;; Auto vars:     Size  Location     Type
  3567 ;;		None
  3568 ;; Return value:  Size  Location     Type
  3569 ;;                  1    wreg      void 
  3570 ;; Registers used:
  3571 ;;		wreg
  3572 ;; Tracked objects:
  3573 ;;		On entry : 0/0
  3574 ;;		On exit  : 0/0
  3575 ;;		Unchanged: 0/0
  3576 ;; Data sizes:     COMMON   BANK0   BANK1   BANK2
  3577 ;;      Params:         2       0       0       0
  3578 ;;      Locals:         0       0       0       0
  3579 ;;      Temps:          0       0       0       0
  3580 ;;      Totals:         2       0       0       0
  3581 ;;Total ram usage:        2 bytes
  3582 ;; Hardware stack levels used: 1
  3583 ;; Hardware stack levels required when called: 4
  3584 ;; This function calls:
  3585 ;;		Nothing
  3586 ;; This function is called by:
  3587 ;;		_EUSART1_Initialize
  3588 ;; This function uses a non-reentrant model
  3589 ;;
  3590                           
  3591     05CF                     _EUSART1_SetTxInterruptHandler:	
  3592                           ;psect for function _EUSART1_SetTxInterruptHandler
  3593                           
  3594     05CF                     l1990:	
  3595                           ;incstack = 0
  3596                           ; Regs used in _EUSART1_SetTxInterruptHandler: [wreg]
  3597                           
  3598                           
  3599                           ;D:\yiming\00work\FR761_RX_V04.X\mcc_generated_files\eusart1.c: 277:     EUSART1_TxDefau
      +                          ltInterruptHandler = interruptHandler;
  3600     05CF  0871               	movf	EUSART1_SetTxInterruptHandler@interruptHandler+1,w
  3601     05D0  0140               	movlb	0	; select bank0
  3602     05D1  00E1               	movwf	_EUSART1_TxDefaultInterruptHandler+1
  3603     05D2  0870               	movf	EUSART1_SetTxInterruptHandler@interruptHandler,w
  3604     05D3  00E0               	movwf	_EUSART1_TxDefaultInterruptHandler
  3605     05D4                     l455:
  3606     05D4  0008               	return
  3607     05D5                     __end_of_EUSART1_SetTxInterruptHandler:
  3608                           
  3609                           	psect	text22
  3610     05D5                     __ptext22:	
  3611 ;; *************** function _EUSART1_SetRxInterruptHandler *****************
  3612 ;; Defined at:
  3613 ;;		line 280 in file "D:\yiming\00work\FR761_RX_V04.X\mcc_generated_files\eusart1.c"
  3614 ;; Parameters:    Size  Location     Type
  3615 ;;  interruptHan    2    0[COMMON] PTR FTN()void 
  3616 ;;		 -> EUSART1_Receive_ISR(1), 
  3617 ;; Auto vars:     Size  Location     Type
  3618 ;;		None
  3619 ;; Return value:  Size  Location     Type
  3620 ;;                  1    wreg      void 
  3621 ;; Registers used:
  3622 ;;		wreg
  3623 ;; Tracked objects:
  3624 ;;		On entry : 0/0
  3625 ;;		On exit  : 0/0
  3626 ;;		Unchanged: 0/0
  3627 ;; Data sizes:     COMMON   BANK0   BANK1   BANK2
  3628 ;;      Params:         2       0       0       0
  3629 ;;      Locals:         0       0       0       0
  3630 ;;      Temps:          0       0       0       0
  3631 ;;      Totals:         2       0       0       0
  3632 ;;Total ram usage:        2 bytes
  3633 ;; Hardware stack levels used: 1
  3634 ;; Hardware stack levels required when called: 4
  3635 ;; This function calls:
  3636 ;;		Nothing
  3637 ;; This function is called by:
  3638 ;;		_EUSART1_Initialize
  3639 ;; This function uses a non-reentrant model
  3640 ;;
  3641                           
  3642     05D5                     _EUSART1_SetRxInterruptHandler:	
  3643                           ;psect for function _EUSART1_SetRxInterruptHandler
  3644                           
  3645     05D5                     l1988:	
  3646                           ;incstack = 0
  3647                           ; Regs used in _EUSART1_SetRxInterruptHandler: [wreg]
  3648                           
  3649                           
  3650                           ;D:\yiming\00work\FR761_RX_V04.X\mcc_generated_files\eusart1.c: 281:     EUSART1_RxDefau
      +                          ltInterruptHandler = interruptHandler;
  3651     05D5  0871               	movf	EUSART1_SetRxInterruptHandler@interruptHandler+1,w
  3652     05D6  0140               	movlb	0	; select bank0
  3653     05D7  00DF               	movwf	_EUSART1_RxDefaultInterruptHandler+1
  3654     05D8  0870               	movf	EUSART1_SetRxInterruptHandler@interruptHandler,w
  3655     05D9  00DE               	movwf	_EUSART1_RxDefaultInterruptHandler
  3656     05DA                     l458:
  3657     05DA  0008               	return
  3658     05DB                     __end_of_EUSART1_SetRxInterruptHandler:
  3659                           
  3660                           	psect	text23
  3661     05DB                     __ptext23:	
  3662 ;; *************** function _EUSART1_SetOverrunErrorHandler *****************
  3663 ;; Defined at:
  3664 ;;		line 268 in file "D:\yiming\00work\FR761_RX_V04.X\mcc_generated_files\eusart1.c"
  3665 ;; Parameters:    Size  Location     Type
  3666 ;;  interruptHan    2    0[COMMON] PTR FTN()void 
  3667 ;;		 -> EUSART1_DefaultOverrunErrorHandler(1), 
  3668 ;; Auto vars:     Size  Location     Type
  3669 ;;		None
  3670 ;; Return value:  Size  Location     Type
  3671 ;;                  1    wreg      void 
  3672 ;; Registers used:
  3673 ;;		wreg
  3674 ;; Tracked objects:
  3675 ;;		On entry : 0/0
  3676 ;;		On exit  : 0/0
  3677 ;;		Unchanged: 0/0
  3678 ;; Data sizes:     COMMON   BANK0   BANK1   BANK2
  3679 ;;      Params:         2       0       0       0
  3680 ;;      Locals:         0       0       0       0
  3681 ;;      Temps:          0       0       0       0
  3682 ;;      Totals:         2       0       0       0
  3683 ;;Total ram usage:        2 bytes
  3684 ;; Hardware stack levels used: 1
  3685 ;; Hardware stack levels required when called: 4
  3686 ;; This function calls:
  3687 ;;		Nothing
  3688 ;; This function is called by:
  3689 ;;		_EUSART1_Initialize
  3690 ;; This function uses a non-reentrant model
  3691 ;;
  3692                           
  3693     05DB                     _EUSART1_SetOverrunErrorHandler:	
  3694                           ;psect for function _EUSART1_SetOverrunErrorHandler
  3695                           
  3696     05DB                     l1994:	
  3697                           ;incstack = 0
  3698                           ; Regs used in _EUSART1_SetOverrunErrorHandler: [wreg]
  3699                           
  3700                           
  3701                           ;D:\yiming\00work\FR761_RX_V04.X\mcc_generated_files\eusart1.c: 269:     EUSART1_Overrun
      +                          ErrorHandler = interruptHandler;
  3702     05DB  0871               	movf	EUSART1_SetOverrunErrorHandler@interruptHandler+1,w
  3703     05DC  0140               	movlb	0	; select bank0
  3704     05DD  00DB               	movwf	_EUSART1_OverrunErrorHandler+1
  3705     05DE  0870               	movf	EUSART1_SetOverrunErrorHandler@interruptHandler,w
  3706     05DF  00DA               	movwf	_EUSART1_OverrunErrorHandler
  3707     05E0                     l449:
  3708     05E0  0008               	return
  3709     05E1                     __end_of_EUSART1_SetOverrunErrorHandler:
  3710                           
  3711                           	psect	text24
  3712     05E1                     __ptext24:	
  3713 ;; *************** function _EUSART1_SetFramingErrorHandler *****************
  3714 ;; Defined at:
  3715 ;;		line 264 in file "D:\yiming\00work\FR761_RX_V04.X\mcc_generated_files\eusart1.c"
  3716 ;; Parameters:    Size  Location     Type
  3717 ;;  interruptHan    2    0[COMMON] PTR FTN()void 
  3718 ;;		 -> EUSART1_DefaultFramingErrorHandler(1), 
  3719 ;; Auto vars:     Size  Location     Type
  3720 ;;		None
  3721 ;; Return value:  Size  Location     Type
  3722 ;;                  1    wreg      void 
  3723 ;; Registers used:
  3724 ;;		wreg
  3725 ;; Tracked objects:
  3726 ;;		On entry : 0/0
  3727 ;;		On exit  : 0/0
  3728 ;;		Unchanged: 0/0
  3729 ;; Data sizes:     COMMON   BANK0   BANK1   BANK2
  3730 ;;      Params:         2       0       0       0
  3731 ;;      Locals:         0       0       0       0
  3732 ;;      Temps:          0       0       0       0
  3733 ;;      Totals:         2       0       0       0
  3734 ;;Total ram usage:        2 bytes
  3735 ;; Hardware stack levels used: 1
  3736 ;; Hardware stack levels required when called: 4
  3737 ;; This function calls:
  3738 ;;		Nothing
  3739 ;; This function is called by:
  3740 ;;		_EUSART1_Initialize
  3741 ;; This function uses a non-reentrant model
  3742 ;;
  3743                           
  3744     05E1                     _EUSART1_SetFramingErrorHandler:	
  3745                           ;psect for function _EUSART1_SetFramingErrorHandler
  3746                           
  3747     05E1                     l1992:	
  3748                           ;incstack = 0
  3749                           ; Regs used in _EUSART1_SetFramingErrorHandler: [wreg]
  3750                           
  3751                           
  3752                           ;D:\yiming\00work\FR761_RX_V04.X\mcc_generated_files\eusart1.c: 265:     EUSART1_Framing
      +                          ErrorHandler = interruptHandler;
  3753     05E1  0871               	movf	EUSART1_SetFramingErrorHandler@interruptHandler+1,w
  3754     05E2  0140               	movlb	0	; select bank0
  3755     05E3  00DD               	movwf	_EUSART1_FramingErrorHandler+1
  3756     05E4  0870               	movf	EUSART1_SetFramingErrorHandler@interruptHandler,w
  3757     05E5  00DC               	movwf	_EUSART1_FramingErrorHandler
  3758     05E6                     l446:
  3759     05E6  0008               	return
  3760     05E7                     __end_of_EUSART1_SetFramingErrorHandler:
  3761                           
  3762                           	psect	text25
  3763     05E7                     __ptext25:	
  3764 ;; *************** function _EUSART1_SetErrorHandler *****************
  3765 ;; Defined at:
  3766 ;;		line 272 in file "D:\yiming\00work\FR761_RX_V04.X\mcc_generated_files\eusart1.c"
  3767 ;; Parameters:    Size  Location     Type
  3768 ;;  interruptHan    2    0[COMMON] PTR FTN()void 
  3769 ;;		 -> EUSART1_DefaultErrorHandler(1), 
  3770 ;; Auto vars:     Size  Location     Type
  3771 ;;		None
  3772 ;; Return value:  Size  Location     Type
  3773 ;;                  1    wreg      void 
  3774 ;; Registers used:
  3775 ;;		wreg
  3776 ;; Tracked objects:
  3777 ;;		On entry : 0/0
  3778 ;;		On exit  : 0/0
  3779 ;;		Unchanged: 0/0
  3780 ;; Data sizes:     COMMON   BANK0   BANK1   BANK2
  3781 ;;      Params:         2       0       0       0
  3782 ;;      Locals:         0       0       0       0
  3783 ;;      Temps:          0       0       0       0
  3784 ;;      Totals:         2       0       0       0
  3785 ;;Total ram usage:        2 bytes
  3786 ;; Hardware stack levels used: 1
  3787 ;; Hardware stack levels required when called: 4
  3788 ;; This function calls:
  3789 ;;		Nothing
  3790 ;; This function is called by:
  3791 ;;		_EUSART1_Initialize
  3792 ;; This function uses a non-reentrant model
  3793 ;;
  3794                           
  3795     05E7                     _EUSART1_SetErrorHandler:	
  3796                           ;psect for function _EUSART1_SetErrorHandler
  3797                           
  3798     05E7                     l1996:	
  3799                           ;incstack = 0
  3800                           ; Regs used in _EUSART1_SetErrorHandler: [wreg]
  3801                           
  3802                           
  3803                           ;D:\yiming\00work\FR761_RX_V04.X\mcc_generated_files\eusart1.c: 273:     EUSART1_ErrorHa
      +                          ndler = interruptHandler;
  3804     05E7  0871               	movf	EUSART1_SetErrorHandler@interruptHandler+1,w
  3805     05E8  0141               	movlb	1	; select bank1
  3806     05E9  00B2               	movwf	(_EUSART1_ErrorHandler+1)^(0+128)
  3807     05EA  0870               	movf	EUSART1_SetErrorHandler@interruptHandler,w
  3808     05EB  00B1               	movwf	_EUSART1_ErrorHandler^(0+128)
  3809     05EC                     l452:
  3810     05EC  0008               	return
  3811     05ED                     __end_of_EUSART1_SetErrorHandler:
  3812                           
  3813                           	psect	text26
  3814     0053                     __ptext26:	
  3815 ;; *************** function _LIN_handler *****************
  3816 ;; Defined at:
  3817 ;;		line 69 in file "D:\yiming\00work\FR761_RX_V04.X\mcc_generated_files\LINDrivers\lin_slave.c"
  3818 ;; Parameters:    Size  Location     Type
  3819 ;;		None
  3820 ;; Auto vars:     Size  Location     Type
  3821 ;;		None
  3822 ;; Return value:  Size  Location     Type
  3823 ;;                  1    wreg      enum E38
  3824 ;; Registers used:
  3825 ;;		wreg, fsr0l, fsr0h, fsr1l, fsr1h, status,2, status,0, pclath, cstack
  3826 ;; Tracked objects:
  3827 ;;		On entry : 0/0
  3828 ;;		On exit  : 0/0
  3829 ;;		Unchanged: 0/0
  3830 ;; Data sizes:     COMMON   BANK0   BANK1   BANK2
  3831 ;;      Params:         0       0       0       0
  3832 ;;      Locals:         0       0       0       0
  3833 ;;      Temps:          0       0       5       0
  3834 ;;      Totals:         0       0       5       0
  3835 ;;Total ram usage:        5 bytes
  3836 ;; Hardware stack levels used: 1
  3837 ;; Hardware stack levels required when called: 7
  3838 ;; This function calls:
  3839 ;;		NULL
  3840 ;;		_EUSART1_Read
  3841 ;;		_EUSART1_is_rx_ready
  3842 ;;		_LIN_breakCheck
  3843 ;;		_LIN_checkPID
  3844 ;;		_LIN_disableRx
  3845 ;;		_LIN_enableRx
  3846 ;;		_LIN_getChecksum
  3847 ;;		_LIN_getFromTable
  3848 ;;		_LIN_queuePacket
  3849 ;;		_LIN_startTimer
  3850 ;;		_LIN_stopTimer
  3851 ;;		_memset
  3852 ;;		_processLIN
  3853 ;; This function is called by:
  3854 ;;		_main
  3855 ;; This function uses a non-reentrant model
  3856 ;;
  3857                           
  3858     0053                     _LIN_handler:	
  3859                           ;psect for function _LIN_handler
  3860                           
  3861     0053                     l2518:	
  3862                           ;incstack = 0
  3863                           ; Regs used in _LIN_handler: [wreg-fsr1h+status,2+status,0+pclath+cstack]
  3864                           
  3865                           
  3866                           ;D:\yiming\00work\FR761_RX_V04.X\mcc_generated_files\LINDrivers\lin_slave.c: 70:     sta
      +                          tic lin_rx_state_t LIN_rxState = LIN_RX_IDLE;;D:\yiming\00work\FR761_RX_V04.X\mcc_genera
      +                          ted_files\LINDrivers\lin_slave.c: 71:     static uint8_t rxDataIndex = 0;;D:\yiming\00wo
      +                          rk\FR761_RX_V04.X\mcc_generated_files\LINDrivers\lin_slave.c: 73:     if(LIN_rxInProgres
      +                          s == 1){
  3867     0053  0140               	movlb	0	; select bank0
  3868     0054  0342               	decf	_LIN_rxInProgress,w
  3869     0055  1D03               	btfss	3,2
  3870     0056  2858               	goto	u1761
  3871     0057  2859               	goto	u1760
  3872     0058                     u1761:
  3873     0058  2954               	goto	l2600
  3874     0059                     u1760:
  3875     0059                     l2520:
  3876                           
  3877                           ;D:\yiming\00work\FR761_RX_V04.X\mcc_generated_files\LINDrivers\lin_slave.c: 74:        
      +                           if(LIN_timerRunning == 0){
  3878     0059  0841               	movf	_LIN_timerRunning,w
  3879     005A  1D03               	btfss	3,2
  3880     005B  285D               	goto	u1771
  3881     005C  285E               	goto	u1770
  3882     005D                     u1771:
  3883     005D  2954               	goto	l2600
  3884     005E                     u1770:
  3885     005E                     l2522:
  3886                           
  3887                           ;D:\yiming\00work\FR761_RX_V04.X\mcc_generated_files\LINDrivers\lin_slave.c: 76:        
      +                               LIN_rxState = LIN_RX_ERROR;
  3888     005E  3008               	movlw	8
  3889     005F  00BF               	movwf	LIN_handler@LIN_rxState
  3890     0060  2954               	goto	l2600
  3891     0061                     l2524:
  3892                           
  3893                           ;D:\yiming\00work\FR761_RX_V04.X\mcc_generated_files\LINDrivers\lin_slave.c: 82:        
      +                               if(EUSART1_is_rx_ready() > 0){
  3894     0061  3185  25AC  3180   	fcall	_EUSART1_is_rx_ready
  3895     0064  3A00               	xorlw	0
  3896     0065  1903               	skipnz
  3897     0066  2868               	goto	u1781
  3898     0067  2869               	goto	u1780
  3899     0068                     u1781:
  3900     0068  297D               	goto	l253
  3901     0069                     u1780:
  3902     0069                     l2526:
  3903                           
  3904                           ;D:\yiming\00work\FR761_RX_V04.X\mcc_generated_files\LINDrivers\lin_slave.c: 84:        
      +                                   LIN_startTimer(20);
  3905     0069  3014               	movlw	20
  3906     006A  3185  2585  3180   	fcall	_LIN_startTimer
  3907     006D                     l2528:
  3908                           
  3909                           ;D:\yiming\00work\FR761_RX_V04.X\mcc_generated_files\LINDrivers\lin_slave.c: 85:        
      +                                   LIN_rxInProgress = 1;
  3910     006D  3001               	movlw	1
  3911     006E  0140               	movlb	0	; select bank0
  3912     006F  00C2               	movwf	_LIN_rxInProgress
  3913     0070                     l2530:
  3914                           
  3915                           ;D:\yiming\00work\FR761_RX_V04.X\mcc_generated_files\LINDrivers\lin_slave.c: 86:        
      +                                   LIN_rxState = LIN_RX_BREAK;
  3916     0070  3001               	movlw	1
  3917     0071  00BF               	movwf	LIN_handler@LIN_rxState
  3918     0072  297D               	goto	l253
  3919     0073                     l2532:
  3920                           
  3921                           ;D:\yiming\00work\FR761_RX_V04.X\mcc_generated_files\LINDrivers\lin_slave.c: 90:        
      +                               if(EUSART1_is_rx_ready() > 0){
  3922     0073  3185  25AC  3180   	fcall	_EUSART1_is_rx_ready
  3923     0076  3A00               	xorlw	0
  3924     0077  1903               	skipnz
  3925     0078  287A               	goto	u1791
  3926     0079  287B               	goto	u1790
  3927     007A                     u1791:
  3928     007A  297D               	goto	l253
  3929     007B                     u1790:
  3930     007B                     l2534:
  3931                           
  3932                           ;D:\yiming\00work\FR761_RX_V04.X\mcc_generated_files\LINDrivers\lin_slave.c: 91:        
      +                                   if(LIN_breakCheck() == 1){
  3933     007B  3185  2533  3180   	fcall	_LIN_breakCheck
  3934     007E  3A01               	xorlw	1
  3935     007F  1D03               	skipz
  3936     0080  2882               	goto	u1801
  3937     0081  2883               	goto	u1800
  3938     0082                     u1801:
  3939     0082  2887               	goto	l229
  3940     0083                     u1800:
  3941     0083                     l2536:
  3942                           
  3943                           ;D:\yiming\00work\FR761_RX_V04.X\mcc_generated_files\LINDrivers\lin_slave.c: 92:        
      +                                       LIN_rxState = LIN_RX_SYNC;
  3944     0083  3002               	movlw	2
  3945     0084  0140               	movlb	0	; select bank0
  3946     0085  00BF               	movwf	LIN_handler@LIN_rxState
  3947                           
  3948                           ;D:\yiming\00work\FR761_RX_V04.X\mcc_generated_files\LINDrivers\lin_slave.c: 93:        
      +                                   } else {
  3949     0086  297D               	goto	l253
  3950     0087                     l229:
  3951                           
  3952                           ;D:\yiming\00work\FR761_RX_V04.X\mcc_generated_files\LINDrivers\lin_slave.c: 94:        
      +                                       LIN_rxState = LIN_RX_ERROR;
  3953     0087  3008               	movlw	8
  3954     0088  0140               	movlb	0	; select bank0
  3955     0089  00BF               	movwf	LIN_handler@LIN_rxState
  3956     008A  297D               	goto	l253
  3957     008B                     l2538:
  3958                           
  3959                           ;D:\yiming\00work\FR761_RX_V04.X\mcc_generated_files\LINDrivers\lin_slave.c: 99:        
      +                               if(EUSART1_is_rx_ready() > 0){
  3960     008B  3185  25AC  3180   	fcall	_EUSART1_is_rx_ready
  3961     008E  3A00               	xorlw	0
  3962     008F  1903               	skipnz
  3963     0090  2892               	goto	u1811
  3964     0091  2893               	goto	u1810
  3965     0092                     u1811:
  3966     0092  297D               	goto	l253
  3967     0093                     u1810:
  3968     0093                     l2540:
  3969                           
  3970                           ;D:\yiming\00work\FR761_RX_V04.X\mcc_generated_files\LINDrivers\lin_slave.c: 100:       
      +                                    if(EUSART1_Read() == 0x55){
  3971     0093  3184  242D  3180   	fcall	_EUSART1_Read
  3972     0096  3A55               	xorlw	85
  3973     0097  1D03               	skipz
  3974     0098  289A               	goto	u1821
  3975     0099  289B               	goto	u1820
  3976     009A                     u1821:
  3977     009A  2887               	goto	l229
  3978     009B                     u1820:
  3979     009B                     l2542:
  3980                           
  3981                           ;D:\yiming\00work\FR761_RX_V04.X\mcc_generated_files\LINDrivers\lin_slave.c: 101:       
      +                                        LIN_rxState = LIN_RX_PID;
  3982     009B  3003               	movlw	3
  3983     009C  0140               	movlb	0	; select bank0
  3984     009D  00BF               	movwf	LIN_handler@LIN_rxState
  3985                           
  3986                           ;D:\yiming\00work\FR761_RX_V04.X\mcc_generated_files\LINDrivers\lin_slave.c: 103:       
      +                                    } else {
  3987     009E  297D               	goto	l253
  3988     009F                     l2544:
  3989                           
  3990                           ;D:\yiming\00work\FR761_RX_V04.X\mcc_generated_files\LINDrivers\lin_slave.c: 109:       
      +                                if(EUSART1_is_rx_ready() > 0){
  3991     009F  3185  25AC  3180   	fcall	_EUSART1_is_rx_ready
  3992     00A2  3A00               	xorlw	0
  3993     00A3  1903               	skipnz
  3994     00A4  28A6               	goto	u1831
  3995     00A5  28A7               	goto	u1830
  3996     00A6                     u1831:
  3997     00A6  297D               	goto	l253
  3998     00A7                     u1830:
  3999     00A7                     l2546:
  4000                           
  4001                           ;D:\yiming\00work\FR761_RX_V04.X\mcc_generated_files\LINDrivers\lin_slave.c: 110:       
      +                                    LIN_packet.PID = EUSART1_Read();
  4002     00A7  3184  242D  3180   	fcall	_EUSART1_Read
  4003     00AA  0140               	movlb	0	; select bank0
  4004     00AB  00C3               	movwf	_LIN_packet
  4005     00AC                     l2548:
  4006                           
  4007                           ;D:\yiming\00work\FR761_RX_V04.X\mcc_generated_files\LINDrivers\lin_slave.c: 113:       
      +                                    if(LIN_checkPID(LIN_packet.PID) == 0){
  4008     00AC  0843               	movf	_LIN_packet,w
  4009     00AD  3184  24B1  3180   	fcall	_LIN_checkPID
  4010     00B0  3A00               	xorlw	0
  4011     00B1  1D03               	skipz
  4012     00B2  28B4               	goto	u1841
  4013     00B3  28B5               	goto	u1840
  4014     00B4                     u1841:
  4015     00B4  28B6               	goto	l2552
  4016     00B5                     u1840:
  4017     00B5  2887               	goto	l229
  4018     00B6                     l2552:
  4019                           
  4020                           ;D:\yiming\00work\FR761_RX_V04.X\mcc_generated_files\LINDrivers\lin_slave.c: 117:       
      +                                    LIN_packet.type = LIN_getFromTable(LIN_packet.PID, TYPE);
  4021     00B6  01F0               	clrf	LIN_getFromTable@param
  4022     00B7  0AF0               	incf	LIN_getFromTable@param,f
  4023     00B8  0140               	movlb	0	; select bank0
  4024     00B9  0843               	movf	_LIN_packet,w
  4025     00BA  3182  22DB  3180   	fcall	_LIN_getFromTable
  4026     00BD  0140               	movlb	0	; select bank0
  4027     00BE  00CD               	movwf	_LIN_packet+10
  4028     00BF                     l2554:
  4029                           
  4030                           ;D:\yiming\00work\FR761_RX_V04.X\mcc_generated_files\LINDrivers\lin_slave.c: 118:       
      +                                    if(LIN_packet.type == RECEIVE){
  4031     00BF  034D               	decf	_LIN_packet+10,w
  4032     00C0  1D03               	btfss	3,2
  4033     00C1  28C3               	goto	u1851
  4034     00C2  28C4               	goto	u1850
  4035     00C3                     u1851:
  4036     00C3  28CF               	goto	l2560
  4037     00C4                     u1850:
  4038     00C4                     l2556:
  4039                           
  4040                           ;D:\yiming\00work\FR761_RX_V04.X\mcc_generated_files\LINDrivers\lin_slave.c: 119:       
      +                                        LIN_packet.length = LIN_getFromTable(LIN_packet.PID, LENGTH);
  4041     00C4  3002               	movlw	2
  4042     00C5  00F0               	movwf	LIN_getFromTable@param
  4043     00C6  0843               	movf	_LIN_packet,w
  4044     00C7  3182  22DB  3180   	fcall	_LIN_getFromTable
  4045     00CA  0140               	movlb	0	; select bank0
  4046     00CB  00CE               	movwf	_LIN_packet+11
  4047     00CC                     l2558:
  4048                           
  4049                           ;D:\yiming\00work\FR761_RX_V04.X\mcc_generated_files\LINDrivers\lin_slave.c: 120:       
      +                                        LIN_rxState = LIN_RX_DATA;
  4050     00CC  3004               	movlw	4
  4051     00CD  00BF               	movwf	LIN_handler@LIN_rxState
  4052                           
  4053                           ;D:\yiming\00work\FR761_RX_V04.X\mcc_generated_files\LINDrivers\lin_slave.c: 121:       
      +                                    }
  4054     00CE  297D               	goto	l253
  4055     00CF                     l2560:
  4056                           
  4057                           ;D:\yiming\00work\FR761_RX_V04.X\mcc_generated_files\LINDrivers\lin_slave.c: 123:       
      +                                        LIN_disableRx();
  4058     00CF  3186  2601  3180   	fcall	_LIN_disableRx
  4059     00D2                     l2562:
  4060                           
  4061                           ;D:\yiming\00work\FR761_RX_V04.X\mcc_generated_files\LINDrivers\lin_slave.c: 124:       
      +                                        LIN_rxState = LIN_RX_TX_DATA;
  4062     00D2  3006               	movlw	6
  4063     00D3  0140               	movlb	0	; select bank0
  4064     00D4  00BF               	movwf	LIN_handler@LIN_rxState
  4065     00D5  297D               	goto	l253
  4066     00D6                     l2564:
  4067                           
  4068                           ;D:\yiming\00work\FR761_RX_V04.X\mcc_generated_files\LINDrivers\lin_slave.c: 129:       
      +                                if(EUSART1_is_rx_ready() > 0){
  4069     00D6  3185  25AC  3180   	fcall	_EUSART1_is_rx_ready
  4070     00D9  3A00               	xorlw	0
  4071     00DA  1903               	skipnz
  4072     00DB  28DD               	goto	u1861
  4073     00DC  28DE               	goto	u1860
  4074     00DD                     u1861:
  4075     00DD  297D               	goto	l253
  4076     00DE                     u1860:
  4077     00DE                     l2566:
  4078                           
  4079                           ;D:\yiming\00work\FR761_RX_V04.X\mcc_generated_files\LINDrivers\lin_slave.c: 130:       
      +                                    LIN_packet.data[rxDataIndex] = EUSART1_Read();
  4080     00DE  3184  242D  3180   	fcall	_EUSART1_Read
  4081     00E1  0141               	movlb	1	; select bank1
  4082     00E2  00A4               	movwf	??_LIN_handler^(0+128)
  4083     00E3  3044               	movlw	low (_LIN_packet+1)
  4084     00E4  00A5               	movwf	(??_LIN_handler+1)^(0+128)
  4085     00E5  3000               	movlw	high (_LIN_packet+1)
  4086     00E6  00A6               	movwf	(??_LIN_handler+2)^(0+128)
  4087     00E7  0140               	movlb	0	; select bank0
  4088     00E8  083E               	movf	LIN_handler@rxDataIndex,w
  4089     00E9  0141               	movlb	1	; select bank1
  4090     00EA  0725               	addwf	(??_LIN_handler+1)^(0+128),w
  4091     00EB  00A7               	movwf	(??_LIN_handler+3)^(0+128)
  4092     00EC  3000               	movlw	0
  4093     00ED  3D26               	addwfc	(??_LIN_handler+2)^(0+128),w
  4094     00EE  00A8               	movwf	(??_LIN_handler+4)^(0+128)
  4095     00EF  0827               	movf	(??_LIN_handler+3)^(0+128),w
  4096     00F0  0086               	movwf	6
  4097     00F1  0828               	movf	(??_LIN_handler+4)^(0+128),w
  4098     00F2  0087               	movwf	7
  4099     00F3  0824               	movf	??_LIN_handler^(0+128),w
  4100     00F4  0081               	movwf	1
  4101     00F5                     l2568:
  4102                           
  4103                           ;D:\yiming\00work\FR761_RX_V04.X\mcc_generated_files\LINDrivers\lin_slave.c: 131:       
      +                                    if(++rxDataIndex >= LIN_packet.length){
  4104     00F5  3001               	movlw	1
  4105     00F6  0140               	movlb	0	; select bank0
  4106     00F7  07BE               	addwf	LIN_handler@rxDataIndex,f
  4107     00F8  084E               	movf	_LIN_packet+11,w
  4108     00F9  023E               	subwf	LIN_handler@rxDataIndex,w
  4109     00FA  1C03               	skipc
  4110     00FB  28FD               	goto	u1871
  4111     00FC  28FE               	goto	u1870
  4112     00FD                     u1871:
  4113     00FD  297D               	goto	l253
  4114     00FE                     u1870:
  4115     00FE                     l2570:
  4116                           
  4117                           ;D:\yiming\00work\FR761_RX_V04.X\mcc_generated_files\LINDrivers\lin_slave.c: 133:       
      +                                        rxDataIndex = 0;
  4118     00FE  01BE               	clrf	LIN_handler@rxDataIndex
  4119     00FF                     l2572:
  4120                           
  4121                           ;D:\yiming\00work\FR761_RX_V04.X\mcc_generated_files\LINDrivers\lin_slave.c: 134:       
      +                                        LIN_rxState = LIN_RX_CHECKSUM;
  4122     00FF  3005               	movlw	5
  4123     0100  00BF               	movwf	LIN_handler@LIN_rxState
  4124     0101  297D               	goto	l253
  4125     0102                     l2574:
  4126                           
  4127                           ;D:\yiming\00work\FR761_RX_V04.X\mcc_generated_files\LINDrivers\lin_slave.c: 139:       
      +                                if(EUSART1_is_rx_ready() > 0){
  4128     0102  3185  25AC  3180   	fcall	_EUSART1_is_rx_ready
  4129     0105  3A00               	xorlw	0
  4130     0106  1903               	skipnz
  4131     0107  2909               	goto	u1881
  4132     0108  290A               	goto	u1880
  4133     0109                     u1881:
  4134     0109  297D               	goto	l253
  4135     010A                     u1880:
  4136     010A                     l2576:
  4137                           
  4138                           ;D:\yiming\00work\FR761_RX_V04.X\mcc_generated_files\LINDrivers\lin_slave.c: 140:       
      +                                    LIN_packet.checksum = EUSART1_Read();
  4139     010A  3184  242D  3180   	fcall	_EUSART1_Read
  4140     010D  0140               	movlb	0	; select bank0
  4141     010E  00CC               	movwf	_LIN_packet+9
  4142                           
  4143                           ;D:\yiming\00work\FR761_RX_V04.X\mcc_generated_files\LINDrivers\lin_slave.c: 141:       
      +                                    if(LIN_packet.checksum != LIN_getChecksum(LIN_packet.length, LIN_packet.PID, L
      +                          IN_packet.data)) {
  4144     010F  0843               	movf	_LIN_packet,w
  4145     0110  00F0               	movwf	LIN_getChecksum@pid
  4146     0111  3044               	movlw	low (_LIN_packet+1)
  4147     0112  00F1               	movwf	LIN_getChecksum@data
  4148     0113  3000               	movlw	high (_LIN_packet+1)
  4149     0114  00F2               	movwf	LIN_getChecksum@data+1
  4150     0115  084E               	movf	_LIN_packet+11,w
  4151     0116  3183  23B0  3180   	fcall	_LIN_getChecksum
  4152     0119  0140               	movlb	0	; select bank0
  4153     011A  064C               	xorwf	_LIN_packet+9,w
  4154     011B  1903               	skipnz
  4155     011C  291E               	goto	u1891
  4156     011D  291F               	goto	u1890
  4157     011E                     u1891:
  4158     011E  2920               	goto	l245
  4159     011F                     u1890:
  4160     011F  2887               	goto	l229
  4161     0120                     l245:	
  4162                           ;D:\yiming\00work\FR761_RX_V04.X\mcc_generated_files\LINDrivers\lin_slave.c: 144:       
      +                                    else {
  4163                           
  4164                           
  4165                           ;D:\yiming\00work\FR761_RX_V04.X\mcc_generated_files\LINDrivers\lin_slave.c: 145:       
      +                                        LIN_rxState = LIN_RX_RDY;
  4166     0120  3007               	movlw	7
  4167     0121  00BF               	movwf	LIN_handler@LIN_rxState
  4168     0122  297D               	goto	l253
  4169     0123                     l2580:
  4170                           
  4171                           ;D:\yiming\00work\FR761_RX_V04.X\mcc_generated_files\LINDrivers\lin_slave.c: 150:       
      +                                LIN_queuePacket(LIN_packet.PID);
  4172     0123  0140               	movlb	0	; select bank0
  4173     0124  0843               	movf	_LIN_packet,w
  4174     0125  3182  2204  3180   	fcall	_LIN_queuePacket
  4175     0128                     l2582:
  4176                           
  4177                           ;D:\yiming\00work\FR761_RX_V04.X\mcc_generated_files\LINDrivers\lin_slave.c: 151:       
      +                                LIN_rxState = LIN_RX_RDY;
  4178     0128  3007               	movlw	7
  4179     0129  0140               	movlb	0	; select bank0
  4180     012A  00BF               	movwf	LIN_handler@LIN_rxState
  4181     012B                     l248:	
  4182                           ;D:\yiming\00work\FR761_RX_V04.X\mcc_generated_files\LINDrivers\lin_slave.c: 152:       
      +                            case LIN_RX_RDY:
  4183                           
  4184                           
  4185                           ;D:\yiming\00work\FR761_RX_V04.X\mcc_generated_files\LINDrivers\lin_slave.c: 153:       
      +                                LIN_processData();
  4186     012B  0140               	movlb	0	; select bank0
  4187     012C  0865               	movf	_LIN_processData+1,w
  4188     012D  008A               	movwf	10
  4189     012E  0864               	movf	_LIN_processData,w
  4190     012F  000A               	callw
  4191     0130  3180               	pagesel	$
  4192     0131                     l2584:
  4193                           
  4194                           ;D:\yiming\00work\FR761_RX_V04.X\mcc_generated_files\LINDrivers\lin_slave.c: 155:       
      +                                LIN_stopTimer();
  4195     0131  3186  261A  3180   	fcall	_LIN_stopTimer
  4196     0134                     l2586:
  4197                           
  4198                           ;D:\yiming\00work\FR761_RX_V04.X\mcc_generated_files\LINDrivers\lin_slave.c: 156:       
      +                                rxDataIndex = 0;
  4199     0134  0140               	movlb	0	; select bank0
  4200     0135  01BE               	clrf	LIN_handler@rxDataIndex
  4201     0136                     l2588:
  4202                           
  4203                           ;D:\yiming\00work\FR761_RX_V04.X\mcc_generated_files\LINDrivers\lin_slave.c: 157:       
      +                                LIN_rxInProgress = 0;
  4204     0136  01C2               	clrf	_LIN_rxInProgress
  4205     0137                     l2590:
  4206                           
  4207                           ;D:\yiming\00work\FR761_RX_V04.X\mcc_generated_files\LINDrivers\lin_slave.c: 158:       
      +                                memset(LIN_packet.rawPacket, 0, sizeof(LIN_packet.rawPacket));
  4208     0137  3043               	movlw	low _LIN_packet
  4209     0138  00F0               	movwf	memset@dest
  4210     0139  3000               	movlw	high _LIN_packet
  4211     013A  00F1               	movwf	memset@dest+1
  4212     013B  3000               	movlw	0
  4213     013C  00F2               	movwf	memset@c
  4214     013D  00F3               	movwf	memset@c+1
  4215     013E  300D               	movlw	13
  4216     013F  00F4               	movwf	memset@n
  4217     0140  3000               	movlw	0
  4218     0141  00F5               	movwf	memset@n+1
  4219     0142  3184  24CB  3180   	fcall	_memset
  4220     0145                     l2592:
  4221                           
  4222                           ;D:\yiming\00work\FR761_RX_V04.X\mcc_generated_files\LINDrivers\lin_slave.c: 160:       
      +                                if(TX1STAbits.TRMT){
  4223     0145  0142               	movlb	2	; select bank2
  4224     0146  1C9E               	btfss	30,1	;volatile
  4225     0147  2949               	goto	u1901
  4226     0148  294A               	goto	u1900
  4227     0149                     u1901:
  4228     0149  2950               	goto	l251
  4229     014A                     u1900:
  4230     014A                     l2594:
  4231                           
  4232                           ;D:\yiming\00work\FR761_RX_V04.X\mcc_generated_files\LINDrivers\lin_slave.c: 161:       
      +                                    LIN_enableRx();
  4233     014A  3185  25FC  3180   	fcall	_LIN_enableRx
  4234     014D                     l2596:
  4235                           
  4236                           ;D:\yiming\00work\FR761_RX_V04.X\mcc_generated_files\LINDrivers\lin_slave.c: 162:       
      +                                    LIN_rxState = LIN_RX_IDLE;
  4237     014D  0140               	movlb	0	; select bank0
  4238     014E  01BF               	clrf	LIN_handler@LIN_rxState
  4239                           
  4240                           ;D:\yiming\00work\FR761_RX_V04.X\mcc_generated_files\LINDrivers\lin_slave.c: 163:       
      +                                } else {
  4241     014F  297D               	goto	l253
  4242     0150                     l251:
  4243                           
  4244                           ;D:\yiming\00work\FR761_RX_V04.X\mcc_generated_files\LINDrivers\lin_slave.c: 164:       
      +                                    LIN_rxState = LIN_RX_WAIT;
  4245     0150  3009               	movlw	9
  4246     0151  0140               	movlb	0	; select bank0
  4247     0152  00BF               	movwf	LIN_handler@LIN_rxState
  4248     0153  297D               	goto	l253
  4249     0154                     l2600:
  4250     0154  083F               	movf	LIN_handler@LIN_rxState,w
  4251     0155  0141               	movlb	1	; select bank1
  4252     0156  00A4               	movwf	??_LIN_handler^(0+128)
  4253     0157  01A5               	clrf	(??_LIN_handler+1)^(0+128)
  4254                           
  4255                           ; Switch on 2 bytes has been partitioned into a top level switch of size 1, and 1 sub-sw
      +                          itches
  4256                           ; Switch size 1, requested type "simple"
  4257                           ; Number of cases is 1, Range of values is 0 to 0
  4258                           ; switch strategies available:
  4259                           ; Name         Instructions Cycles
  4260                           ; simple_byte            4     3 (average)
  4261                           ; direct_byte            8     6 (fixed)
  4262                           ; jumptable            260     6 (fixed)
  4263                           ;	Chosen strategy is simple_byte
  4264     0158  0825               	movf	(??_LIN_handler+1)^(0+128),w
  4265     0159  3A00               	xorlw	0	; case 0
  4266     015A  1903               	skipnz
  4267     015B  295D               	goto	l2690
  4268     015C  297D               	goto	l253
  4269     015D                     l2690:
  4270                           
  4271                           ; Switch size 1, requested type "simple"
  4272                           ; Number of cases is 10, Range of values is 0 to 9
  4273                           ; switch strategies available:
  4274                           ; Name         Instructions Cycles
  4275                           ; direct_byte           26     6 (fixed)
  4276                           ; simple_byte           31    16 (average)
  4277                           ; jumptable            260     6 (fixed)
  4278                           ;	Chosen strategy is simple_byte
  4279     015D  0824               	movf	??_LIN_handler^(0+128),w
  4280     015E  3A00               	xorlw	0	; case 0
  4281     015F  1903               	skipnz
  4282     0160  2861               	goto	l2524
  4283     0161  3A01               	xorlw	1	; case 1
  4284     0162  1903               	skipnz
  4285     0163  2873               	goto	l2532
  4286     0164  3A03               	xorlw	3	; case 2
  4287     0165  1903               	skipnz
  4288     0166  288B               	goto	l2538
  4289     0167  3A01               	xorlw	1	; case 3
  4290     0168  1903               	skipnz
  4291     0169  289F               	goto	l2544
  4292     016A  3A07               	xorlw	7	; case 4
  4293     016B  1903               	skipnz
  4294     016C  28D6               	goto	l2564
  4295     016D  3A01               	xorlw	1	; case 5
  4296     016E  1903               	skipnz
  4297     016F  2902               	goto	l2574
  4298     0170  3A03               	xorlw	3	; case 6
  4299     0171  1903               	skipnz
  4300     0172  2923               	goto	l2580
  4301     0173  3A01               	xorlw	1	; case 7
  4302     0174  1903               	skipnz
  4303     0175  292B               	goto	l248
  4304     0176  3A0F               	xorlw	15	; case 8
  4305     0177  1903               	skipnz
  4306     0178  2931               	goto	l2584
  4307     0179  3A01               	xorlw	1	; case 9
  4308     017A  1903               	skipnz
  4309     017B  2945               	goto	l2592
  4310     017C  297D               	goto	l253
  4311     017D                     l253:
  4312     017D  0008               	return
  4313     017E                     __end_of_LIN_handler:
  4314                           
  4315                           	psect	text27
  4316     0566                     __ptext27:	
  4317 ;; *************** function _processLIN *****************
  4318 ;; Defined at:
  4319 ;;		line 49 in file "D:\yiming\00work\FR761_RX_V04.X\mcc_generated_files\LINDrivers\lin_app.c"
  4320 ;; Parameters:    Size  Location     Type
  4321 ;;		None
  4322 ;; Auto vars:     Size  Location     Type
  4323 ;;  cmd             1   11[COMMON] unsigned char 
  4324 ;; Return value:  Size  Location     Type
  4325 ;;                  1    wreg      void 
  4326 ;; Registers used:
  4327 ;;		wreg, fsr0l, fsr0h, fsr1l, fsr1h, status,2, status,0, pclath, cstack
  4328 ;; Tracked objects:
  4329 ;;		On entry : 0/0
  4330 ;;		On exit  : 0/0
  4331 ;;		Unchanged: 0/0
  4332 ;; Data sizes:     COMMON   BANK0   BANK1   BANK2
  4333 ;;      Params:         0       0       0       0
  4334 ;;      Locals:         1       0       0       0
  4335 ;;      Temps:          0       0       0       0
  4336 ;;      Totals:         1       0       0       0
  4337 ;;Total ram usage:        1 bytes
  4338 ;; Hardware stack levels used: 1
  4339 ;; Hardware stack levels required when called: 6
  4340 ;; This function calls:
  4341 ;;		_LIN_getPacket
  4342 ;;		_func_F150
  4343 ;; This function is called by:
  4344 ;;		_LIN_Slave_Initialize
  4345 ;;		_LIN_handler
  4346 ;; This function uses a non-reentrant model
  4347 ;;
  4348                           
  4349     0566                     _processLIN:	
  4350                           ;psect for function _processLIN
  4351                           
  4352     0566                     l2478:	
  4353                           ;incstack = 0
  4354                           ; Regs used in _processLIN: [wreg-fsr1h+status,2+status,0+pclath+cstack]
  4355                           
  4356                           
  4357                           ;D:\yiming\00work\FR761_RX_V04.X\mcc_generated_files\LINDrivers\lin_app.c: 51:   uint8_t
      +                           cmd;;D:\yiming\00work\FR761_RX_V04.X\mcc_generated_files\LINDrivers\lin_app.c: 53:   cm
      +                          d = LIN_getPacket(tempRxData);
  4358     0566  3050               	movlw	(low (_tempRxData| 0))& (0+255)
  4359     0567  00F9               	movwf	LIN_getPacket@data
  4360     0568  3184  2451  3185   	fcall	_LIN_getPacket
  4361     056B  00FB               	movwf	processLIN@cmd
  4362     056C                     l2480:
  4363                           
  4364                           ;D:\yiming\00work\FR761_RX_V04.X\mcc_generated_files\LINDrivers\lin_app.c: 54:   if (cmd
      +                           != SIGNAL)
  4365     056C  037B               	decf	processLIN@cmd,w
  4366     056D  1903               	btfsc	3,2
  4367     056E  2D70               	goto	u1731
  4368     056F  2D71               	goto	u1730
  4369     0570                     u1731:
  4370     0570  2D72               	goto	l2484
  4371     0571                     u1730:
  4372     0571  2D75               	goto	l142
  4373     0572                     l2484:
  4374                           
  4375                           ;D:\yiming\00work\FR761_RX_V04.X\mcc_generated_files\LINDrivers\lin_app.c: 59:   func_F1
      +                          50();
  4376     0572  3182  2273  3185   	fcall	_func_F150
  4377     0575                     l142:
  4378     0575  0008               	return
  4379     0576                     __end_of_processLIN:
  4380                           
  4381                           	psect	text28
  4382     0273                     __ptext28:	
  4383 ;; *************** function _func_F150 *****************
  4384 ;; Defined at:
  4385 ;;		line 43 in file "D:\yiming\00work\FR761_RX_V04.X\F150.c"
  4386 ;; Parameters:    Size  Location     Type
  4387 ;;		None
  4388 ;; Auto vars:     Size  Location     Type
  4389 ;;		None
  4390 ;; Return value:  Size  Location     Type
  4391 ;;                  1    wreg      void 
  4392 ;; Registers used:
  4393 ;;		wreg, fsr0l, fsr0h, status,2, status,0, pclath, cstack
  4394 ;; Tracked objects:
  4395 ;;		On entry : 0/0
  4396 ;;		On exit  : 0/0
  4397 ;;		Unchanged: 0/0
  4398 ;; Data sizes:     COMMON   BANK0   BANK1   BANK2
  4399 ;;      Params:         0       0       0       0
  4400 ;;      Locals:         0       0       0       0
  4401 ;;      Temps:          0       0       0       0
  4402 ;;      Totals:         0       0       0       0
  4403 ;;Total ram usage:        0 bytes
  4404 ;; Hardware stack levels used: 1
  4405 ;; Hardware stack levels required when called: 5
  4406 ;; This function calls:
  4407 ;;		_DRL_ON
  4408 ;;		_DRL_POS_OFF
  4409 ;;		_HIBEAM_OFF
  4410 ;;		_HIBEAM_ON
  4411 ;;		_POS_ON
  4412 ;; This function is called by:
  4413 ;;		_processLIN
  4414 ;; This function uses a non-reentrant model
  4415 ;;
  4416                           
  4417     0273                     _func_F150:	
  4418                           ;psect for function _func_F150
  4419                           
  4420     0273                     l1816:	
  4421                           ;incstack = 0
  4422                           ; Regs used in _func_F150: [wreg-fsr0h+status,2+status,0+pclath+cstack]
  4423                           
  4424                           
  4425                           ;D:\yiming\00work\FR761_RX_V04.X\F150.c: 45:   if (tempRxData[0] == 0x24)
  4426     0273  3024               	movlw	36
  4427     0274  0140               	movlb	0	; select bank0
  4428     0275  0650               	xorwf	_tempRxData,w
  4429     0276  1D03               	btfss	3,2
  4430     0277  2A79               	goto	u901
  4431     0278  2A7A               	goto	u900
  4432     0279                     u901:
  4433     0279  2AC8               	goto	l1862
  4434     027A                     u900:
  4435     027A  2A87               	goto	l1854
  4436     027B                     l1820:
  4437                           
  4438                           ;D:\yiming\00work\FR761_RX_V04.X\F150.c: 51:       DRL_POS_OFF();
  4439     027B  3186  2612  3182   	fcall	_DRL_POS_OFF
  4440                           
  4441                           ;D:\yiming\00work\FR761_RX_V04.X\F150.c: 52:       break;
  4442     027E  2AB9               	goto	l1856
  4443     027F                     l1828:
  4444                           
  4445                           ;D:\yiming\00work\FR761_RX_V04.X\F150.c: 71:       POS_ON();
  4446     027F  3186  260E  3182   	fcall	_POS_ON
  4447                           
  4448                           ;D:\yiming\00work\FR761_RX_V04.X\F150.c: 72:       break;
  4449     0282  2AB9               	goto	l1856
  4450     0283                     l1838:
  4451                           
  4452                           ;D:\yiming\00work\FR761_RX_V04.X\F150.c: 96:       DRL_ON();
  4453     0283  3186  2616  3182   	fcall	_DRL_ON
  4454                           
  4455                           ;D:\yiming\00work\FR761_RX_V04.X\F150.c: 97:       break;
  4456     0286  2AB9               	goto	l1856
  4457     0287                     l1854:
  4458     0287  0852               	movf	_tempRxData+2,w
  4459                           
  4460                           ; Switch size 1, requested type "simple"
  4461                           ; Number of cases is 16, Range of values is 9 to 180
  4462                           ; switch strategies available:
  4463                           ; Name         Instructions Cycles
  4464                           ; simple_byte           49    25 (average)
  4465                           ; jumptable            263     9 (fixed)
  4466                           ;	Chosen strategy is simple_byte
  4467     0288  3A09               	xorlw	9	; case 9
  4468     0289  1903               	skipnz
  4469     028A  2A7B               	goto	l1820
  4470     028B  3A03               	xorlw	3	; case 10
  4471     028C  1903               	skipnz
  4472     028D  2A7F               	goto	l1828
  4473     028E  3A01               	xorlw	1	; case 11
  4474     028F  1903               	skipnz
  4475     0290  2A7F               	goto	l1828
  4476     0291  3A07               	xorlw	7	; case 12
  4477     0292  1903               	skipnz
  4478     0293  2A7B               	goto	l1820
  4479     0294  3A1D               	xorlw	29	; case 17
  4480     0295  1903               	skipnz
  4481     0296  2A7B               	goto	l1820
  4482     0297  3A03               	xorlw	3	; case 18
  4483     0298  1903               	skipnz
  4484     0299  2A7F               	goto	l1828
  4485     029A  3A01               	xorlw	1	; case 19
  4486     029B  1903               	skipnz
  4487     029C  2A7F               	goto	l1828
  4488     029D  3A3A               	xorlw	58	; case 41
  4489     029E  1903               	skipnz
  4490     029F  2A7B               	goto	l1820
  4491     02A0  3A03               	xorlw	3	; case 42
  4492     02A1  1903               	skipnz
  4493     02A2  2A7F               	goto	l1828
  4494     02A3  3A01               	xorlw	1	; case 43
  4495     02A4  1903               	skipnz
  4496     02A5  2A7F               	goto	l1828
  4497     02A6  3A1A               	xorlw	26	; case 49
  4498     02A7  1903               	skipnz
  4499     02A8  2A7B               	goto	l1820
  4500     02A9  3A03               	xorlw	3	; case 50
  4501     02AA  1903               	skipnz
  4502     02AB  2A7F               	goto	l1828
  4503     02AC  3A01               	xorlw	1	; case 51
  4504     02AD  1903               	skipnz
  4505     02AE  2A7F               	goto	l1828
  4506     02AF  3A7F               	xorlw	127	; case 76
  4507     02B0  1903               	skipnz
  4508     02B1  2A83               	goto	l1838
  4509     02B2  3AD8               	xorlw	216	; case 148
  4510     02B3  1903               	skipnz
  4511     02B4  2A7F               	goto	l1828
  4512     02B5  3A20               	xorlw	32	; case 180
  4513     02B6  1903               	skipnz
  4514     02B7  2A7F               	goto	l1828
  4515     02B8  2AB9               	goto	l1856
  4516     02B9                     l1856:
  4517                           
  4518                           ;D:\yiming\00work\FR761_RX_V04.X\F150.c: 134:     if (tempRxData[1] & 0B11000000)
  4519     02B9  0140               	movlb	0	; select bank0
  4520     02BA  0851               	movf	_tempRxData+1,w
  4521     02BB  39C0               	andlw	192
  4522     02BC  1903               	btfsc	3,2
  4523     02BD  2ABF               	goto	u911
  4524     02BE  2AC0               	goto	u910
  4525     02BF                     u911:
  4526     02BF  2AC4               	goto	l1860
  4527     02C0                     u910:
  4528     02C0                     l1858:
  4529                           
  4530                           ;D:\yiming\00work\FR761_RX_V04.X\F150.c: 135:     {;D:\yiming\00work\FR761_RX_V04.X\F150
      +                          .c: 136:       HIBEAM_ON();
  4531     02C0  3186  2632  3182   	fcall	_HIBEAM_ON
  4532                           
  4533                           ;D:\yiming\00work\FR761_RX_V04.X\F150.c: 137:     }
  4534     02C3  2ADA               	goto	l42
  4535     02C4                     l1860:
  4536                           
  4537                           ;D:\yiming\00work\FR761_RX_V04.X\F150.c: 139:     {;D:\yiming\00work\FR761_RX_V04.X\F150
      +                          .c: 140:       HIBEAM_OFF();
  4538     02C4  3186  2635  3182   	fcall	_HIBEAM_OFF
  4539     02C7  2ADA               	goto	l42
  4540     02C8                     l1862:
  4541     02C8  3031               	movlw	49
  4542     02C9  0650               	xorwf	_tempRxData,w
  4543     02CA  1D03               	btfss	3,2
  4544     02CB  2ACD               	goto	u921
  4545     02CC  2ACE               	goto	u920
  4546     02CD                     u921:
  4547     02CD  2ADA               	goto	l42
  4548     02CE                     u920:
  4549     02CE                     l1864:
  4550     02CE  3008               	movlw	8
  4551     02CF  0651               	xorwf	_tempRxData+1,w
  4552     02D0  1D03               	btfss	3,2
  4553     02D1  2AD3               	goto	u931
  4554     02D2  2AD4               	goto	u930
  4555     02D3                     u931:
  4556     02D3  2ADA               	goto	l42
  4557     02D4                     u930:
  4558     02D4                     l1866:
  4559                           
  4560                           ;D:\yiming\00work\FR761_RX_V04.X\F150.c: 144:   {;D:\yiming\00work\FR761_RX_V04.X\F150.c
      +                          : 145:     DRL_POS_OFF();
  4561     02D4  3186  2612  3182   	fcall	_DRL_POS_OFF
  4562                           
  4563                           ;D:\yiming\00work\FR761_RX_V04.X\F150.c: 146:     HIBEAM_OFF();
  4564     02D7  3186  2635  3182   	fcall	_HIBEAM_OFF
  4565     02DA                     l42:	
  4566                           ;D:\yiming\00work\FR761_RX_V04.X\F150.c: 147:   }
  4567                           
  4568     02DA  0008               	return
  4569     02DB                     __end_of_func_F150:
  4570                           
  4571                           	psect	text29
  4572     060E                     __ptext29:	
  4573 ;; *************** function _POS_ON *****************
  4574 ;; Defined at:
  4575 ;;		line 41 in file "D:\yiming\00work\FR761_RX_V04.X\gpio.c"
  4576 ;; Parameters:    Size  Location     Type
  4577 ;;		None
  4578 ;; Auto vars:     Size  Location     Type
  4579 ;;		None
  4580 ;; Return value:  Size  Location     Type
  4581 ;;                  1    wreg      void 
  4582 ;; Registers used:
  4583 ;;		None
  4584 ;; Tracked objects:
  4585 ;;		On entry : 0/0
  4586 ;;		On exit  : 0/0
  4587 ;;		Unchanged: 0/0
  4588 ;; Data sizes:     COMMON   BANK0   BANK1   BANK2
  4589 ;;      Params:         0       0       0       0
  4590 ;;      Locals:         0       0       0       0
  4591 ;;      Temps:          0       0       0       0
  4592 ;;      Totals:         0       0       0       0
  4593 ;;Total ram usage:        0 bytes
  4594 ;; Hardware stack levels used: 1
  4595 ;; Hardware stack levels required when called: 4
  4596 ;; This function calls:
  4597 ;;		Nothing
  4598 ;; This function is called by:
  4599 ;;		_func_F150
  4600 ;; This function uses a non-reentrant model
  4601 ;;
  4602                           
  4603     060E                     _POS_ON:	
  4604                           ;psect for function _POS_ON
  4605                           
  4606     060E                     l1748:	
  4607                           ;incstack = 0
  4608                           ; Regs used in _POS_ON: []
  4609                           
  4610                           
  4611                           ;D:\yiming\00work\FR761_RX_V04.X\gpio.c: 43:     LATAbits.LATA5 = 1;
  4612     060E  0140               	movlb	0	; select bank0
  4613     060F  1698               	bsf	24,5	;volatile
  4614                           
  4615                           ;D:\yiming\00work\FR761_RX_V04.X\gpio.c: 44:     LATAbits.LATA1 = 0;
  4616     0610  1098               	bcf	24,1	;volatile
  4617     0611                     l96:
  4618     0611  0008               	return
  4619     0612                     __end_of_POS_ON:
  4620                           
  4621                           	psect	text30
  4622     0632                     __ptext30:	
  4623 ;; *************** function _HIBEAM_ON *****************
  4624 ;; Defined at:
  4625 ;;		line 34 in file "D:\yiming\00work\FR761_RX_V04.X\gpio.c"
  4626 ;; Parameters:    Size  Location     Type
  4627 ;;		None
  4628 ;; Auto vars:     Size  Location     Type
  4629 ;;		None
  4630 ;; Return value:  Size  Location     Type
  4631 ;;                  1    wreg      void 
  4632 ;; Registers used:
  4633 ;;		None
  4634 ;; Tracked objects:
  4635 ;;		On entry : 0/0
  4636 ;;		On exit  : 0/0
  4637 ;;		Unchanged: 0/0
  4638 ;; Data sizes:     COMMON   BANK0   BANK1   BANK2
  4639 ;;      Params:         0       0       0       0
  4640 ;;      Locals:         0       0       0       0
  4641 ;;      Temps:          0       0       0       0
  4642 ;;      Totals:         0       0       0       0
  4643 ;;Total ram usage:        0 bytes
  4644 ;; Hardware stack levels used: 1
  4645 ;; Hardware stack levels required when called: 4
  4646 ;; This function calls:
  4647 ;;		Nothing
  4648 ;; This function is called by:
  4649 ;;		_func_F150
  4650 ;; This function uses a non-reentrant model
  4651 ;;
  4652                           
  4653     0632                     _HIBEAM_ON:	
  4654                           ;psect for function _HIBEAM_ON
  4655                           
  4656     0632                     l1752:	
  4657                           ;incstack = 0
  4658                           ; Regs used in _HIBEAM_ON: []
  4659                           
  4660     0632  0140               	movlb	0	; select bank0
  4661     0633  1618               	bsf	24,4	;volatile
  4662     0634                     l87:
  4663     0634  0008               	return
  4664     0635                     __end_of_HIBEAM_ON:
  4665                           
  4666                           	psect	text31
  4667     0635                     __ptext31:	
  4668 ;; *************** function _HIBEAM_OFF *****************
  4669 ;; Defined at:
  4670 ;;		line 35 in file "D:\yiming\00work\FR761_RX_V04.X\gpio.c"
  4671 ;; Parameters:    Size  Location     Type
  4672 ;;		None
  4673 ;; Auto vars:     Size  Location     Type
  4674 ;;		None
  4675 ;; Return value:  Size  Location     Type
  4676 ;;                  1    wreg      void 
  4677 ;; Registers used:
  4678 ;;		None
  4679 ;; Tracked objects:
  4680 ;;		On entry : 0/0
  4681 ;;		On exit  : 0/0
  4682 ;;		Unchanged: 0/0
  4683 ;; Data sizes:     COMMON   BANK0   BANK1   BANK2
  4684 ;;      Params:         0       0       0       0
  4685 ;;      Locals:         0       0       0       0
  4686 ;;      Temps:          0       0       0       0
  4687 ;;      Totals:         0       0       0       0
  4688 ;;Total ram usage:        0 bytes
  4689 ;; Hardware stack levels used: 1
  4690 ;; Hardware stack levels required when called: 4
  4691 ;; This function calls:
  4692 ;;		Nothing
  4693 ;; This function is called by:
  4694 ;;		_func_F150
  4695 ;; This function uses a non-reentrant model
  4696 ;;
  4697                           
  4698     0635                     _HIBEAM_OFF:	
  4699                           ;psect for function _HIBEAM_OFF
  4700                           
  4701     0635                     l1754:	
  4702                           ;incstack = 0
  4703                           ; Regs used in _HIBEAM_OFF: []
  4704                           
  4705     0635  0140               	movlb	0	; select bank0
  4706     0636  1218               	bcf	24,4	;volatile
  4707     0637                     l90:
  4708     0637  0008               	return
  4709     0638                     __end_of_HIBEAM_OFF:
  4710                           
  4711                           	psect	text32
  4712     0612                     __ptext32:	
  4713 ;; *************** function _DRL_POS_OFF *****************
  4714 ;; Defined at:
  4715 ;;		line 46 in file "D:\yiming\00work\FR761_RX_V04.X\gpio.c"
  4716 ;; Parameters:    Size  Location     Type
  4717 ;;		None
  4718 ;; Auto vars:     Size  Location     Type
  4719 ;;		None
  4720 ;; Return value:  Size  Location     Type
  4721 ;;                  1    wreg      void 
  4722 ;; Registers used:
  4723 ;;		None
  4724 ;; Tracked objects:
  4725 ;;		On entry : 0/0
  4726 ;;		On exit  : 0/0
  4727 ;;		Unchanged: 0/0
  4728 ;; Data sizes:     COMMON   BANK0   BANK1   BANK2
  4729 ;;      Params:         0       0       0       0
  4730 ;;      Locals:         0       0       0       0
  4731 ;;      Temps:          0       0       0       0
  4732 ;;      Totals:         0       0       0       0
  4733 ;;Total ram usage:        0 bytes
  4734 ;; Hardware stack levels used: 1
  4735 ;; Hardware stack levels required when called: 4
  4736 ;; This function calls:
  4737 ;;		Nothing
  4738 ;; This function is called by:
  4739 ;;		_func_F150
  4740 ;; This function uses a non-reentrant model
  4741 ;;
  4742                           
  4743     0612                     _DRL_POS_OFF:	
  4744                           ;psect for function _DRL_POS_OFF
  4745                           
  4746     0612                     l1746:	
  4747                           ;incstack = 0
  4748                           ; Regs used in _DRL_POS_OFF: []
  4749                           
  4750                           
  4751                           ;D:\yiming\00work\FR761_RX_V04.X\gpio.c: 48:     LATAbits.LATA1 = 0;
  4752     0612  0140               	movlb	0	; select bank0
  4753     0613  1098               	bcf	24,1	;volatile
  4754                           
  4755                           ;D:\yiming\00work\FR761_RX_V04.X\gpio.c: 49:     LATAbits.LATA5 = 0;
  4756     0614  1298               	bcf	24,5	;volatile
  4757     0615                     l99:
  4758     0615  0008               	return
  4759     0616                     __end_of_DRL_POS_OFF:
  4760                           
  4761                           	psect	text33
  4762     0616                     __ptext33:	
  4763 ;; *************** function _DRL_ON *****************
  4764 ;; Defined at:
  4765 ;;		line 36 in file "D:\yiming\00work\FR761_RX_V04.X\gpio.c"
  4766 ;; Parameters:    Size  Location     Type
  4767 ;;		None
  4768 ;; Auto vars:     Size  Location     Type
  4769 ;;		None
  4770 ;; Return value:  Size  Location     Type
  4771 ;;                  1    wreg      void 
  4772 ;; Registers used:
  4773 ;;		None
  4774 ;; Tracked objects:
  4775 ;;		On entry : 0/0
  4776 ;;		On exit  : 0/0
  4777 ;;		Unchanged: 0/0
  4778 ;; Data sizes:     COMMON   BANK0   BANK1   BANK2
  4779 ;;      Params:         0       0       0       0
  4780 ;;      Locals:         0       0       0       0
  4781 ;;      Temps:          0       0       0       0
  4782 ;;      Totals:         0       0       0       0
  4783 ;;Total ram usage:        0 bytes
  4784 ;; Hardware stack levels used: 1
  4785 ;; Hardware stack levels required when called: 4
  4786 ;; This function calls:
  4787 ;;		Nothing
  4788 ;; This function is called by:
  4789 ;;		_func_F150
  4790 ;; This function uses a non-reentrant model
  4791 ;;
  4792                           
  4793     0616                     _DRL_ON:	
  4794                           ;psect for function _DRL_ON
  4795                           
  4796     0616                     l1750:	
  4797                           ;incstack = 0
  4798                           ; Regs used in _DRL_ON: []
  4799                           
  4800                           
  4801                           ;D:\yiming\00work\FR761_RX_V04.X\gpio.c: 38:     LATAbits.LATA1 = 1;
  4802     0616  0140               	movlb	0	; select bank0
  4803     0617  1498               	bsf	24,1	;volatile
  4804                           
  4805                           ;D:\yiming\00work\FR761_RX_V04.X\gpio.c: 39:     LATAbits.LATA5 = 0;
  4806     0618  1298               	bcf	24,5	;volatile
  4807     0619                     l93:
  4808     0619  0008               	return
  4809     061A                     __end_of_DRL_ON:
  4810                           
  4811                           	psect	text34
  4812     0451                     __ptext34:	
  4813 ;; *************** function _LIN_getPacket *****************
  4814 ;; Defined at:
  4815 ;;		line 181 in file "D:\yiming\00work\FR761_RX_V04.X\mcc_generated_files\LINDrivers\lin_slave.c"
  4816 ;; Parameters:    Size  Location     Type
  4817 ;;  data            1    9[COMMON] PTR unsigned char 
  4818 ;;		 -> tempRxData(8), 
  4819 ;; Auto vars:     Size  Location     Type
  4820 ;;  cmd             1   10[COMMON] unsigned char 
  4821 ;; Return value:  Size  Location     Type
  4822 ;;                  1    wreg      unsigned char 
  4823 ;; Registers used:
  4824 ;;		wreg, fsr1l, fsr1h, status,2, status,0, pclath, cstack
  4825 ;; Tracked objects:
  4826 ;;		On entry : 0/0
  4827 ;;		On exit  : 0/0
  4828 ;;		Unchanged: 0/0
  4829 ;; Data sizes:     COMMON   BANK0   BANK1   BANK2
  4830 ;;      Params:         1       0       0       0
  4831 ;;      Locals:         1       0       0       0
  4832 ;;      Temps:          0       0       0       0
  4833 ;;      Totals:         2       0       0       0
  4834 ;;Total ram usage:        2 bytes
  4835 ;; Hardware stack levels used: 1
  4836 ;; Hardware stack levels required when called: 5
  4837 ;; This function calls:
  4838 ;;		_memcpy
  4839 ;;		_memset
  4840 ;; This function is called by:
  4841 ;;		_processLIN
  4842 ;; This function uses a non-reentrant model
  4843 ;;
  4844                           
  4845     0451                     _LIN_getPacket:	
  4846                           ;psect for function _LIN_getPacket
  4847                           
  4848     0451                     l2456:	
  4849                           ;incstack = 0
  4850                           ; Regs used in _LIN_getPacket: [wreg+fsr1l+fsr1h+status,2+status,0+pclath+cstack]
  4851                           
  4852                           
  4853                           ;D:\yiming\00work\FR761_RX_V04.X\mcc_generated_files\LINDrivers\lin_slave.c: 182:     ui
      +                          nt8_t cmd = LIN_packet.PID & 0x3F;
  4854     0451  0140               	movlb	0	; select bank0
  4855     0452  0843               	movf	_LIN_packet,w
  4856     0453  393F               	andlw	63
  4857     0454  00FA               	movwf	LIN_getPacket@cmd
  4858     0455                     l2458:
  4859                           
  4860                           ;D:\yiming\00work\FR761_RX_V04.X\mcc_generated_files\LINDrivers\lin_slave.c: 184:     me
      +                          mcpy(data, LIN_packet.data, sizeof(LIN_packet.data));
  4861     0455  0879               	movf	LIN_getPacket@data,w
  4862     0456  00F0               	movwf	memcpy@d1
  4863     0457  01F1               	clrf	memcpy@d1+1
  4864     0458  3044               	movlw	low (_LIN_packet+1)
  4865     0459  00F2               	movwf	memcpy@s1
  4866     045A  3000               	movlw	high (_LIN_packet+1)
  4867     045B  00F3               	movwf	memcpy@s1+1
  4868     045C  3008               	movlw	8
  4869     045D  00F4               	movwf	memcpy@n
  4870     045E  3000               	movlw	0
  4871     045F  00F5               	movwf	memcpy@n+1
  4872     0460  3184  2473  3184   	fcall	_memcpy
  4873     0463                     l2460:
  4874                           
  4875                           ;D:\yiming\00work\FR761_RX_V04.X\mcc_generated_files\LINDrivers\lin_slave.c: 185:     me
      +                          mset(LIN_packet.rawPacket, 0, sizeof(LIN_packet.rawPacket));
  4876     0463  3043               	movlw	low _LIN_packet
  4877     0464  00F0               	movwf	memset@dest
  4878     0465  3000               	movlw	high _LIN_packet
  4879     0466  00F1               	movwf	memset@dest+1
  4880     0467  3000               	movlw	0
  4881     0468  00F2               	movwf	memset@c
  4882     0469  00F3               	movwf	memset@c+1
  4883     046A  300D               	movlw	13
  4884     046B  00F4               	movwf	memset@n
  4885     046C  3000               	movlw	0
  4886     046D  00F5               	movwf	memset@n+1
  4887     046E  3184  24CB  3184   	fcall	_memset
  4888     0471                     l2462:
  4889                           
  4890                           ;D:\yiming\00work\FR761_RX_V04.X\mcc_generated_files\LINDrivers\lin_slave.c: 187:     re
      +                          turn cmd;
  4891     0471  087A               	movf	LIN_getPacket@cmd,w
  4892     0472                     l262:
  4893     0472  0008               	return
  4894     0473                     __end_of_LIN_getPacket:
  4895                           
  4896                           	psect	text35
  4897     04CB                     __ptext35:	
  4898 ;; *************** function _memset *****************
  4899 ;; Defined at:
  4900 ;;		line 3 in file "c:\PROGRA~1\MICROC~1\xc8\v3.10\pic\sources\c99\common\memset.c"
  4901 ;; Parameters:    Size  Location     Type
  4902 ;;  dest            2    0[COMMON] PTR void 
  4903 ;;		 -> LIN_packet(13), 
  4904 ;;  c               2    2[COMMON] int 
  4905 ;;  n               2    4[COMMON] unsigned int 
  4906 ;; Auto vars:     Size  Location     Type
  4907 ;;  p               1    6[COMMON] PTR unsigned char 
  4908 ;;		 -> LIN_packet(13), 
  4909 ;; Return value:  Size  Location     Type
  4910 ;;                  2    0[COMMON] PTR void 
  4911 ;; Registers used:
  4912 ;;		wreg, fsr1l, fsr1h, status,2, status,0
  4913 ;; Tracked objects:
  4914 ;;		On entry : 0/0
  4915 ;;		On exit  : 0/0
  4916 ;;		Unchanged: 0/0
  4917 ;; Data sizes:     COMMON   BANK0   BANK1   BANK2
  4918 ;;      Params:         6       0       0       0
  4919 ;;      Locals:         1       0       0       0
  4920 ;;      Temps:          0       0       0       0
  4921 ;;      Totals:         7       0       0       0
  4922 ;;Total ram usage:        7 bytes
  4923 ;; Hardware stack levels used: 1
  4924 ;; Hardware stack levels required when called: 4
  4925 ;; This function calls:
  4926 ;;		Nothing
  4927 ;; This function is called by:
  4928 ;;		_LIN_handler
  4929 ;;		_LIN_getPacket
  4930 ;; This function uses a non-reentrant model
  4931 ;;
  4932                           
  4933     04CB                     _memset:	
  4934                           ;psect for function _memset
  4935                           
  4936     04CB                     l2430:	
  4937                           ;incstack = 0
  4938                           ; Regs used in _memset: [wreg+fsr1l+fsr1h+status,2+status,0]
  4939                           
  4940     04CB  0870               	movf	memset@dest,w
  4941     04CC  00F6               	movwf	memset@p
  4942     04CD  2CD5               	goto	l2436
  4943     04CE                     l2432:
  4944     04CE  0876               	movf	memset@p,w
  4945     04CF  0086               	movwf	6
  4946     04D0  0187               	clrf	7
  4947     04D1  0872               	movf	memset@c,w
  4948     04D2  0081               	movwf	1
  4949     04D3                     l2434:
  4950     04D3  3001               	movlw	1
  4951     04D4  07F6               	addwf	memset@p,f
  4952     04D5                     l2436:
  4953     04D5  3001               	movlw	1
  4954     04D6  02F4               	subwf	memset@n,f
  4955     04D7  3000               	movlw	0
  4956     04D8  3BF5               	subwfb	memset@n+1,f
  4957     04D9  0A74               	incf	memset@n,w
  4958     04DA  1D03               	skipz
  4959     04DB  2CE0               	goto	u1681
  4960     04DC  0A75               	incf	memset@n+1,w
  4961     04DD  1D03               	btfss	3,2
  4962     04DE  2CE0               	goto	u1681
  4963     04DF  2CE1               	goto	u1680
  4964     04E0                     u1681:
  4965     04E0  2CCE               	goto	l2432
  4966     04E1                     u1680:
  4967     04E1                     l1078:
  4968     04E1  0008               	return
  4969     04E2                     __end_of_memset:
  4970                           
  4971                           	psect	text36
  4972     061A                     __ptext36:	
  4973 ;; *************** function _LIN_stopTimer *****************
  4974 ;; Defined at:
  4975 ;;		line 282 in file "D:\yiming\00work\FR761_RX_V04.X\mcc_generated_files\LINDrivers\lin_slave.c"
  4976 ;; Parameters:    Size  Location     Type
  4977 ;;		None
  4978 ;; Auto vars:     Size  Location     Type
  4979 ;;		None
  4980 ;; Return value:  Size  Location     Type
  4981 ;;                  1    wreg      void 
  4982 ;; Registers used:
  4983 ;;		status,2
  4984 ;; Tracked objects:
  4985 ;;		On entry : 0/0
  4986 ;;		On exit  : 0/0
  4987 ;;		Unchanged: 0/0
  4988 ;; Data sizes:     COMMON   BANK0   BANK1   BANK2
  4989 ;;      Params:         0       0       0       0
  4990 ;;      Locals:         0       0       0       0
  4991 ;;      Temps:          0       0       0       0
  4992 ;;      Totals:         0       0       0       0
  4993 ;;Total ram usage:        0 bytes
  4994 ;; Hardware stack levels used: 1
  4995 ;; Hardware stack levels required when called: 4
  4996 ;; This function calls:
  4997 ;;		Nothing
  4998 ;; This function is called by:
  4999 ;;		_LIN_init
  5000 ;;		_LIN_handler
  5001 ;; This function uses a non-reentrant model
  5002 ;;
  5003                           
  5004     061A                     _LIN_stopTimer:	
  5005                           ;psect for function _LIN_stopTimer
  5006                           
  5007     061A                     l1756:	
  5008                           ;incstack = 0
  5009                           ; Regs used in _LIN_stopTimer: [status,2]
  5010                           
  5011                           
  5012                           ;D:\yiming\00work\FR761_RX_V04.X\mcc_generated_files\LINDrivers\lin_slave.c: 284:     Co
      +                          untCallBack = 0;
  5013     061A  0140               	movlb	0	; select bank0
  5014     061B  01C0               	clrf	_CountCallBack	;volatile
  5015                           
  5016                           ;D:\yiming\00work\FR761_RX_V04.X\mcc_generated_files\LINDrivers\lin_slave.c: 285:     LI
      +                          N_timerRunning = 0;
  5017     061C  01C1               	clrf	_LIN_timerRunning
  5018     061D                     l304:
  5019     061D  0008               	return
  5020     061E                     __end_of_LIN_stopTimer:
  5021                           
  5022                           	psect	text37
  5023     0585                     __ptext37:	
  5024 ;; *************** function _LIN_startTimer *****************
  5025 ;; Defined at:
  5026 ;;		line 261 in file "D:\yiming\00work\FR761_RX_V04.X\mcc_generated_files\LINDrivers\lin_slave.c"
  5027 ;; Parameters:    Size  Location     Type
  5028 ;;  timeout         1    wreg     unsigned char 
  5029 ;; Auto vars:     Size  Location     Type
  5030 ;;  timeout         1    1[COMMON] unsigned char 
  5031 ;; Return value:  Size  Location     Type
  5032 ;;                  1    wreg      void 
  5033 ;; Registers used:
  5034 ;;		wreg, status,2, status,0, pclath, cstack
  5035 ;; Tracked objects:
  5036 ;;		On entry : 0/0
  5037 ;;		On exit  : 0/0
  5038 ;;		Unchanged: 0/0
  5039 ;; Data sizes:     COMMON   BANK0   BANK1   BANK2
  5040 ;;      Params:         0       0       0       0
  5041 ;;      Locals:         1       0       0       0
  5042 ;;      Temps:          0       0       0       0
  5043 ;;      Totals:         1       0       0       0
  5044 ;;Total ram usage:        1 bytes
  5045 ;; Hardware stack levels used: 1
  5046 ;; Hardware stack levels required when called: 5
  5047 ;; This function calls:
  5048 ;;		_TMR0_WriteTimer
  5049 ;; This function is called by:
  5050 ;;		_LIN_handler
  5051 ;; This function uses a non-reentrant model
  5052 ;;
  5053                           
  5054     0585                     _LIN_startTimer:	
  5055                           ;psect for function _LIN_startTimer
  5056                           
  5057                           
  5058                           ;incstack = 0
  5059                           ; Regs used in _LIN_startTimer: [wreg+status,2+status,0+pclath+cstack]
  5060                           ;LIN_startTimer@timeout stored from wreg
  5061     0585  00F1               	movwf	LIN_startTimer@timeout
  5062     0586                     l2086:
  5063                           
  5064                           ;D:\yiming\00work\FR761_RX_V04.X\mcc_generated_files\LINDrivers\lin_slave.c: 262:     LI
      +                          N_timeout = timeout;
  5065     0586  0871               	movf	LIN_startTimer@timeout,w
  5066     0587  0140               	movlb	0	; select bank0
  5067     0588  00EC               	movwf	_LIN_timeout
  5068     0589                     l2088:
  5069                           
  5070                           ;D:\yiming\00work\FR761_RX_V04.X\mcc_generated_files\LINDrivers\lin_slave.c: 263:     TM
      +                          R0_WriteTimer(0);
  5071     0589  3000               	movlw	0
  5072     058A  3185  25F7  3185   	fcall	_TMR0_WriteTimer
  5073     058D                     l2090:
  5074                           
  5075                           ;D:\yiming\00work\FR761_RX_V04.X\mcc_generated_files\LINDrivers\lin_slave.c: 264:     __
      +                          nop();
  5076     058D  0000               	nop
  5077     058E                     l2092:
  5078                           
  5079                           ;D:\yiming\00work\FR761_RX_V04.X\mcc_generated_files\LINDrivers\lin_slave.c: 265:     Co
      +                          untCallBack = 0;
  5080     058E  0140               	movlb	0	; select bank0
  5081     058F  01C0               	clrf	_CountCallBack	;volatile
  5082     0590                     l2094:
  5083                           
  5084                           ;D:\yiming\00work\FR761_RX_V04.X\mcc_generated_files\LINDrivers\lin_slave.c: 266:     LI
      +                          N_timerRunning = 1;
  5085     0590  3001               	movlw	1
  5086     0591  00C1               	movwf	_LIN_timerRunning
  5087     0592                     l294:
  5088     0592  0008               	return
  5089     0593                     __end_of_LIN_startTimer:
  5090                           
  5091                           	psect	text38
  5092     05F7                     __ptext38:	
  5093 ;; *************** function _TMR0_WriteTimer *****************
  5094 ;; Defined at:
  5095 ;;		line 109 in file "D:\yiming\00work\FR761_RX_V04.X\mcc_generated_files\tmr0.c"
  5096 ;; Parameters:    Size  Location     Type
  5097 ;;  timerVal        1    wreg     unsigned char 
  5098 ;; Auto vars:     Size  Location     Type
  5099 ;;  timerVal        1    0[COMMON] unsigned char 
  5100 ;; Return value:  Size  Location     Type
  5101 ;;                  1    wreg      void 
  5102 ;; Registers used:
  5103 ;;		wreg
  5104 ;; Tracked objects:
  5105 ;;		On entry : 0/0
  5106 ;;		On exit  : 0/0
  5107 ;;		Unchanged: 0/0
  5108 ;; Data sizes:     COMMON   BANK0   BANK1   BANK2
  5109 ;;      Params:         0       0       0       0
  5110 ;;      Locals:         1       0       0       0
  5111 ;;      Temps:          0       0       0       0
  5112 ;;      Totals:         1       0       0       0
  5113 ;;Total ram usage:        1 bytes
  5114 ;; Hardware stack levels used: 1
  5115 ;; Hardware stack levels required when called: 4
  5116 ;; This function calls:
  5117 ;;		Nothing
  5118 ;; This function is called by:
  5119 ;;		_Clear_No_Call_Warning
  5120 ;;		_LIN_startTimer
  5121 ;; This function uses a non-reentrant model
  5122 ;;
  5123                           
  5124     05F7                     _TMR0_WriteTimer:	
  5125                           ;psect for function _TMR0_WriteTimer
  5126                           
  5127                           
  5128                           ;incstack = 0
  5129                           ; Regs used in _TMR0_WriteTimer: [wreg]
  5130                           ;TMR0_WriteTimer@timerVal stored from wreg
  5131     05F7  00F0               	movwf	TMR0_WriteTimer@timerVal
  5132     05F8                     l1874:
  5133                           
  5134                           ;D:\yiming\00work\FR761_RX_V04.X\mcc_generated_files\tmr0.c: 109: void TMR0_WriteTimer(u
      +                          int8_t timerVal);D:\yiming\00work\FR761_RX_V04.X\mcc_generated_files\tmr0.c: 110: {;D:\y
      +                          iming\00work\FR761_RX_V04.X\mcc_generated_files\tmr0.c: 112:     TMR0L = timerVal;
  5135     05F8  0870               	movf	TMR0_WriteTimer@timerVal,w
  5136     05F9  014B               	movlb	11	; select bank11
  5137     05FA  009C               	movwf	28	;volatile
  5138     05FB                     l581:
  5139     05FB  0008               	return
  5140     05FC                     __end_of_TMR0_WriteTimer:
  5141                           
  5142                           	psect	text39
  5143     0204                     __ptext39:	
  5144 ;; *************** function _LIN_queuePacket *****************
  5145 ;; Defined at:
  5146 ;;		line 46 in file "D:\yiming\00work\FR761_RX_V04.X\mcc_generated_files\LINDrivers\lin_slave.c"
  5147 ;; Parameters:    Size  Location     Type
  5148 ;;  cmd             1    wreg     unsigned char 
  5149 ;; Auto vars:     Size  Location     Type
  5150 ;;  cmd             1    0[BANK1 ] unsigned char 
  5151 ;;  i               1    1[BANK1 ] unsigned char 
  5152 ;;  tempSchedule    2    2[BANK1 ] PTR const struct .
  5153 ;;		 -> NULL(0), scheduleTable(5), 
  5154 ;; Return value:  Size  Location     Type
  5155 ;;                  1    wreg      void 
  5156 ;; Registers used:
  5157 ;;		wreg, fsr0l, fsr0h, fsr1l, fsr1h, status,2, status,0, pclath, cstack
  5158 ;; Tracked objects:
  5159 ;;		On entry : 0/0
  5160 ;;		On exit  : 0/0
  5161 ;;		Unchanged: 0/0
  5162 ;; Data sizes:     COMMON   BANK0   BANK1   BANK2
  5163 ;;      Params:         0       0       0       0
  5164 ;;      Locals:         0       0       4       0
  5165 ;;      Temps:          0       3       0       0
  5166 ;;      Totals:         0       3       4       0
  5167 ;;Total ram usage:        7 bytes
  5168 ;; Hardware stack levels used: 1
  5169 ;; Hardware stack levels required when called: 6
  5170 ;; This function calls:
  5171 ;;		_LIN_getChecksum
  5172 ;;		_LIN_sendPacket
  5173 ;;		_memcpy
  5174 ;; This function is called by:
  5175 ;;		_LIN_handler
  5176 ;; This function uses a non-reentrant model
  5177 ;;
  5178                           
  5179     0204                     _LIN_queuePacket:	
  5180                           ;psect for function _LIN_queuePacket
  5181                           
  5182                           
  5183                           ;incstack = 0
  5184                           ; Regs used in _LIN_queuePacket: [wreg-fsr1h+status,2+status,0+pclath+cstack]
  5185                           ;LIN_queuePacket@cmd stored from wreg
  5186     0204  0141               	movlb	1	; select bank1
  5187     0205  00A0               	movwf	LIN_queuePacket@cmd^(0+128)
  5188     0206                     l2486:
  5189                           
  5190                           ;D:\yiming\00work\FR761_RX_V04.X\mcc_generated_files\LINDrivers\lin_slave.c: 47:     con
      +                          st lin_rx_cmd_t* tempSchedule = LIN_rxCommand;
  5191     0206  0140               	movlb	0	; select bank0
  5192     0207  0863               	movf	_LIN_rxCommand+1,w
  5193     0208  0141               	movlb	1	; select bank1
  5194     0209  00A3               	movwf	(LIN_queuePacket@tempSchedule+1)^(0+128)
  5195     020A  0140               	movlb	0	; select bank0
  5196     020B  0862               	movf	_LIN_rxCommand,w
  5197     020C  0141               	movlb	1	; select bank1
  5198     020D  00A2               	movwf	LIN_queuePacket@tempSchedule^(0+128)
  5199     020E                     l2488:
  5200                           
  5201                           ;D:\yiming\00work\FR761_RX_V04.X\mcc_generated_files\LINDrivers\lin_slave.c: 49:     cmd
      +                           &= 0x3F;
  5202     020E  303F               	movlw	63
  5203     020F  05A0               	andwf	LIN_queuePacket@cmd^(0+128),f
  5204     0210                     l2490:
  5205                           
  5206                           ;D:\yiming\00work\FR761_RX_V04.X\mcc_generated_files\LINDrivers\lin_slave.c: 50:     for
      +                          (uint8_t i = 0; i < LIN_rxCommandLength; i++){
  5207     0210  01A1               	clrf	LIN_queuePacket@i^(0+128)
  5208     0211  2A23               	goto	l2500
  5209     0212                     l2492:
  5210                           
  5211                           ;D:\yiming\00work\FR761_RX_V04.X\mcc_generated_files\LINDrivers\lin_slave.c: 51:        
      +                           if(cmd == tempSchedule->cmd){
  5212     0212  0822               	movf	LIN_queuePacket@tempSchedule^(0+128),w
  5213     0213  0084               	movwf	4
  5214     0214  0823               	movf	(LIN_queuePacket@tempSchedule+1)^(0+128),w
  5215     0215  0085               	movwf	5
  5216     0216  0800               	movf	0,w	;code access
  5217     0217  0620               	xorwf	LIN_queuePacket@cmd^(0+128),w
  5218     0218  1D03               	skipz
  5219     0219  2A1B               	goto	u1741
  5220     021A  2A1C               	goto	u1740
  5221     021B                     u1741:
  5222     021B  2A1D               	goto	l2496
  5223     021C                     u1740:
  5224     021C  2A2B               	goto	l2502
  5225     021D                     l2496:
  5226                           
  5227                           ;D:\yiming\00work\FR761_RX_V04.X\mcc_generated_files\LINDrivers\lin_slave.c: 54:        
      +                           tempSchedule++;
  5228     021D  3005               	movlw	5
  5229     021E  07A2               	addwf	LIN_queuePacket@tempSchedule^(0+128),f
  5230     021F  3000               	movlw	0
  5231     0220  3DA3               	addwfc	(LIN_queuePacket@tempSchedule+1)^(0+128),f
  5232     0221                     l2498:
  5233                           
  5234                           ;D:\yiming\00work\FR761_RX_V04.X\mcc_generated_files\LINDrivers\lin_slave.c: 55:     }
  5235     0221  3001               	movlw	1
  5236     0222  07A1               	addwf	LIN_queuePacket@i^(0+128),f
  5237     0223                     l2500:
  5238     0223  0140               	movlb	0	; select bank0
  5239     0224  0866               	movf	_LIN_rxCommandLength,w
  5240     0225  0141               	movlb	1	; select bank1
  5241     0226  0221               	subwf	LIN_queuePacket@i^(0+128),w
  5242     0227  1C03               	skipc
  5243     0228  2A2A               	goto	u1751
  5244     0229  2A2B               	goto	u1750
  5245     022A                     u1751:
  5246     022A  2A12               	goto	l2492
  5247     022B                     u1750:
  5248     022B                     l2502:
  5249                           
  5250                           ;D:\yiming\00work\FR761_RX_V04.X\mcc_generated_files\LINDrivers\lin_slave.c: 57:     LIN
      +                          _packet.type = tempSchedule->type;
  5251     022B  3001               	movlw	1
  5252     022C  0722               	addwf	LIN_queuePacket@tempSchedule^(0+128),w
  5253     022D  0084               	movwf	4
  5254     022E  0823               	movf	(LIN_queuePacket@tempSchedule+1)^(0+128),w
  5255     022F  1803               	skipnc
  5256     0230  3E01               	addlw	1
  5257     0231  0085               	movwf	5
  5258     0232  0800               	movf	0,w	;code access
  5259     0233  0140               	movlb	0	; select bank0
  5260     0234  00CD               	movwf	_LIN_packet+10
  5261                           
  5262                           ;D:\yiming\00work\FR761_RX_V04.X\mcc_generated_files\LINDrivers\lin_slave.c: 58:     LIN
      +                          _packet.length = tempSchedule->length;
  5263     0235  3002               	movlw	2
  5264     0236  0141               	movlb	1	; select bank1
  5265     0237  0722               	addwf	LIN_queuePacket@tempSchedule^(0+128),w
  5266     0238  0084               	movwf	4
  5267     0239  0823               	movf	(LIN_queuePacket@tempSchedule+1)^(0+128),w
  5268     023A  1803               	skipnc
  5269     023B  3E01               	addlw	1
  5270     023C  0085               	movwf	5
  5271     023D  0800               	movf	0,w	;code access
  5272     023E  0140               	movlb	0	; select bank0
  5273     023F  00CE               	movwf	_LIN_packet+11
  5274     0240                     l2504:
  5275                           
  5276                           ;D:\yiming\00work\FR761_RX_V04.X\mcc_generated_files\LINDrivers\lin_slave.c: 62:     mem
      +                          cpy(LIN_packet.data, tempSchedule->data, LIN_packet.length);
  5277     0240  3044               	movlw	low (_LIN_packet+1)
  5278     0241  00F0               	movwf	memcpy@d1
  5279     0242  3000               	movlw	high (_LIN_packet+1)
  5280     0243  00F1               	movwf	memcpy@d1+1
  5281     0244  3003               	movlw	3
  5282     0245  0141               	movlb	1	; select bank1
  5283     0246  0722               	addwf	LIN_queuePacket@tempSchedule^(0+128),w
  5284     0247  0084               	movwf	4
  5285     0248  0823               	movf	(LIN_queuePacket@tempSchedule+1)^(0+128),w
  5286     0249  1803               	skipnc
  5287     024A  3E01               	addlw	1
  5288     024B  0085               	movwf	5
  5289     024C  3F00               	moviw [0]fsr0
  5290     024D  00F2               	movwf	memcpy@s1
  5291     024E  3F01               	moviw [1]fsr0
  5292     024F  00F3               	movwf	memcpy@s1+1
  5293     0250  0140               	movlb	0	; select bank0
  5294     0251  084E               	movf	_LIN_packet+11,w
  5295     0252  00EA               	movwf	??_LIN_queuePacket+1
  5296     0253  01EB               	clrf	??_LIN_queuePacket+2
  5297     0254  086A               	movf	??_LIN_queuePacket+1,w
  5298     0255  00F4               	movwf	memcpy@n
  5299     0256  086B               	movf	??_LIN_queuePacket+2,w
  5300     0257  00F5               	movwf	memcpy@n+1
  5301     0258  3184  2473  3182   	fcall	_memcpy
  5302     025B                     l2506:
  5303                           
  5304                           ;D:\yiming\00work\FR761_RX_V04.X\mcc_generated_files\LINDrivers\lin_slave.c: 65:     LIN
      +                          _packet.checksum = LIN_getChecksum(LIN_packet.length, LIN_packet.PID, LIN_packet.data);
  5305     025B  0140               	movlb	0	; select bank0
  5306     025C  0843               	movf	_LIN_packet,w
  5307     025D  00F0               	movwf	LIN_getChecksum@pid
  5308     025E  3044               	movlw	low (_LIN_packet+1)
  5309     025F  00F1               	movwf	LIN_getChecksum@data
  5310     0260  3000               	movlw	high (_LIN_packet+1)
  5311     0261  00F2               	movwf	LIN_getChecksum@data+1
  5312     0262  084E               	movf	_LIN_packet+11,w
  5313     0263  3183  23B0  3182   	fcall	_LIN_getChecksum
  5314     0266  0140               	movlb	0	; select bank0
  5315     0267  00CC               	movwf	_LIN_packet+9
  5316     0268                     l2508:
  5317                           
  5318                           ;D:\yiming\00work\FR761_RX_V04.X\mcc_generated_files\LINDrivers\lin_slave.c: 66:     LIN
      +                          _sendPacket(LIN_packet.length, LIN_packet.PID, LIN_packet.data);
  5319     0268  0843               	movf	_LIN_packet,w
  5320     0269  00FA               	movwf	LIN_sendPacket@pid
  5321     026A  3044               	movlw	low (_LIN_packet+1)
  5322     026B  00FB               	movwf	LIN_sendPacket@data
  5323     026C  3000               	movlw	high (_LIN_packet+1)
  5324     026D  00FC               	movwf	LIN_sendPacket@data+1
  5325     026E  084E               	movf	_LIN_packet+11,w
  5326     026F  3184  2408  3182   	fcall	_LIN_sendPacket
  5327     0272                     l214:
  5328     0272  0008               	return
  5329     0273                     __end_of_LIN_queuePacket:
  5330                           
  5331                           	psect	text40
  5332     0473                     __ptext40:	
  5333 ;; *************** function _memcpy *****************
  5334 ;; Defined at:
  5335 ;;		line 4 in file "c:\PROGRA~1\MICROC~1\xc8\v3.10\pic\sources\c99\common\memcpy.c"
  5336 ;; Parameters:    Size  Location     Type
  5337 ;;  d1              2    0[COMMON] PTR void 
  5338 ;;		 -> LIN_packet(13), tempRxData(8), 
  5339 ;;  s1              2    2[COMMON] PTR const void 
  5340 ;;		 -> LIN_packet$data(8), LIN_packet(13), SIGNAL_Data(8), 
  5341 ;;  n               2    4[COMMON] unsigned int 
  5342 ;; Auto vars:     Size  Location     Type
  5343 ;;  s               1    8[COMMON] PTR const unsigned char 
  5344 ;;		 -> LIN_packet$data(8), LIN_packet(13), SIGNAL_Data(8), 
  5345 ;;  d               1    7[COMMON] PTR unsigned char 
  5346 ;;		 -> LIN_packet(13), tempRxData(8), 
  5347 ;;  tmp             1    6[COMMON] unsigned char 
  5348 ;; Return value:  Size  Location     Type
  5349 ;;                  2    0[COMMON] PTR void 
  5350 ;; Registers used:
  5351 ;;		wreg, fsr1l, fsr1h, status,2, status,0
  5352 ;; Tracked objects:
  5353 ;;		On entry : 0/0
  5354 ;;		On exit  : 0/0
  5355 ;;		Unchanged: 0/0
  5356 ;; Data sizes:     COMMON   BANK0   BANK1   BANK2
  5357 ;;      Params:         6       0       0       0
  5358 ;;      Locals:         3       0       0       0
  5359 ;;      Temps:          0       0       0       0
  5360 ;;      Totals:         9       0       0       0
  5361 ;;Total ram usage:        9 bytes
  5362 ;; Hardware stack levels used: 1
  5363 ;; Hardware stack levels required when called: 4
  5364 ;; This function calls:
  5365 ;;		Nothing
  5366 ;; This function is called by:
  5367 ;;		_LIN_queuePacket
  5368 ;;		_LIN_getPacket
  5369 ;; This function uses a non-reentrant model
  5370 ;;
  5371                           
  5372     0473                     _memcpy:	
  5373                           ;psect for function _memcpy
  5374                           
  5375     0473                     l2402:	
  5376                           ;incstack = 0
  5377                           ; Regs used in _memcpy: [wreg+fsr1l+fsr1h+status,2+status,0]
  5378                           
  5379     0473  0872               	movf	memcpy@s1,w
  5380     0474  00F8               	movwf	memcpy@s
  5381     0475  0870               	movf	memcpy@d1,w
  5382     0476  00F7               	movwf	memcpy@d
  5383     0477  2C86               	goto	l1069
  5384     0478                     l2404:
  5385     0478  0878               	movf	memcpy@s,w
  5386     0479  0086               	movwf	6
  5387     047A  0187               	clrf	7
  5388     047B  0801               	movf	1,w
  5389     047C  00F6               	movwf	memcpy@tmp
  5390     047D                     l2406:
  5391     047D  3001               	movlw	1
  5392     047E  07F8               	addwf	memcpy@s,f
  5393     047F                     l2408:
  5394     047F  0877               	movf	memcpy@d,w
  5395     0480  0086               	movwf	6
  5396     0481  0187               	clrf	7
  5397     0482  0876               	movf	memcpy@tmp,w
  5398     0483  0081               	movwf	1
  5399     0484  3001               	movlw	1
  5400     0485  07F7               	addwf	memcpy@d,f
  5401     0486                     l1069:
  5402     0486  3001               	movlw	1
  5403     0487  02F4               	subwf	memcpy@n,f
  5404     0488  3000               	movlw	0
  5405     0489  3BF5               	subwfb	memcpy@n+1,f
  5406     048A  0A74               	incf	memcpy@n,w
  5407     048B  1D03               	skipz
  5408     048C  2C91               	goto	u1651
  5409     048D  0A75               	incf	memcpy@n+1,w
  5410     048E  1D03               	btfss	3,2
  5411     048F  2C91               	goto	u1651
  5412     0490  2C92               	goto	u1650
  5413     0491                     u1651:
  5414     0491  2C78               	goto	l2404
  5415     0492                     u1650:
  5416     0492                     l1072:
  5417     0492  0008               	return
  5418     0493                     __end_of_memcpy:
  5419                           
  5420                           	psect	text41
  5421     0408                     __ptext41:	
  5422 ;; *************** function _LIN_sendPacket *****************
  5423 ;; Defined at:
  5424 ;;		line 171 in file "D:\yiming\00work\FR761_RX_V04.X\mcc_generated_files\LINDrivers\lin_slave.c"
  5425 ;; Parameters:    Size  Location     Type
  5426 ;;  length          1    wreg     unsigned char 
  5427 ;;  pid             1   10[COMMON] unsigned char 
  5428 ;;  data            2   11[COMMON] PTR unsigned char 
  5429 ;;		 -> LIN_packet(13), 
  5430 ;; Auto vars:     Size  Location     Type
  5431 ;;  length          1    0[BANK0 ] unsigned char 
  5432 ;;  i               1    1[BANK0 ] unsigned char 
  5433 ;; Return value:  Size  Location     Type
  5434 ;;                  1    wreg      void 
  5435 ;; Registers used:
  5436 ;;		wreg, fsr1l, fsr1h, status,2, status,0, pclath, cstack
  5437 ;; Tracked objects:
  5438 ;;		On entry : 0/0
  5439 ;;		On exit  : 0/0
  5440 ;;		Unchanged: 0/0
  5441 ;; Data sizes:     COMMON   BANK0   BANK1   BANK2
  5442 ;;      Params:         3       0       0       0
  5443 ;;      Locals:         0       2       0       0
  5444 ;;      Temps:          0       0       0       0
  5445 ;;      Totals:         3       2       0       0
  5446 ;;Total ram usage:        5 bytes
  5447 ;; Hardware stack levels used: 1
  5448 ;; Hardware stack levels required when called: 5
  5449 ;; This function calls:
  5450 ;;		_EUSART1_Write
  5451 ;;		_LIN_getChecksum
  5452 ;; This function is called by:
  5453 ;;		_LIN_queuePacket
  5454 ;; This function uses a non-reentrant model
  5455 ;;
  5456                           
  5457     0408                     _LIN_sendPacket:	
  5458                           ;psect for function _LIN_sendPacket
  5459                           
  5460                           
  5461                           ;incstack = 0
  5462                           ; Regs used in _LIN_sendPacket: [wreg+fsr1l+fsr1h+status,2+status,0+pclath+cstack]
  5463                           ;LIN_sendPacket@length stored from wreg
  5464     0408  0140               	movlb	0	; select bank0
  5465     0409  00E7               	movwf	LIN_sendPacket@length
  5466     040A                     l2466:
  5467                           
  5468                           ;D:\yiming\00work\FR761_RX_V04.X\mcc_generated_files\LINDrivers\lin_slave.c: 174:     fo
      +                          r(uint8_t i = 0; i < length; i++){
  5469     040A  01E8               	clrf	LIN_sendPacket@i
  5470     040B  2C19               	goto	l2472
  5471     040C                     l2468:
  5472                           
  5473                           ;D:\yiming\00work\FR761_RX_V04.X\mcc_generated_files\LINDrivers\lin_slave.c: 175:       
      +                            EUSART1_Write(*(data + i));
  5474     040C  0868               	movf	LIN_sendPacket@i,w
  5475     040D  077B               	addwf	LIN_sendPacket@data,w
  5476     040E  0086               	movwf	6
  5477     040F  3000               	movlw	0
  5478     0410  3D7C               	addwfc	LIN_sendPacket@data+1,w
  5479     0411  0087               	movwf	7
  5480     0412  0801               	movf	1,w
  5481     0413  3183  23E2  3184   	fcall	_EUSART1_Write
  5482     0416                     l2470:
  5483                           
  5484                           ;D:\yiming\00work\FR761_RX_V04.X\mcc_generated_files\LINDrivers\lin_slave.c: 176:     }
  5485     0416  3001               	movlw	1
  5486     0417  0140               	movlb	0	; select bank0
  5487     0418  07E8               	addwf	LIN_sendPacket@i,f
  5488     0419                     l2472:
  5489     0419  0867               	movf	LIN_sendPacket@length,w
  5490     041A  0268               	subwf	LIN_sendPacket@i,w
  5491     041B  1C03               	skipc
  5492     041C  2C1E               	goto	u1721
  5493     041D  2C1F               	goto	u1720
  5494     041E                     u1721:
  5495     041E  2C0C               	goto	l2468
  5496     041F                     u1720:
  5497     041F                     l2474:
  5498                           
  5499                           ;D:\yiming\00work\FR761_RX_V04.X\mcc_generated_files\LINDrivers\lin_slave.c: 178:     EU
      +                          SART1_Write(LIN_getChecksum(length, pid, data));
  5500     041F  087A               	movf	LIN_sendPacket@pid,w
  5501     0420  00F0               	movwf	LIN_getChecksum@pid
  5502     0421  087C               	movf	LIN_sendPacket@data+1,w
  5503     0422  00F2               	movwf	LIN_getChecksum@data+1
  5504     0423  087B               	movf	LIN_sendPacket@data,w
  5505     0424  00F1               	movwf	LIN_getChecksum@data
  5506     0425  0867               	movf	LIN_sendPacket@length,w
  5507     0426  3183  23B0  3184   	fcall	_LIN_getChecksum
  5508     0429  3183  23E2  3184   	fcall	_EUSART1_Write
  5509     042C                     l259:
  5510     042C  0008               	return
  5511     042D                     __end_of_LIN_sendPacket:
  5512                           
  5513                           	psect	text42
  5514     03B0                     __ptext42:	
  5515 ;; *************** function _LIN_getChecksum *****************
  5516 ;; Defined at:
  5517 ;;		line 248 in file "D:\yiming\00work\FR761_RX_V04.X\mcc_generated_files\LINDrivers\lin_slave.c"
  5518 ;; Parameters:    Size  Location     Type
  5519 ;;  length          1    wreg     unsigned char 
  5520 ;;  pid             1    0[COMMON] unsigned char 
  5521 ;;  data            2    1[COMMON] PTR unsigned char 
  5522 ;;		 -> LIN_packet(13), 
  5523 ;; Auto vars:     Size  Location     Type
  5524 ;;  length          1    5[COMMON] unsigned char 
  5525 ;;  i               1    6[COMMON] unsigned char 
  5526 ;;  checksum        2    7[COMMON] unsigned short 
  5527 ;; Return value:  Size  Location     Type
  5528 ;;                  1    wreg      unsigned char 
  5529 ;; Registers used:
  5530 ;;		wreg, fsr1l, fsr1h, status,2, status,0
  5531 ;; Tracked objects:
  5532 ;;		On entry : 0/0
  5533 ;;		On exit  : 0/0
  5534 ;;		Unchanged: 0/0
  5535 ;; Data sizes:     COMMON   BANK0   BANK1   BANK2
  5536 ;;      Params:         3       0       0       0
  5537 ;;      Locals:         4       0       0       0
  5538 ;;      Temps:          2       0       0       0
  5539 ;;      Totals:         9       0       0       0
  5540 ;;Total ram usage:        9 bytes
  5541 ;; Hardware stack levels used: 1
  5542 ;; Hardware stack levels required when called: 4
  5543 ;; This function calls:
  5544 ;;		Nothing
  5545 ;; This function is called by:
  5546 ;;		_LIN_queuePacket
  5547 ;;		_LIN_handler
  5548 ;;		_LIN_sendPacket
  5549 ;; This function uses a non-reentrant model
  5550 ;;
  5551                           
  5552     03B0                     _LIN_getChecksum:	
  5553                           ;psect for function _LIN_getChecksum
  5554                           
  5555                           
  5556                           ;incstack = 0
  5557                           ; Regs used in _LIN_getChecksum: [wreg+fsr1l+fsr1h+status,2+status,0]
  5558                           ;LIN_getChecksum@length stored from wreg
  5559     03B0  00F5               	movwf	LIN_getChecksum@length
  5560     03B1                     l2410:
  5561                           
  5562                           ;D:\yiming\00work\FR761_RX_V04.X\mcc_generated_files\LINDrivers\lin_slave.c: 249:     ui
      +                          nt16_t checksum = pid;
  5563     03B1  0870               	movf	LIN_getChecksum@pid,w
  5564     03B2  00F3               	movwf	??_LIN_getChecksum
  5565     03B3  01F4               	clrf	??_LIN_getChecksum+1
  5566     03B4  0873               	movf	??_LIN_getChecksum,w
  5567     03B5  00F7               	movwf	LIN_getChecksum@checksum
  5568     03B6  0874               	movf	??_LIN_getChecksum+1,w
  5569     03B7  00F8               	movwf	LIN_getChecksum@checksum+1
  5570     03B8                     l2412:
  5571                           
  5572                           ;D:\yiming\00work\FR761_RX_V04.X\mcc_generated_files\LINDrivers\lin_slave.c: 251:     fo
      +                          r (uint8_t i = 0; i < length; i++){
  5573     03B8  01F6               	clrf	LIN_getChecksum@i
  5574     03B9  2BD8               	goto	l2424
  5575     03BA                     l2414:
  5576                           
  5577                           ;D:\yiming\00work\FR761_RX_V04.X\mcc_generated_files\LINDrivers\lin_slave.c: 252:       
      +                            checksum = checksum + *data++;
  5578     03BA  0871               	movf	LIN_getChecksum@data,w
  5579     03BB  0086               	movwf	6
  5580     03BC  0872               	movf	LIN_getChecksum@data+1,w
  5581     03BD  0087               	movwf	7
  5582     03BE  0801               	movf	1,w
  5583     03BF  0777               	addwf	LIN_getChecksum@checksum,w
  5584     03C0  00F7               	movwf	LIN_getChecksum@checksum
  5585     03C1  0878               	movf	LIN_getChecksum@checksum+1,w
  5586     03C2  1803               	skipnc
  5587     03C3  0A78               	incf	LIN_getChecksum@checksum+1,w
  5588     03C4  00F8               	movwf	LIN_getChecksum@checksum+1
  5589     03C5                     l2416:
  5590     03C5  3001               	movlw	1
  5591     03C6  07F1               	addwf	LIN_getChecksum@data,f
  5592     03C7  3000               	movlw	0
  5593     03C8  3DF2               	addwfc	LIN_getChecksum@data+1,f
  5594     03C9                     l2418:
  5595                           
  5596                           ;D:\yiming\00work\FR761_RX_V04.X\mcc_generated_files\LINDrivers\lin_slave.c: 253:       
      +                            if(checksum > 0xFF)
  5597     03C9  3001               	movlw	1
  5598     03CA  0278               	subwf	LIN_getChecksum@checksum+1,w
  5599     03CB  3000               	movlw	0
  5600     03CC  1903               	skipnz
  5601     03CD  0277               	subwf	LIN_getChecksum@checksum,w
  5602     03CE  1C03               	skipc
  5603     03CF  2BD1               	goto	u1661
  5604     03D0  2BD2               	goto	u1660
  5605     03D1                     u1661:
  5606     03D1  2BD6               	goto	l2422
  5607     03D2                     u1660:
  5608     03D2                     l2420:
  5609                           
  5610                           ;D:\yiming\00work\FR761_RX_V04.X\mcc_generated_files\LINDrivers\lin_slave.c: 254:       
      +                                checksum -= 0xFF;
  5611     03D2  30FF               	movlw	255
  5612     03D3  02F7               	subwf	LIN_getChecksum@checksum,f
  5613     03D4  3000               	movlw	0
  5614     03D5  3BF8               	subwfb	LIN_getChecksum@checksum+1,f
  5615     03D6                     l2422:
  5616                           
  5617                           ;D:\yiming\00work\FR761_RX_V04.X\mcc_generated_files\LINDrivers\lin_slave.c: 255:     }
  5618     03D6  3001               	movlw	1
  5619     03D7  07F6               	addwf	LIN_getChecksum@i,f
  5620     03D8                     l2424:
  5621     03D8  0875               	movf	LIN_getChecksum@length,w
  5622     03D9  0276               	subwf	LIN_getChecksum@i,w
  5623     03DA  1C03               	skipc
  5624     03DB  2BDD               	goto	u1671
  5625     03DC  2BDE               	goto	u1670
  5626     03DD                     u1671:
  5627     03DD  2BBA               	goto	l2414
  5628     03DE                     u1670:
  5629     03DE                     l290:
  5630                           
  5631                           ;D:\yiming\00work\FR761_RX_V04.X\mcc_generated_files\LINDrivers\lin_slave.c: 256:     ch
      +                          ecksum = ~checksum;
  5632     03DE  09F7               	comf	LIN_getChecksum@checksum,f
  5633     03DF  09F8               	comf	LIN_getChecksum@checksum+1,f
  5634     03E0                     l2426:
  5635                           
  5636                           ;D:\yiming\00work\FR761_RX_V04.X\mcc_generated_files\LINDrivers\lin_slave.c: 258:     re
      +                          turn (uint8_t)checksum;
  5637     03E0  0877               	movf	LIN_getChecksum@checksum,w
  5638     03E1                     l291:
  5639     03E1  0008               	return
  5640     03E2                     __end_of_LIN_getChecksum:
  5641                           
  5642                           	psect	text43
  5643     03E2                     __ptext43:	
  5644 ;; *************** function _EUSART1_Write *****************
  5645 ;; Defined at:
  5646 ;;		line 173 in file "D:\yiming\00work\FR761_RX_V04.X\mcc_generated_files\eusart1.c"
  5647 ;; Parameters:    Size  Location     Type
  5648 ;;  txData          1    wreg     unsigned char 
  5649 ;; Auto vars:     Size  Location     Type
  5650 ;;  txData          1    9[COMMON] unsigned char 
  5651 ;; Return value:  Size  Location     Type
  5652 ;;                  1    wreg      void 
  5653 ;; Registers used:
  5654 ;;		wreg, fsr1l, fsr1h, status,2, status,0
  5655 ;; Tracked objects:
  5656 ;;		On entry : 0/0
  5657 ;;		On exit  : 0/0
  5658 ;;		Unchanged: 0/0
  5659 ;; Data sizes:     COMMON   BANK0   BANK1   BANK2
  5660 ;;      Params:         0       0       0       0
  5661 ;;      Locals:         1       0       0       0
  5662 ;;      Temps:          0       0       0       0
  5663 ;;      Totals:         1       0       0       0
  5664 ;;Total ram usage:        1 bytes
  5665 ;; Hardware stack levels used: 1
  5666 ;; Hardware stack levels required when called: 4
  5667 ;; This function calls:
  5668 ;;		Nothing
  5669 ;; This function is called by:
  5670 ;;		_LIN_sendPacket
  5671 ;; This function uses a non-reentrant model
  5672 ;;
  5673                           
  5674     03E2                     _EUSART1_Write:	
  5675                           ;psect for function _EUSART1_Write
  5676                           
  5677                           
  5678                           ;incstack = 0
  5679                           ; Regs used in _EUSART1_Write: [wreg+fsr1l+fsr1h+status,2+status,0]
  5680                           ;EUSART1_Write@txData stored from wreg
  5681     03E2  00F9               	movwf	EUSART1_Write@txData
  5682     03E3                     l2438:
  5683     03E3                     l2440:	
  5684                           ;D:\yiming\00work\FR761_RX_V04.X\mcc_generated_files\eusart1.c: 173: void EUSART1_Write(
      +                          uint8_t txData);D:\yiming\00work\FR761_RX_V04.X\mcc_generated_files\eusart1.c: 174: {;D:
      +                          \yiming\00work\FR761_RX_V04.X\mcc_generated_files\eusart1.c: 175:     while(0 == eusart1
      +                          TxBufferRemaining)
  5685                           
  5686                           
  5687                           ;D:\yiming\00work\FR761_RX_V04.X\mcc_generated_files\eusart1.c: 175:     while(0 == eusa
      +                          rt1TxBufferRemaining)
  5688     03E3  0140               	movlb	0	; select bank0
  5689     03E4  083B               	movf	_eusart1TxBufferRemaining,w	;volatile
  5690     03E5  1903               	btfsc	3,2
  5691     03E6  2BE8               	goto	u1691
  5692     03E7  2BE9               	goto	u1690
  5693     03E8                     u1691:
  5694     03E8  2BE3               	goto	l2440
  5695     03E9                     u1690:
  5696     03E9                     l413:
  5697                           
  5698                           ;D:\yiming\00work\FR761_RX_V04.X\mcc_generated_files\eusart1.c: 179:     if(0 == PIE1bit
      +                          s.TX1IE)
  5699     03E9  014E               	movlb	14	; select bank14
  5700     03EA  1997               	btfsc	23,3	;volatile
  5701     03EB  2BED               	goto	u1701
  5702     03EC  2BEE               	goto	u1700
  5703     03ED                     u1701:
  5704     03ED  2BF2               	goto	l414
  5705     03EE                     u1700:
  5706     03EE                     l2442:
  5707                           
  5708                           ;D:\yiming\00work\FR761_RX_V04.X\mcc_generated_files\eusart1.c: 180:     {;D:\yiming\00w
      +                          ork\FR761_RX_V04.X\mcc_generated_files\eusart1.c: 181:         TX1REG = txData;
  5709     03EE  0879               	movf	EUSART1_Write@txData,w
  5710     03EF  0142               	movlb	2	; select bank2
  5711     03F0  009A               	movwf	26	;volatile
  5712                           
  5713                           ;D:\yiming\00work\FR761_RX_V04.X\mcc_generated_files\eusart1.c: 182:     }
  5714     03F1  2C05               	goto	l2454
  5715     03F2                     l414:	
  5716                           ;D:\yiming\00work\FR761_RX_V04.X\mcc_generated_files\eusart1.c: 183:     else
  5717                           
  5718                           
  5719                           ;D:\yiming\00work\FR761_RX_V04.X\mcc_generated_files\eusart1.c: 184:     {;D:\yiming\00w
      +                          ork\FR761_RX_V04.X\mcc_generated_files\eusart1.c: 185:         PIE1bits.TX1IE = 0;
  5720     03F2  1197               	bcf	23,3	;volatile
  5721     03F3                     l2444:
  5722                           
  5723                           ;D:\yiming\00work\FR761_RX_V04.X\mcc_generated_files\eusart1.c: 186:         eusart1TxBu
      +                          ffer[eusart1TxHead++] = txData;
  5724     03F3  0140               	movlb	0	; select bank0
  5725     03F4  083D               	movf	_eusart1TxHead,w
  5726     03F5  3E30               	addlw	(low (_eusart1TxBuffer| 0))& (0+255)
  5727     03F6  0086               	movwf	6
  5728     03F7  0187               	clrf	7
  5729     03F8  0879               	movf	EUSART1_Write@txData,w
  5730     03F9  0081               	movwf	1
  5731     03FA                     l2446:
  5732     03FA  3001               	movlw	1
  5733     03FB  07BD               	addwf	_eusart1TxHead,f	;volatile
  5734     03FC                     l2448:
  5735                           
  5736                           ;D:\yiming\00work\FR761_RX_V04.X\mcc_generated_files\eusart1.c: 187:         if(sizeof(e
      +                          usart1TxBuffer) <= eusart1TxHead)
  5737     03FC  3008               	movlw	8
  5738     03FD  023D               	subwf	_eusart1TxHead,w	;volatile
  5739     03FE  1C03               	skipc
  5740     03FF  2C01               	goto	u1711
  5741     0400  2C02               	goto	u1710
  5742     0401                     u1711:
  5743     0401  2C03               	goto	l2452
  5744     0402                     u1710:
  5745     0402                     l2450:
  5746                           
  5747                           ;D:\yiming\00work\FR761_RX_V04.X\mcc_generated_files\eusart1.c: 188:         {;D:\yiming
      +                          \00work\FR761_RX_V04.X\mcc_generated_files\eusart1.c: 189:             eusart1TxHead = 0
      +                          ;
  5748     0402  01BD               	clrf	_eusart1TxHead	;volatile
  5749     0403                     l2452:
  5750                           
  5751                           ;D:\yiming\00work\FR761_RX_V04.X\mcc_generated_files\eusart1.c: 191:         eusart1TxBu
      +                          fferRemaining--;
  5752     0403  3001               	movlw	1
  5753     0404  02BB               	subwf	_eusart1TxBufferRemaining,f	;volatile
  5754     0405                     l2454:
  5755                           
  5756                           ;D:\yiming\00work\FR761_RX_V04.X\mcc_generated_files\eusart1.c: 193:     PIE1bits.TX1IE 
      +                          = 1;
  5757     0405  014E               	movlb	14	; select bank14
  5758     0406  1597               	bsf	23,3	;volatile
  5759     0407                     l417:
  5760     0407  0008               	return
  5761     0408                     __end_of_EUSART1_Write:
  5762                           
  5763                           	psect	text44
  5764     05FC                     __ptext44:	
  5765 ;; *************** function _LIN_enableRx *****************
  5766 ;; Defined at:
  5767 ;;		line 288 in file "D:\yiming\00work\FR761_RX_V04.X\mcc_generated_files\LINDrivers\lin_slave.c"
  5768 ;; Parameters:    Size  Location     Type
  5769 ;;		None
  5770 ;; Auto vars:     Size  Location     Type
  5771 ;;		None
  5772 ;; Return value:  Size  Location     Type
  5773 ;;                  1    wreg      void 
  5774 ;; Registers used:
  5775 ;;		None
  5776 ;; Tracked objects:
  5777 ;;		On entry : 0/0
  5778 ;;		On exit  : 0/0
  5779 ;;		Unchanged: 0/0
  5780 ;; Data sizes:     COMMON   BANK0   BANK1   BANK2
  5781 ;;      Params:         0       0       0       0
  5782 ;;      Locals:         0       0       0       0
  5783 ;;      Temps:          0       0       0       0
  5784 ;;      Totals:         0       0       0       0
  5785 ;;Total ram usage:        0 bytes
  5786 ;; Hardware stack levels used: 1
  5787 ;; Hardware stack levels required when called: 4
  5788 ;; This function calls:
  5789 ;;		Nothing
  5790 ;; This function is called by:
  5791 ;;		_LIN_init
  5792 ;;		_LIN_handler
  5793 ;; This function uses a non-reentrant model
  5794 ;;
  5795                           
  5796     05FC                     _LIN_enableRx:	
  5797                           ;psect for function _LIN_enableRx
  5798                           
  5799     05FC                     l1758:	
  5800                           ;incstack = 0
  5801                           ; Regs used in _LIN_enableRx: []
  5802                           
  5803                           
  5804                           ;D:\yiming\00work\FR761_RX_V04.X\mcc_generated_files\LINDrivers\lin_slave.c: 289:     RC
      +                          1STAbits.CREN = 1;
  5805     05FC  0142               	movlb	2	; select bank2
  5806     05FD  161D               	bsf	29,4	;volatile
  5807                           
  5808                           ;D:\yiming\00work\FR761_RX_V04.X\mcc_generated_files\LINDrivers\lin_slave.c: 290:     PI
      +                          E1bits.RC1IE = 1;
  5809     05FE  014E               	movlb	14	; select bank14
  5810     05FF  1617               	bsf	23,4	;volatile
  5811     0600                     l307:
  5812     0600  0008               	return
  5813     0601                     __end_of_LIN_enableRx:
  5814                           
  5815                           	psect	text45
  5816     0601                     __ptext45:	
  5817 ;; *************** function _LIN_disableRx *****************
  5818 ;; Defined at:
  5819 ;;		line 293 in file "D:\yiming\00work\FR761_RX_V04.X\mcc_generated_files\LINDrivers\lin_slave.c"
  5820 ;; Parameters:    Size  Location     Type
  5821 ;;		None
  5822 ;; Auto vars:     Size  Location     Type
  5823 ;;		None
  5824 ;; Return value:  Size  Location     Type
  5825 ;;                  1    wreg      void 
  5826 ;; Registers used:
  5827 ;;		None
  5828 ;; Tracked objects:
  5829 ;;		On entry : 0/0
  5830 ;;		On exit  : 0/0
  5831 ;;		Unchanged: 0/0
  5832 ;; Data sizes:     COMMON   BANK0   BANK1   BANK2
  5833 ;;      Params:         0       0       0       0
  5834 ;;      Locals:         0       0       0       0
  5835 ;;      Temps:          0       0       0       0
  5836 ;;      Totals:         0       0       0       0
  5837 ;;Total ram usage:        0 bytes
  5838 ;; Hardware stack levels used: 1
  5839 ;; Hardware stack levels required when called: 4
  5840 ;; This function calls:
  5841 ;;		Nothing
  5842 ;; This function is called by:
  5843 ;;		_LIN_handler
  5844 ;; This function uses a non-reentrant model
  5845 ;;
  5846                           
  5847     0601                     _LIN_disableRx:	
  5848                           ;psect for function _LIN_disableRx
  5849                           
  5850     0601                     l2124:	
  5851                           ;incstack = 0
  5852                           ; Regs used in _LIN_disableRx: []
  5853                           
  5854                           
  5855                           ;D:\yiming\00work\FR761_RX_V04.X\mcc_generated_files\LINDrivers\lin_slave.c: 294:     RC
      +                          1STAbits.CREN = 0;
  5856     0601  0142               	movlb	2	; select bank2
  5857     0602  121D               	bcf	29,4	;volatile
  5858                           
  5859                           ;D:\yiming\00work\FR761_RX_V04.X\mcc_generated_files\LINDrivers\lin_slave.c: 295:     PI
      +                          E1bits.RC1IE = 0;
  5860     0603  014E               	movlb	14	; select bank14
  5861     0604  1217               	bcf	23,4	;volatile
  5862     0605                     l310:
  5863     0605  0008               	return
  5864     0606                     __end_of_LIN_disableRx:
  5865                           
  5866                           	psect	text46
  5867     04B1                     __ptext46:	
  5868 ;; *************** function _LIN_checkPID *****************
  5869 ;; Defined at:
  5870 ;;		line 220 in file "D:\yiming\00work\FR761_RX_V04.X\mcc_generated_files\LINDrivers\lin_slave.c"
  5871 ;; Parameters:    Size  Location     Type
  5872 ;;  pid             1    wreg     unsigned char 
  5873 ;; Auto vars:     Size  Location     Type
  5874 ;;  pid             1    7[COMMON] unsigned char 
  5875 ;; Return value:  Size  Location     Type
  5876 ;;                  1    wreg      _Bool 
  5877 ;; Registers used:
  5878 ;;		wreg, fsr0l, fsr0h, status,2, status,0, pclath, cstack
  5879 ;; Tracked objects:
  5880 ;;		On entry : 0/0
  5881 ;;		On exit  : 0/0
  5882 ;;		Unchanged: 0/0
  5883 ;; Data sizes:     COMMON   BANK0   BANK1   BANK2
  5884 ;;      Params:         0       0       0       0
  5885 ;;      Locals:         1       0       0       0
  5886 ;;      Temps:          0       0       0       0
  5887 ;;      Totals:         1       0       0       0
  5888 ;;Total ram usage:        1 bytes
  5889 ;; Hardware stack levels used: 1
  5890 ;; Hardware stack levels required when called: 5
  5891 ;; This function calls:
  5892 ;;		_LIN_calcParity
  5893 ;;		_LIN_getFromTable
  5894 ;; This function is called by:
  5895 ;;		_LIN_handler
  5896 ;; This function uses a non-reentrant model
  5897 ;;
  5898                           
  5899     04B1                     _LIN_checkPID:	
  5900                           ;psect for function _LIN_checkPID
  5901                           
  5902                           
  5903                           ;incstack = 0
  5904                           ; Regs used in _LIN_checkPID: [wreg-fsr0h+status,2+status,0+pclath+cstack]
  5905                           ;LIN_checkPID@pid stored from wreg
  5906     04B1  00F7               	movwf	LIN_checkPID@pid
  5907     04B2                     l2108:
  5908                           
  5909                           ;D:\yiming\00work\FR761_RX_V04.X\mcc_generated_files\LINDrivers\lin_slave.c: 221:     if
      +                          (LIN_getFromTable(pid, TYPE) == ERROR)
  5910     04B2  01F0               	clrf	LIN_getFromTable@param
  5911     04B3  0AF0               	incf	LIN_getFromTable@param,f
  5912     04B4  0877               	movf	LIN_checkPID@pid,w
  5913     04B5  3182  22DB  3184   	fcall	_LIN_getFromTable
  5914     04B8  3A02               	xorlw	2
  5915     04B9  1D03               	skipz
  5916     04BA  2CBC               	goto	u1341
  5917     04BB  2CBD               	goto	u1340
  5918     04BC                     u1341:
  5919     04BC  2CBF               	goto	l2114
  5920     04BD                     u1340:
  5921     04BD                     l2110:
  5922                           
  5923                           ;D:\yiming\00work\FR761_RX_V04.X\mcc_generated_files\LINDrivers\lin_slave.c: 222:       
      +                            return 0;
  5924     04BD  3000               	movlw	0
  5925     04BE  2CCA               	goto	l280
  5926     04BF                     l2114:
  5927                           
  5928                           ;D:\yiming\00work\FR761_RX_V04.X\mcc_generated_files\LINDrivers\lin_slave.c: 224:     if
      +                          (pid == LIN_calcParity(pid & 0x3F))
  5929     04BF  0877               	movf	LIN_checkPID@pid,w
  5930     04C0  393F               	andlw	63
  5931     04C1  3181  217E  3184   	fcall	_LIN_calcParity
  5932     04C4  0677               	xorwf	LIN_checkPID@pid,w
  5933     04C5  1D03               	skipz
  5934     04C6  2CC8               	goto	u1351
  5935     04C7  2CC9               	goto	u1350
  5936     04C8                     u1351:
  5937     04C8  2CBD               	goto	l2110
  5938     04C9                     u1350:
  5939     04C9                     l2116:
  5940                           
  5941                           ;D:\yiming\00work\FR761_RX_V04.X\mcc_generated_files\LINDrivers\lin_slave.c: 225:       
      +                            return 1;
  5942     04C9  3001               	movlw	1
  5943     04CA                     l280:
  5944     04CA  0008               	return
  5945     04CB                     __end_of_LIN_checkPID:
  5946                           
  5947                           	psect	text47
  5948     02DB                     __ptext47:	
  5949 ;; *************** function _LIN_getFromTable *****************
  5950 ;; Defined at:
  5951 ;;		line 190 in file "D:\yiming\00work\FR761_RX_V04.X\mcc_generated_files\LINDrivers\lin_slave.c"
  5952 ;; Parameters:    Size  Location     Type
  5953 ;;  cmd             1    wreg     unsigned char 
  5954 ;;  param           1    0[COMMON] enum E53
  5955 ;; Auto vars:     Size  Location     Type
  5956 ;;  cmd             1    3[COMMON] unsigned char 
  5957 ;;  length          1    4[COMMON] unsigned char 
  5958 ;;  rxCommand       2    5[COMMON] PTR const struct .
  5959 ;;		 -> NULL(0), scheduleTable(5), 
  5960 ;; Return value:  Size  Location     Type
  5961 ;;                  1    wreg      unsigned char 
  5962 ;; Registers used:
  5963 ;;		wreg, fsr0l, fsr0h, status,2, status,0, pclath
  5964 ;; Tracked objects:
  5965 ;;		On entry : 0/0
  5966 ;;		On exit  : 0/0
  5967 ;;		Unchanged: 0/0
  5968 ;; Data sizes:     COMMON   BANK0   BANK1   BANK2
  5969 ;;      Params:         1       0       0       0
  5970 ;;      Locals:         4       0       0       0
  5971 ;;      Temps:          2       0       0       0
  5972 ;;      Totals:         7       0       0       0
  5973 ;;Total ram usage:        7 bytes
  5974 ;; Hardware stack levels used: 1
  5975 ;; Hardware stack levels required when called: 4
  5976 ;; This function calls:
  5977 ;;		Nothing
  5978 ;; This function is called by:
  5979 ;;		_LIN_handler
  5980 ;;		_LIN_checkPID
  5981 ;; This function uses a non-reentrant model
  5982 ;;
  5983                           
  5984     02DB                     _LIN_getFromTable:	
  5985                           ;psect for function _LIN_getFromTable
  5986                           
  5987                           
  5988                           ;incstack = 0
  5989                           ; Regs used in _LIN_getFromTable: [wreg-fsr0h+status,2+status,0+pclath]
  5990                           ;LIN_getFromTable@cmd stored from wreg
  5991     02DB  00F3               	movwf	LIN_getFromTable@cmd
  5992     02DC                     l1928:
  5993                           
  5994                           ;D:\yiming\00work\FR761_RX_V04.X\mcc_generated_files\LINDrivers\lin_slave.c: 191:     co
      +                          nst lin_rx_cmd_t* rxCommand = LIN_rxCommand;
  5995     02DC  0140               	movlb	0	; select bank0
  5996     02DD  0863               	movf	_LIN_rxCommand+1,w
  5997     02DE  00F6               	movwf	LIN_getFromTable@rxCommand+1
  5998     02DF  0862               	movf	_LIN_rxCommand,w
  5999     02E0  00F5               	movwf	LIN_getFromTable@rxCommand
  6000     02E1                     l1930:
  6001                           
  6002                           ;D:\yiming\00work\FR761_RX_V04.X\mcc_generated_files\LINDrivers\lin_slave.c: 193:     cm
      +                          d &= 0x3F;
  6003     02E1  303F               	movlw	63
  6004     02E2  05F3               	andwf	LIN_getFromTable@cmd,f
  6005     02E3                     l1932:
  6006                           
  6007                           ;D:\yiming\00work\FR761_RX_V04.X\mcc_generated_files\LINDrivers\lin_slave.c: 195:     fo
      +                          r(uint8_t length = 0; length < LIN_rxCommandLength; length++){
  6008     02E3  01F4               	clrf	LIN_getFromTable@length
  6009     02E4  2B06               	goto	l1946
  6010     02E5                     l1934:
  6011                           
  6012                           ;D:\yiming\00work\FR761_RX_V04.X\mcc_generated_files\LINDrivers\lin_slave.c: 196:       
      +                            if(cmd == rxCommand->cmd){
  6013     02E5  0875               	movf	LIN_getFromTable@rxCommand,w
  6014     02E6  0084               	movwf	4
  6015     02E7  0876               	movf	LIN_getFromTable@rxCommand+1,w
  6016     02E8  0085               	movwf	5
  6017     02E9  0800               	movf	0,w	;code access
  6018     02EA  0673               	xorwf	LIN_getFromTable@cmd,w
  6019     02EB  1D03               	skipz
  6020     02EC  2AEE               	goto	u971
  6021     02ED  2AEF               	goto	u970
  6022     02EE                     u971:
  6023     02EE  2AF0               	goto	l1938
  6024     02EF                     u970:
  6025     02EF  2B25               	goto	l1962
  6026     02F0                     l1938:
  6027                           
  6028                           ;D:\yiming\00work\FR761_RX_V04.X\mcc_generated_files\LINDrivers\lin_slave.c: 199:       
      +                            rxCommand++;
  6029     02F0  3005               	movlw	5
  6030     02F1  07F5               	addwf	LIN_getFromTable@rxCommand,f
  6031     02F2  3000               	movlw	0
  6032     02F3  3DF6               	addwfc	LIN_getFromTable@rxCommand+1,f
  6033                           
  6034                           ;D:\yiming\00work\FR761_RX_V04.X\mcc_generated_files\LINDrivers\lin_slave.c: 201:       
      +                            if(length == (LIN_rxCommandLength-1)){
  6035     02F4  0866               	movf	_LIN_rxCommandLength,w
  6036     02F5  3EFF               	addlw	255
  6037     02F6  00F1               	movwf	??_LIN_getFromTable
  6038     02F7  30FF               	movlw	255
  6039     02F8  1803               	skipnc
  6040     02F9  3000               	movlw	0
  6041     02FA  00F2               	movwf	??_LIN_getFromTable+1
  6042     02FB  0874               	movf	LIN_getFromTable@length,w
  6043     02FC  0671               	xorwf	??_LIN_getFromTable,w
  6044     02FD  0472               	iorwf	??_LIN_getFromTable+1,w
  6045     02FE  1D03               	skipz
  6046     02FF  2B01               	goto	u981
  6047     0300  2B02               	goto	u980
  6048     0301                     u981:
  6049     0301  2B04               	goto	l1944
  6050     0302                     u980:
  6051     0302                     l1940:
  6052                           
  6053                           ;D:\yiming\00work\FR761_RX_V04.X\mcc_generated_files\LINDrivers\lin_slave.c: 202:       
      +                                return ERROR;
  6054     0302  3002               	movlw	2
  6055     0303  2B38               	goto	l270
  6056     0304                     l1944:
  6057                           
  6058                           ;D:\yiming\00work\FR761_RX_V04.X\mcc_generated_files\LINDrivers\lin_slave.c: 204:     }
  6059     0304  3001               	movlw	1
  6060     0305  07F4               	addwf	LIN_getFromTable@length,f
  6061     0306                     l1946:
  6062     0306  0866               	movf	_LIN_rxCommandLength,w
  6063     0307  0274               	subwf	LIN_getFromTable@length,w
  6064     0308  1C03               	skipc
  6065     0309  2B0B               	goto	u991
  6066     030A  2B0C               	goto	u990
  6067     030B                     u991:
  6068     030B  2AE5               	goto	l1934
  6069     030C                     u990:
  6070     030C  2B25               	goto	l1962
  6071     030D                     l1948:
  6072                           
  6073                           ;D:\yiming\00work\FR761_RX_V04.X\mcc_generated_files\LINDrivers\lin_slave.c: 208:       
      +                                return rxCommand->cmd;
  6074     030D  0875               	movf	LIN_getFromTable@rxCommand,w
  6075     030E  0084               	movwf	4
  6076     030F  0876               	movf	LIN_getFromTable@rxCommand+1,w
  6077     0310  0085               	movwf	5
  6078     0311  0800               	movf	0,w	;code access
  6079     0312  2B38               	goto	l270
  6080     0313                     l1952:
  6081                           
  6082                           ;D:\yiming\00work\FR761_RX_V04.X\mcc_generated_files\LINDrivers\lin_slave.c: 210:       
      +                                return (uint8_t)rxCommand->type;
  6083     0313  3001               	movlw	1
  6084     0314  0775               	addwf	LIN_getFromTable@rxCommand,w
  6085     0315  0084               	movwf	4
  6086     0316  0876               	movf	LIN_getFromTable@rxCommand+1,w
  6087     0317  1803               	skipnc
  6088     0318  3E01               	addlw	1
  6089     0319  0085               	movwf	5
  6090     031A  0800               	movf	0,w	;code access
  6091     031B  2B38               	goto	l270
  6092     031C                     l1956:
  6093                           
  6094                           ;D:\yiming\00work\FR761_RX_V04.X\mcc_generated_files\LINDrivers\lin_slave.c: 212:       
      +                                return rxCommand->length;
  6095     031C  3002               	movlw	2
  6096     031D  0775               	addwf	LIN_getFromTable@rxCommand,w
  6097     031E  0084               	movwf	4
  6098     031F  0876               	movf	LIN_getFromTable@rxCommand+1,w
  6099     0320  1803               	skipnc
  6100     0321  3E01               	addlw	1
  6101     0322  0085               	movwf	5
  6102     0323  0800               	movf	0,w	;code access
  6103     0324  2B38               	goto	l270
  6104     0325                     l1962:
  6105     0325  0870               	movf	LIN_getFromTable@param,w
  6106     0326  00F1               	movwf	??_LIN_getFromTable
  6107     0327  01F2               	clrf	??_LIN_getFromTable+1
  6108                           
  6109                           ; Switch on 2 bytes has been partitioned into a top level switch of size 1, and 1 sub-sw
      +                          itches
  6110                           ; Switch size 1, requested type "simple"
  6111                           ; Number of cases is 1, Range of values is 0 to 0
  6112                           ; switch strategies available:
  6113                           ; Name         Instructions Cycles
  6114                           ; simple_byte            4     3 (average)
  6115                           ; direct_byte            8     6 (fixed)
  6116                           ; jumptable            260     6 (fixed)
  6117                           ;	Chosen strategy is simple_byte
  6118     0328  0872               	movf	??_LIN_getFromTable+1,w
  6119     0329  3A00               	xorlw	0	; case 0
  6120     032A  1903               	skipnz
  6121     032B  2B2D               	goto	l2692
  6122     032C  2B02               	goto	l1940
  6123     032D                     l2692:
  6124                           
  6125                           ; Switch size 1, requested type "simple"
  6126                           ; Number of cases is 3, Range of values is 0 to 2
  6127                           ; switch strategies available:
  6128                           ; Name         Instructions Cycles
  6129                           ; simple_byte           10     6 (average)
  6130                           ; direct_byte           12     6 (fixed)
  6131                           ; jumptable            260     6 (fixed)
  6132                           ;	Chosen strategy is simple_byte
  6133     032D  0871               	movf	??_LIN_getFromTable,w
  6134     032E  3A00               	xorlw	0	; case 0
  6135     032F  1903               	skipnz
  6136     0330  2B0D               	goto	l1948
  6137     0331  3A01               	xorlw	1	; case 1
  6138     0332  1903               	skipnz
  6139     0333  2B13               	goto	l1952
  6140     0334  3A03               	xorlw	3	; case 2
  6141     0335  1903               	skipnz
  6142     0336  2B1C               	goto	l1956
  6143     0337  2B02               	goto	l1940
  6144     0338                     l270:
  6145     0338  0008               	return
  6146     0339                     __end_of_LIN_getFromTable:
  6147                           
  6148                           	psect	text48
  6149     017E                     __ptext48:	
  6150 ;; *************** function _LIN_calcParity *****************
  6151 ;; Defined at:
  6152 ;;		line 230 in file "D:\yiming\00work\FR761_RX_V04.X\mcc_generated_files\LINDrivers\lin_slave.c"
  6153 ;; Parameters:    Size  Location     Type
  6154 ;;  CMD             1    wreg     unsigned char 
  6155 ;; Auto vars:     Size  Location     Type
  6156 ;;  CMD             1    1[COMMON] unsigned char 
  6157 ;;  PID             1    2[COMMON] struct .
  6158 ;; Return value:  Size  Location     Type
  6159 ;;                  1    wreg      unsigned char 
  6160 ;; Registers used:
  6161 ;;		wreg, status,0
  6162 ;; Tracked objects:
  6163 ;;		On entry : 0/0
  6164 ;;		On exit  : 0/0
  6165 ;;		Unchanged: 0/0
  6166 ;; Data sizes:     COMMON   BANK0   BANK1   BANK2
  6167 ;;      Params:         0       0       0       0
  6168 ;;      Locals:         2       0       0       0
  6169 ;;      Temps:          1       0       0       0
  6170 ;;      Totals:         3       0       0       0
  6171 ;;Total ram usage:        3 bytes
  6172 ;; Hardware stack levels used: 1
  6173 ;; Hardware stack levels required when called: 4
  6174 ;; This function calls:
  6175 ;;		Nothing
  6176 ;; This function is called by:
  6177 ;;		_LIN_checkPID
  6178 ;; This function uses a non-reentrant model
  6179 ;;
  6180                           
  6181     017E                     _LIN_calcParity:	
  6182                           ;psect for function _LIN_calcParity
  6183                           
  6184                           
  6185                           ;incstack = 0
  6186                           ; Regs used in _LIN_calcParity: [wreg+status,0]
  6187                           ;LIN_calcParity@CMD stored from wreg
  6188     017E  00F1               	movwf	LIN_calcParity@CMD
  6189     017F                     l1976:
  6190                           
  6191                           ;D:\yiming\00work\FR761_RX_V04.X\mcc_generated_files\LINDrivers\lin_slave.c: 231:     li
      +                          n_pid_t PID;;D:\yiming\00work\FR761_RX_V04.X\mcc_generated_files\LINDrivers\lin_slave.c:
      +                           232:     PID.rawPID = CMD;
  6192     017F  0871               	movf	LIN_calcParity@CMD,w
  6193     0180  00F2               	movwf	LIN_calcParity@PID
  6194                           
  6195                           ;D:\yiming\00work\FR761_RX_V04.X\mcc_generated_files\LINDrivers\lin_slave.c: 237:     PI
      +                          D.P0 = PID.ID0 ^ PID.ID1;
  6196     0181  18F2               	btfsc	LIN_calcParity@PID,1
  6197     0182  2984               	goto	u1001
  6198     0183  2986               	goto	u1000
  6199     0184                     u1001:
  6200     0184  3001               	movlw	1
  6201     0185  2987               	goto	u1002
  6202     0186                     u1000:
  6203     0186  3000               	movlw	0
  6204     0187                     u1002:
  6205     0187  00F0               	movwf	??_LIN_calcParity
  6206     0188  1872               	btfsc	LIN_calcParity@PID,0
  6207     0189  298B               	goto	u1011
  6208     018A  298D               	goto	u1010
  6209     018B                     u1011:
  6210     018B  3001               	movlw	1
  6211     018C  298E               	goto	u1012
  6212     018D                     u1010:
  6213     018D  3000               	movlw	0
  6214     018E                     u1012:
  6215     018E  0670               	xorwf	??_LIN_calcParity,w
  6216     018F  1D03               	skipz
  6217     0190  2992               	goto	u1021
  6218     0191  2994               	goto	u1020
  6219     0192                     u1021:
  6220     0192  1772               	bsf	LIN_calcParity@PID,6
  6221     0193  2995               	goto	u1034
  6222     0194                     u1020:
  6223     0194  1372               	bcf	LIN_calcParity@PID,6
  6224     0195                     u1034:
  6225                           
  6226                           ;D:\yiming\00work\FR761_RX_V04.X\mcc_generated_files\LINDrivers\lin_slave.c: 238:     PI
      +                          D.P0 = PID.P0 ^ PID.ID2;
  6227     0195  1972               	btfsc	LIN_calcParity@PID,2
  6228     0196  2998               	goto	u1041
  6229     0197  299A               	goto	u1040
  6230     0198                     u1041:
  6231     0198  3001               	movlw	1
  6232     0199  299B               	goto	u1042
  6233     019A                     u1040:
  6234     019A  3000               	movlw	0
  6235     019B                     u1042:
  6236     019B  00F0               	movwf	??_LIN_calcParity
  6237     019C  1B72               	btfsc	LIN_calcParity@PID,6
  6238     019D  299F               	goto	u1051
  6239     019E  29A1               	goto	u1050
  6240     019F                     u1051:
  6241     019F  3001               	movlw	1
  6242     01A0  29A2               	goto	u1052
  6243     01A1                     u1050:
  6244     01A1  3000               	movlw	0
  6245     01A2                     u1052:
  6246     01A2  0670               	xorwf	??_LIN_calcParity,w
  6247     01A3  1D03               	skipz
  6248     01A4  29A6               	goto	u1061
  6249     01A5  29A8               	goto	u1060
  6250     01A6                     u1061:
  6251     01A6  1772               	bsf	LIN_calcParity@PID,6
  6252     01A7  29A9               	goto	u1074
  6253     01A8                     u1060:
  6254     01A8  1372               	bcf	LIN_calcParity@PID,6
  6255     01A9                     u1074:
  6256                           
  6257                           ;D:\yiming\00work\FR761_RX_V04.X\mcc_generated_files\LINDrivers\lin_slave.c: 239:     PI
      +                          D.P0 = PID.P0 ^ PID.ID4;
  6258     01A9  1A72               	btfsc	LIN_calcParity@PID,4
  6259     01AA  29AC               	goto	u1081
  6260     01AB  29AE               	goto	u1080
  6261     01AC                     u1081:
  6262     01AC  3001               	movlw	1
  6263     01AD  29AF               	goto	u1082
  6264     01AE                     u1080:
  6265     01AE  3000               	movlw	0
  6266     01AF                     u1082:
  6267     01AF  00F0               	movwf	??_LIN_calcParity
  6268     01B0  1B72               	btfsc	LIN_calcParity@PID,6
  6269     01B1  29B3               	goto	u1091
  6270     01B2  29B5               	goto	u1090
  6271     01B3                     u1091:
  6272     01B3  3001               	movlw	1
  6273     01B4  29B6               	goto	u1092
  6274     01B5                     u1090:
  6275     01B5  3000               	movlw	0
  6276     01B6                     u1092:
  6277     01B6  0670               	xorwf	??_LIN_calcParity,w
  6278     01B7  1D03               	skipz
  6279     01B8  29BA               	goto	u1101
  6280     01B9  29BC               	goto	u1100
  6281     01BA                     u1101:
  6282     01BA  1772               	bsf	LIN_calcParity@PID,6
  6283     01BB  29BD               	goto	u1114
  6284     01BC                     u1100:
  6285     01BC  1372               	bcf	LIN_calcParity@PID,6
  6286     01BD                     u1114:
  6287                           
  6288                           ;D:\yiming\00work\FR761_RX_V04.X\mcc_generated_files\LINDrivers\lin_slave.c: 240:     PI
      +                          D.P1 = PID.ID1 ^ PID.ID3;
  6289     01BD  19F2               	btfsc	LIN_calcParity@PID,3
  6290     01BE  29C0               	goto	u1121
  6291     01BF  29C2               	goto	u1120
  6292     01C0                     u1121:
  6293     01C0  3001               	movlw	1
  6294     01C1  29C3               	goto	u1122
  6295     01C2                     u1120:
  6296     01C2  3000               	movlw	0
  6297     01C3                     u1122:
  6298     01C3  00F0               	movwf	??_LIN_calcParity
  6299     01C4  18F2               	btfsc	LIN_calcParity@PID,1
  6300     01C5  29C7               	goto	u1131
  6301     01C6  29C9               	goto	u1130
  6302     01C7                     u1131:
  6303     01C7  3001               	movlw	1
  6304     01C8  29CA               	goto	u1132
  6305     01C9                     u1130:
  6306     01C9  3000               	movlw	0
  6307     01CA                     u1132:
  6308     01CA  0670               	xorwf	??_LIN_calcParity,w
  6309     01CB  1D03               	skipz
  6310     01CC  29CE               	goto	u1141
  6311     01CD  29D0               	goto	u1140
  6312     01CE                     u1141:
  6313     01CE  17F2               	bsf	LIN_calcParity@PID,7
  6314     01CF  29D1               	goto	u1154
  6315     01D0                     u1140:
  6316     01D0  13F2               	bcf	LIN_calcParity@PID,7
  6317     01D1                     u1154:
  6318                           
  6319                           ;D:\yiming\00work\FR761_RX_V04.X\mcc_generated_files\LINDrivers\lin_slave.c: 241:     PI
      +                          D.P1 = PID.P1 ^ PID.ID4;
  6320     01D1  1A72               	btfsc	LIN_calcParity@PID,4
  6321     01D2  29D4               	goto	u1161
  6322     01D3  29D6               	goto	u1160
  6323     01D4                     u1161:
  6324     01D4  3001               	movlw	1
  6325     01D5  29D7               	goto	u1162
  6326     01D6                     u1160:
  6327     01D6  3000               	movlw	0
  6328     01D7                     u1162:
  6329     01D7  00F0               	movwf	??_LIN_calcParity
  6330     01D8  1BF2               	btfsc	LIN_calcParity@PID,7
  6331     01D9  29DB               	goto	u1171
  6332     01DA  29DD               	goto	u1170
  6333     01DB                     u1171:
  6334     01DB  3001               	movlw	1
  6335     01DC  29DE               	goto	u1172
  6336     01DD                     u1170:
  6337     01DD  3000               	movlw	0
  6338     01DE                     u1172:
  6339     01DE  0670               	xorwf	??_LIN_calcParity,w
  6340     01DF  1D03               	skipz
  6341     01E0  29E2               	goto	u1181
  6342     01E1  29E4               	goto	u1180
  6343     01E2                     u1181:
  6344     01E2  17F2               	bsf	LIN_calcParity@PID,7
  6345     01E3  29E5               	goto	u1194
  6346     01E4                     u1180:
  6347     01E4  13F2               	bcf	LIN_calcParity@PID,7
  6348     01E5                     u1194:
  6349                           
  6350                           ;D:\yiming\00work\FR761_RX_V04.X\mcc_generated_files\LINDrivers\lin_slave.c: 242:     PI
      +                          D.P1 = PID.P1 ^ PID.ID5;
  6351     01E5  1AF2               	btfsc	LIN_calcParity@PID,5
  6352     01E6  29E8               	goto	u1201
  6353     01E7  29EA               	goto	u1200
  6354     01E8                     u1201:
  6355     01E8  3001               	movlw	1
  6356     01E9  29EB               	goto	u1202
  6357     01EA                     u1200:
  6358     01EA  3000               	movlw	0
  6359     01EB                     u1202:
  6360     01EB  00F0               	movwf	??_LIN_calcParity
  6361     01EC  1BF2               	btfsc	LIN_calcParity@PID,7
  6362     01ED  29EF               	goto	u1211
  6363     01EE  29F1               	goto	u1210
  6364     01EF                     u1211:
  6365     01EF  3001               	movlw	1
  6366     01F0  29F2               	goto	u1212
  6367     01F1                     u1210:
  6368     01F1  3000               	movlw	0
  6369     01F2                     u1212:
  6370     01F2  0670               	xorwf	??_LIN_calcParity,w
  6371     01F3  1D03               	skipz
  6372     01F4  29F6               	goto	u1221
  6373     01F5  29F8               	goto	u1220
  6374     01F6                     u1221:
  6375     01F6  17F2               	bsf	LIN_calcParity@PID,7
  6376     01F7  29F9               	goto	u1234
  6377     01F8                     u1220:
  6378     01F8  13F2               	bcf	LIN_calcParity@PID,7
  6379     01F9                     u1234:
  6380     01F9                     l1978:
  6381                           
  6382                           ;D:\yiming\00work\FR761_RX_V04.X\mcc_generated_files\LINDrivers\lin_slave.c: 243:     PI
      +                          D.P1 = ~PID.P1;
  6383     01F9  1003               	clrc
  6384     01FA  1FF2               	btfss	LIN_calcParity@PID,7
  6385     01FB  1403               	setc
  6386     01FC  1803               	btfsc	3,0
  6387     01FD  29FF               	goto	u1241
  6388     01FE  2A01               	goto	u1240
  6389     01FF                     u1241:
  6390     01FF  17F2               	bsf	LIN_calcParity@PID,7
  6391     0200  2A02               	goto	u1254
  6392     0201                     u1240:
  6393     0201  13F2               	bcf	LIN_calcParity@PID,7
  6394     0202                     u1254:
  6395     0202                     l1980:
  6396                           
  6397                           ;D:\yiming\00work\FR761_RX_V04.X\mcc_generated_files\LINDrivers\lin_slave.c: 245:     re
      +                          turn PID.rawPID;
  6398     0202  0872               	movf	LIN_calcParity@PID,w
  6399     0203                     l284:
  6400     0203  0008               	return
  6401     0204                     __end_of_LIN_calcParity:
  6402                           
  6403                           	psect	text49
  6404     0533                     __ptext49:	
  6405 ;; *************** function _LIN_breakCheck *****************
  6406 ;; Defined at:
  6407 ;;		line 298 in file "D:\yiming\00work\FR761_RX_V04.X\mcc_generated_files\LINDrivers\lin_slave.c"
  6408 ;; Parameters:    Size  Location     Type
  6409 ;;		None
  6410 ;; Auto vars:     Size  Location     Type
  6411 ;;		None
  6412 ;; Return value:  Size  Location     Type
  6413 ;;                  1    wreg      _Bool 
  6414 ;; Registers used:
  6415 ;;		wreg, fsr1l, fsr1h, status,2, status,0, pclath, cstack
  6416 ;; Tracked objects:
  6417 ;;		On entry : 0/0
  6418 ;;		On exit  : 0/0
  6419 ;;		Unchanged: 0/0
  6420 ;; Data sizes:     COMMON   BANK0   BANK1   BANK2
  6421 ;;      Params:         0       0       0       0
  6422 ;;      Locals:         0       0       0       0
  6423 ;;      Temps:          0       0       0       0
  6424 ;;      Totals:         0       0       0       0
  6425 ;;Total ram usage:        0 bytes
  6426 ;; Hardware stack levels used: 1
  6427 ;; Hardware stack levels required when called: 5
  6428 ;; This function calls:
  6429 ;;		_EUSART1_Read
  6430 ;;		_EUSART1_get_last_status
  6431 ;; This function is called by:
  6432 ;;		_LIN_handler
  6433 ;; This function uses a non-reentrant model
  6434 ;;
  6435                           
  6436     0533                     _LIN_breakCheck:	
  6437                           ;psect for function _LIN_breakCheck
  6438                           
  6439     0533                     l2096:	
  6440                           ;incstack = 0
  6441                           ; Regs used in _LIN_breakCheck: [wreg+fsr1l+fsr1h+status,2+status,0+pclath+cstack]
  6442                           
  6443                           
  6444                           ;D:\yiming\00work\FR761_RX_V04.X\mcc_generated_files\LINDrivers\lin_slave.c: 300:     if
      +                          ((EUSART1_Read() == 0x00) && (EUSART1_get_last_status().ferr == 1)){
  6445     0533  3184  242D  3185   	fcall	_EUSART1_Read
  6446     0536  3A00               	xorlw	0
  6447     0537  1D03               	skipz
  6448     0538  2D3A               	goto	u1321
  6449     0539  2D3B               	goto	u1320
  6450     053A                     u1321:
  6451     053A  2D44               	goto	l2104
  6452     053B                     u1320:
  6453     053B                     l2098:
  6454     053B  3186  2638  3185   	fcall	_EUSART1_get_last_status
  6455     053E  1C89               	btfss	9,1
  6456     053F  2D41               	goto	u1331
  6457     0540  2D42               	goto	u1330
  6458     0541                     u1331:
  6459     0541  2D44               	goto	l2104
  6460     0542                     u1330:
  6461     0542                     l2100:
  6462                           
  6463                           ;D:\yiming\00work\FR761_RX_V04.X\mcc_generated_files\LINDrivers\lin_slave.c: 301:       
      +                            return 1;
  6464     0542  3001               	movlw	1
  6465     0543  2D45               	goto	l314
  6466     0544                     l2104:
  6467                           
  6468                           ;D:\yiming\00work\FR761_RX_V04.X\mcc_generated_files\LINDrivers\lin_slave.c: 304:     re
      +                          turn 0;
  6469     0544  3000               	movlw	0
  6470     0545                     l314:
  6471     0545  0008               	return
  6472     0546                     __end_of_LIN_breakCheck:
  6473                           
  6474                           	psect	text50
  6475     0638                     __ptext50:	
  6476 ;; *************** function _EUSART1_get_last_status *****************
  6477 ;; Defined at:
  6478 ;;		line 147 in file "D:\yiming\00work\FR761_RX_V04.X\mcc_generated_files\eusart1.c"
  6479 ;; Parameters:    Size  Location     Type
  6480 ;;		None
  6481 ;; Auto vars:     Size  Location     Type
  6482 ;;		None
  6483 ;; Return value:  Size  Location     Type
  6484 ;;                  1    wreg      struct .
  6485 ;; Registers used:
  6486 ;;		wreg
  6487 ;; Tracked objects:
  6488 ;;		On entry : 0/0
  6489 ;;		On exit  : 0/0
  6490 ;;		Unchanged: 0/0
  6491 ;; Data sizes:     COMMON   BANK0   BANK1   BANK2
  6492 ;;      Params:         0       0       0       0
  6493 ;;      Locals:         0       0       0       0
  6494 ;;      Temps:          0       0       0       0
  6495 ;;      Totals:         0       0       0       0
  6496 ;;Total ram usage:        0 bytes
  6497 ;; Hardware stack levels used: 1
  6498 ;; Hardware stack levels required when called: 4
  6499 ;; This function calls:
  6500 ;;		Nothing
  6501 ;; This function is called by:
  6502 ;;		_LIN_breakCheck
  6503 ;; This function uses a non-reentrant model
  6504 ;;
  6505                           
  6506     0638                     _EUSART1_get_last_status:	
  6507                           ;psect for function _EUSART1_get_last_status
  6508                           
  6509     0638                     l1984:	
  6510                           ;incstack = 0
  6511                           ; Regs used in _EUSART1_get_last_status: [wreg]
  6512                           
  6513                           
  6514                           ;D:\yiming\00work\FR761_RX_V04.X\mcc_generated_files\eusart1.c: 148:     return eusart1R
      +                          xLastError;
  6515     0638  0140               	movlb	0	; select bank0
  6516     0639  0838               	movf	_eusart1RxLastError,w	;volatile
  6517     063A                     l401:
  6518     063A  0008               	return
  6519     063B                     __end_of_EUSART1_get_last_status:
  6520                           
  6521                           	psect	text51
  6522     042D                     __ptext51:	
  6523 ;; *************** function _EUSART1_Read *****************
  6524 ;; Defined at:
  6525 ;;		line 151 in file "D:\yiming\00work\FR761_RX_V04.X\mcc_generated_files\eusart1.c"
  6526 ;; Parameters:    Size  Location     Type
  6527 ;;		None
  6528 ;; Auto vars:     Size  Location     Type
  6529 ;;  readValue       1    0[COMMON] unsigned char 
  6530 ;; Return value:  Size  Location     Type
  6531 ;;                  1    wreg      unsigned char 
  6532 ;; Registers used:
  6533 ;;		wreg, fsr1l, fsr1h, status,2, status,0
  6534 ;; Tracked objects:
  6535 ;;		On entry : 0/0
  6536 ;;		On exit  : 0/0
  6537 ;;		Unchanged: 0/0
  6538 ;; Data sizes:     COMMON   BANK0   BANK1   BANK2
  6539 ;;      Params:         0       0       0       0
  6540 ;;      Locals:         1       0       0       0
  6541 ;;      Temps:          0       0       0       0
  6542 ;;      Totals:         1       0       0       0
  6543 ;;Total ram usage:        1 bytes
  6544 ;; Hardware stack levels used: 1
  6545 ;; Hardware stack levels required when called: 4
  6546 ;; This function calls:
  6547 ;;		Nothing
  6548 ;; This function is called by:
  6549 ;;		_LIN_handler
  6550 ;;		_LIN_breakCheck
  6551 ;; This function uses a non-reentrant model
  6552 ;;
  6553                           
  6554     042D                     _EUSART1_Read:	
  6555                           ;psect for function _EUSART1_Read
  6556                           
  6557     042D                     l1906:	
  6558                           ;incstack = 0
  6559                           ; Regs used in _EUSART1_Read: [wreg+fsr1l+fsr1h+status,2+status,0]
  6560                           
  6561     042D                     l1908:	
  6562                           ;D:\yiming\00work\FR761_RX_V04.X\mcc_generated_files\eusart1.c: 155:     while(0 == eusa
      +                          rt1RxCount)
  6563                           
  6564                           
  6565                           ;D:\yiming\00work\FR761_RX_V04.X\mcc_generated_files\eusart1.c: 155:     while(0 == eusa
      +                          rt1RxCount)
  6566     042D  0140               	movlb	0	; select bank0
  6567     042E  0839               	movf	_eusart1RxCount,w	;volatile
  6568     042F  1903               	btfsc	3,2
  6569     0430  2C32               	goto	u951
  6570     0431  2C33               	goto	u950
  6571     0432                     u951:
  6572     0432  2C2D               	goto	l1908
  6573     0433                     u950:
  6574     0433                     l1910:
  6575                           
  6576                           ;D:\yiming\00work\FR761_RX_V04.X\mcc_generated_files\eusart1.c: 159:     eusart1RxLastEr
      +                          ror = eusart1RxStatusBuffer[eusart1RxTail];
  6577     0433  083A               	movf	_eusart1RxTail,w	;volatile
  6578     0434  3E20               	addlw	(low (_eusart1RxStatusBuffer| 0))& (0+255)
  6579     0435  0086               	movwf	6
  6580     0436  0187               	clrf	7
  6581     0437  0801               	movf	1,w
  6582     0438  00B8               	movwf	_eusart1RxLastError	;volatile
  6583                           
  6584                           ;D:\yiming\00work\FR761_RX_V04.X\mcc_generated_files\eusart1.c: 161:     readValue = eus
      +                          art1RxBuffer[eusart1RxTail++];
  6585     0439  083A               	movf	_eusart1RxTail,w
  6586     043A  3E28               	addlw	(low (_eusart1RxBuffer| 0))& (0+255)
  6587     043B  0086               	movwf	6
  6588     043C  0187               	clrf	7
  6589     043D  0801               	movf	1,w
  6590     043E  00F0               	movwf	EUSART1_Read@readValue
  6591     043F                     l1912:
  6592     043F  3001               	movlw	1
  6593     0440  07BA               	addwf	_eusart1RxTail,f	;volatile
  6594     0441                     l1914:
  6595                           
  6596                           ;D:\yiming\00work\FR761_RX_V04.X\mcc_generated_files\eusart1.c: 162:     if(sizeof(eusar
      +                          t1RxBuffer) <= eusart1RxTail)
  6597     0441  3008               	movlw	8
  6598     0442  023A               	subwf	_eusart1RxTail,w	;volatile
  6599     0443  1C03               	skipc
  6600     0444  2C46               	goto	u961
  6601     0445  2C47               	goto	u960
  6602     0446                     u961:
  6603     0446  2C48               	goto	l1918
  6604     0447                     u960:
  6605     0447                     l1916:
  6606                           
  6607                           ;D:\yiming\00work\FR761_RX_V04.X\mcc_generated_files\eusart1.c: 163:     {;D:\yiming\00w
      +                          ork\FR761_RX_V04.X\mcc_generated_files\eusart1.c: 164:         eusart1RxTail = 0;
  6608     0447  01BA               	clrf	_eusart1RxTail	;volatile
  6609     0448                     l1918:
  6610                           
  6611                           ;D:\yiming\00work\FR761_RX_V04.X\mcc_generated_files\eusart1.c: 166:     PIE1bits.RC1IE 
      +                          = 0;
  6612     0448  014E               	movlb	14	; select bank14
  6613     0449  1217               	bcf	23,4	;volatile
  6614     044A                     l1920:
  6615                           
  6616                           ;D:\yiming\00work\FR761_RX_V04.X\mcc_generated_files\eusart1.c: 167:     eusart1RxCount-
      +                          -;
  6617     044A  3001               	movlw	1
  6618     044B  0140               	movlb	0	; select bank0
  6619     044C  02B9               	subwf	_eusart1RxCount,f	;volatile
  6620     044D                     l1922:
  6621                           
  6622                           ;D:\yiming\00work\FR761_RX_V04.X\mcc_generated_files\eusart1.c: 168:     PIE1bits.RC1IE 
      +                          = 1;
  6623     044D  014E               	movlb	14	; select bank14
  6624     044E  1617               	bsf	23,4	;volatile
  6625     044F                     l1924:
  6626                           
  6627                           ;D:\yiming\00work\FR761_RX_V04.X\mcc_generated_files\eusart1.c: 170:     return readValu
      +                          e;
  6628     044F  0870               	movf	EUSART1_Read@readValue,w
  6629     0450                     l408:
  6630     0450  0008               	return
  6631     0451                     __end_of_EUSART1_Read:
  6632                           
  6633                           	psect	text52
  6634     05AC                     __ptext52:	
  6635 ;; *************** function _EUSART1_is_rx_ready *****************
  6636 ;; Defined at:
  6637 ;;		line 137 in file "D:\yiming\00work\FR761_RX_V04.X\mcc_generated_files\eusart1.c"
  6638 ;; Parameters:    Size  Location     Type
  6639 ;;		None
  6640 ;; Auto vars:     Size  Location     Type
  6641 ;;		None
  6642 ;; Return value:  Size  Location     Type
  6643 ;;                  1    wreg      _Bool 
  6644 ;; Registers used:
  6645 ;;		wreg, status,2, status,0
  6646 ;; Tracked objects:
  6647 ;;		On entry : 0/0
  6648 ;;		On exit  : 0/0
  6649 ;;		Unchanged: 0/0
  6650 ;; Data sizes:     COMMON   BANK0   BANK1   BANK2
  6651 ;;      Params:         0       0       0       0
  6652 ;;      Locals:         0       0       0       0
  6653 ;;      Temps:          0       0       0       0
  6654 ;;      Totals:         0       0       0       0
  6655 ;;Total ram usage:        0 bytes
  6656 ;; Hardware stack levels used: 1
  6657 ;; Hardware stack levels required when called: 4
  6658 ;; This function calls:
  6659 ;;		Nothing
  6660 ;; This function is called by:
  6661 ;;		_LIN_handler
  6662 ;; This function uses a non-reentrant model
  6663 ;;
  6664                           
  6665     05AC                     _EUSART1_is_rx_ready:	
  6666                           ;psect for function _EUSART1_is_rx_ready
  6667                           
  6668     05AC                     l2082:	
  6669                           ;incstack = 0
  6670                           ; Regs used in _EUSART1_is_rx_ready: [wreg+status,2+status,0]
  6671                           
  6672                           
  6673                           ;D:\yiming\00work\FR761_RX_V04.X\mcc_generated_files\eusart1.c: 139:     return (eusart1
      +                          RxCount ? 1 : 0);
  6674     05AC  0140               	movlb	0	; select bank0
  6675     05AD  0839               	movf	_eusart1RxCount,w	;volatile
  6676     05AE  1D03               	btfss	3,2
  6677     05AF  2DB1               	goto	u1301
  6678     05B0  2DB3               	goto	u1300
  6679     05B1                     u1301:
  6680     05B1  3001               	movlw	1
  6681     05B2  2DB4               	goto	u1310
  6682     05B3                     u1300:
  6683     05B3  3000               	movlw	0
  6684     05B4                     u1310:
  6685     05B4                     l395:
  6686     05B4  0008               	return
  6687     05B5                     __end_of_EUSART1_is_rx_ready:
  6688                           
  6689                           	psect	intentry
  6690     0004                     __pintentry:	
  6691 ;; *************** function _INTERRUPT_InterruptManager *****************
  6692 ;; Defined at:
  6693 ;;		line 52 in file "D:\yiming\00work\FR761_RX_V04.X\mcc_generated_files\interrupt_manager.c"
  6694 ;; Parameters:    Size  Location     Type
  6695 ;;		None
  6696 ;; Auto vars:     Size  Location     Type
  6697 ;;		None
  6698 ;; Return value:  Size  Location     Type
  6699 ;;                  1    wreg      void 
  6700 ;; Registers used:
  6701 ;;		wreg, fsr1l, fsr1h, status,2, status,0, pclath, cstack
  6702 ;; Tracked objects:
  6703 ;;		On entry : 0/0
  6704 ;;		On exit  : 0/0
  6705 ;;		Unchanged: 0/0
  6706 ;; Data sizes:     COMMON   BANK0   BANK1   BANK2
  6707 ;;      Params:         0       0       0       0
  6708 ;;      Locals:         0       0       0       0
  6709 ;;      Temps:          0       0       0       0
  6710 ;;      Totals:         0       0       0       0
  6711 ;;Total ram usage:        0 bytes
  6712 ;; Hardware stack levels used: 1
  6713 ;; Hardware stack levels required when called: 3
  6714 ;; This function calls:
  6715 ;;		NULL
  6716 ;;		_EUSART1_Receive_ISR
  6717 ;;		_EUSART1_Transmit_ISR
  6718 ;;		_TMR0_ISR
  6719 ;; This function is called by:
  6720 ;;		Interrupt level 1
  6721 ;; This function uses a non-reentrant model
  6722 ;;
  6723                           
  6724     0004                     _INTERRUPT_InterruptManager:
  6725                           
  6726                           ;incstack = 0
  6727     0004  147E               	bsf	int$flags,0	;set compiler interrupt flag (level 1)
  6728                           
  6729                           ; Regs used in _INTERRUPT_InterruptManager: [wreg+fsr1l+fsr1h+status,2+status,0+pclath+c
      +                          stack]
  6730     0005  3180               	pagesel	$
  6731     0006  3000               	movlw	low ___int_sp
  6732     0007  0086               	movwf	6
  6733     0008  3000               	movlw	high ___int_sp
  6734     0009  0087               	movwf	7
  6735     000A                     i1l2326:
  6736                           
  6737                           ;D:\yiming\00work\FR761_RX_V04.X\mcc_generated_files\interrupt_manager.c: 55:     if(PIE
      +                          0bits.TMR0IE == 1 && PIR0bits.TMR0IF == 1)
  6738     000A  014E               	movlb	14	; select bank14
  6739     000B  1E96               	btfss	22,5	;volatile
  6740     000C  280E               	goto	u158_21
  6741     000D  280F               	goto	u158_20
  6742     000E                     u158_21:
  6743     000E  2817               	goto	i1l483
  6744     000F                     u158_20:
  6745     000F                     i1l2328:
  6746     000F  1E8C               	btfss	12,5	;volatile
  6747     0010  2812               	goto	u159_21
  6748     0011  2813               	goto	u159_20
  6749     0012                     u159_21:
  6750     0012  2817               	goto	i1l483
  6751     0013                     u159_20:
  6752     0013                     i1l2330:
  6753                           
  6754                           ;D:\yiming\00work\FR761_RX_V04.X\mcc_generated_files\interrupt_manager.c: 56:     {;D:\y
      +                          iming\00work\FR761_RX_V04.X\mcc_generated_files\interrupt_manager.c: 57:         TMR0_IS
      +                          R();
  6755     0013  3185  2576  3180   	fcall	_TMR0_ISR
  6756                           
  6757                           ;D:\yiming\00work\FR761_RX_V04.X\mcc_generated_files\interrupt_manager.c: 58:     }
  6758     0016  2838               	goto	i1l491
  6759     0017                     i1l483:	
  6760                           ;D:\yiming\00work\FR761_RX_V04.X\mcc_generated_files\interrupt_manager.c: 59:     else i
      +                          f(INTCONbits.PEIE == 1)
  6761                           
  6762     0017  1F0B               	btfss	11,6	;volatile
  6763     0018  281A               	goto	u160_21
  6764     0019  281B               	goto	u160_20
  6765     001A                     u160_21:
  6766     001A  2838               	goto	i1l491
  6767     001B                     u160_20:
  6768     001B                     i1l2332:
  6769                           
  6770                           ;D:\yiming\00work\FR761_RX_V04.X\mcc_generated_files\interrupt_manager.c: 60:     {;D:\y
      +                          iming\00work\FR761_RX_V04.X\mcc_generated_files\interrupt_manager.c: 61:         if(PIE1
      +                          bits.TX1IE == 1 && PIR1bits.TX1IF == 1)
  6771     001B  1D97               	btfss	23,3	;volatile
  6772     001C  281E               	goto	u161_21
  6773     001D  281F               	goto	u161_20
  6774     001E                     u161_21:
  6775     001E  282A               	goto	i1l486
  6776     001F                     u161_20:
  6777     001F                     i1l2334:
  6778     001F  1D8D               	btfss	13,3	;volatile
  6779     0020  2822               	goto	u162_21
  6780     0021  2823               	goto	u162_20
  6781     0022                     u162_21:
  6782     0022  282A               	goto	i1l486
  6783     0023                     u162_20:
  6784     0023                     i1l2336:
  6785                           
  6786                           ;D:\yiming\00work\FR761_RX_V04.X\mcc_generated_files\interrupt_manager.c: 62:         {;
      +                          D:\yiming\00work\FR761_RX_V04.X\mcc_generated_files\interrupt_manager.c: 63:            
      +                           EUSART1_TxDefaultInterruptHandler();
  6787     0023  0140               	movlb	0	; select bank0
  6788     0024  0861               	movf	_EUSART1_TxDefaultInterruptHandler+1,w
  6789     0025  008A               	movwf	10
  6790     0026  0860               	movf	_EUSART1_TxDefaultInterruptHandler,w
  6791     0027  000A               	callw
  6792     0028  3180               	pagesel	$
  6793                           
  6794                           ;D:\yiming\00work\FR761_RX_V04.X\mcc_generated_files\interrupt_manager.c: 64:         }
  6795     0029  2838               	goto	i1l491
  6796     002A                     i1l486:	
  6797                           ;D:\yiming\00work\FR761_RX_V04.X\mcc_generated_files\interrupt_manager.c: 65:         el
      +                          se if(PIE1bits.RC1IE == 1 && PIR1bits.RC1IF == 1)
  6798                           
  6799     002A  1E17               	btfss	23,4	;volatile
  6800     002B  282D               	goto	u163_21
  6801     002C  282E               	goto	u163_20
  6802     002D                     u163_21:
  6803     002D  2838               	goto	i1l491
  6804     002E                     u163_20:
  6805     002E                     i1l2338:
  6806     002E  1E0D               	btfss	13,4	;volatile
  6807     002F  2831               	goto	u164_21
  6808     0030  2832               	goto	u164_20
  6809     0031                     u164_21:
  6810     0031  2838               	goto	i1l491
  6811     0032                     u164_20:
  6812     0032                     i1l2340:
  6813                           
  6814                           ;D:\yiming\00work\FR761_RX_V04.X\mcc_generated_files\interrupt_manager.c: 66:         {;
      +                          D:\yiming\00work\FR761_RX_V04.X\mcc_generated_files\interrupt_manager.c: 67:            
      +                           EUSART1_RxDefaultInterruptHandler();
  6815     0032  0140               	movlb	0	; select bank0
  6816     0033  085F               	movf	_EUSART1_RxDefaultInterruptHandler+1,w
  6817     0034  008A               	movwf	10
  6818     0035  085E               	movf	_EUSART1_RxDefaultInterruptHandler,w
  6819     0036  000A               	callw
  6820     0037  3180               	pagesel	$
  6821     0038                     i1l491:	
  6822                           ;D:\yiming\00work\FR761_RX_V04.X\mcc_generated_files\interrupt_manager.c: 68:         }
  6823                           
  6824     0038  107E               	bcf	int$flags,0	;clear compiler interrupt flag (level 1)
  6825     0039  0009               	retfie
  6826     003A                     __end_of_INTERRUPT_InterruptManager:
  6827                           
  6828                           	psect	text54
  6829     0576                     __ptext54:	
  6830 ;; *************** function _TMR0_ISR *****************
  6831 ;; Defined at:
  6832 ;;		line 121 in file "D:\yiming\00work\FR761_RX_V04.X\mcc_generated_files\tmr0.c"
  6833 ;; Parameters:    Size  Location     Type
  6834 ;;		None
  6835 ;; Auto vars:     Size  Location     Type
  6836 ;;		None
  6837 ;; Return value:  Size  Location     Type
  6838 ;;                  1    wreg      void 
  6839 ;; Registers used:
  6840 ;;		wreg, status,2, status,0, pclath, cstack
  6841 ;; Tracked objects:
  6842 ;;		On entry : 0/0
  6843 ;;		On exit  : 0/0
  6844 ;;		Unchanged: 0/0
  6845 ;; Data sizes:     COMMON   BANK0   BANK1   BANK2
  6846 ;;      Params:         0       0       0       0
  6847 ;;      Locals:         0       0       0       0
  6848 ;;      Temps:          0       0       0       0
  6849 ;;      Totals:         0       0       0       0
  6850 ;;Total ram usage:        0 bytes
  6851 ;; Hardware stack levels used: 1
  6852 ;; Hardware stack levels required when called: 1
  6853 ;; This function calls:
  6854 ;;		NULL
  6855 ;;		_LIN_timerHandler
  6856 ;;		_TMR0_DefaultInterruptHandler
  6857 ;; This function is called by:
  6858 ;;		_INTERRUPT_InterruptManager
  6859 ;; This function uses a non-reentrant model
  6860 ;;
  6861                           
  6862     0576                     _TMR0_ISR:	
  6863                           ;psect for function _TMR0_ISR
  6864                           
  6865     0576                     i1l2308:	
  6866                           ;incstack = 0
  6867                           ; Regs used in _TMR0_ISR: [wreg+status,2+status,0+pclath+cstack]
  6868                           
  6869                           
  6870                           ;D:\yiming\00work\FR761_RX_V04.X\mcc_generated_files\tmr0.c: 124:     PIR0bits.TMR0IF = 
      +                          0;
  6871     0576  014E               	movlb	14	; select bank14
  6872     0577  128C               	bcf	12,5	;volatile
  6873     0578                     i1l2310:
  6874                           
  6875                           ;D:\yiming\00work\FR761_RX_V04.X\mcc_generated_files\tmr0.c: 125:     if(TMR0_InterruptH
      +                          andler)
  6876     0578  0140               	movlb	0	; select bank0
  6877     0579  0858               	movf	_TMR0_InterruptHandler,w
  6878     057A  0459               	iorwf	_TMR0_InterruptHandler+1,w
  6879     057B  1903               	btfsc	3,2
  6880     057C  2D7E               	goto	u157_21
  6881     057D  2D7F               	goto	u157_20
  6882     057E                     u157_21:
  6883     057E  2D84               	goto	i1l588
  6884     057F                     u157_20:
  6885     057F                     i1l2312:
  6886                           
  6887                           ;D:\yiming\00work\FR761_RX_V04.X\mcc_generated_files\tmr0.c: 126:     {;D:\yiming\00work
      +                          \FR761_RX_V04.X\mcc_generated_files\tmr0.c: 127:         TMR0_InterruptHandler();
  6888     057F  0859               	movf	_TMR0_InterruptHandler+1,w
  6889     0580  008A               	movwf	10
  6890     0581  0858               	movf	_TMR0_InterruptHandler,w
  6891     0582  000A               	callw
  6892     0583  3185               	pagesel	$
  6893     0584                     i1l588:
  6894     0584  0008               	return
  6895     0585                     __end_of_TMR0_ISR:
  6896                           
  6897                           	psect	text55
  6898     05A0                     __ptext55:	
  6899 ;; *************** function _LIN_timerHandler *****************
  6900 ;; Defined at:
  6901 ;;		line 269 in file "D:\yiming\00work\FR761_RX_V04.X\mcc_generated_files\LINDrivers\lin_slave.c"
  6902 ;; Parameters:    Size  Location     Type
  6903 ;;		None
  6904 ;; Auto vars:     Size  Location     Type
  6905 ;;		None
  6906 ;; Return value:  Size  Location     Type
  6907 ;;                  1    wreg      void 
  6908 ;; Registers used:
  6909 ;;		wreg, status,2, status,0
  6910 ;; Tracked objects:
  6911 ;;		On entry : 0/0
  6912 ;;		On exit  : 0/0
  6913 ;;		Unchanged: 0/0
  6914 ;; Data sizes:     COMMON   BANK0   BANK1   BANK2
  6915 ;;      Params:         0       0       0       0
  6916 ;;      Locals:         0       0       0       0
  6917 ;;      Temps:          0       0       0       0
  6918 ;;      Totals:         0       0       0       0
  6919 ;;Total ram usage:        0 bytes
  6920 ;; Hardware stack levels used: 1
  6921 ;; This function calls:
  6922 ;;		Nothing
  6923 ;; This function is called by:
  6924 ;;		_LIN_setTimerHandler
  6925 ;;		_TMR0_ISR
  6926 ;; This function uses a non-reentrant model
  6927 ;;
  6928                           
  6929     05A0                     _LIN_timerHandler:	
  6930                           ;psect for function _LIN_timerHandler
  6931                           
  6932     05A0                     i1l2126:	
  6933                           ;incstack = 0
  6934                           ; Regs used in _LIN_timerHandler: [wreg+status,2+status,0]
  6935                           
  6936                           
  6937                           ;D:\yiming\00work\FR761_RX_V04.X\mcc_generated_files\LINDrivers\lin_slave.c: 271:     if
      +                           (++CountCallBack >= LIN_timeout) {
  6938     05A0  3001               	movlw	1
  6939     05A1  0140               	movlb	0	; select bank0
  6940     05A2  07C0               	addwf	_CountCallBack,f	;volatile
  6941     05A3  086C               	movf	_LIN_timeout,w
  6942     05A4  0240               	subwf	_CountCallBack,w	;volatile
  6943     05A5  1C03               	skipc
  6944     05A6  2DA8               	goto	u136_21
  6945     05A7  2DA9               	goto	u136_20
  6946     05A8                     u136_21:
  6947     05A8  2DAB               	goto	i1l298
  6948     05A9                     u136_20:
  6949     05A9                     i1l2128:
  6950                           
  6951                           ;D:\yiming\00work\FR761_RX_V04.X\mcc_generated_files\LINDrivers\lin_slave.c: 275:       
      +                          CountCallBack = 0;
  6952     05A9  01C0               	clrf	_CountCallBack	;volatile
  6953                           
  6954                           ;D:\yiming\00work\FR761_RX_V04.X\mcc_generated_files\LINDrivers\lin_slave.c: 276:       
      +                          LIN_timerRunning = 0;
  6955     05AA  01C1               	clrf	_LIN_timerRunning
  6956     05AB                     i1l298:
  6957     05AB  0008               	return
  6958     05AC                     __end_of_LIN_timerHandler:
  6959                           
  6960                           	psect	text56
  6961     0640                     __ptext56:	
  6962 ;; *************** function _TMR0_DefaultInterruptHandler *****************
  6963 ;; Defined at:
  6964 ;;		line 138 in file "D:\yiming\00work\FR761_RX_V04.X\mcc_generated_files\tmr0.c"
  6965 ;; Parameters:    Size  Location     Type
  6966 ;;		None
  6967 ;; Auto vars:     Size  Location     Type
  6968 ;;		None
  6969 ;; Return value:  Size  Location     Type
  6970 ;;                  1    wreg      void 
  6971 ;; Registers used:
  6972 ;;		None
  6973 ;; Tracked objects:
  6974 ;;		On entry : 0/0
  6975 ;;		On exit  : 0/0
  6976 ;;		Unchanged: 0/0
  6977 ;; Data sizes:     COMMON   BANK0   BANK1   BANK2
  6978 ;;      Params:         0       0       0       0
  6979 ;;      Locals:         0       0       0       0
  6980 ;;      Temps:          0       0       0       0
  6981 ;;      Totals:         0       0       0       0
  6982 ;;Total ram usage:        0 bytes
  6983 ;; Hardware stack levels used: 1
  6984 ;; This function calls:
  6985 ;;		Nothing
  6986 ;; This function is called by:
  6987 ;;		_TMR0_Initialize
  6988 ;;		_TMR0_ISR
  6989 ;; This function uses a non-reentrant model
  6990 ;;
  6991                           
  6992     0640                     _TMR0_DefaultInterruptHandler:	
  6993                           ;psect for function _TMR0_DefaultInterruptHandler
  6994                           
  6995     0640                     i1l594:	
  6996                           ;incstack = 0
  6997                           ; Regs used in _TMR0_DefaultInterruptHandler: []
  6998                           
  6999     0640  0008               	return
  7000     0641                     __end_of_TMR0_DefaultInterruptHandler:
  7001                           
  7002                           	psect	text57
  7003     0493                     __ptext57:	
  7004 ;; *************** function _EUSART1_Transmit_ISR *****************
  7005 ;; Defined at:
  7006 ;;		line 197 in file "D:\yiming\00work\FR761_RX_V04.X\mcc_generated_files\eusart1.c"
  7007 ;; Parameters:    Size  Location     Type
  7008 ;;		None
  7009 ;; Auto vars:     Size  Location     Type
  7010 ;;		None
  7011 ;; Return value:  Size  Location     Type
  7012 ;;                  1    wreg      void 
  7013 ;; Registers used:
  7014 ;;		wreg, fsr1l, fsr1h, status,2, status,0
  7015 ;; Tracked objects:
  7016 ;;		On entry : 0/0
  7017 ;;		On exit  : 0/0
  7018 ;;		Unchanged: 0/0
  7019 ;; Data sizes:     COMMON   BANK0   BANK1   BANK2
  7020 ;;      Params:         0       0       0       0
  7021 ;;      Locals:         0       0       0       0
  7022 ;;      Temps:          0       0       0       0
  7023 ;;      Totals:         0       0       0       0
  7024 ;;Total ram usage:        0 bytes
  7025 ;; Hardware stack levels used: 1
  7026 ;; This function calls:
  7027 ;;		Nothing
  7028 ;; This function is called by:
  7029 ;;		_EUSART1_Initialize
  7030 ;;		_INTERRUPT_InterruptManager
  7031 ;; This function uses a non-reentrant model
  7032 ;;
  7033                           
  7034     0493                     _EUSART1_Transmit_ISR:	
  7035                           ;psect for function _EUSART1_Transmit_ISR
  7036                           
  7037     0493                     i1l2276:	
  7038                           ;incstack = 0
  7039                           ; Regs used in _EUSART1_Transmit_ISR: [wreg+fsr1l+fsr1h+status,2+status,0]
  7040                           
  7041                           
  7042                           ;D:\yiming\00work\FR761_RX_V04.X\mcc_generated_files\eusart1.c: 201:     if(sizeof(eusar
      +                          t1TxBuffer) > eusart1TxBufferRemaining)
  7043     0493  3008               	movlw	8
  7044     0494  0140               	movlb	0	; select bank0
  7045     0495  023B               	subwf	_eusart1TxBufferRemaining,w	;volatile
  7046     0496  1803               	skipnc
  7047     0497  2C99               	goto	u152_21
  7048     0498  2C9A               	goto	u152_20
  7049     0499                     u152_21:
  7050     0499  2CAE               	goto	i1l420
  7051     049A                     u152_20:
  7052     049A                     i1l2278:
  7053                           
  7054                           ;D:\yiming\00work\FR761_RX_V04.X\mcc_generated_files\eusart1.c: 202:     {;D:\yiming\00w
      +                          ork\FR761_RX_V04.X\mcc_generated_files\eusart1.c: 203:         TX1REG = eusart1TxBuffer[
      +                          eusart1TxTail++];
  7055     049A  083C               	movf	_eusart1TxTail,w
  7056     049B  3E30               	addlw	(low (_eusart1TxBuffer| 0))& (0+255)
  7057     049C  0086               	movwf	6
  7058     049D  0187               	clrf	7
  7059     049E  0801               	movf	1,w
  7060     049F  0142               	movlb	2	; select bank2
  7061     04A0  009A               	movwf	26	;volatile
  7062     04A1                     i1l2280:
  7063     04A1  3001               	movlw	1
  7064     04A2  0140               	movlb	0	; select bank0
  7065     04A3  07BC               	addwf	_eusart1TxTail,f	;volatile
  7066     04A4                     i1l2282:
  7067                           
  7068                           ;D:\yiming\00work\FR761_RX_V04.X\mcc_generated_files\eusart1.c: 204:         if(sizeof(e
      +                          usart1TxBuffer) <= eusart1TxTail)
  7069     04A4  3008               	movlw	8
  7070     04A5  023C               	subwf	_eusart1TxTail,w	;volatile
  7071     04A6  1C03               	skipc
  7072     04A7  2CA9               	goto	u153_21
  7073     04A8  2CAA               	goto	u153_20
  7074     04A9                     u153_21:
  7075     04A9  2CAB               	goto	i1l2286
  7076     04AA                     u153_20:
  7077     04AA                     i1l2284:
  7078                           
  7079                           ;D:\yiming\00work\FR761_RX_V04.X\mcc_generated_files\eusart1.c: 205:         {;D:\yiming
      +                          \00work\FR761_RX_V04.X\mcc_generated_files\eusart1.c: 206:             eusart1TxTail = 0
      +                          ;
  7080     04AA  01BC               	clrf	_eusart1TxTail	;volatile
  7081     04AB                     i1l2286:
  7082                           
  7083                           ;D:\yiming\00work\FR761_RX_V04.X\mcc_generated_files\eusart1.c: 208:         eusart1TxBu
      +                          fferRemaining++;
  7084     04AB  3001               	movlw	1
  7085     04AC  07BB               	addwf	_eusart1TxBufferRemaining,f	;volatile
  7086                           
  7087                           ;D:\yiming\00work\FR761_RX_V04.X\mcc_generated_files\eusart1.c: 209:     }
  7088     04AD  2CB0               	goto	i1l423
  7089     04AE                     i1l420:	
  7090                           ;D:\yiming\00work\FR761_RX_V04.X\mcc_generated_files\eusart1.c: 210:     else
  7091                           
  7092                           
  7093                           ;D:\yiming\00work\FR761_RX_V04.X\mcc_generated_files\eusart1.c: 211:     {;D:\yiming\00w
      +                          ork\FR761_RX_V04.X\mcc_generated_files\eusart1.c: 212:         PIE1bits.TX1IE = 0;
  7094     04AE  014E               	movlb	14	; select bank14
  7095     04AF  1197               	bcf	23,3	;volatile
  7096     04B0                     i1l423:
  7097     04B0  0008               	return
  7098     04B1                     __end_of_EUSART1_Transmit_ISR:
  7099                           
  7100                           	psect	text58
  7101     0377                     __ptext58:	
  7102 ;; *************** function _EUSART1_Receive_ISR *****************
  7103 ;; Defined at:
  7104 ;;		line 216 in file "D:\yiming\00work\FR761_RX_V04.X\mcc_generated_files\eusart1.c"
  7105 ;; Parameters:    Size  Location     Type
  7106 ;;		None
  7107 ;; Auto vars:     Size  Location     Type
  7108 ;;		None
  7109 ;; Return value:  Size  Location     Type
  7110 ;;                  1    wreg      void 
  7111 ;; Registers used:
  7112 ;;		wreg, fsr1l, fsr1h, status,2, status,0, pclath, cstack
  7113 ;; Tracked objects:
  7114 ;;		On entry : 0/0
  7115 ;;		On exit  : 0/0
  7116 ;;		Unchanged: 0/0
  7117 ;; Data sizes:     COMMON   BANK0   BANK1   BANK2
  7118 ;;      Params:         0       0       0       0
  7119 ;;      Locals:         0       0       0       0
  7120 ;;      Temps:          0       0       0       0
  7121 ;;      Totals:         0       0       0       0
  7122 ;;Total ram usage:        0 bytes
  7123 ;; Hardware stack levels used: 1
  7124 ;; Hardware stack levels required when called: 2
  7125 ;; This function calls:
  7126 ;;		NULL
  7127 ;;		_EUSART1_DefaultErrorHandler
  7128 ;;		_EUSART1_DefaultFramingErrorHandler
  7129 ;;		_EUSART1_DefaultOverrunErrorHandler
  7130 ;;		_EUSART1_RxDataHandler
  7131 ;; This function is called by:
  7132 ;;		_EUSART1_Initialize
  7133 ;;		_INTERRUPT_InterruptManager
  7134 ;; This function uses a non-reentrant model
  7135 ;;
  7136                           
  7137     0377                     _EUSART1_Receive_ISR:	
  7138                           ;psect for function _EUSART1_Receive_ISR
  7139                           
  7140     0377                     i1l2288:	
  7141                           ;incstack = 0
  7142                           ; Regs used in _EUSART1_Receive_ISR: [wreg+fsr1l+fsr1h+status,2+status,0+pclath+cstack]
  7143                           
  7144                           
  7145                           ;D:\yiming\00work\FR761_RX_V04.X\mcc_generated_files\eusart1.c: 219:     eusart1RxStatus
      +                          Buffer[eusart1RxHead].status = 0;
  7146     0377  087D               	movf	_eusart1RxHead,w	;volatile
  7147     0378  3E20               	addlw	(low (_eusart1RxStatusBuffer| 0))& (0+255)
  7148     0379  0086               	movwf	6
  7149     037A  0187               	clrf	7
  7150     037B  0181               	clrf	1
  7151     037C                     i1l2290:
  7152                           
  7153                           ;D:\yiming\00work\FR761_RX_V04.X\mcc_generated_files\eusart1.c: 221:     if(RC1STAbits.F
      +                          ERR){
  7154     037C  0142               	movlb	2	; select bank2
  7155     037D  1D1D               	btfss	29,2	;volatile
  7156     037E  2B80               	goto	u154_21
  7157     037F  2B81               	goto	u154_20
  7158     0380                     u154_21:
  7159     0380  2B8C               	goto	i1l2296
  7160     0381                     u154_20:
  7161     0381                     i1l2292:
  7162                           
  7163                           ;D:\yiming\00work\FR761_RX_V04.X\mcc_generated_files\eusart1.c: 222:         eusart1RxSt
      +                          atusBuffer[eusart1RxHead].ferr = 1;
  7164     0381  087D               	movf	_eusart1RxHead,w	;volatile
  7165     0382  3E20               	addlw	(low (_eusart1RxStatusBuffer| 0))& (0+255)
  7166     0383  0086               	movwf	6
  7167     0384  0187               	clrf	7
  7168     0385  1481               	bsf	1,1
  7169     0386                     i1l2294:
  7170                           
  7171                           ;D:\yiming\00work\FR761_RX_V04.X\mcc_generated_files\eusart1.c: 223:         EUSART1_Fra
      +                          mingErrorHandler();
  7172     0386  0140               	movlb	0	; select bank0
  7173     0387  085D               	movf	_EUSART1_FramingErrorHandler+1,w
  7174     0388  008A               	movwf	10
  7175     0389  085C               	movf	_EUSART1_FramingErrorHandler,w
  7176     038A  000A               	callw
  7177     038B  3183               	pagesel	$
  7178     038C                     i1l2296:
  7179                           
  7180                           ;D:\yiming\00work\FR761_RX_V04.X\mcc_generated_files\eusart1.c: 226:     if(RC1STAbits.O
      +                          ERR){
  7181     038C  0142               	movlb	2	; select bank2
  7182     038D  1C9D               	btfss	29,1	;volatile
  7183     038E  2B90               	goto	u155_21
  7184     038F  2B91               	goto	u155_20
  7185     0390                     u155_21:
  7186     0390  2B9C               	goto	i1l2302
  7187     0391                     u155_20:
  7188     0391                     i1l2298:
  7189                           
  7190                           ;D:\yiming\00work\FR761_RX_V04.X\mcc_generated_files\eusart1.c: 227:         eusart1RxSt
      +                          atusBuffer[eusart1RxHead].oerr = 1;
  7191     0391  087D               	movf	_eusart1RxHead,w	;volatile
  7192     0392  3E20               	addlw	(low (_eusart1RxStatusBuffer| 0))& (0+255)
  7193     0393  0086               	movwf	6
  7194     0394  0187               	clrf	7
  7195     0395  1501               	bsf	1,2
  7196     0396                     i1l2300:
  7197                           
  7198                           ;D:\yiming\00work\FR761_RX_V04.X\mcc_generated_files\eusart1.c: 228:         EUSART1_Ove
      +                          rrunErrorHandler();
  7199     0396  0140               	movlb	0	; select bank0
  7200     0397  085B               	movf	_EUSART1_OverrunErrorHandler+1,w
  7201     0398  008A               	movwf	10
  7202     0399  085A               	movf	_EUSART1_OverrunErrorHandler,w
  7203     039A  000A               	callw
  7204     039B  3183               	pagesel	$
  7205     039C                     i1l2302:
  7206                           
  7207                           ;D:\yiming\00work\FR761_RX_V04.X\mcc_generated_files\eusart1.c: 231:     if(eusart1RxSta
      +                          tusBuffer[eusart1RxHead].status){
  7208     039C  087D               	movf	_eusart1RxHead,w	;volatile
  7209     039D  3E20               	addlw	(low (_eusart1RxStatusBuffer| 0))& (0+255)
  7210     039E  0086               	movwf	6
  7211     039F  0187               	clrf	7
  7212     03A0  0801               	movf	1,w
  7213     03A1  1903               	btfsc	3,2
  7214     03A2  2BA4               	goto	u156_21
  7215     03A3  2BA5               	goto	u156_20
  7216     03A4                     u156_21:
  7217     03A4  2BAC               	goto	i1l2306
  7218     03A5                     u156_20:
  7219     03A5                     i1l2304:
  7220                           
  7221                           ;D:\yiming\00work\FR761_RX_V04.X\mcc_generated_files\eusart1.c: 232:         EUSART1_Err
      +                          orHandler();
  7222     03A5  0141               	movlb	1	; select bank1
  7223     03A6  0832               	movf	(_EUSART1_ErrorHandler+1)^(0+128),w
  7224     03A7  008A               	movwf	10
  7225     03A8  0831               	movf	_EUSART1_ErrorHandler^(0+128),w
  7226     03A9  000A               	callw
  7227     03AA  3183               	pagesel	$
  7228                           
  7229                           ;D:\yiming\00work\FR761_RX_V04.X\mcc_generated_files\eusart1.c: 233:     } else {
  7230     03AB  2BAF               	goto	i1l430
  7231     03AC                     i1l2306:
  7232                           
  7233                           ;D:\yiming\00work\FR761_RX_V04.X\mcc_generated_files\eusart1.c: 234:         EUSART1_RxD
      +                          ataHandler();
  7234     03AC  3185  250C  3183   	fcall	_EUSART1_RxDataHandler
  7235     03AF                     i1l430:
  7236     03AF  0008               	return
  7237     03B0                     __end_of_EUSART1_Receive_ISR:
  7238                           
  7239                           	psect	text59
  7240     061E                     __ptext59:	
  7241 ;; *************** function _EUSART1_DefaultOverrunErrorHandler *****************
  7242 ;; Defined at:
  7243 ;;		line 252 in file "D:\yiming\00work\FR761_RX_V04.X\mcc_generated_files\eusart1.c"
  7244 ;; Parameters:    Size  Location     Type
  7245 ;;		None
  7246 ;; Auto vars:     Size  Location     Type
  7247 ;;		None
  7248 ;; Return value:  Size  Location     Type
  7249 ;;                  1    wreg      void 
  7250 ;; Registers used:
  7251 ;;		None
  7252 ;; Tracked objects:
  7253 ;;		On entry : 0/0
  7254 ;;		On exit  : 0/0
  7255 ;;		Unchanged: 0/0
  7256 ;; Data sizes:     COMMON   BANK0   BANK1   BANK2
  7257 ;;      Params:         0       0       0       0
  7258 ;;      Locals:         0       0       0       0
  7259 ;;      Temps:          0       0       0       0
  7260 ;;      Totals:         0       0       0       0
  7261 ;;Total ram usage:        0 bytes
  7262 ;; Hardware stack levels used: 1
  7263 ;; This function calls:
  7264 ;;		Nothing
  7265 ;; This function is called by:
  7266 ;;		_EUSART1_Initialize
  7267 ;;		_EUSART1_Receive_ISR
  7268 ;; This function uses a non-reentrant model
  7269 ;;
  7270                           
  7271     061E                     _EUSART1_DefaultOverrunErrorHandler:	
  7272                           ;psect for function _EUSART1_DefaultOverrunErrorHandler
  7273                           
  7274     061E                     i1l2162:	
  7275                           ;incstack = 0
  7276                           ; Regs used in _EUSART1_DefaultOverrunErrorHandler: []
  7277                           
  7278                           
  7279                           ;D:\yiming\00work\FR761_RX_V04.X\mcc_generated_files\eusart1.c: 255:     RC1STAbits.CREN
      +                           = 0;
  7280     061E  0142               	movlb	2	; select bank2
  7281     061F  121D               	bcf	29,4	;volatile
  7282                           
  7283                           ;D:\yiming\00work\FR761_RX_V04.X\mcc_generated_files\eusart1.c: 256:     RC1STAbits.CREN
      +                           = 1;
  7284     0620  161D               	bsf	29,4	;volatile
  7285     0621                     i1l440:
  7286     0621  0008               	return
  7287     0622                     __end_of_EUSART1_DefaultOverrunErrorHandler:
  7288                           
  7289                           	psect	text60
  7290     0641                     __ptext60:	
  7291 ;; *************** function _EUSART1_DefaultFramingErrorHandler *****************
  7292 ;; Defined at:
  7293 ;;		line 250 in file "D:\yiming\00work\FR761_RX_V04.X\mcc_generated_files\eusart1.c"
  7294 ;; Parameters:    Size  Location     Type
  7295 ;;		None
  7296 ;; Auto vars:     Size  Location     Type
  7297 ;;		None
  7298 ;; Return value:  Size  Location     Type
  7299 ;;                  1    wreg      void 
  7300 ;; Registers used:
  7301 ;;		None
  7302 ;; Tracked objects:
  7303 ;;		On entry : 0/0
  7304 ;;		On exit  : 0/0
  7305 ;;		Unchanged: 0/0
  7306 ;; Data sizes:     COMMON   BANK0   BANK1   BANK2
  7307 ;;      Params:         0       0       0       0
  7308 ;;      Locals:         0       0       0       0
  7309 ;;      Temps:          0       0       0       0
  7310 ;;      Totals:         0       0       0       0
  7311 ;;Total ram usage:        0 bytes
  7312 ;; Hardware stack levels used: 1
  7313 ;; This function calls:
  7314 ;;		Nothing
  7315 ;; This function is called by:
  7316 ;;		_EUSART1_Initialize
  7317 ;;		_EUSART1_Receive_ISR
  7318 ;; This function uses a non-reentrant model
  7319 ;;
  7320                           
  7321     0641                     _EUSART1_DefaultFramingErrorHandler:	
  7322                           ;psect for function _EUSART1_DefaultFramingErrorHandler
  7323                           
  7324     0641                     i1l437:	
  7325                           ;incstack = 0
  7326                           ; Regs used in _EUSART1_DefaultFramingErrorHandler: []
  7327                           
  7328     0641  0008               	return
  7329     0642                     __end_of_EUSART1_DefaultFramingErrorHandler:
  7330                           
  7331                           	psect	text61
  7332     0622                     __ptext61:	
  7333 ;; *************** function _EUSART1_DefaultErrorHandler *****************
  7334 ;; Defined at:
  7335 ;;		line 260 in file "D:\yiming\00work\FR761_RX_V04.X\mcc_generated_files\eusart1.c"
  7336 ;; Parameters:    Size  Location     Type
  7337 ;;		None
  7338 ;; Auto vars:     Size  Location     Type
  7339 ;;		None
  7340 ;; Return value:  Size  Location     Type
  7341 ;;                  1    wreg      void 
  7342 ;; Registers used:
  7343 ;;		wreg, fsr1l, fsr1h, status,2, status,0, pclath, cstack
  7344 ;; Tracked objects:
  7345 ;;		On entry : 0/0
  7346 ;;		On exit  : 0/0
  7347 ;;		Unchanged: 0/0
  7348 ;; Data sizes:     COMMON   BANK0   BANK1   BANK2
  7349 ;;      Params:         0       0       0       0
  7350 ;;      Locals:         0       0       0       0
  7351 ;;      Temps:          0       0       0       0
  7352 ;;      Totals:         0       0       0       0
  7353 ;;Total ram usage:        0 bytes
  7354 ;; Hardware stack levels used: 1
  7355 ;; Hardware stack levels required when called: 1
  7356 ;; This function calls:
  7357 ;;		_EUSART1_RxDataHandler
  7358 ;; This function is called by:
  7359 ;;		_EUSART1_Initialize
  7360 ;;		_EUSART1_Receive_ISR
  7361 ;; This function uses a non-reentrant model
  7362 ;;
  7363                           
  7364     0622                     _EUSART1_DefaultErrorHandler:	
  7365                           ;psect for function _EUSART1_DefaultErrorHandler
  7366                           
  7367     0622                     i1l2164:	
  7368                           ;incstack = 0
  7369                           ; Regs used in _EUSART1_DefaultErrorHandler: [wreg+fsr1l+fsr1h+status,2+status,0+pclath+
      +                          cstack]
  7370                           
  7371                           
  7372                           ;D:\yiming\00work\FR761_RX_V04.X\mcc_generated_files\eusart1.c: 261:     EUSART1_RxDataH
      +                          andler();
  7373     0622  3185  250C  3186   	fcall	_EUSART1_RxDataHandler
  7374     0625                     i1l443:
  7375     0625  0008               	return
  7376     0626                     __end_of_EUSART1_DefaultErrorHandler:
  7377                           
  7378                           	psect	text62
  7379     050C                     __ptext62:	
  7380 ;; *************** function _EUSART1_RxDataHandler *****************
  7381 ;; Defined at:
  7382 ;;		line 240 in file "D:\yiming\00work\FR761_RX_V04.X\mcc_generated_files\eusart1.c"
  7383 ;; Parameters:    Size  Location     Type
  7384 ;;		None
  7385 ;; Auto vars:     Size  Location     Type
  7386 ;;		None
  7387 ;; Return value:  Size  Location     Type
  7388 ;;                  1    wreg      void 
  7389 ;; Registers used:
  7390 ;;		wreg, fsr1l, fsr1h, status,2, status,0
  7391 ;; Tracked objects:
  7392 ;;		On entry : 0/0
  7393 ;;		On exit  : 0/0
  7394 ;;		Unchanged: 0/0
  7395 ;; Data sizes:     COMMON   BANK0   BANK1   BANK2
  7396 ;;      Params:         0       0       0       0
  7397 ;;      Locals:         0       0       0       0
  7398 ;;      Temps:          0       0       0       0
  7399 ;;      Totals:         0       0       0       0
  7400 ;;Total ram usage:        0 bytes
  7401 ;; Hardware stack levels used: 1
  7402 ;; This function calls:
  7403 ;;		Nothing
  7404 ;; This function is called by:
  7405 ;;		_EUSART1_Receive_ISR
  7406 ;;		_EUSART1_DefaultErrorHandler
  7407 ;; This function uses a non-reentrant model
  7408 ;;
  7409                           
  7410     050C                     _EUSART1_RxDataHandler:	
  7411                           ;psect for function _EUSART1_RxDataHandler
  7412                           
  7413     050C                     i1l1998:	
  7414                           ;incstack = 0
  7415                           ; Regs used in _EUSART1_RxDataHandler: [wreg+fsr1l+fsr1h+status,2+status,0]
  7416                           
  7417                           
  7418                           ;D:\yiming\00work\FR761_RX_V04.X\mcc_generated_files\eusart1.c: 242:     eusart1RxBuffer
      +                          [eusart1RxHead++] = RC1REG;
  7419     050C  087D               	movf	_eusart1RxHead,w
  7420     050D  3E28               	addlw	(low (_eusart1RxBuffer| 0))& (0+255)
  7421     050E  0086               	movwf	6
  7422     050F  0187               	clrf	7
  7423     0510  0142               	movlb	2	; select bank2
  7424     0511  0819               	movf	25,w	;volatile
  7425     0512  0081               	movwf	1
  7426     0513                     i1l2000:
  7427     0513  3001               	movlw	1
  7428     0514  07FD               	addwf	_eusart1RxHead,f	;volatile
  7429     0515                     i1l2002:
  7430                           
  7431                           ;D:\yiming\00work\FR761_RX_V04.X\mcc_generated_files\eusart1.c: 243:     if(sizeof(eusar
      +                          t1RxBuffer) <= eusart1RxHead)
  7432     0515  3008               	movlw	8
  7433     0516  027D               	subwf	_eusart1RxHead,w	;volatile
  7434     0517  1C03               	skipc
  7435     0518  2D1A               	goto	u126_21
  7436     0519  2D1B               	goto	u126_20
  7437     051A                     u126_21:
  7438     051A  2D1C               	goto	i1l2006
  7439     051B                     u126_20:
  7440     051B                     i1l2004:
  7441                           
  7442                           ;D:\yiming\00work\FR761_RX_V04.X\mcc_generated_files\eusart1.c: 244:     {;D:\yiming\00w
      +                          ork\FR761_RX_V04.X\mcc_generated_files\eusart1.c: 245:         eusart1RxHead = 0;
  7443     051B  01FD               	clrf	_eusart1RxHead	;volatile
  7444     051C                     i1l2006:
  7445                           
  7446                           ;D:\yiming\00work\FR761_RX_V04.X\mcc_generated_files\eusart1.c: 247:     eusart1RxCount+
      +                          +;
  7447     051C  3001               	movlw	1
  7448     051D  0140               	movlb	0	; select bank0
  7449     051E  07B9               	addwf	_eusart1RxCount,f	;volatile
  7450     051F                     i1l434:
  7451     051F  0008               	return
  7452     0520                     __end_of_EUSART1_RxDataHandler:
  7453     0000                     ___latbits      equ	0
  7454     007E                     btemp           set	126	;btemp
  7455     007E                     int$flags       set	126
  7456     007E                     btemp0          set	126
  7457     007F                     btemp1          set	127
  7458     007E                     wtemp0          set	126
  7459     007F                     wtemp0a         set	127
  7460     007F                     ttemp0a         set	127
  7461     0080                     ltemp0a         set	128
  7462                           
  7463                           	psect	idloc
  7464                           
  7465                           ;Config register IDLOC0 @ 0x8000
  7466                           ;	unspecified, using default values
  7467     8000                     	org	32768
  7468     8000  3FFF               	dw	16383
  7469                           
  7470                           ;Config register IDLOC1 @ 0x8001
  7471                           ;	unspecified, using default values
  7472     8001                     	org	32769
  7473     8001  3FFF               	dw	16383
  7474                           
  7475                           ;Config register IDLOC2 @ 0x8002
  7476                           ;	unspecified, using default values
  7477     8002                     	org	32770
  7478     8002  3FFF               	dw	16383
  7479                           
  7480                           ;Config register IDLOC3 @ 0x8003
  7481                           ;	unspecified, using default values
  7482     8003                     	org	32771
  7483     8003  3FFF               	dw	16383
  7484                           
  7485                           	psect	config
  7486                           
  7487                           ;Config register CONFIG1 @ 0x8007
  7488                           ;	External Oscillator Mode Selection bits
  7489                           ;	FEXTOSC = OFF, Oscillator not enabled
  7490                           ;	Power-up Default Value for COSC bits
  7491                           ;	RSTOSC = HFINTOSC_32MHZ, HFINTOSC (32 MHz)
  7492                           ;	Clock Out Enable bit
  7493                           ;	CLKOUTEN = OFF, CLKOUT function is disabled; I/O function on RA4
  7494                           ;	VDD Range Analog Calibration Selection bit
  7495                           ;	VDDAR = HI, Internal analog systems are calibrated for operation between VDD = 2.3V - 
      +                          5.5V
  7496     8007                     	org	32775
  7497     8007  3FCD               	dw	16333
  7498                           
  7499                           ;Config register CONFIG2 @ 0x8008
  7500                           ;	Master Clear Enable bit
  7501                           ;	MCLRE = EXTMCLR, If LVP = 0, MCLR pin is MCLR; If LVP = 1, RA3 pin function is MCLR
  7502                           ;	Power-up Timer Selection bits
  7503                           ;	PWRTS = PWRT_OFF, PWRT is disabled
  7504                           ;	WDT Operating Mode bits
  7505                           ;	WDTE = OFF, WDT disabled; SEN is ignored
  7506                           ;	Brown-out Reset Enable bits
  7507                           ;	BOREN = ON, Brown-out Reset Enabled, SBOREN bit is ignored
  7508                           ;	Brown-out Reset Voltage Selection bit
  7509                           ;	BORV = LO, Brown-out Reset Voltage (VBOR) set to 1.9V
  7510                           ;	PPSLOCKED One-Way Set Enable bit
  7511                           ;	PPS1WAY = ON, The PPSLOCKED bit can be set once after an unlocking sequence is execute
      +                          d; once PPSLOCKED is set, all future changes to PPS registers are prevented
  7512                           ;	Stack Overflow/Underflow Reset Enable bit
  7513                           ;	STVREN = ON, Stack Overflow or Underflow will cause a reset
  7514     8008                     	org	32776
  7515     8008  3FE7               	dw	16359
  7516                           
  7517                           ;Config register CONFIG3 @ 0x8009
  7518                           ;	unspecified, using default values
  7519     8009                     	org	32777
  7520     8009  3FFF               	dw	16383
  7521                           
  7522                           ;Config register CONFIG4 @ 0x800A
  7523                           ;	Boot Block Size Selection bits
  7524                           ;	BBSIZE = BB512, 512 words boot block size
  7525                           ;	Boot Block Enable bit
  7526                           ;	BBEN = OFF, Boot Block is disabled
  7527                           ;	SAF Enable bit
  7528                           ;	SAFEN = OFF, SAF is disabled
  7529                           ;	Application Block Write Protection bit
  7530                           ;	WRTAPP = OFF, Application Block is not write-protected
  7531                           ;	Boot Block Write Protection bit
  7532                           ;	WRTB = OFF, Boot Block is not write-protected
  7533                           ;	Configuration Registers Write Protection bit
  7534                           ;	WRTC = OFF, Configuration Registers are not write-protected
  7535                           ;	Storage Area Flash (SAF) Write Protection bit
  7536                           ;	WRTSAF = OFF, SAF is not write-protected
  7537                           ;	Low Voltage Programming Enable bit
  7538                           ;	LVP = OFF, High Voltage on MCLR/Vpp must be used for programming
  7539     800A                     	org	32778
  7540     800A  1FFF               	dw	8191
  7541                           
  7542                           ;Config register CONFIG5 @ 0x800B
  7543                           ;	User Program Flash Memory Code Protection bit
  7544                           ;	CP = OFF, User Program Flash Memory code protection is disabled
  7545     800B                     	org	32779
  7546     800B  3FFF               	dw	16383

Data Sizes:
    Strings     0
    Constant    5
    Data        1
    BSS         65
    Persistent  65
    Stack       0

Auto Spaces:
    Space          Size  Autos    Used
    COMMON           14     13      14
    BANK0            80      5      77
    BANK1            80      9      19
    BANK2            80      0       0

Pointer List with Targets:

    EUSART1_ErrorHandler	PTR FTN()void  size(2) Largest target is 1
		 -> EUSART1_DefaultErrorHandler(), NULL(), 

    EUSART1_FramingErrorHandler	PTR FTN()void  size(2) Largest target is 1
		 -> EUSART1_DefaultFramingErrorHandler(), NULL(), 

    EUSART1_OverrunErrorHandler	PTR FTN()void  size(2) Largest target is 1
		 -> EUSART1_DefaultOverrunErrorHandler(), NULL(), 

    EUSART1_RxDefaultInterruptHandler	PTR FTN()void  size(2) Largest target is 1
		 -> EUSART1_Receive_ISR(), NULL(), 

    EUSART1_SetErrorHandler@interruptHandler	PTR FTN()void  size(2) Largest target is 1
		 -> EUSART1_DefaultErrorHandler(), 

    EUSART1_SetFramingErrorHandler@interruptHandler	PTR FTN()void  size(2) Largest target is 1
		 -> EUSART1_DefaultFramingErrorHandler(), 

    EUSART1_SetOverrunErrorHandler@interruptHandler	PTR FTN()void  size(2) Largest target is 1
		 -> EUSART1_DefaultOverrunErrorHandler(), 

    EUSART1_SetRxInterruptHandler@interruptHandler	PTR FTN()void  size(2) Largest target is 1
		 -> EUSART1_Receive_ISR(), 

    EUSART1_SetTxInterruptHandler@interruptHandler	PTR FTN()void  size(2) Largest target is 1
		 -> EUSART1_Transmit_ISR(), 

    EUSART1_TxDefaultInterruptHandler	PTR FTN()void  size(2) Largest target is 1
		 -> EUSART1_Transmit_ISR(), NULL(), 

    LIN_getChecksum@data	PTR unsigned char  size(2) Largest target is 13
		 -> LIN_packet(BANK0[13]), 

    LIN_getFromTable@rxCommand	PTR const struct . size(2) Largest target is 5
		 -> scheduleTable(CODE[5]), NULL(NULL[0]), 

    LIN_getFromTable@rxCommand$data	PTR unsigned char  size(2) Largest target is 8
		 -> SIGNAL_Data(BANK1[8]), 

    LIN_getPacket@data	PTR unsigned char  size(1) Largest target is 8
		 -> tempRxData(BANK0[8]), 

    LIN_init@command	const PTR const struct . size(2) Largest target is 5
		 -> scheduleTable(CODE[5]), 

    LIN_init@processData	PTR FTN()void  size(2) Largest target is 1
		 -> processLIN(), 

    LIN_processData	PTR FTN()void  size(2) Largest target is 1
		 -> processLIN(), NULL(), 

    LIN_queuePacket@tempSchedule	PTR const struct . size(2) Largest target is 5
		 -> scheduleTable(CODE[5]), NULL(NULL[0]), 

    LIN_queuePacket@tempSchedule$data	PTR unsigned char  size(2) Largest target is 8
		 -> SIGNAL_Data(BANK1[8]), 

    LIN_rxCommand	PTR const struct . size(2) Largest target is 5
		 -> scheduleTable(CODE[5]), NULL(NULL[0]), 

    LIN_rxCommand$data	PTR unsigned char  size(2) Largest target is 8
		 -> SIGNAL_Data(BANK1[8]), 

    LIN_sendPacket@data	PTR unsigned char  size(2) Largest target is 13
		 -> LIN_packet(BANK0[13]), 

    memcpy@d	PTR unsigned char  size(1) Largest target is 13
		 -> LIN_packet(BANK0[13]), tempRxData(BANK0[8]), 

    memcpy@d1	PTR void  size(2) Largest target is 13
		 -> LIN_packet(BANK0[13]), tempRxData(BANK0[8]), 

    memcpy@s	PTR const unsigned char  size(1) Largest target is 13
		 -> LIN_packet(BANK0[13]), LIN_packet$data(BANK0[8]), SIGNAL_Data(BANK1[8]), 

    memcpy@s1	PTR const void  size(2) Largest target is 13
		 -> LIN_packet(BANK0[13]), LIN_packet$data(BANK0[8]), SIGNAL_Data(BANK1[8]), 

    memset@dest	PTR void  size(2) Largest target is 13
		 -> LIN_packet(BANK0[13]), 

    memset@p	PTR unsigned char  size(1) Largest target is 13
		 -> LIN_packet(BANK0[13]), 

    S132$data	PTR unsigned char  size(2) Largest target is 8
		 -> SIGNAL_Data(BANK1[8]), 

    scheduleTable$data	PTR unsigned char  size(2) Largest target is 8
		 -> SIGNAL_Data(BANK1[8]), 

    sp__memcpy	PTR void  size(2) Largest target is 13
		 -> LIN_packet(BANK0[13]), tempRxData(BANK0[8]), 

    sp__memset	PTR void  size(2) Largest target is 13
		 -> LIN_packet(BANK0[13]), 

    TMR0_InterruptHandler	PTR FTN()void  size(2) Largest target is 1
		 -> LIN_timerHandler(), TMR0_DefaultInterruptHandler(), NULL(), 

    TMR0_SetInterruptHandler@InterruptHandler	PTR FTN()void  size(2) Largest target is 1
		 -> LIN_timerHandler(), TMR0_DefaultInterruptHandler(), 


Critical Paths under _main in COMMON

    _Clear_No_Call_Warning->_TMR0_Reload
    _Clear_No_Call_Warning->_TMR0_WriteTimer
    _TMR0_Initialize->_TMR0_SetInterruptHandler
    _LIN_Slave_Initialize->_LIN_init
    _LIN_setTimerHandler->_TMR0_SetInterruptHandler
    _EUSART1_Initialize->_EUSART1_SetErrorHandler
    _EUSART1_Initialize->_EUSART1_SetFramingErrorHandler
    _EUSART1_Initialize->_EUSART1_SetOverrunErrorHandler
    _EUSART1_Initialize->_EUSART1_SetRxInterruptHandler
    _EUSART1_Initialize->_EUSART1_SetTxInterruptHandler
    _processLIN->_LIN_getPacket
    _LIN_getPacket->_memcpy
    _LIN_startTimer->_TMR0_WriteTimer
    _LIN_queuePacket->_LIN_sendPacket
    _LIN_sendPacket->_EUSART1_Write
    _EUSART1_Write->_LIN_getChecksum
    _LIN_checkPID->_LIN_getFromTable
    _LIN_breakCheck->_EUSART1_Read

Critical Paths under _INTERRUPT_InterruptManager in COMMON

    None.

Critical Paths under _main in BANK0

    _LIN_handler->_LIN_queuePacket
    _LIN_queuePacket->_LIN_sendPacket

Critical Paths under _INTERRUPT_InterruptManager in BANK0

    None.

Critical Paths under _main in BANK1

    _main->_LIN_handler
    _LIN_handler->_LIN_queuePacket

Critical Paths under _INTERRUPT_InterruptManager in BANK1

    None.

Critical Paths under _main in BANK2

    None.

Critical Paths under _INTERRUPT_InterruptManager in BANK2

    None.

Call Graph Tables:

 ---------------------------------------------------------------------------------
 (Depth) Function   	        Calls       Base Space   Used Autos Params    Refs
 ---------------------------------------------------------------------------------
 (0) _main                                                 0     0      0    3734
                        _LIN_handler
                  _SYSTEM_Initialize
                          _func_main
                _software_Initialize
 ---------------------------------------------------------------------------------
 (1) _software_Initialize                                  0     0      0     226
              _Clear_No_Call_Warning
 ---------------------------------------------------------------------------------
 (2) _Clear_No_Call_Warning                                1     1      0     226
                 _EUSART1_is_tx_done
                _EUSART1_is_tx_ready
                    _PIN_MANAGER_IOC
                     _TMR0_ReadTimer
                        _TMR0_Reload
                    _TMR0_StartTimer
                     _TMR0_StopTimer
                    _TMR0_WriteTimer
 ---------------------------------------------------------------------------------
 (3) _TMR0_StopTimer                                       0     0      0       0
 ---------------------------------------------------------------------------------
 (3) _TMR0_StartTimer                                      0     0      0       0
 ---------------------------------------------------------------------------------
 (3) _TMR0_Reload                                          1     1      0      15
                                              0 COMMON     1     1      0
 ---------------------------------------------------------------------------------
 (3) _TMR0_ReadTimer                                       1     1      0       5
 ---------------------------------------------------------------------------------
 (3) _PIN_MANAGER_IOC                                      0     0      0       0
 ---------------------------------------------------------------------------------
 (3) _EUSART1_is_tx_ready                                  0     0      0       0
 ---------------------------------------------------------------------------------
 (3) _EUSART1_is_tx_done                                   0     0      0       0
 ---------------------------------------------------------------------------------
 (1) _func_main                                            0     0      0       0
 ---------------------------------------------------------------------------------
 (1) _SYSTEM_Initialize                                    0     0      0     238
                 _EUSART1_Initialize
               _LIN_Slave_Initialize
              _OSCILLATOR_Initialize
             _PIN_MANAGER_Initialize
                    _TMR0_Initialize
                     _WDT_Initialize
 ---------------------------------------------------------------------------------
 (2) _WDT_Initialize                                       0     0      0       0
 ---------------------------------------------------------------------------------
 (2) _TMR0_Initialize                                      0     0      0      24
           _TMR0_SetInterruptHandler
 ---------------------------------------------------------------------------------
 (2) _PIN_MANAGER_Initialize                               0     0      0       0
 ---------------------------------------------------------------------------------
 (2) _OSCILLATOR_Initialize                                0     0      0       0
 ---------------------------------------------------------------------------------
 (2) _LIN_Slave_Initialize                                 0     0      0      99
                           _LIN_init
 ---------------------------------------------------------------------------------
 (3) _LIN_init                                             5     1      4      99
                                              2 COMMON     5     1      4
                       _LIN_enableRx
                _LIN_setTimerHandler
                      _LIN_stopTimer
 ---------------------------------------------------------------------------------
 (4) _LIN_setTimerHandler                                  0     0      0      24
           _TMR0_SetInterruptHandler
 ---------------------------------------------------------------------------------
 (5) _TMR0_SetInterruptHandler                             2     0      2      24
                                              0 COMMON     2     0      2
 ---------------------------------------------------------------------------------
 (2) _EUSART1_Initialize                                   0     0      0     115
            _EUSART1_SetErrorHandler
     _EUSART1_SetFramingErrorHandler
     _EUSART1_SetOverrunErrorHandler
      _EUSART1_SetRxInterruptHandler
      _EUSART1_SetTxInterruptHandler
 ---------------------------------------------------------------------------------
 (3) _EUSART1_SetTxInterruptHandler                        2     0      2      23
                                              0 COMMON     2     0      2
 ---------------------------------------------------------------------------------
 (3) _EUSART1_SetRxInterruptHandler                        2     0      2      23
                                              0 COMMON     2     0      2
 ---------------------------------------------------------------------------------
 (3) _EUSART1_SetOverrunErrorHandler                       2     0      2      23
                                              0 COMMON     2     0      2
 ---------------------------------------------------------------------------------
 (3) _EUSART1_SetFramingErrorHandler                       2     0      2      23
                                              0 COMMON     2     0      2
 ---------------------------------------------------------------------------------
 (3) _EUSART1_SetErrorHandler                              2     0      2      23
                                              0 COMMON     2     0      2
 ---------------------------------------------------------------------------------
 (1) _LIN_handler                                          5     5      0    3270
                                              4 BANK1      5     5      0
                                NULL *
                       _EUSART1_Read
                _EUSART1_is_rx_ready
                     _LIN_breakCheck
                       _LIN_checkPID
                      _LIN_disableRx
                       _LIN_enableRx
                    _LIN_getChecksum
                   _LIN_getFromTable
                    _LIN_queuePacket
                     _LIN_startTimer
                      _LIN_stopTimer
                             _memset
                         _processLIN *
 ---------------------------------------------------------------------------------
 (2) _processLIN                                           1     1      0     483
                                             11 COMMON     1     1      0
                      _LIN_getPacket
                          _func_F150
 ---------------------------------------------------------------------------------
 (3) _func_F150                                            0     0      0       0
                             _DRL_ON
                        _DRL_POS_OFF
                         _HIBEAM_OFF
                          _HIBEAM_ON
                             _POS_ON
 ---------------------------------------------------------------------------------
 (4) _POS_ON                                               0     0      0       0
 ---------------------------------------------------------------------------------
 (4) _HIBEAM_ON                                            0     0      0       0
 ---------------------------------------------------------------------------------
 (4) _HIBEAM_OFF                                           0     0      0       0
 ---------------------------------------------------------------------------------
 (4) _DRL_POS_OFF                                          0     0      0       0
 ---------------------------------------------------------------------------------
 (4) _DRL_ON                                               0     0      0       0
 ---------------------------------------------------------------------------------
 (3) _LIN_getPacket                                        2     1      1     449
                                              9 COMMON     2     1      1
                             _memcpy
                             _memset
 ---------------------------------------------------------------------------------
 (4) _memset                                               7     1      6     155
                                              0 COMMON     7     1      6
 ---------------------------------------------------------------------------------
 (4) _LIN_stopTimer                                        0     0      0       0
 ---------------------------------------------------------------------------------
 (2) _LIN_startTimer                                       1     1      0      58
                                              1 COMMON     1     1      0
                    _TMR0_WriteTimer
 ---------------------------------------------------------------------------------
 (3) _TMR0_WriteTimer                                      1     1      0      29
                                              0 COMMON     1     1      0
 ---------------------------------------------------------------------------------
 (2) _LIN_queuePacket                                      7     7      0    1407
                                              2 BANK0      3     3      0
                                              0 BANK1      4     4      0
                    _LIN_getChecksum
                     _LIN_sendPacket
                             _memcpy
 ---------------------------------------------------------------------------------
 (4) _memcpy                                               9     3      6     226
                                              0 COMMON     9     3      6
 ---------------------------------------------------------------------------------
 (3) _LIN_sendPacket                                       5     2      3     658
                                             10 COMMON     3     0      3
                                              0 BANK0      2     2      0
                      _EUSART1_Write
                    _LIN_getChecksum
 ---------------------------------------------------------------------------------
 (4) _LIN_getChecksum                                      9     6      3     303
                                              0 COMMON     9     6      3
 ---------------------------------------------------------------------------------
 (4) _EUSART1_Write                                        1     1      0      94
                                              9 COMMON     1     1      0
                    _LIN_getChecksum (ARG)
 ---------------------------------------------------------------------------------
 (4) _LIN_enableRx                                         0     0      0       0
 ---------------------------------------------------------------------------------
 (2) _LIN_disableRx                                        0     0      0       0
 ---------------------------------------------------------------------------------
 (2) _LIN_checkPID                                         1     1      0     624
                                              7 COMMON     1     1      0
                     _LIN_calcParity
                   _LIN_getFromTable
 ---------------------------------------------------------------------------------
 (3) _LIN_getFromTable                                     7     6      1     192
                                              0 COMMON     7     6      1
 ---------------------------------------------------------------------------------
 (3) _LIN_calcParity                                       3     3      0     345
                                              0 COMMON     3     3      0
 ---------------------------------------------------------------------------------
 (2) _LIN_breakCheck                                       0     0      0      24
                       _EUSART1_Read
            _EUSART1_get_last_status
 ---------------------------------------------------------------------------------
 (3) _EUSART1_get_last_status                              0     0      0       0
 ---------------------------------------------------------------------------------
 (3) _EUSART1_Read                                         1     1      0      24
                                              0 COMMON     1     1      0
 ---------------------------------------------------------------------------------
 (2) _EUSART1_is_rx_ready                                  0     0      0       0
 ---------------------------------------------------------------------------------
 (8) NULL(Fake)                                            0     0      0       0
 ---------------------------------------------------------------------------------
 Estimated maximum stack depth 8
 ---------------------------------------------------------------------------------
 (Depth) Function   	        Calls       Base Space   Used Autos Params    Refs
 ---------------------------------------------------------------------------------
 (6) _INTERRUPT_InterruptManager                           0     0      0       0
                                NULL *
                _EUSART1_Receive_ISR *
               _EUSART1_Transmit_ISR *
                           _TMR0_ISR
 ---------------------------------------------------------------------------------
 (7) _TMR0_ISR                                             0     0      0       0
                                NULL *
                   _LIN_timerHandler *
       _TMR0_DefaultInterruptHandler *
 ---------------------------------------------------------------------------------
 (8) _TMR0_DefaultInterruptHandler                         0     0      0       0
 ---------------------------------------------------------------------------------
 (8) _LIN_timerHandler                                     0     0      0       0
 ---------------------------------------------------------------------------------
 (7) _EUSART1_Transmit_ISR                                 0     0      0       0
 ---------------------------------------------------------------------------------
 (7) _EUSART1_Receive_ISR                                  0     0      0       0
                                NULL *
        _EUSART1_DefaultErrorHandler *
 _EUSART1_DefaultFramingErrorHandler *
 _EUSART1_DefaultOverrunErrorHandler *
              _EUSART1_RxDataHandler
 ---------------------------------------------------------------------------------
 (8) _EUSART1_DefaultOverrunErrorHandler                   0     0      0       0
 ---------------------------------------------------------------------------------
 (8) _EUSART1_DefaultFramingErrorHandler                   0     0      0       0
 ---------------------------------------------------------------------------------
 (8) _EUSART1_DefaultErrorHandler                          0     0      0       0
              _EUSART1_RxDataHandler
 ---------------------------------------------------------------------------------
 (9) _EUSART1_RxDataHandler                                0     0      0       0
 ---------------------------------------------------------------------------------
 (8) NULL(Fake)                                            0     0      0       0
 ---------------------------------------------------------------------------------
 Estimated maximum stack depth 9
 ---------------------------------------------------------------------------------

 Call Graph Graphs:

 _main (ROOT)
   _LIN_handler
     NULL(Fake) *
     _EUSART1_Read *
     _EUSART1_is_rx_ready *
     _LIN_breakCheck *
       _EUSART1_Read
       _EUSART1_get_last_status
     _LIN_checkPID *
       _LIN_calcParity
       _LIN_getFromTable
     _LIN_disableRx *
     _LIN_enableRx *
     _LIN_getChecksum *
     _LIN_getFromTable *
     _LIN_queuePacket *
       _LIN_getChecksum
       _LIN_sendPacket
         _EUSART1_Write
           _LIN_getChecksum (ARG)
         _LIN_getChecksum
       _memcpy
     _LIN_startTimer *
       _TMR0_WriteTimer
     _LIN_stopTimer *
     _memset *
     _processLIN *
       _LIN_getPacket
         _memcpy
         _memset
       _func_F150
         _DRL_ON
         _DRL_POS_OFF
         _HIBEAM_OFF
         _HIBEAM_ON
         _POS_ON
   _SYSTEM_Initialize
     _EUSART1_Initialize
       _EUSART1_SetErrorHandler
       _EUSART1_SetFramingErrorHandler
       _EUSART1_SetOverrunErrorHandler
       _EUSART1_SetRxInterruptHandler
       _EUSART1_SetTxInterruptHandler
     _LIN_Slave_Initialize
       _LIN_init
         _LIN_enableRx
         _LIN_setTimerHandler
           _TMR0_SetInterruptHandler
         _LIN_stopTimer
     _OSCILLATOR_Initialize
     _PIN_MANAGER_Initialize
     _TMR0_Initialize
       _TMR0_SetInterruptHandler
     _WDT_Initialize
   _func_main
   _software_Initialize
     _Clear_No_Call_Warning
       _EUSART1_is_tx_done
       _EUSART1_is_tx_ready
       _PIN_MANAGER_IOC
       _TMR0_ReadTimer
       _TMR0_Reload
       _TMR0_StartTimer
       _TMR0_StopTimer
       _TMR0_WriteTimer

 _INTERRUPT_InterruptManager (ROOT)
   NULL(Fake) *
   _EUSART1_Receive_ISR *
     NULL(Fake) *
     _EUSART1_DefaultErrorHandler *
       _EUSART1_RxDataHandler
     _EUSART1_DefaultFramingErrorHandler *
     _EUSART1_DefaultOverrunErrorHandler *
     _EUSART1_RxDataHandler *
   _EUSART1_Transmit_ISR *
   _TMR0_ISR *
     NULL(Fake) *
     _LIN_timerHandler *
     _TMR0_DefaultInterruptHandler *

Address spaces:
Name               Size   Autos  Total    Usage
BITCOMMON           14      0       0      0.0%
BITBANK0            80      0       0      0.0%
BITBANK1            80      0       0      0.0%
BITBANK2            80      0       0      0.0%
BIGRAM             240      0       0      0.0%
COMMON              14     13      14    100.0%
BANK0               80      5      77     96.2%
BANK1               80      9      19     23.8%
BANK2               80      0       0      0.0%
STACK                0      0       0      0.0%
DATA                 0      0     104      0.0%


Microchip Technology PIC Macro Assembler V3.10 build 20250813170317 
Symbol Table                                                                                   Thu Sep  3 14:40:59 2026

                        __end_of_LIN_breakCheck 0546                           __end_of_LIN_getPacket 0473  
                         ??_LIN_setTimerHandler 0072                        _eusart1TxBufferRemaining 003B  
                         __end_of_LIN_disableRx 0606                                              l42 02DA  
                                            l90 0637                                              l82 063F  
                                            l76 063C                                              l93 0619  
                                            l87 0634                                              l79 0609  
                                            l96 0611                                              l99 0615  
                          TMR0_Reload@periodVal 0070                                 ?_LIN_calcParity 0070  
                                  ?_DRL_POS_OFF 0070                                             l301 05BC  
                                           l310 0605                                             l214 0272  
                                           l142 0575                                             l207 04F7  
                                           l304 061D                                             l401 063A  
                                           l314 0545                                             l138 059F  
                                           l307 0600                                             l251 0150  
                                           l413 03E9                                             l245 0120  
                                           l229 0087                                             l253 017D  
                                           l270 0338                                             l414 03F2  
                                           l262 0472                                             l408 0450  
                                           l280 04CA                                             l248 012B  
                                           l417 0407                                             l521 05C8  
                                           l290 03DE                                             l291 03E1  
                                           l259 042C                                             l284 0203  
                                           l452 05EC                                             l524 060D  
                                           l294 0592                                             l446 05E6  
                                           l518 0532                                             l455 05D4  
                                           l543 0565                                             l392 063E  
                                           l449 05E0                                             l458 05DA  
                                           l546 063D                                             l395 05B4  
                                           l572 062B                                             l581 05FB  
                                           l389 0376                                             l398 0631  
                                           l591 05CE                                             l575 0628  
                                           l584 05F6                                             l569 050B  
                                           l578 062E                                             u900 027A  
                                           u901 0279                                             u910 02C0  
                                           u911 02BF                                             u920 02CE  
                                           u921 02CD                                             u930 02D4  
                                           u931 02D3                                             u950 0433  
                                           u951 0432                                             u960 0447  
                                           u961 0446                                             u970 02EF  
                                           u971 02EE                                             u980 0302  
                                           u981 0301                                             u990 030C  
                                           u991 030B                        __end_of_LIN_getFromTable 0339  
                                           wreg 0009                           __end_of_scheduleTable 05F2  
                        ?_Clear_No_Call_Warning 0070                                            l1210 0629  
                                          l2100 0542                                            l1220 05F3  
                                          l1212 0626                                            l2110 04BD  
                                          l1222 062F                                            l1214 062C  
                                          l2104 0544                                            l1072 0492  
                                          l2008 063C                                            l2114 04BF  
                                          l2130 0339                                            l2116 04C9  
                                          l2108 04B2                                            l2124 0601  
                                          l2140 0350                                            l2132 033B  
                                          l1069 0486                                            l1078 04E1  
                                          l2150 036E                                            l2142 0352  
                                          l2134 0342                                            l2160 0374  
                                          l2152 036F                                            l2144 0354  
                                          l2136 034B                                            l1520 0562  
                                          l1512 0556                                            l2082 05AC  
                                          l2410 03B1                                            l2402 0473  
                                          l2090 058D                                            l2154 0371  
                                          l2146 036B                                            l2138 034E  
                                          l1522 05C3                                            l1514 0558  
                                          l2170 04FE                                            l2420 03D2  
                                          l2412 03B8                                            l2404 0478  
                                          l2500 0223                                            l2092 058E  
                                          l2156 0372                                            l2148 036D  
                                          l1524 05C5                                            l1516 055E  
                                          l2172 0500                                            l2422 03D6  
                                          l2414 03BA                                            l2406 047D  
                                          l2502 022B                                            l2094 0590  
                                          l2086 0586                                            l2430 04CB  
                                          l2158 0373                                            l1518 0560  
                                          l2174 0501                                            l2166 04F8  
                                          l1526 060A                                            l2510 0520  
                                          l2096 0533                                            l2440 03E3  
                                          l2416 03C5                                            l2424 03D8  
                                          l2408 047F                                            l2504 0240  
                                          l2088 0589                                            l2432 04CE  
                                          l2520 0059                                            l2600 0154  
                                          l2176 0508                                            l2168 04FD  
                                          l2512 0529                                            l2098 053B  
                                          l2450 0402                                            l2442 03EE  
                                          l2426 03E0                                            l2418 03C9  
                                          l2506 025B                                            l2434 04D3  
                                          l2530 0070                                            l2522 005E  
                                          l2514 052C                                            l2178 0606  
                                          l2610 0549                                            l2452 0403  
                                          l2444 03F3                                            l2508 0268  
                                          l2436 04D5                                            l2460 0463  
                                          l1820 027B                                            l2540 0093  
                                          l2532 0073                                            l2524 0061  
                                          l2516 052F                                            l2612 054C  
                                          l1910 0433                                            l2446 03FA  
                                          l2454 0405                                            l2438 03E3  
                                          l2470 0416                                            l2462 0471  
                                          l1750 0616                                            l2542 009B  
                                          l2534 007B                                            l2526 0069  
                                          l2518 0053                                            l2614 054D  
                                          l1920 044A                                            l1912 043F  
                                          l2448 03FC                                            l2472 0419  
                                          l2456 0451                                            l1752 0632  
                                          l1816 0273                                            l2480 056C  
                                          l2560 00CF                                            l2552 00B6  
                                          l2544 009F                                            l2536 0083  
                                          l2528 006D                                            l1744 05C9  
                                          l1760 05B5                                            l2616 054E  
                                          l2608 0546                                            l1922 044D  
                                          l1914 0441                                            l1906 042D  
                                          l1930 02E1                                            l2474 041F  
                                          l2466 040A                                            l2490 0210  
                                          l2458 0455                                            l1746 0612  
                                          l1754 0635                                            l2570 00FE  
                                          l2562 00D2                                            l2554 00BF  
                                          l2546 00A7                                            l2538 008B  
                                          l2618 0551                                            l1924 044F  
                                          l1916 0447                                            l1908 042D  
                                          l1940 0302                                            l1932 02E3  
                                          l2468 040C                                            l2492 0212  
                                          l1756 061A                                            l1748 060E  
                                          l1860 02C4                                            l1828 027F  
                                          l2484 0572                                            l2580 0123  
                                          l2572 00FF                                            l2564 00D6  
                                          l2556 00C4                                            l2548 00AC  
                                          l2476 0593                                            l1918 0448  
                                          l1934 02E5                                            l1758 05FC  
                                          l2486 0206                                            l1838 0283  
                                          l1854 0287                                            l1862 02C8  
                                          l2478 0566                                            l2590 0137  
                                          l2582 0128                                            l2574 0102  
                                          l2566 00DE                                            l2558 00CC  
                                          l1952 0313                                            l1944 0304  
                                          l1928 02DC                                            l2496 021D  
                                          l2488 020E                                            l1864 02CE  
                                          l1856 02B9                                            l2592 0145  
                                          l2584 0131                                            l2576 010A  
                                          l2568 00F5                                            l1880 04EE  
                                          l1962 0325                                            l1938 02F0  
                                          l1946 0306                                            l2498 0221  
                                          l1874 05F8                                            l1866 02D4  
                                          l1858 02C0                                            l2690 015D  
                                          l2594 014A                                            l2586 0134  
                                          l1882 04F1                                            l1980 0202  
                                          l2692 032D                                            l1956 031C  
                                          l1948 030D                                            l2596 014D  
                                          l2588 0136                                            l1884 04F4  
                                          l1876 063E                                            l1990 05CF  
                                          l1878 04E3                                            l1984 0638  
                                          l1976 017F                                            l1992 05E1  
                                          l1978 01F9                                            l1994 05DB  
                                          l1996 05E7                                            l1988 05D5  
                                          u1000 0186                                            u1001 0184  
                                          u1010 018D                                            u1002 0187  
                                          u1011 018B                                            u1100 01BC  
                                          u1020 0194                                            u1012 018E  
                                          u1101 01BA                                            u1021 0192  
                                          u1200 01EA                                            u1120 01C2  
                                          u1040 019A                                            u1201 01E8  
                                          u1121 01C0                                            u1041 0198  
                                          u1210 01F1                                            u1202 01EB  
                                          u1130 01C9                                            u1122 01C3  
                                          u1114 01BD                                            u1050 01A1  
                                          u1042 019B                                            u1034 0195  
                                          u1211 01EF                                            u1131 01C7  
                                          u1051 019F                                            u1300 05B3  
                                          u1220 01F8                                            u1212 01F2  
                                          u1140 01D0                                            u1132 01CA  
                                          u1060 01A8                                            u1052 01A2  
                                          u1301 05B1                                            u1221 01F6  
                                          u1141 01CE                                            u1061 01A6  
                                          u1310 05B4                                            u1320 053B  
                                          u1240 0201                                            u1160 01D6  
                                          u1080 01AE                                            u1321 053A  
                                          u1241 01FF                                            u1161 01D4  
                                          u1081 01AC                                            u1330 0542  
                                          u1234 01F9                                            u1170 01DD  
                                          u1162 01D7                                            u1154 01D1  
                                          u1090 01B5                                            u1082 01AF  
                                          u1074 01A9                                            u1331 0541  
                                          u1171 01DB                                            u1091 01B3  
                                          u1180 01E4                                            u1172 01DE  
                                          u1092 01B6                                            u1340 04BD  
                                          u1181 01E2                                            u1341 04BC  
                                          _LATA 0018                                            u1254 0202  
                                          u1350 04C9                                            u1351 04C8  
                                          u1194 01E5                                            u1700 03EE  
                                          u1701 03ED                                            u1710 0402  
                                          u1711 0401                                            u1720 041F  
                                          u1800 0083                                            u1721 041E  
                                          u1801 0082                                            u1650 0492  
                                          u1730 0571                                            u1810 0093  
                                          u1651 0491                                            u1731 0570  
                                          u1811 0092                                            u1660 03D2  
                                          u1740 021C                                            u1900 014A  
                                          u1820 009B                                            u1661 03D1  
                                          u1741 021B                                            u1901 0149  
                                          u1821 009A                                            u1670 03DE  
                                          u1750 022B                                            u1830 00A7  
                                          u1671 03DD                                            u1751 022A  
                                          u1831 00A6                                            u1680 04E1  
                                          u1840 00B5                                            u1760 0059  
                                          u1681 04E0                                            u1841 00B4  
                                          u1761 0058                                            u1690 03E9  
                                          u1850 00C4                                            u1770 005E  
                                          u1691 03E8                                            u1851 00C3  
                                          u1771 005D                                            u1860 00DE  
                                          u1780 0069                                            u1861 00DD  
                                          u1781 0068                                            u1870 00FE  
                                          u1790 007B                                            u1871 00FD  
                                          u1791 007A                                            u1880 010A  
                                          u1881 0109                                            u1890 011F  
                                          u1891 011E                                            _WPUA 1F39  
                                _LIN_sendPacket 0408                                   _EUSART1_Write 03E2  
                                          _main 0546                                   ?_EUSART1_Read 0070  
                               _TMR0_StartTimer 0629                                            fsr0h 0005  
                                          fsr1h 0007                                            indf0 0000  
                                          fsr0l 0004                                            indf1 0001  
                                          fsr1l 0006                                            btemp 007E  
                                          start 003A                                   processLIN@cmd 007B  
                               ?_LIN_breakCheck 0070                         __end_of_TMR0_Initialize 050C  
                ??_TMR0_DefaultInterruptHandler 0070                   __end_of_OSCILLATOR_Initialize 05C9  
                             LIN_sendPacket@pid 007A                           _eusart1RxStatusBuffer 0020  
                                         ?_main 0070                                 LIN_init@command 0072  
                                         i1l420 04AE                                           i1l430 03AF  
                                         i1l423 04B0                                           i1l440 0621  
                                         i1l434 051F                                           i1l443 0625  
                                         i1l437 0641                                           i1l298 05AB  
                                         i1l491 0038                                           i1l483 0017  
                               _TMR0_WriteTimer 05F7                                           i1l486 002A  
                                         i1l594 0640                                           i1l588 0584  
                                         _OSCEN 0891                                           _TMR0H 059D  
                                         _TMR0L 059C                                           _TRISA 0012  
                              __end_of_LIN_init 04F8                           __end_of_LIN_stopTimer 061E  
                     ?_TMR0_SetInterruptHandler 0070                            _EUSART1_Transmit_ISR 0493  
                              __end_of_TMR0_ISR 0585                         __end_of_PIN_MANAGER_IOC 063E  
                                _WDT_Initialize 060A                          __end_of_LIN_sendPacket 042D  
                                         btemp0 007E                                           btemp1 007F  
                                ?_EUSART1_Write 0070                                           pclath 000A  
                                _LIN_startTimer 0585                                  ??_EUSART1_Read 0070  
                                         status 0003                                           wtemp0 007E  
    __end_of_EUSART1_DefaultFramingErrorHandler 0642            ??_EUSART1_DefaultFramingErrorHandler 0070  
           ?_EUSART1_DefaultFramingErrorHandler 0070              _EUSART1_DefaultFramingErrorHandler 0641  
                              ?_LIN_getChecksum 0070                               __end_of_HIBEAM_ON 0635  
                   LIN_queuePacket@tempSchedule 00A2                                 __initialization 003B  
                                  ?_LIN_handler 0070                      __end_of_EUSART1_Initialize 0377  
                                  __end_of_main 0556                     ?_INTERRUPT_InterruptManager 0070  
                                        ??_main 007D                           ?_EUSART1_Transmit_ISR 0070  
                        __end_of_WDT_Initialize 060E                              LIN_sendPacket@data 007B  
                       __end_of_TMR0_StartTimer 062C                          __end_of_LIN_startTimer 0593  
                               ?_LIN_sendPacket 007A                                          _ANSELA 1F38  
                                        _T0CON0 059E                                          _T0CON1 059F  
                                        _RC1REG 0119                                          _RC1STA 011D  
                                        i1l2000 0513                                          i1l2002 0515  
                                        i1l2004 051B                                          i1l2006 051C  
                                        i1l2300 0396                                          i1l2302 039C  
                                        i1l2126 05A0                                          i1l2310 0578  
                                        i1l2304 03A5                                          i1l2128 05A9  
                                        i1l2312 057F                                          _ODCONA 1F3A  
                                        i1l2162 061E                                          i1l2306 03AC  
                                        i1l2330 0013                                          i1l2164 0622  
                                        i1l2308 0576                                          i1l2340 0032  
                                        i1l2332 001B                                          i1l2334 001F  
                                        i1l2326 000A                                          i1l2280 04A1  
                                        i1l2336 0023                                          i1l2328 000F  
                                        i1l2290 037C                                          i1l2282 04A4  
                                        i1l2338 002E                                          i1l2292 0381  
                                        i1l2284 04AA                                          i1l2276 0493  
                                        i1l2294 0386                                          i1l2286 04AB  
                                        i1l2278 049A                                          i1l2296 038C  
                                        i1l2288 0377                                          i1l2298 0391  
                                        _DRL_ON 0616                                          i1l1998 050C  
                                        u126_20 051B                                          u126_21 051A  
                                        u152_20 049A                                          u136_20 05A9  
                                        u160_20 001B                                          u152_21 0499  
                                        u136_21 05A8                                          u160_21 001A  
                                        _INLVLA 1F3C                                          u153_20 04AA  
                                        u161_20 001F                                          u153_21 04A9  
                                        u161_21 001E                                          u154_20 0381  
                                        u162_20 0023                                          u154_21 0380  
                                        u162_21 0022                                          u155_20 0391  
                                        u163_20 002E                                          u155_21 0390  
                                        u163_21 002D                                          u156_20 03A5  
                                        u164_20 0032                                          u156_21 03A4  
                                        u164_21 0031                                          u157_20 057F  
                                        u157_21 057E                                          u158_20 000F  
                                        u158_21 000E                                          u159_20 0013  
                                        u159_21 0012                                          _OSCFRQ 0893  
                                        _RX1PPS 1ECB                                          _TX1REG 011A  
                                        _WDTCON 080C                                          _TX1STA 011E  
                                        _POS_ON 060E                                 _LIN_processData 0064  
                           _software_Initialize 0606                                    ?_TMR0_Reload 0070  
                               _LIN_queuePacket 0204                         __end_of_TMR0_WriteTimer 05FC  
                      ?_EUSART1_SetErrorHandler 0070                                          _memcpy 0473  
                              ?_TMR0_Initialize 0070                                          _memset 04CB  
                                  ??_HIBEAM_OFF 0070                ??_EUSART1_SetOverrunErrorHandler 0072  
               ?_EUSART1_SetOverrunErrorHandler 0070                                          ltemp0a 0080  
                               ?_WDT_Initialize 0070                            ?_software_Initialize 0070  
                              _LIN_rxInProgress 0042                                          ttemp0a 007F  
                               ??_EUSART1_Write 0079        TMR0_SetInterruptHandler@InterruptHandler 0070  
                              ?_PIN_MANAGER_IOC 0070                                          wtemp0a 007F  
                               ?_LIN_startTimer 0070                                 _eusart1RxBuffer 0028  
                               _eusart1TxBuffer 0030                               _SYSTEM_Initialize 0520  
                       __end_of__initialization 0050                              ?_SYSTEM_Initialize 0070  
                            __end_of_HIBEAM_OFF 0638                                   ?_LIN_checkPID 0070  
                 __end_of_EUSART1_RxDataHandler 0520                                       ?_LIN_init 0072  
                                __pcstackCOMMON 0070                                   ?_LIN_enableRx 0070  
                              ??_LIN_calcParity 0070                                 LIN_sendPacket@i 0068  
                                  __pidataBANK0 063B                             ??_SYSTEM_Initialize 0077  
                                     ?_TMR0_ISR 0070                            __end_of_EUSART1_Read 0451  
                        LIN_handler@rxDataIndex 003E                          ??_EUSART1_Transmit_ISR 0070  
                         ??_software_Initialize 0071                         ??_Clear_No_Call_Warning 0071  
                             ?_LIN_getFromTable 0070                     __end_of_EUSART1_Receive_ISR 03B0  
                        LIN_handler@LIN_rxState 003F                              ??_LIN_getFromTable 0071  
                              ?_TMR0_StartTimer 0070                       __end_of_SYSTEM_Initialize 0533  
                                 _eusart1RxHead 007D                                   _eusart1TxHead 003D  
                                 _eusart1RxTail 003A                                      __pbssBANK0 0020  
                                    __pbssBANK1 00A9                                   _eusart1TxTail 003C  
             _EUSART1_TxDefaultInterruptHandler 0060                                         ?_DRL_ON 0070  
               ??_EUSART1_SetRxInterruptHandler 0072                                         ?_POS_ON 0070  
                      ?_EUSART1_get_last_status 0070                                ??_LIN_breakCheck 0071  
                                ??_LIN_checkPID 0077                     __end_of_LIN_setTimerHandler 05BD  
                       __end_of_LIN_queuePacket 0273                 __end_of_EUSART1_SetErrorHandler 05ED  
                                ??_LIN_enableRx 0070                                      __pmaintext 0546  
                              _LIN_timerHandler 05A0                                      ??_LIN_init 0076  
                           LIN_getChecksum@data 0071                __end_of_TMR0_SetInterruptHandler 05CF  
                                    ??_TMR0_ISR 0070                                      __pintentry 0004  
                              ?_TMR0_WriteTimer 0070                                         ?_memcpy 0070  
                                       ?_memset 0070                           LIN_getChecksum@length 0075  
        __end_of_EUSART1_SetFramingErrorHandler 05E7                  _EUSART1_SetFramingErrorHandler 05E1  
                              _LIN_timerRunning 0041                    ?_EUSART1_DefaultErrorHandler 0070  
                                       _SP1BRGH 011C                                         _SP1BRGL 011B  
                                       _OSCTUNE 0892                                         _SLRCONA 1F3B  
                       LIN_getChecksum@checksum 0077                    __end_of_LIN_Slave_Initialize 05A0  
                                     _HIBEAM_ON 0632                             _EUSART1_is_rx_ready 05AC  
                             __end_of_func_F150 02DB                      __end_of_EUSART1_is_tx_done 0632  
                           _EUSART1_is_tx_ready 063E                                         __ptext1 0606  
                                       __ptext2 063C                                         __ptext3 0626  
                                       __ptext4 0629                                         __ptext5 05F2  
                                       __ptext6 062C                                         __ptext7 063D  
                                       __ptext8 063E                                         __ptext9 062F  
                             __end_of_func_main 0640                           _OSCILLATOR_Initialize 05C3  
                              ??_LIN_sendPacket 007D                              _EUSART1_Initialize 0339  
                      ??_PIN_MANAGER_Initialize 0070                   ??_EUSART1_DefaultErrorHandler 0070  
                                       clrloop0 05BE                 __end_of_EUSART1_get_last_status 063B  
                     LIN_getFromTable@rxCommand 0075                            end_of_initialization 0050  
                          ?_EUSART1_is_rx_ready 0070                             ?_EUSART1_Initialize 0070  
                          ?_EUSART1_is_tx_ready 0070                                         memcpy@d 0077  
                                       memcpy@n 0074                                         memcpy@s 0078  
                                       memset@c 0072                                         memset@n 0074  
                                       memset@p 0076                     _EUSART1_OverrunErrorHandler 005A  
                              ?_LIN_queuePacket 0070           __end_of_EUSART1_SetRxInterruptHandler 05DB  
                 _EUSART1_SetRxInterruptHandler 05D5                                      _tempRxData 0050  
                                 _LIN_getPacket 0451                                      ?_HIBEAM_ON 0070  
                                _TMR0_ReadTimer 062C                                   _LIN_disableRx 0601  
                          ??_EUSART1_Initialize 0072                                ??_WDT_Initialize 0070  
                             LIN_getPacket@data 0079                        _TMR0_SetInterruptHandler 05C9  
                                    _processLIN 0566                            __end_of_LIN_checkPID 04CB  
                           LIN_init@tableLength 0076                                ??_LIN_startTimer 0071  
                          __end_of_LIN_enableRx 0601                                   _scheduleTable 05ED  
                           EUSART1_Write@txData 0079                           ??_EUSART1_is_rx_ready 0070  
                         ??_EUSART1_is_tx_ready 0070                                  __end_of_DRL_ON 061A  
                                  _EUSART1_Read 042D                                  __end_of_POS_ON 0612  
                                 _LIN_rxCommand 0062                                  _TMR0_StopTimer 0626  
                        __end_of_TMR0_ReadTimer 062F                                  ?_LIN_getPacket 0079  
                                ?_LIN_disableRx 0070                                   ??_DRL_POS_OFF 0070  
                                __end_of_memcpy 0493                          ?_OSCILLATOR_Initialize 0070  
                                __end_of_memset 04E2                             start_initialization 003B  
                                 _LIN_stopTimer 061A                        __end_of_LIN_timerHandler 05AC  
                          _LIN_Slave_Initialize 0593                   __end_of_Clear_No_Call_Warning 063D  
 EUSART1_SetRxInterruptHandler@interruptHandler 0070   EUSART1_SetTxInterruptHandler@interruptHandler 0070  
                         __end_of_EUSART1_Write 0408                                        ??_DRL_ON 0070  
                         LIN_startTimer@timeout 0071                                        ??_POS_ON 0070  
                        __end_of_TMR0_StopTimer 0629                               LIN_calcParity@CMD 0071  
                             LIN_calcParity@PID 0072                                 ?_TMR0_ReadTimer 0070  
                         _EUSART1_RxDataHandler 050C                                     ??_HIBEAM_ON 0070  
                ?_EUSART1_SetRxInterruptHandler 0070                                     __pdataBANK0 006C  
                                      ??_memcpy 0076                                        ??_memset 0076  
                   __end_of_software_Initialize 060A                                      memset@dest 0070  
                                   ?_processLIN 0070                                  _eusart1RxCount 0039  
                           LIN_init@processData 0074                                  ?_LIN_stopTimer 0070  
                                   __pbssCOMMON 007D               _EUSART1_RxDefaultInterruptHandler 005E  
                                     ___latbits 0000                                   __pcstackBANK0 0067  
                                 __pcstackBANK1 00A0                               ??_LIN_getChecksum 0073  
                         ?_LIN_Slave_Initialize 0070                             __end_of_DRL_POS_OFF 0616  
               ??_EUSART1_SetTxInterruptHandler 0072                ??_EUSART1_SetFramingErrorHandler 0072  
               ?_EUSART1_SetFramingErrorHandler 0070                           _TMR0_InterruptHandler 0058  
                                     __pnvBANK0 0058                                       __pnvBANK1 00B1  
                               ?_TMR0_StopTimer 0070                                 ??_LIN_getPacket 007A  
                        _PIN_MANAGER_Initialize 0556                                   ??_LIN_handler 00A4  
                              LIN_getChecksum@i 0076                                 ??_LIN_disableRx 0070  
                            LIN_getChecksum@pid 0070                            LIN_sendPacket@length 0067  
                  ??_INTERRUPT_InterruptManager 0070                                        _BAUD1CON 011F  
    __end_of_EUSART1_DefaultOverrunErrorHandler 0622            ??_EUSART1_DefaultOverrunErrorHandler 0070  
           ?_EUSART1_DefaultOverrunErrorHandler 0070              _EUSART1_DefaultOverrunErrorHandler 061E  
                                     _func_F150 0273                            _EUSART1_ErrorHandler 00B1  
                       _EUSART1_SetErrorHandler 05E7                                       _func_main 063F  
                            _EUSART1_is_tx_done 062F                                 LIN_checkPID@pid 0077  
                             ??_TMR0_Initialize 0072                                        _LATAbits 0018  
       EUSART1_SetErrorHandler@interruptHandler 0070                             ?_EUSART1_is_tx_done 0070  
                                     clear_ram0 05BD                                        _PIE0bits 0716  
                                      _PIE1bits 0717                                    _LIN_checkPID 04B1  
                    ??_TMR0_SetInterruptHandler 0072                                        _PIR0bits 070C  
                                      _PIR1bits 070D                                   ??_TMR0_Reload 0070  
                                      _LIN_init 04E2                          ?_EUSART1_RxDataHandler 0070  
                                  _LIN_enableRx 05FC                                        _TMR0_ISR 0576  
                              LIN_getPacket@cmd 007A                               ??_PIN_MANAGER_IOC 0070  
                           __end_of_LIN_handler 017E                                 ??_LIN_stopTimer 0070  
                                   _DRL_POS_OFF 0612                            ??_EUSART1_is_tx_done 0070  
                                    ?_func_F150 0070                          ??_LIN_Slave_Initialize 0077  
                                    ?_func_main 0070                           EUSART1_Read@readValue 0070  
                              _LIN_getFromTable 02DB           __end_of_EUSART1_SetTxInterruptHandler 05D5  
                 _EUSART1_SetTxInterruptHandler 05CF                                       memcpy@tmp 0076  
                       ??_OSCILLATOR_Initialize 0070                         _EUSART1_get_last_status 0638  
                             ??_TMR0_StartTimer 0070                                      _HIBEAM_OFF 0635  
                                      ___int_sp 0000                             __end_of_TMR0_Reload 05F7  
                     ??_EUSART1_SetErrorHandler 0072             __end_of_EUSART1_DefaultErrorHandler 0626  
                   _EUSART1_DefaultErrorHandler 0622                     __end_of_EUSART1_is_rx_ready 05B5  
                                    _T0CON0bits 059E                     __end_of_EUSART1_is_tx_ready 063F  
                                      __ptext10 063F                                        __ptext11 0520  
                                      __ptext20 0339                                        __ptext12 060A  
                                      __ptext21 05CF                                        __ptext13 04F8  
                                      __ptext30 0632                                        __ptext22 05D5  
                                      __ptext14 0556                                        __ptext31 0635  
                                      __ptext23 05DB                                        __ptext15 05C3  
                                      __ptext40 0473                                        __ptext32 0612  
                                      __ptext24 05E1                                        __ptext16 0593  
                                      __ptext41 0408                                        __ptext33 0616  
                                      __ptext25 05E7                                        __ptext17 04E2  
                                      __ptext50 0638                                        __ptext42 03B0  
                                      __ptext34 0451                                        __ptext26 0053  
                                      __ptext18 05B5                                        __ptext51 042D  
                                      __ptext43 03E2                                        __ptext35 04CB  
                                      __ptext27 0566                                        __ptext19 05C9  
                                      __ptext60 0641                                        __ptext52 05AC  
                                      __ptext44 05FC                                        __ptext36 061A  
                                      __ptext28 0273                                        __ptext61 0622  
                                      __ptext45 0601                                        __ptext37 0585  
                                      __ptext29 060E                                        __ptext62 050C  
                                      __ptext54 0576                                        __ptext46 04B1  
                                      __ptext38 05F7                                        __ptext55 05A0  
                                      __ptext47 02DB                                        __ptext39 0204  
                                      __ptext56 0640                                        __ptext48 017E  
                                      __ptext57 0493                                        __ptext49 0533  
                                      __ptext58 0377                                        __ptext59 061E  
                             ?_LIN_timerHandler 0070                         TMR0_WriteTimer@timerVal 0070  
                            ??_LIN_timerHandler 0070                               ??_TMR0_WriteTimer 0070  
                        LIN_getFromTable@length 0074                                ??_TMR0_ReadTimer 0070  
          __end_of_TMR0_DefaultInterruptHandler 0641                    _TMR0_DefaultInterruptHandler 0640  
                                   _SIGNAL_Data 00A9                                      _RC1STAbits 011D  
                           _LIN_rxCommandLength 0066  EUSART1_SetOverrunErrorHandler@interruptHandler 0070  
                                   _LIN_handler 0053                                        int$flags 007E  
                               _LIN_getChecksum 03B0              __end_of_INTERRUPT_InterruptManager 003A  
                    _INTERRUPT_InterruptManager 0004                     _EUSART1_FramingErrorHandler 005C  
                           _EUSART1_Receive_ISR 0377                                    ??_processLIN 007B  
                                   _LIN_timeout 006C                                  _LIN_calcParity 017E  
                                   ??_func_F150 0070                                      _INTCONbits 000B  
                                      memcpy@d1 0070                                        memcpy@s1 0072  
                                   ??_func_main 0070                             _LIN_setTimerHandler 05B5  
                                      intlevel1 0000                                ??_TMR0_StopTimer 0070  
                                 _CountCallBack 0040                           _Clear_No_Call_Warning 063C  
                          ?_EUSART1_Receive_ISR 0070                         ?_PIN_MANAGER_Initialize 0070  
        __end_of_EUSART1_SetOverrunErrorHandler 05E1                  _EUSART1_SetOverrunErrorHandler 05DB  
                         LIN_getFromTable@param 0070                    __end_of_EUSART1_Transmit_ISR 04B1  
                            __end_of_processLIN 0576                   ?_TMR0_DefaultInterruptHandler 0070  
                     ??_EUSART1_get_last_status 0070                                     _TMR0_Reload 05F2  
                                    _LIN_packet 0043                            ?_LIN_setTimerHandler 0070  
EUSART1_SetFramingErrorHandler@interruptHandler 0070                  ?_EUSART1_SetTxInterruptHandler 0070  
                                _LIN_breakCheck 0533                                     ?_HIBEAM_OFF 0070  
                            _eusart1RxLastError 0038                          __end_of_LIN_calcParity 0204  
                                 __pstringtext1 05ED                              LIN_queuePacket@cmd 00A0  
                               _TMR0_Initialize 04F8                               ??_LIN_queuePacket 0069  
                                    _TX1STAbits 011E                           ??_EUSART1_Receive_ISR 0070  
                __end_of_PIN_MANAGER_Initialize 0566                             LIN_getFromTable@cmd 0073  
                               _PIN_MANAGER_IOC 063D                                LIN_queuePacket@i 00A1  
                       ??_EUSART1_RxDataHandler 0070                         __end_of_LIN_getChecksum 03E2  
