

Microchip MPLAB XC8 Assembler V3.10 build 20250813170317 
                                                                                               Thu Sep  3 14:57:22 2026

Microchip MPLAB XC8 C Compiler v3.10 (Free license) build 20250813170317 Og1 
     1                           	processor	16F15213
     2                           	pagewidth 120
     3                           	opt	flic
     4                           	psect	idataBANK0,global,class=CODE,space=0,delta=2,noexec
     5                           	psect	stringtext1,global,class=STRCODE,space=0,delta=2,noexec
     6                           	psect	nvBANK0,global,class=BANK0,space=1,delta=1,noexec
     7                           	psect	nvBANK1,global,class=BANK1,space=1,delta=1,noexec
     8                           	psect	cinit,global,class=CODE,space=0,merge=1,delta=2
     9                           	psect	bssCOMMON,global,class=COMMON,space=1,delta=1,noexec
    10                           	psect	bssBANK0,global,class=BANK0,space=1,delta=1,noexec
    11                           	psect	dataBANK0,global,class=BANK0,space=1,delta=1,noexec
    12                           	psect	bssBANK1,global,class=BANK1,space=1,delta=1,noexec
    13                           	psect	clrtext,global,class=CODE,space=0,delta=2
    14                           	psect	cstackBANK1,global,class=BANK1,space=1,delta=1,noexec
    15                           	psect	cstackCOMMON,global,class=COMMON,space=1,delta=1,noexec
    16                           	psect	cstackBANK0,global,class=BANK0,space=1,delta=1,noexec
    17                           	psect	maintext,global,class=CODE,space=0,merge=1,split=1,delta=2
    18                           	psect	text1,local,class=CODE,space=0,merge=1,delta=2
    19                           	psect	text2,local,class=CODE,space=0,merge=1,delta=2
    20                           	psect	text3,local,class=CODE,space=0,merge=1,delta=2
    21                           	psect	text4,local,class=CODE,space=0,merge=1,delta=2
    22                           	psect	text5,local,class=CODE,space=0,merge=1,delta=2
    23                           	psect	text6,local,class=CODE,space=0,merge=1,delta=2
    24                           	psect	text7,local,class=CODE,space=0,merge=1,delta=2
    25                           	psect	text8,local,class=CODE,space=0,merge=1,delta=2
    26                           	psect	text9,local,class=CODE,space=0,merge=1,delta=2
    27                           	psect	text10,local,class=CODE,space=0,merge=1,delta=2
    28                           	psect	text11,local,class=CODE,space=0,merge=1,delta=2
    29                           	psect	text12,local,class=CODE,space=0,merge=1,delta=2
    30                           	psect	text13,local,class=CODE,space=0,merge=1,delta=2
    31                           	psect	text14,local,class=CODE,space=0,merge=1,delta=2
    32                           	psect	text15,local,class=CODE,space=0,merge=1,delta=2
    33                           	psect	text16,local,class=CODE,space=0,merge=1,delta=2
    34                           	psect	text17,local,class=CODE,space=0,merge=1,delta=2
    35                           	psect	text18,local,class=CODE,space=0,merge=1,delta=2
    36                           	psect	text19,local,class=CODE,space=0,merge=1,delta=2
    37                           	psect	text20,local,class=CODE,space=0,merge=1,delta=2
    38                           	psect	text21,local,class=CODE,space=0,merge=1,delta=2
    39                           	psect	text22,local,class=CODE,space=0,merge=1,delta=2
    40                           	psect	text23,local,class=CODE,space=0,merge=1,delta=2
    41                           	psect	text24,local,class=CODE,space=0,merge=1,delta=2
    42                           	psect	text25,local,class=CODE,space=0,merge=1,delta=2
    43                           	psect	text26,local,class=CODE,space=0,merge=1,delta=2
    44                           	psect	text27,local,class=CODE,space=0,merge=1,delta=2
    45                           	psect	text28,local,class=CODE,space=0,merge=1,delta=2
    46                           	psect	text29,local,class=CODE,space=0,merge=1,delta=2
    47                           	psect	text30,local,class=CODE,space=0,merge=1,delta=2
    48                           	psect	text31,local,class=CODE,space=0,merge=1,delta=2
    49                           	psect	text32,local,class=CODE,space=0,merge=1,delta=2
    50                           	psect	text33,local,class=CODE,space=0,merge=1,delta=2
    51                           	psect	text34,local,class=CODE,space=0,merge=1,delta=2
    52                           	psect	text35,local,class=CODE,space=0,merge=1,delta=2,group=2
    53                           	psect	text36,local,class=CODE,space=0,merge=1,delta=2
    54                           	psect	text37,local,class=CODE,space=0,merge=1,delta=2
    55                           	psect	text38,local,class=CODE,space=0,merge=1,delta=2
    56                           	psect	text39,local,class=CODE,space=0,merge=1,delta=2
    57                           	psect	text40,local,class=CODE,space=0,merge=1,delta=2,group=2
    58                           	psect	text41,local,class=CODE,space=0,merge=1,delta=2
    59                           	psect	text42,local,class=CODE,space=0,merge=1,delta=2
    60                           	psect	text43,local,class=CODE,space=0,merge=1,delta=2
    61                           	psect	text44,local,class=CODE,space=0,merge=1,delta=2
    62                           	psect	text45,local,class=CODE,space=0,merge=1,delta=2
    63                           	psect	text46,local,class=CODE,space=0,merge=1,delta=2
    64                           	psect	text47,local,class=CODE,space=0,merge=1,delta=2
    65                           	psect	text48,local,class=CODE,space=0,merge=1,delta=2
    66                           	psect	text49,local,class=CODE,space=0,merge=1,delta=2
    67                           	psect	text50,local,class=CODE,space=0,merge=1,delta=2
    68                           	psect	text51,local,class=CODE,space=0,merge=1,delta=2
    69                           	psect	text52,local,class=CODE,space=0,merge=1,delta=2
    70                           	psect	intentry,global,class=CODE,space=0,delta=2
    71                           	psect	text54,local,class=CODE,space=0,merge=1,delta=2
    72                           	psect	text55,local,class=CODE,space=0,merge=1,delta=2
    73                           	psect	text56,local,class=CODE,space=0,merge=1,delta=2
    74                           	psect	text57,local,class=CODE,space=0,merge=1,delta=2
    75                           	psect	text58,local,class=CODE,space=0,merge=1,delta=2
    76                           	psect	text59,local,class=CODE,space=0,merge=1,delta=2
    77                           	psect	text60,local,class=CODE,space=0,merge=1,delta=2
    78                           	psect	text61,local,class=CODE,space=0,merge=1,delta=2
    79                           	psect	text62,local,class=CODE,space=0,merge=1,delta=2
    80                           	psect	config,global,abs,ovrld,class=CONFIG,space=4,delta=2,noexec
    81                           	dabs	1,0x7E,2
    82     0000                     
    83                           ; Version 2.30
    84                           ; Generated 15/09/2020 GMT
    85                           ; 
    86                           ; Copyright © 2020, Microchip Technology Inc. and its subsidiaries ("Microchip")
    87                           ; All rights reserved.
    88                           ; 
    89                           ; This software is developed by Microchip Technology Inc. and its subsidiaries ("Microch
      +                          ip").
    90                           ; 
    91                           ; Redistribution and use in source and binary forms, with or without modification, are
    92                           ; permitted provided that the following conditions are met:
    93                           ; 
    94                           ;     1. Redistributions of source code must retain the above copyright notice, this lis
      +                          t of
    95                           ;        conditions and the following disclaimer.
    96                           ; 
    97                           ;     2. Redistributions in binary form must reproduce the above copyright notice, this 
      +                          list
    98                           ;        of conditions and the following disclaimer in the documentation and/or other
    99                           ;        materials provided with the distribution. Publication is not required when
   100                           ;        this file is used in an embedded application.
   101                           ; 
   102                           ;     3. Microchip's name may not be used to endorse or promote products derived from th
      +                          is
   103                           ;        software without specific prior written permission.
   104                           ; 
   105                           ; THIS SOFTWARE IS PROVIDED BY MICROCHIP "AS IS" AND ANY EXPRESS OR IMPLIED WARRANTIES,
   106                           ; INCLUDING, BUT NOT LIMITED TO, THE IMPLIED WARRANTIES OF MERCHANTABILITY AND FITNESS F
      +                          OR
   107                           ; PURPOSE ARE DISCLAIMED.  IN NO EVENT SHALL MICROCHIP BE LIABLE FOR ANY DIRECT, INDIREC
      +                          T,
   108                           ; INCIDENTAL, SPECIAL, EXEMPLARY, OR CONSEQUENTIAL DAMAGES (INCLUDING BUT NOT LIMITED TO
   109                           ; PROCUREMENT OF SUBSTITUTE GOODS OR SERVICES; LOSS OF USE, DATA OR PROFITS; OR BUSINESS
   110                           ; INTERRUPTION) HOWSOEVER CAUSED AND ON ANY THEORY OF LIABILITY, WHETHER IN CONTRACT, ST
      +                          RICT
   111                           ; LIABILITY, OR TORT (INCLUDING NEGLIGENCE OR OTHERWISE) ARISING IN ANY WAY OUT OF THE U
      +                          SE OF
   112                           ; THIS SOFTWARE, EVEN IF ADVISED OF THE POSSIBILITY OF SUCH DAMAGE.
   113                           ; 
   114                           ; 
   115                           ; Code-generator required, PIC16F15213 Definitions
   116                           ; 
   117                           ; SFR Addresses
   118     0008                     bsr             equ	8
   119     0005                     fsr0h           equ	5
   120     0004                     fsr0l           equ	4
   121     0007                     fsr1h           equ	7
   122     0006                     fsr1l           equ	6
   123     0000                     indf            equ	0
   124     0000                     indf0           equ	0
   125     0001                     indf1           equ	1
   126     000B                     intcon          equ	11
   127     0002                     pc              equ	2
   128     0002                     pcl             equ	2
   129     000A                     pclath          equ	10
   130     0003                     status          equ	3
   131     0009                     wreg            equ	9
   132     0000                     INDF0           equ	0	;# 
   133     0001                     INDF1           equ	1	;# 
   134     0002                     PCL             equ	2	;# 
   135     0003                     STATUS          equ	3	;# 
   136     0004                     FSR0L           equ	4	;# 
   137     0005                     FSR0H           equ	5	;# 
   138     0006                     FSR1L           equ	6	;# 
   139     0007                     FSR1H           equ	7	;# 
   140     0008                     BSR             equ	8	;# 
   141     0009                     WREG            equ	9	;# 
   142     000A                     PCLATH          equ	10	;# 
   143     000B                     INTCON          equ	11	;# 
   144     000C                     PORTA           equ	12	;# 
   145     0012                     TRISA           equ	18	;# 
   146     0018                     LATA            equ	24	;# 
   147     009A                     CPCON           equ	154	;# 
   148     009B                     ADRES           equ	155	;# 
   149     009B                     ADRESL          equ	155	;# 
   150     009C                     ADRESH          equ	156	;# 
   151     009D                     ADCON0          equ	157	;# 
   152     009E                     ADCON1          equ	158	;# 
   153     009F                     ADACT           equ	159	;# 
   154     0119                     RC1REG          equ	281	;# 
   155     011A                     TX1REG          equ	282	;# 
   156     011B                     SP1BRG          equ	283	;# 
   157     011B                     SP1BRGL         equ	283	;# 
   158     011C                     SP1BRGH         equ	284	;# 
   159     011D                     RC1STA          equ	285	;# 
   160     011E                     TX1STA          equ	286	;# 
   161     011F                     BAUD1CON        equ	287	;# 
   162     018C                     SSP1BUF         equ	396	;# 
   163     018D                     SSP1ADD         equ	397	;# 
   164     018E                     SSP1MSK         equ	398	;# 
   165     018F                     SSP1STAT        equ	399	;# 
   166     0190                     SSP1CON1        equ	400	;# 
   167     0191                     SSP1CON2        equ	401	;# 
   168     0192                     SSP1CON3        equ	402	;# 
   169     020C                     TMR1L           equ	524	;# 
   170     020D                     TMR1H           equ	525	;# 
   171     020E                     T1CON           equ	526	;# 
   172     020E                     TMR1CON         equ	526	;# 
   173     020F                     T1GCON          equ	527	;# 
   174     020F                     TMR1GCON        equ	527	;# 
   175     0210                     T1GATE          equ	528	;# 
   176     0210                     TMR1GATE        equ	528	;# 
   177     0211                     T1CLK           equ	529	;# 
   178     0211                     TMR1CLK         equ	529	;# 
   179     028C                     T2TMR           equ	652	;# 
   180     028C                     TMR2            equ	652	;# 
   181     028D                     T2PR            equ	653	;# 
   182     028D                     PR2             equ	653	;# 
   183     028E                     T2CON           equ	654	;# 
   184     028F                     T2HLT           equ	655	;# 
   185     0290                     T2CLKCON        equ	656	;# 
   186     0291                     T2RST           equ	657	;# 
   187     030C                     CCPR1           equ	780	;# 
   188     030C                     CCPR1L          equ	780	;# 
   189     030D                     CCPR1H          equ	781	;# 
   190     030E                     CCP1CON         equ	782	;# 
   191     030F                     CCP1CAP         equ	783	;# 
   192     0310                     CCPR2           equ	784	;# 
   193     0310                     CCPR2L          equ	784	;# 
   194     0311                     CCPR2H          equ	785	;# 
   195     0312                     CCP2CON         equ	786	;# 
   196     0313                     CCP2CAP         equ	787	;# 
   197     0314                     PWM3DC          equ	788	;# 
   198     0314                     PWM3DCL         equ	788	;# 
   199     0315                     PWM3DCH         equ	789	;# 
   200     0316                     PWM3CON         equ	790	;# 
   201     0318                     PWM4DC          equ	792	;# 
   202     0318                     PWM4DCL         equ	792	;# 
   203     0319                     PWM4DCH         equ	793	;# 
   204     031A                     PWM4CON         equ	794	;# 
   205     059C                     TMR0L           equ	1436	;# 
   206     059C                     TMR0            equ	1436	;# 
   207     059D                     TMR0H           equ	1437	;# 
   208     059D                     PR0             equ	1437	;# 
   209     059E                     T0CON0          equ	1438	;# 
   210     059F                     T0CON1          equ	1439	;# 
   211     070C                     PIR0            equ	1804	;# 
   212     070D                     PIR1            equ	1805	;# 
   213     070E                     PIR2            equ	1806	;# 
   214     0716                     PIE0            equ	1814	;# 
   215     0717                     PIE1            equ	1815	;# 
   216     0718                     PIE2            equ	1816	;# 
   217     080C                     WDTCON          equ	2060	;# 
   218     0811                     BORCON          equ	2065	;# 
   219     0813                     PCON0           equ	2067	;# 
   220     0814                     PCON1           equ	2068	;# 
   221     081A                     NVMADR          equ	2074	;# 
   222     081A                     NVMADRL         equ	2074	;# 
   223     081B                     NVMADRH         equ	2075	;# 
   224     081C                     NVMDAT          equ	2076	;# 
   225     081C                     NVMDATL         equ	2076	;# 
   226     081D                     NVMDATH         equ	2077	;# 
   227     081E                     NVMCON1         equ	2078	;# 
   228     081F                     NVMCON2         equ	2079	;# 
   229     088E                     OSCCON          equ	2190	;# 
   230     0890                     OSCSTAT         equ	2192	;# 
   231     0891                     OSCEN           equ	2193	;# 
   232     0892                     OSCTUNE         equ	2194	;# 
   233     0893                     OSCFRQ          equ	2195	;# 
   234     090C                     FVRCON          equ	2316	;# 
   235     1E8F                     PPSLOCK         equ	7823	;# 
   236     1E90                     INTPPS          equ	7824	;# 
   237     1E91                     T0CKIPPS        equ	7825	;# 
   238     1E92                     T1CKIPPS        equ	7826	;# 
   239     1E93                     T1GPPS          equ	7827	;# 
   240     1E9C                     T2INPPS         equ	7836	;# 
   241     1EA1                     CCP1PPS         equ	7841	;# 
   242     1EA2                     CCP2PPS         equ	7842	;# 
   243     1EC3                     ADACTPPS        equ	7875	;# 
   244     1EC5                     SSP1CLKPPS      equ	7877	;# 
   245     1EC6                     SSP1DATPPS      equ	7878	;# 
   246     1EC7                     SSP1SSPPS       equ	7879	;# 
   247     1ECB                     RX1PPS          equ	7883	;# 
   248     1ECB                     RX1DTPPS        equ	7883	;# 
   249     1ECB                     RXPPS           equ	7883	;# 
   250     1ECC                     CK1PPS          equ	7884	;# 
   251     1ECC                     TX1CKPPS        equ	7884	;# 
   252     1ECC                     CKPPS           equ	7884	;# 
   253     1F10                     RA0PPS          equ	7952	;# 
   254     1F11                     RA1PPS          equ	7953	;# 
   255     1F12                     RA2PPS          equ	7954	;# 
   256     1F14                     RA4PPS          equ	7956	;# 
   257     1F15                     RA5PPS          equ	7957	;# 
   258     1F38                     ANSELA          equ	7992	;# 
   259     1F39                     WPUA            equ	7993	;# 
   260     1F3A                     ODCONA          equ	7994	;# 
   261     1F3B                     SLRCONA         equ	7995	;# 
   262     1F3C                     INLVLA          equ	7996	;# 
   263     1F3D                     IOCAP           equ	7997	;# 
   264     1F3E                     IOCAN           equ	7998	;# 
   265     1F3F                     IOCAF           equ	7999	;# 
   266     1FE4                     STATUS_SHAD     equ	8164	;# 
   267     1FE5                     WREG_SHAD       equ	8165	;# 
   268     1FE6                     BSR_SHAD        equ	8166	;# 
   269     1FE7                     PCLATH_SHAD     equ	8167	;# 
   270     1FE8                     FSR0_SHAD       equ	8168	;# 
   271     1FE8                     FSR0L_SHAD      equ	8168	;# 
   272     1FE9                     FSR0H_SHAD      equ	8169	;# 
   273     1FEA                     FSR1L_SHAD      equ	8170	;# 
   274     1FEB                     FSR1H_SHAD      equ	8171	;# 
   275     1FED                     STKPTR          equ	8173	;# 
   276     1FEE                     TOSL            equ	8174	;# 
   277     1FEF                     TOSH            equ	8175	;# 
   278     0000                     INDF0           equ	0	;# 
   279     0001                     INDF1           equ	1	;# 
   280     0002                     PCL             equ	2	;# 
   281     0003                     STATUS          equ	3	;# 
   282     0004                     FSR0L           equ	4	;# 
   283     0005                     FSR0H           equ	5	;# 
   284     0006                     FSR1L           equ	6	;# 
   285     0007                     FSR1H           equ	7	;# 
   286     0008                     BSR             equ	8	;# 
   287     0009                     WREG            equ	9	;# 
   288     000A                     PCLATH          equ	10	;# 
   289     000B                     INTCON          equ	11	;# 
   290     000C                     PORTA           equ	12	;# 
   291     0012                     TRISA           equ	18	;# 
   292     0018                     LATA            equ	24	;# 
   293     009A                     CPCON           equ	154	;# 
   294     009B                     ADRES           equ	155	;# 
   295     009B                     ADRESL          equ	155	;# 
   296     009C                     ADRESH          equ	156	;# 
   297     009D                     ADCON0          equ	157	;# 
   298     009E                     ADCON1          equ	158	;# 
   299     009F                     ADACT           equ	159	;# 
   300     0119                     RC1REG          equ	281	;# 
   301     011A                     TX1REG          equ	282	;# 
   302     011B                     SP1BRG          equ	283	;# 
   303     011B                     SP1BRGL         equ	283	;# 
   304     011C                     SP1BRGH         equ	284	;# 
   305     011D                     RC1STA          equ	285	;# 
   306     011E                     TX1STA          equ	286	;# 
   307     011F                     BAUD1CON        equ	287	;# 
   308     018C                     SSP1BUF         equ	396	;# 
   309     018D                     SSP1ADD         equ	397	;# 
   310     018E                     SSP1MSK         equ	398	;# 
   311     018F                     SSP1STAT        equ	399	;# 
   312     0190                     SSP1CON1        equ	400	;# 
   313     0191                     SSP1CON2        equ	401	;# 
   314     0192                     SSP1CON3        equ	402	;# 
   315     020C                     TMR1L           equ	524	;# 
   316     020D                     TMR1H           equ	525	;# 
   317     020E                     T1CON           equ	526	;# 
   318     020E                     TMR1CON         equ	526	;# 
   319     020F                     T1GCON          equ	527	;# 
   320     020F                     TMR1GCON        equ	527	;# 
   321     0210                     T1GATE          equ	528	;# 
   322     0210                     TMR1GATE        equ	528	;# 
   323     0211                     T1CLK           equ	529	;# 
   324     0211                     TMR1CLK         equ	529	;# 
   325     028C                     T2TMR           equ	652	;# 
   326     028C                     TMR2            equ	652	;# 
   327     028D                     T2PR            equ	653	;# 
   328     028D                     PR2             equ	653	;# 
   329     028E                     T2CON           equ	654	;# 
   330     028F                     T2HLT           equ	655	;# 
   331     0290                     T2CLKCON        equ	656	;# 
   332     0291                     T2RST           equ	657	;# 
   333     030C                     CCPR1           equ	780	;# 
   334     030C                     CCPR1L          equ	780	;# 
   335     030D                     CCPR1H          equ	781	;# 
   336     030E                     CCP1CON         equ	782	;# 
   337     030F                     CCP1CAP         equ	783	;# 
   338     0310                     CCPR2           equ	784	;# 
   339     0310                     CCPR2L          equ	784	;# 
   340     0311                     CCPR2H          equ	785	;# 
   341     0312                     CCP2CON         equ	786	;# 
   342     0313                     CCP2CAP         equ	787	;# 
   343     0314                     PWM3DC          equ	788	;# 
   344     0314                     PWM3DCL         equ	788	;# 
   345     0315                     PWM3DCH         equ	789	;# 
   346     0316                     PWM3CON         equ	790	;# 
   347     0318                     PWM4DC          equ	792	;# 
   348     0318                     PWM4DCL         equ	792	;# 
   349     0319                     PWM4DCH         equ	793	;# 
   350     031A                     PWM4CON         equ	794	;# 
   351     059C                     TMR0L           equ	1436	;# 
   352     059C                     TMR0            equ	1436	;# 
   353     059D                     TMR0H           equ	1437	;# 
   354     059D                     PR0             equ	1437	;# 
   355     059E                     T0CON0          equ	1438	;# 
   356     059F                     T0CON1          equ	1439	;# 
   357     070C                     PIR0            equ	1804	;# 
   358     070D                     PIR1            equ	1805	;# 
   359     070E                     PIR2            equ	1806	;# 
   360     0716                     PIE0            equ	1814	;# 
   361     0717                     PIE1            equ	1815	;# 
   362     0718                     PIE2            equ	1816	;# 
   363     080C                     WDTCON          equ	2060	;# 
   364     0811                     BORCON          equ	2065	;# 
   365     0813                     PCON0           equ	2067	;# 
   366     0814                     PCON1           equ	2068	;# 
   367     081A                     NVMADR          equ	2074	;# 
   368     081A                     NVMADRL         equ	2074	;# 
   369     081B                     NVMADRH         equ	2075	;# 
   370     081C                     NVMDAT          equ	2076	;# 
   371     081C                     NVMDATL         equ	2076	;# 
   372     081D                     NVMDATH         equ	2077	;# 
   373     081E                     NVMCON1         equ	2078	;# 
   374     081F                     NVMCON2         equ	2079	;# 
   375     088E                     OSCCON          equ	2190	;# 
   376     0890                     OSCSTAT         equ	2192	;# 
   377     0891                     OSCEN           equ	2193	;# 
   378     0892                     OSCTUNE         equ	2194	;# 
   379     0893                     OSCFRQ          equ	2195	;# 
   380     090C                     FVRCON          equ	2316	;# 
   381     1E8F                     PPSLOCK         equ	7823	;# 
   382     1E90                     INTPPS          equ	7824	;# 
   383     1E91                     T0CKIPPS        equ	7825	;# 
   384     1E92                     T1CKIPPS        equ	7826	;# 
   385     1E93                     T1GPPS          equ	7827	;# 
   386     1E9C                     T2INPPS         equ	7836	;# 
   387     1EA1                     CCP1PPS         equ	7841	;# 
   388     1EA2                     CCP2PPS         equ	7842	;# 
   389     1EC3                     ADACTPPS        equ	7875	;# 
   390     1EC5                     SSP1CLKPPS      equ	7877	;# 
   391     1EC6                     SSP1DATPPS      equ	7878	;# 
   392     1EC7                     SSP1SSPPS       equ	7879	;# 
   393     1ECB                     RX1PPS          equ	7883	;# 
   394     1ECB                     RX1DTPPS        equ	7883	;# 
   395     1ECB                     RXPPS           equ	7883	;# 
   396     1ECC                     CK1PPS          equ	7884	;# 
   397     1ECC                     TX1CKPPS        equ	7884	;# 
   398     1ECC                     CKPPS           equ	7884	;# 
   399     1F10                     RA0PPS          equ	7952	;# 
   400     1F11                     RA1PPS          equ	7953	;# 
   401     1F12                     RA2PPS          equ	7954	;# 
   402     1F14                     RA4PPS          equ	7956	;# 
   403     1F15                     RA5PPS          equ	7957	;# 
   404     1F38                     ANSELA          equ	7992	;# 
   405     1F39                     WPUA            equ	7993	;# 
   406     1F3A                     ODCONA          equ	7994	;# 
   407     1F3B                     SLRCONA         equ	7995	;# 
   408     1F3C                     INLVLA          equ	7996	;# 
   409     1F3D                     IOCAP           equ	7997	;# 
   410     1F3E                     IOCAN           equ	7998	;# 
   411     1F3F                     IOCAF           equ	7999	;# 
   412     1FE4                     STATUS_SHAD     equ	8164	;# 
   413     1FE5                     WREG_SHAD       equ	8165	;# 
   414     1FE6                     BSR_SHAD        equ	8166	;# 
   415     1FE7                     PCLATH_SHAD     equ	8167	;# 
   416     1FE8                     FSR0_SHAD       equ	8168	;# 
   417     1FE8                     FSR0L_SHAD      equ	8168	;# 
   418     1FE9                     FSR0H_SHAD      equ	8169	;# 
   419     1FEA                     FSR1L_SHAD      equ	8170	;# 
   420     1FEB                     FSR1H_SHAD      equ	8171	;# 
   421     1FED                     STKPTR          equ	8173	;# 
   422     1FEE                     TOSL            equ	8174	;# 
   423     1FEF                     TOSH            equ	8175	;# 
   424     0000                     INDF0           equ	0	;# 
   425     0001                     INDF1           equ	1	;# 
   426     0002                     PCL             equ	2	;# 
   427     0003                     STATUS          equ	3	;# 
   428     0004                     FSR0L           equ	4	;# 
   429     0005                     FSR0H           equ	5	;# 
   430     0006                     FSR1L           equ	6	;# 
   431     0007                     FSR1H           equ	7	;# 
   432     0008                     BSR             equ	8	;# 
   433     0009                     WREG            equ	9	;# 
   434     000A                     PCLATH          equ	10	;# 
   435     000B                     INTCON          equ	11	;# 
   436     000C                     PORTA           equ	12	;# 
   437     0012                     TRISA           equ	18	;# 
   438     0018                     LATA            equ	24	;# 
   439     009A                     CPCON           equ	154	;# 
   440     009B                     ADRES           equ	155	;# 
   441     009B                     ADRESL          equ	155	;# 
   442     009C                     ADRESH          equ	156	;# 
   443     009D                     ADCON0          equ	157	;# 
   444     009E                     ADCON1          equ	158	;# 
   445     009F                     ADACT           equ	159	;# 
   446     0119                     RC1REG          equ	281	;# 
   447     011A                     TX1REG          equ	282	;# 
   448     011B                     SP1BRG          equ	283	;# 
   449     011B                     SP1BRGL         equ	283	;# 
   450     011C                     SP1BRGH         equ	284	;# 
   451     011D                     RC1STA          equ	285	;# 
   452     011E                     TX1STA          equ	286	;# 
   453     011F                     BAUD1CON        equ	287	;# 
   454     018C                     SSP1BUF         equ	396	;# 
   455     018D                     SSP1ADD         equ	397	;# 
   456     018E                     SSP1MSK         equ	398	;# 
   457     018F                     SSP1STAT        equ	399	;# 
   458     0190                     SSP1CON1        equ	400	;# 
   459     0191                     SSP1CON2        equ	401	;# 
   460     0192                     SSP1CON3        equ	402	;# 
   461     020C                     TMR1L           equ	524	;# 
   462     020D                     TMR1H           equ	525	;# 
   463     020E                     T1CON           equ	526	;# 
   464     020E                     TMR1CON         equ	526	;# 
   465     020F                     T1GCON          equ	527	;# 
   466     020F                     TMR1GCON        equ	527	;# 
   467     0210                     T1GATE          equ	528	;# 
   468     0210                     TMR1GATE        equ	528	;# 
   469     0211                     T1CLK           equ	529	;# 
   470     0211                     TMR1CLK         equ	529	;# 
   471     028C                     T2TMR           equ	652	;# 
   472     028C                     TMR2            equ	652	;# 
   473     028D                     T2PR            equ	653	;# 
   474     028D                     PR2             equ	653	;# 
   475     028E                     T2CON           equ	654	;# 
   476     028F                     T2HLT           equ	655	;# 
   477     0290                     T2CLKCON        equ	656	;# 
   478     0291                     T2RST           equ	657	;# 
   479     030C                     CCPR1           equ	780	;# 
   480     030C                     CCPR1L          equ	780	;# 
   481     030D                     CCPR1H          equ	781	;# 
   482     030E                     CCP1CON         equ	782	;# 
   483     030F                     CCP1CAP         equ	783	;# 
   484     0310                     CCPR2           equ	784	;# 
   485     0310                     CCPR2L          equ	784	;# 
   486     0311                     CCPR2H          equ	785	;# 
   487     0312                     CCP2CON         equ	786	;# 
   488     0313                     CCP2CAP         equ	787	;# 
   489     0314                     PWM3DC          equ	788	;# 
   490     0314                     PWM3DCL         equ	788	;# 
   491     0315                     PWM3DCH         equ	789	;# 
   492     0316                     PWM3CON         equ	790	;# 
   493     0318                     PWM4DC          equ	792	;# 
   494     0318                     PWM4DCL         equ	792	;# 
   495     0319                     PWM4DCH         equ	793	;# 
   496     031A                     PWM4CON         equ	794	;# 
   497     059C                     TMR0L           equ	1436	;# 
   498     059C                     TMR0            equ	1436	;# 
   499     059D                     TMR0H           equ	1437	;# 
   500     059D                     PR0             equ	1437	;# 
   501     059E                     T0CON0          equ	1438	;# 
   502     059F                     T0CON1          equ	1439	;# 
   503     070C                     PIR0            equ	1804	;# 
   504     070D                     PIR1            equ	1805	;# 
   505     070E                     PIR2            equ	1806	;# 
   506     0716                     PIE0            equ	1814	;# 
   507     0717                     PIE1            equ	1815	;# 
   508     0718                     PIE2            equ	1816	;# 
   509     080C                     WDTCON          equ	2060	;# 
   510     0811                     BORCON          equ	2065	;# 
   511     0813                     PCON0           equ	2067	;# 
   512     0814                     PCON1           equ	2068	;# 
   513     081A                     NVMADR          equ	2074	;# 
   514     081A                     NVMADRL         equ	2074	;# 
   515     081B                     NVMADRH         equ	2075	;# 
   516     081C                     NVMDAT          equ	2076	;# 
   517     081C                     NVMDATL         equ	2076	;# 
   518     081D                     NVMDATH         equ	2077	;# 
   519     081E                     NVMCON1         equ	2078	;# 
   520     081F                     NVMCON2         equ	2079	;# 
   521     088E                     OSCCON          equ	2190	;# 
   522     0890                     OSCSTAT         equ	2192	;# 
   523     0891                     OSCEN           equ	2193	;# 
   524     0892                     OSCTUNE         equ	2194	;# 
   525     0893                     OSCFRQ          equ	2195	;# 
   526     090C                     FVRCON          equ	2316	;# 
   527     1E8F                     PPSLOCK         equ	7823	;# 
   528     1E90                     INTPPS          equ	7824	;# 
   529     1E91                     T0CKIPPS        equ	7825	;# 
   530     1E92                     T1CKIPPS        equ	7826	;# 
   531     1E93                     T1GPPS          equ	7827	;# 
   532     1E9C                     T2INPPS         equ	7836	;# 
   533     1EA1                     CCP1PPS         equ	7841	;# 
   534     1EA2                     CCP2PPS         equ	7842	;# 
   535     1EC3                     ADACTPPS        equ	7875	;# 
   536     1EC5                     SSP1CLKPPS      equ	7877	;# 
   537     1EC6                     SSP1DATPPS      equ	7878	;# 
   538     1EC7                     SSP1SSPPS       equ	7879	;# 
   539     1ECB                     RX1PPS          equ	7883	;# 
   540     1ECB                     RX1DTPPS        equ	7883	;# 
   541     1ECB                     RXPPS           equ	7883	;# 
   542     1ECC                     CK1PPS          equ	7884	;# 
   543     1ECC                     TX1CKPPS        equ	7884	;# 
   544     1ECC                     CKPPS           equ	7884	;# 
   545     1F10                     RA0PPS          equ	7952	;# 
   546     1F11                     RA1PPS          equ	7953	;# 
   547     1F12                     RA2PPS          equ	7954	;# 
   548     1F14                     RA4PPS          equ	7956	;# 
   549     1F15                     RA5PPS          equ	7957	;# 
   550     1F38                     ANSELA          equ	7992	;# 
   551     1F39                     WPUA            equ	7993	;# 
   552     1F3A                     ODCONA          equ	7994	;# 
   553     1F3B                     SLRCONA         equ	7995	;# 
   554     1F3C                     INLVLA          equ	7996	;# 
   555     1F3D                     IOCAP           equ	7997	;# 
   556     1F3E                     IOCAN           equ	7998	;# 
   557     1F3F                     IOCAF           equ	7999	;# 
   558     1FE4                     STATUS_SHAD     equ	8164	;# 
   559     1FE5                     WREG_SHAD       equ	8165	;# 
   560     1FE6                     BSR_SHAD        equ	8166	;# 
   561     1FE7                     PCLATH_SHAD     equ	8167	;# 
   562     1FE8                     FSR0_SHAD       equ	8168	;# 
   563     1FE8                     FSR0L_SHAD      equ	8168	;# 
   564     1FE9                     FSR0H_SHAD      equ	8169	;# 
   565     1FEA                     FSR1L_SHAD      equ	8170	;# 
   566     1FEB                     FSR1H_SHAD      equ	8171	;# 
   567     1FED                     STKPTR          equ	8173	;# 
   568     1FEE                     TOSL            equ	8174	;# 
   569     1FEF                     TOSH            equ	8175	;# 
   570     0000                     INDF0           equ	0	;# 
   571     0001                     INDF1           equ	1	;# 
   572     0002                     PCL             equ	2	;# 
   573     0003                     STATUS          equ	3	;# 
   574     0004                     FSR0L           equ	4	;# 
   575     0005                     FSR0H           equ	5	;# 
   576     0006                     FSR1L           equ	6	;# 
   577     0007                     FSR1H           equ	7	;# 
   578     0008                     BSR             equ	8	;# 
   579     0009                     WREG            equ	9	;# 
   580     000A                     PCLATH          equ	10	;# 
   581     000B                     INTCON          equ	11	;# 
   582     000C                     PORTA           equ	12	;# 
   583     0012                     TRISA           equ	18	;# 
   584     0018                     LATA            equ	24	;# 
   585     009A                     CPCON           equ	154	;# 
   586     009B                     ADRES           equ	155	;# 
   587     009B                     ADRESL          equ	155	;# 
   588     009C                     ADRESH          equ	156	;# 
   589     009D                     ADCON0          equ	157	;# 
   590     009E                     ADCON1          equ	158	;# 
   591     009F                     ADACT           equ	159	;# 
   592     0119                     RC1REG          equ	281	;# 
   593     011A                     TX1REG          equ	282	;# 
   594     011B                     SP1BRG          equ	283	;# 
   595     011B                     SP1BRGL         equ	283	;# 
   596     011C                     SP1BRGH         equ	284	;# 
   597     011D                     RC1STA          equ	285	;# 
   598     011E                     TX1STA          equ	286	;# 
   599     011F                     BAUD1CON        equ	287	;# 
   600     018C                     SSP1BUF         equ	396	;# 
   601     018D                     SSP1ADD         equ	397	;# 
   602     018E                     SSP1MSK         equ	398	;# 
   603     018F                     SSP1STAT        equ	399	;# 
   604     0190                     SSP1CON1        equ	400	;# 
   605     0191                     SSP1CON2        equ	401	;# 
   606     0192                     SSP1CON3        equ	402	;# 
   607     020C                     TMR1L           equ	524	;# 
   608     020D                     TMR1H           equ	525	;# 
   609     020E                     T1CON           equ	526	;# 
   610     020E                     TMR1CON         equ	526	;# 
   611     020F                     T1GCON          equ	527	;# 
   612     020F                     TMR1GCON        equ	527	;# 
   613     0210                     T1GATE          equ	528	;# 
   614     0210                     TMR1GATE        equ	528	;# 
   615     0211                     T1CLK           equ	529	;# 
   616     0211                     TMR1CLK         equ	529	;# 
   617     028C                     T2TMR           equ	652	;# 
   618     028C                     TMR2            equ	652	;# 
   619     028D                     T2PR            equ	653	;# 
   620     028D                     PR2             equ	653	;# 
   621     028E                     T2CON           equ	654	;# 
   622     028F                     T2HLT           equ	655	;# 
   623     0290                     T2CLKCON        equ	656	;# 
   624     0291                     T2RST           equ	657	;# 
   625     030C                     CCPR1           equ	780	;# 
   626     030C                     CCPR1L          equ	780	;# 
   627     030D                     CCPR1H          equ	781	;# 
   628     030E                     CCP1CON         equ	782	;# 
   629     030F                     CCP1CAP         equ	783	;# 
   630     0310                     CCPR2           equ	784	;# 
   631     0310                     CCPR2L          equ	784	;# 
   632     0311                     CCPR2H          equ	785	;# 
   633     0312                     CCP2CON         equ	786	;# 
   634     0313                     CCP2CAP         equ	787	;# 
   635     0314                     PWM3DC          equ	788	;# 
   636     0314                     PWM3DCL         equ	788	;# 
   637     0315                     PWM3DCH         equ	789	;# 
   638     0316                     PWM3CON         equ	790	;# 
   639     0318                     PWM4DC          equ	792	;# 
   640     0318                     PWM4DCL         equ	792	;# 
   641     0319                     PWM4DCH         equ	793	;# 
   642     031A                     PWM4CON         equ	794	;# 
   643     059C                     TMR0L           equ	1436	;# 
   644     059C                     TMR0            equ	1436	;# 
   645     059D                     TMR0H           equ	1437	;# 
   646     059D                     PR0             equ	1437	;# 
   647     059E                     T0CON0          equ	1438	;# 
   648     059F                     T0CON1          equ	1439	;# 
   649     070C                     PIR0            equ	1804	;# 
   650     070D                     PIR1            equ	1805	;# 
   651     070E                     PIR2            equ	1806	;# 
   652     0716                     PIE0            equ	1814	;# 
   653     0717                     PIE1            equ	1815	;# 
   654     0718                     PIE2            equ	1816	;# 
   655     080C                     WDTCON          equ	2060	;# 
   656     0811                     BORCON          equ	2065	;# 
   657     0813                     PCON0           equ	2067	;# 
   658     0814                     PCON1           equ	2068	;# 
   659     081A                     NVMADR          equ	2074	;# 
   660     081A                     NVMADRL         equ	2074	;# 
   661     081B                     NVMADRH         equ	2075	;# 
   662     081C                     NVMDAT          equ	2076	;# 
   663     081C                     NVMDATL         equ	2076	;# 
   664     081D                     NVMDATH         equ	2077	;# 
   665     081E                     NVMCON1         equ	2078	;# 
   666     081F                     NVMCON2         equ	2079	;# 
   667     088E                     OSCCON          equ	2190	;# 
   668     0890                     OSCSTAT         equ	2192	;# 
   669     0891                     OSCEN           equ	2193	;# 
   670     0892                     OSCTUNE         equ	2194	;# 
   671     0893                     OSCFRQ          equ	2195	;# 
   672     090C                     FVRCON          equ	2316	;# 
   673     1E8F                     PPSLOCK         equ	7823	;# 
   674     1E90                     INTPPS          equ	7824	;# 
   675     1E91                     T0CKIPPS        equ	7825	;# 
   676     1E92                     T1CKIPPS        equ	7826	;# 
   677     1E93                     T1GPPS          equ	7827	;# 
   678     1E9C                     T2INPPS         equ	7836	;# 
   679     1EA1                     CCP1PPS         equ	7841	;# 
   680     1EA2                     CCP2PPS         equ	7842	;# 
   681     1EC3                     ADACTPPS        equ	7875	;# 
   682     1EC5                     SSP1CLKPPS      equ	7877	;# 
   683     1EC6                     SSP1DATPPS      equ	7878	;# 
   684     1EC7                     SSP1SSPPS       equ	7879	;# 
   685     1ECB                     RX1PPS          equ	7883	;# 
   686     1ECB                     RX1DTPPS        equ	7883	;# 
   687     1ECB                     RXPPS           equ	7883	;# 
   688     1ECC                     CK1PPS          equ	7884	;# 
   689     1ECC                     TX1CKPPS        equ	7884	;# 
   690     1ECC                     CKPPS           equ	7884	;# 
   691     1F10                     RA0PPS          equ	7952	;# 
   692     1F11                     RA1PPS          equ	7953	;# 
   693     1F12                     RA2PPS          equ	7954	;# 
   694     1F14                     RA4PPS          equ	7956	;# 
   695     1F15                     RA5PPS          equ	7957	;# 
   696     1F38                     ANSELA          equ	7992	;# 
   697     1F39                     WPUA            equ	7993	;# 
   698     1F3A                     ODCONA          equ	7994	;# 
   699     1F3B                     SLRCONA         equ	7995	;# 
   700     1F3C                     INLVLA          equ	7996	;# 
   701     1F3D                     IOCAP           equ	7997	;# 
   702     1F3E                     IOCAN           equ	7998	;# 
   703     1F3F                     IOCAF           equ	7999	;# 
   704     1FE4                     STATUS_SHAD     equ	8164	;# 
   705     1FE5                     WREG_SHAD       equ	8165	;# 
   706     1FE6                     BSR_SHAD        equ	8166	;# 
   707     1FE7                     PCLATH_SHAD     equ	8167	;# 
   708     1FE8                     FSR0_SHAD       equ	8168	;# 
   709     1FE8                     FSR0L_SHAD      equ	8168	;# 
   710     1FE9                     FSR0H_SHAD      equ	8169	;# 
   711     1FEA                     FSR1L_SHAD      equ	8170	;# 
   712     1FEB                     FSR1H_SHAD      equ	8171	;# 
   713     1FED                     STKPTR          equ	8173	;# 
   714     1FEE                     TOSL            equ	8174	;# 
   715     1FEF                     TOSH            equ	8175	;# 
   716     0000                     INDF0           equ	0	;# 
   717     0001                     INDF1           equ	1	;# 
   718     0002                     PCL             equ	2	;# 
   719     0003                     STATUS          equ	3	;# 
   720     0004                     FSR0L           equ	4	;# 
   721     0005                     FSR0H           equ	5	;# 
   722     0006                     FSR1L           equ	6	;# 
   723     0007                     FSR1H           equ	7	;# 
   724     0008                     BSR             equ	8	;# 
   725     0009                     WREG            equ	9	;# 
   726     000A                     PCLATH          equ	10	;# 
   727     000B                     INTCON          equ	11	;# 
   728     000C                     PORTA           equ	12	;# 
   729     0012                     TRISA           equ	18	;# 
   730     0018                     LATA            equ	24	;# 
   731     009A                     CPCON           equ	154	;# 
   732     009B                     ADRES           equ	155	;# 
   733     009B                     ADRESL          equ	155	;# 
   734     009C                     ADRESH          equ	156	;# 
   735     009D                     ADCON0          equ	157	;# 
   736     009E                     ADCON1          equ	158	;# 
   737     009F                     ADACT           equ	159	;# 
   738     0119                     RC1REG          equ	281	;# 
   739     011A                     TX1REG          equ	282	;# 
   740     011B                     SP1BRG          equ	283	;# 
   741     011B                     SP1BRGL         equ	283	;# 
   742     011C                     SP1BRGH         equ	284	;# 
   743     011D                     RC1STA          equ	285	;# 
   744     011E                     TX1STA          equ	286	;# 
   745     011F                     BAUD1CON        equ	287	;# 
   746     018C                     SSP1BUF         equ	396	;# 
   747     018D                     SSP1ADD         equ	397	;# 
   748     018E                     SSP1MSK         equ	398	;# 
   749     018F                     SSP1STAT        equ	399	;# 
   750     0190                     SSP1CON1        equ	400	;# 
   751     0191                     SSP1CON2        equ	401	;# 
   752     0192                     SSP1CON3        equ	402	;# 
   753     020C                     TMR1L           equ	524	;# 
   754     020D                     TMR1H           equ	525	;# 
   755     020E                     T1CON           equ	526	;# 
   756     020E                     TMR1CON         equ	526	;# 
   757     020F                     T1GCON          equ	527	;# 
   758     020F                     TMR1GCON        equ	527	;# 
   759     0210                     T1GATE          equ	528	;# 
   760     0210                     TMR1GATE        equ	528	;# 
   761     0211                     T1CLK           equ	529	;# 
   762     0211                     TMR1CLK         equ	529	;# 
   763     028C                     T2TMR           equ	652	;# 
   764     028C                     TMR2            equ	652	;# 
   765     028D                     T2PR            equ	653	;# 
   766     028D                     PR2             equ	653	;# 
   767     028E                     T2CON           equ	654	;# 
   768     028F                     T2HLT           equ	655	;# 
   769     0290                     T2CLKCON        equ	656	;# 
   770     0291                     T2RST           equ	657	;# 
   771     030C                     CCPR1           equ	780	;# 
   772     030C                     CCPR1L          equ	780	;# 
   773     030D                     CCPR1H          equ	781	;# 
   774     030E                     CCP1CON         equ	782	;# 
   775     030F                     CCP1CAP         equ	783	;# 
   776     0310                     CCPR2           equ	784	;# 
   777     0310                     CCPR2L          equ	784	;# 
   778     0311                     CCPR2H          equ	785	;# 
   779     0312                     CCP2CON         equ	786	;# 
   780     0313                     CCP2CAP         equ	787	;# 
   781     0314                     PWM3DC          equ	788	;# 
   782     0314                     PWM3DCL         equ	788	;# 
   783     0315                     PWM3DCH         equ	789	;# 
   784     0316                     PWM3CON         equ	790	;# 
   785     0318                     PWM4DC          equ	792	;# 
   786     0318                     PWM4DCL         equ	792	;# 
   787     0319                     PWM4DCH         equ	793	;# 
   788     031A                     PWM4CON         equ	794	;# 
   789     059C                     TMR0L           equ	1436	;# 
   790     059C                     TMR0            equ	1436	;# 
   791     059D                     TMR0H           equ	1437	;# 
   792     059D                     PR0             equ	1437	;# 
   793     059E                     T0CON0          equ	1438	;# 
   794     059F                     T0CON1          equ	1439	;# 
   795     070C                     PIR0            equ	1804	;# 
   796     070D                     PIR1            equ	1805	;# 
   797     070E                     PIR2            equ	1806	;# 
   798     0716                     PIE0            equ	1814	;# 
   799     0717                     PIE1            equ	1815	;# 
   800     0718                     PIE2            equ	1816	;# 
   801     080C                     WDTCON          equ	2060	;# 
   802     0811                     BORCON          equ	2065	;# 
   803     0813                     PCON0           equ	2067	;# 
   804     0814                     PCON1           equ	2068	;# 
   805     081A                     NVMADR          equ	2074	;# 
   806     081A                     NVMADRL         equ	2074	;# 
   807     081B                     NVMADRH         equ	2075	;# 
   808     081C                     NVMDAT          equ	2076	;# 
   809     081C                     NVMDATL         equ	2076	;# 
   810     081D                     NVMDATH         equ	2077	;# 
   811     081E                     NVMCON1         equ	2078	;# 
   812     081F                     NVMCON2         equ	2079	;# 
   813     088E                     OSCCON          equ	2190	;# 
   814     0890                     OSCSTAT         equ	2192	;# 
   815     0891                     OSCEN           equ	2193	;# 
   816     0892                     OSCTUNE         equ	2194	;# 
   817     0893                     OSCFRQ          equ	2195	;# 
   818     090C                     FVRCON          equ	2316	;# 
   819     1E8F                     PPSLOCK         equ	7823	;# 
   820     1E90                     INTPPS          equ	7824	;# 
   821     1E91                     T0CKIPPS        equ	7825	;# 
   822     1E92                     T1CKIPPS        equ	7826	;# 
   823     1E93                     T1GPPS          equ	7827	;# 
   824     1E9C                     T2INPPS         equ	7836	;# 
   825     1EA1                     CCP1PPS         equ	7841	;# 
   826     1EA2                     CCP2PPS         equ	7842	;# 
   827     1EC3                     ADACTPPS        equ	7875	;# 
   828     1EC5                     SSP1CLKPPS      equ	7877	;# 
   829     1EC6                     SSP1DATPPS      equ	7878	;# 
   830     1EC7                     SSP1SSPPS       equ	7879	;# 
   831     1ECB                     RX1PPS          equ	7883	;# 
   832     1ECB                     RX1DTPPS        equ	7883	;# 
   833     1ECB                     RXPPS           equ	7883	;# 
   834     1ECC                     CK1PPS          equ	7884	;# 
   835     1ECC                     TX1CKPPS        equ	7884	;# 
   836     1ECC                     CKPPS           equ	7884	;# 
   837     1F10                     RA0PPS          equ	7952	;# 
   838     1F11                     RA1PPS          equ	7953	;# 
   839     1F12                     RA2PPS          equ	7954	;# 
   840     1F14                     RA4PPS          equ	7956	;# 
   841     1F15                     RA5PPS          equ	7957	;# 
   842     1F38                     ANSELA          equ	7992	;# 
   843     1F39                     WPUA            equ	7993	;# 
   844     1F3A                     ODCONA          equ	7994	;# 
   845     1F3B                     SLRCONA         equ	7995	;# 
   846     1F3C                     INLVLA          equ	7996	;# 
   847     1F3D                     IOCAP           equ	7997	;# 
   848     1F3E                     IOCAN           equ	7998	;# 
   849     1F3F                     IOCAF           equ	7999	;# 
   850     1FE4                     STATUS_SHAD     equ	8164	;# 
   851     1FE5                     WREG_SHAD       equ	8165	;# 
   852     1FE6                     BSR_SHAD        equ	8166	;# 
   853     1FE7                     PCLATH_SHAD     equ	8167	;# 
   854     1FE8                     FSR0_SHAD       equ	8168	;# 
   855     1FE8                     FSR0L_SHAD      equ	8168	;# 
   856     1FE9                     FSR0H_SHAD      equ	8169	;# 
   857     1FEA                     FSR1L_SHAD      equ	8170	;# 
   858     1FEB                     FSR1H_SHAD      equ	8171	;# 
   859     1FED                     STKPTR          equ	8173	;# 
   860     1FEE                     TOSL            equ	8174	;# 
   861     1FEF                     TOSH            equ	8175	;# 
   862     0000                     INDF0           equ	0	;# 
   863     0001                     INDF1           equ	1	;# 
   864     0002                     PCL             equ	2	;# 
   865     0003                     STATUS          equ	3	;# 
   866     0004                     FSR0L           equ	4	;# 
   867     0005                     FSR0H           equ	5	;# 
   868     0006                     FSR1L           equ	6	;# 
   869     0007                     FSR1H           equ	7	;# 
   870     0008                     BSR             equ	8	;# 
   871     0009                     WREG            equ	9	;# 
   872     000A                     PCLATH          equ	10	;# 
   873     000B                     INTCON          equ	11	;# 
   874     000C                     PORTA           equ	12	;# 
   875     0012                     TRISA           equ	18	;# 
   876     0018                     LATA            equ	24	;# 
   877     009A                     CPCON           equ	154	;# 
   878     009B                     ADRES           equ	155	;# 
   879     009B                     ADRESL          equ	155	;# 
   880     009C                     ADRESH          equ	156	;# 
   881     009D                     ADCON0          equ	157	;# 
   882     009E                     ADCON1          equ	158	;# 
   883     009F                     ADACT           equ	159	;# 
   884     0119                     RC1REG          equ	281	;# 
   885     011A                     TX1REG          equ	282	;# 
   886     011B                     SP1BRG          equ	283	;# 
   887     011B                     SP1BRGL         equ	283	;# 
   888     011C                     SP1BRGH         equ	284	;# 
   889     011D                     RC1STA          equ	285	;# 
   890     011E                     TX1STA          equ	286	;# 
   891     011F                     BAUD1CON        equ	287	;# 
   892     018C                     SSP1BUF         equ	396	;# 
   893     018D                     SSP1ADD         equ	397	;# 
   894     018E                     SSP1MSK         equ	398	;# 
   895     018F                     SSP1STAT        equ	399	;# 
   896     0190                     SSP1CON1        equ	400	;# 
   897     0191                     SSP1CON2        equ	401	;# 
   898     0192                     SSP1CON3        equ	402	;# 
   899     020C                     TMR1L           equ	524	;# 
   900     020D                     TMR1H           equ	525	;# 
   901     020E                     T1CON           equ	526	;# 
   902     020E                     TMR1CON         equ	526	;# 
   903     020F                     T1GCON          equ	527	;# 
   904     020F                     TMR1GCON        equ	527	;# 
   905     0210                     T1GATE          equ	528	;# 
   906     0210                     TMR1GATE        equ	528	;# 
   907     0211                     T1CLK           equ	529	;# 
   908     0211                     TMR1CLK         equ	529	;# 
   909     028C                     T2TMR           equ	652	;# 
   910     028C                     TMR2            equ	652	;# 
   911     028D                     T2PR            equ	653	;# 
   912     028D                     PR2             equ	653	;# 
   913     028E                     T2CON           equ	654	;# 
   914     028F                     T2HLT           equ	655	;# 
   915     0290                     T2CLKCON        equ	656	;# 
   916     0291                     T2RST           equ	657	;# 
   917     030C                     CCPR1           equ	780	;# 
   918     030C                     CCPR1L          equ	780	;# 
   919     030D                     CCPR1H          equ	781	;# 
   920     030E                     CCP1CON         equ	782	;# 
   921     030F                     CCP1CAP         equ	783	;# 
   922     0310                     CCPR2           equ	784	;# 
   923     0310                     CCPR2L          equ	784	;# 
   924     0311                     CCPR2H          equ	785	;# 
   925     0312                     CCP2CON         equ	786	;# 
   926     0313                     CCP2CAP         equ	787	;# 
   927     0314                     PWM3DC          equ	788	;# 
   928     0314                     PWM3DCL         equ	788	;# 
   929     0315                     PWM3DCH         equ	789	;# 
   930     0316                     PWM3CON         equ	790	;# 
   931     0318                     PWM4DC          equ	792	;# 
   932     0318                     PWM4DCL         equ	792	;# 
   933     0319                     PWM4DCH         equ	793	;# 
   934     031A                     PWM4CON         equ	794	;# 
   935     059C                     TMR0L           equ	1436	;# 
   936     059C                     TMR0            equ	1436	;# 
   937     059D                     TMR0H           equ	1437	;# 
   938     059D                     PR0             equ	1437	;# 
   939     059E                     T0CON0          equ	1438	;# 
   940     059F                     T0CON1          equ	1439	;# 
   941     070C                     PIR0            equ	1804	;# 
   942     070D                     PIR1            equ	1805	;# 
   943     070E                     PIR2            equ	1806	;# 
   944     0716                     PIE0            equ	1814	;# 
   945     0717                     PIE1            equ	1815	;# 
   946     0718                     PIE2            equ	1816	;# 
   947     080C                     WDTCON          equ	2060	;# 
   948     0811                     BORCON          equ	2065	;# 
   949     0813                     PCON0           equ	2067	;# 
   950     0814                     PCON1           equ	2068	;# 
   951     081A                     NVMADR          equ	2074	;# 
   952     081A                     NVMADRL         equ	2074	;# 
   953     081B                     NVMADRH         equ	2075	;# 
   954     081C                     NVMDAT          equ	2076	;# 
   955     081C                     NVMDATL         equ	2076	;# 
   956     081D                     NVMDATH         equ	2077	;# 
   957     081E                     NVMCON1         equ	2078	;# 
   958     081F                     NVMCON2         equ	2079	;# 
   959     088E                     OSCCON          equ	2190	;# 
   960     0890                     OSCSTAT         equ	2192	;# 
   961     0891                     OSCEN           equ	2193	;# 
   962     0892                     OSCTUNE         equ	2194	;# 
   963     0893                     OSCFRQ          equ	2195	;# 
   964     090C                     FVRCON          equ	2316	;# 
   965     1E8F                     PPSLOCK         equ	7823	;# 
   966     1E90                     INTPPS          equ	7824	;# 
   967     1E91                     T0CKIPPS        equ	7825	;# 
   968     1E92                     T1CKIPPS        equ	7826	;# 
   969     1E93                     T1GPPS          equ	7827	;# 
   970     1E9C                     T2INPPS         equ	7836	;# 
   971     1EA1                     CCP1PPS         equ	7841	;# 
   972     1EA2                     CCP2PPS         equ	7842	;# 
   973     1EC3                     ADACTPPS        equ	7875	;# 
   974     1EC5                     SSP1CLKPPS      equ	7877	;# 
   975     1EC6                     SSP1DATPPS      equ	7878	;# 
   976     1EC7                     SSP1SSPPS       equ	7879	;# 
   977     1ECB                     RX1PPS          equ	7883	;# 
   978     1ECB                     RX1DTPPS        equ	7883	;# 
   979     1ECB                     RXPPS           equ	7883	;# 
   980     1ECC                     CK1PPS          equ	7884	;# 
   981     1ECC                     TX1CKPPS        equ	7884	;# 
   982     1ECC                     CKPPS           equ	7884	;# 
   983     1F10                     RA0PPS          equ	7952	;# 
   984     1F11                     RA1PPS          equ	7953	;# 
   985     1F12                     RA2PPS          equ	7954	;# 
   986     1F14                     RA4PPS          equ	7956	;# 
   987     1F15                     RA5PPS          equ	7957	;# 
   988     1F38                     ANSELA          equ	7992	;# 
   989     1F39                     WPUA            equ	7993	;# 
   990     1F3A                     ODCONA          equ	7994	;# 
   991     1F3B                     SLRCONA         equ	7995	;# 
   992     1F3C                     INLVLA          equ	7996	;# 
   993     1F3D                     IOCAP           equ	7997	;# 
   994     1F3E                     IOCAN           equ	7998	;# 
   995     1F3F                     IOCAF           equ	7999	;# 
   996     1FE4                     STATUS_SHAD     equ	8164	;# 
   997     1FE5                     WREG_SHAD       equ	8165	;# 
   998     1FE6                     BSR_SHAD        equ	8166	;# 
   999     1FE7                     PCLATH_SHAD     equ	8167	;# 
  1000     1FE8                     FSR0_SHAD       equ	8168	;# 
  1001     1FE8                     FSR0L_SHAD      equ	8168	;# 
  1002     1FE9                     FSR0H_SHAD      equ	8169	;# 
  1003     1FEA                     FSR1L_SHAD      equ	8170	;# 
  1004     1FEB                     FSR1H_SHAD      equ	8171	;# 
  1005     1FED                     STKPTR          equ	8173	;# 
  1006     1FEE                     TOSL            equ	8174	;# 
  1007     1FEF                     TOSH            equ	8175	;# 
  1008     0000                     INDF0           equ	0	;# 
  1009     0001                     INDF1           equ	1	;# 
  1010     0002                     PCL             equ	2	;# 
  1011     0003                     STATUS          equ	3	;# 
  1012     0004                     FSR0L           equ	4	;# 
  1013     0005                     FSR0H           equ	5	;# 
  1014     0006                     FSR1L           equ	6	;# 
  1015     0007                     FSR1H           equ	7	;# 
  1016     0008                     BSR             equ	8	;# 
  1017     0009                     WREG            equ	9	;# 
  1018     000A                     PCLATH          equ	10	;# 
  1019     000B                     INTCON          equ	11	;# 
  1020     000C                     PORTA           equ	12	;# 
  1021     0012                     TRISA           equ	18	;# 
  1022     0018                     LATA            equ	24	;# 
  1023     009A                     CPCON           equ	154	;# 
  1024     009B                     ADRES           equ	155	;# 
  1025     009B                     ADRESL          equ	155	;# 
  1026     009C                     ADRESH          equ	156	;# 
  1027     009D                     ADCON0          equ	157	;# 
  1028     009E                     ADCON1          equ	158	;# 
  1029     009F                     ADACT           equ	159	;# 
  1030     0119                     RC1REG          equ	281	;# 
  1031     011A                     TX1REG          equ	282	;# 
  1032     011B                     SP1BRG          equ	283	;# 
  1033     011B                     SP1BRGL         equ	283	;# 
  1034     011C                     SP1BRGH         equ	284	;# 
  1035     011D                     RC1STA          equ	285	;# 
  1036     011E                     TX1STA          equ	286	;# 
  1037     011F                     BAUD1CON        equ	287	;# 
  1038     018C                     SSP1BUF         equ	396	;# 
  1039     018D                     SSP1ADD         equ	397	;# 
  1040     018E                     SSP1MSK         equ	398	;# 
  1041     018F                     SSP1STAT        equ	399	;# 
  1042     0190                     SSP1CON1        equ	400	;# 
  1043     0191                     SSP1CON2        equ	401	;# 
  1044     0192                     SSP1CON3        equ	402	;# 
  1045     020C                     TMR1L           equ	524	;# 
  1046     020D                     TMR1H           equ	525	;# 
  1047     020E                     T1CON           equ	526	;# 
  1048     020E                     TMR1CON         equ	526	;# 
  1049     020F                     T1GCON          equ	527	;# 
  1050     020F                     TMR1GCON        equ	527	;# 
  1051     0210                     T1GATE          equ	528	;# 
  1052     0210                     TMR1GATE        equ	528	;# 
  1053     0211                     T1CLK           equ	529	;# 
  1054     0211                     TMR1CLK         equ	529	;# 
  1055     028C                     T2TMR           equ	652	;# 
  1056     028C                     TMR2            equ	652	;# 
  1057     028D                     T2PR            equ	653	;# 
  1058     028D                     PR2             equ	653	;# 
  1059     028E                     T2CON           equ	654	;# 
  1060     028F                     T2HLT           equ	655	;# 
  1061     0290                     T2CLKCON        equ	656	;# 
  1062     0291                     T2RST           equ	657	;# 
  1063     030C                     CCPR1           equ	780	;# 
  1064     030C                     CCPR1L          equ	780	;# 
  1065     030D                     CCPR1H          equ	781	;# 
  1066     030E                     CCP1CON         equ	782	;# 
  1067     030F                     CCP1CAP         equ	783	;# 
  1068     0310                     CCPR2           equ	784	;# 
  1069     0310                     CCPR2L          equ	784	;# 
  1070     0311                     CCPR2H          equ	785	;# 
  1071     0312                     CCP2CON         equ	786	;# 
  1072     0313                     CCP2CAP         equ	787	;# 
  1073     0314                     PWM3DC          equ	788	;# 
  1074     0314                     PWM3DCL         equ	788	;# 
  1075     0315                     PWM3DCH         equ	789	;# 
  1076     0316                     PWM3CON         equ	790	;# 
  1077     0318                     PWM4DC          equ	792	;# 
  1078     0318                     PWM4DCL         equ	792	;# 
  1079     0319                     PWM4DCH         equ	793	;# 
  1080     031A                     PWM4CON         equ	794	;# 
  1081     059C                     TMR0L           equ	1436	;# 
  1082     059C                     TMR0            equ	1436	;# 
  1083     059D                     TMR0H           equ	1437	;# 
  1084     059D                     PR0             equ	1437	;# 
  1085     059E                     T0CON0          equ	1438	;# 
  1086     059F                     T0CON1          equ	1439	;# 
  1087     070C                     PIR0            equ	1804	;# 
  1088     070D                     PIR1            equ	1805	;# 
  1089     070E                     PIR2            equ	1806	;# 
  1090     0716                     PIE0            equ	1814	;# 
  1091     0717                     PIE1            equ	1815	;# 
  1092     0718                     PIE2            equ	1816	;# 
  1093     080C                     WDTCON          equ	2060	;# 
  1094     0811                     BORCON          equ	2065	;# 
  1095     0813                     PCON0           equ	2067	;# 
  1096     0814                     PCON1           equ	2068	;# 
  1097     081A                     NVMADR          equ	2074	;# 
  1098     081A                     NVMADRL         equ	2074	;# 
  1099     081B                     NVMADRH         equ	2075	;# 
  1100     081C                     NVMDAT          equ	2076	;# 
  1101     081C                     NVMDATL         equ	2076	;# 
  1102     081D                     NVMDATH         equ	2077	;# 
  1103     081E                     NVMCON1         equ	2078	;# 
  1104     081F                     NVMCON2         equ	2079	;# 
  1105     088E                     OSCCON          equ	2190	;# 
  1106     0890                     OSCSTAT         equ	2192	;# 
  1107     0891                     OSCEN           equ	2193	;# 
  1108     0892                     OSCTUNE         equ	2194	;# 
  1109     0893                     OSCFRQ          equ	2195	;# 
  1110     090C                     FVRCON          equ	2316	;# 
  1111     1E8F                     PPSLOCK         equ	7823	;# 
  1112     1E90                     INTPPS          equ	7824	;# 
  1113     1E91                     T0CKIPPS        equ	7825	;# 
  1114     1E92                     T1CKIPPS        equ	7826	;# 
  1115     1E93                     T1GPPS          equ	7827	;# 
  1116     1E9C                     T2INPPS         equ	7836	;# 
  1117     1EA1                     CCP1PPS         equ	7841	;# 
  1118     1EA2                     CCP2PPS         equ	7842	;# 
  1119     1EC3                     ADACTPPS        equ	7875	;# 
  1120     1EC5                     SSP1CLKPPS      equ	7877	;# 
  1121     1EC6                     SSP1DATPPS      equ	7878	;# 
  1122     1EC7                     SSP1SSPPS       equ	7879	;# 
  1123     1ECB                     RX1PPS          equ	7883	;# 
  1124     1ECB                     RX1DTPPS        equ	7883	;# 
  1125     1ECB                     RXPPS           equ	7883	;# 
  1126     1ECC                     CK1PPS          equ	7884	;# 
  1127     1ECC                     TX1CKPPS        equ	7884	;# 
  1128     1ECC                     CKPPS           equ	7884	;# 
  1129     1F10                     RA0PPS          equ	7952	;# 
  1130     1F11                     RA1PPS          equ	7953	;# 
  1131     1F12                     RA2PPS          equ	7954	;# 
  1132     1F14                     RA4PPS          equ	7956	;# 
  1133     1F15                     RA5PPS          equ	7957	;# 
  1134     1F38                     ANSELA          equ	7992	;# 
  1135     1F39                     WPUA            equ	7993	;# 
  1136     1F3A                     ODCONA          equ	7994	;# 
  1137     1F3B                     SLRCONA         equ	7995	;# 
  1138     1F3C                     INLVLA          equ	7996	;# 
  1139     1F3D                     IOCAP           equ	7997	;# 
  1140     1F3E                     IOCAN           equ	7998	;# 
  1141     1F3F                     IOCAF           equ	7999	;# 
  1142     1FE4                     STATUS_SHAD     equ	8164	;# 
  1143     1FE5                     WREG_SHAD       equ	8165	;# 
  1144     1FE6                     BSR_SHAD        equ	8166	;# 
  1145     1FE7                     PCLATH_SHAD     equ	8167	;# 
  1146     1FE8                     FSR0_SHAD       equ	8168	;# 
  1147     1FE8                     FSR0L_SHAD      equ	8168	;# 
  1148     1FE9                     FSR0H_SHAD      equ	8169	;# 
  1149     1FEA                     FSR1L_SHAD      equ	8170	;# 
  1150     1FEB                     FSR1H_SHAD      equ	8171	;# 
  1151     1FED                     STKPTR          equ	8173	;# 
  1152     1FEE                     TOSL            equ	8174	;# 
  1153     1FEF                     TOSH            equ	8175	;# 
  1154     0000                     INDF0           equ	0	;# 
  1155     0001                     INDF1           equ	1	;# 
  1156     0002                     PCL             equ	2	;# 
  1157     0003                     STATUS          equ	3	;# 
  1158     0004                     FSR0L           equ	4	;# 
  1159     0005                     FSR0H           equ	5	;# 
  1160     0006                     FSR1L           equ	6	;# 
  1161     0007                     FSR1H           equ	7	;# 
  1162     0008                     BSR             equ	8	;# 
  1163     0009                     WREG            equ	9	;# 
  1164     000A                     PCLATH          equ	10	;# 
  1165     000B                     INTCON          equ	11	;# 
  1166     000C                     PORTA           equ	12	;# 
  1167     0012                     TRISA           equ	18	;# 
  1168     0018                     LATA            equ	24	;# 
  1169     009A                     CPCON           equ	154	;# 
  1170     009B                     ADRES           equ	155	;# 
  1171     009B                     ADRESL          equ	155	;# 
  1172     009C                     ADRESH          equ	156	;# 
  1173     009D                     ADCON0          equ	157	;# 
  1174     009E                     ADCON1          equ	158	;# 
  1175     009F                     ADACT           equ	159	;# 
  1176     0119                     RC1REG          equ	281	;# 
  1177     011A                     TX1REG          equ	282	;# 
  1178     011B                     SP1BRG          equ	283	;# 
  1179     011B                     SP1BRGL         equ	283	;# 
  1180     011C                     SP1BRGH         equ	284	;# 
  1181     011D                     RC1STA          equ	285	;# 
  1182     011E                     TX1STA          equ	286	;# 
  1183     011F                     BAUD1CON        equ	287	;# 
  1184     018C                     SSP1BUF         equ	396	;# 
  1185     018D                     SSP1ADD         equ	397	;# 
  1186     018E                     SSP1MSK         equ	398	;# 
  1187     018F                     SSP1STAT        equ	399	;# 
  1188     0190                     SSP1CON1        equ	400	;# 
  1189     0191                     SSP1CON2        equ	401	;# 
  1190     0192                     SSP1CON3        equ	402	;# 
  1191     020C                     TMR1L           equ	524	;# 
  1192     020D                     TMR1H           equ	525	;# 
  1193     020E                     T1CON           equ	526	;# 
  1194     020E                     TMR1CON         equ	526	;# 
  1195     020F                     T1GCON          equ	527	;# 
  1196     020F                     TMR1GCON        equ	527	;# 
  1197     0210                     T1GATE          equ	528	;# 
  1198     0210                     TMR1GATE        equ	528	;# 
  1199     0211                     T1CLK           equ	529	;# 
  1200     0211                     TMR1CLK         equ	529	;# 
  1201     028C                     T2TMR           equ	652	;# 
  1202     028C                     TMR2            equ	652	;# 
  1203     028D                     T2PR            equ	653	;# 
  1204     028D                     PR2             equ	653	;# 
  1205     028E                     T2CON           equ	654	;# 
  1206     028F                     T2HLT           equ	655	;# 
  1207     0290                     T2CLKCON        equ	656	;# 
  1208     0291                     T2RST           equ	657	;# 
  1209     030C                     CCPR1           equ	780	;# 
  1210     030C                     CCPR1L          equ	780	;# 
  1211     030D                     CCPR1H          equ	781	;# 
  1212     030E                     CCP1CON         equ	782	;# 
  1213     030F                     CCP1CAP         equ	783	;# 
  1214     0310                     CCPR2           equ	784	;# 
  1215     0310                     CCPR2L          equ	784	;# 
  1216     0311                     CCPR2H          equ	785	;# 
  1217     0312                     CCP2CON         equ	786	;# 
  1218     0313                     CCP2CAP         equ	787	;# 
  1219     0314                     PWM3DC          equ	788	;# 
  1220     0314                     PWM3DCL         equ	788	;# 
  1221     0315                     PWM3DCH         equ	789	;# 
  1222     0316                     PWM3CON         equ	790	;# 
  1223     0318                     PWM4DC          equ	792	;# 
  1224     0318                     PWM4DCL         equ	792	;# 
  1225     0319                     PWM4DCH         equ	793	;# 
  1226     031A                     PWM4CON         equ	794	;# 
  1227     059C                     TMR0L           equ	1436	;# 
  1228     059C                     TMR0            equ	1436	;# 
  1229     059D                     TMR0H           equ	1437	;# 
  1230     059D                     PR0             equ	1437	;# 
  1231     059E                     T0CON0          equ	1438	;# 
  1232     059F                     T0CON1          equ	1439	;# 
  1233     070C                     PIR0            equ	1804	;# 
  1234     070D                     PIR1            equ	1805	;# 
  1235     070E                     PIR2            equ	1806	;# 
  1236     0716                     PIE0            equ	1814	;# 
  1237     0717                     PIE1            equ	1815	;# 
  1238     0718                     PIE2            equ	1816	;# 
  1239     080C                     WDTCON          equ	2060	;# 
  1240     0811                     BORCON          equ	2065	;# 
  1241     0813                     PCON0           equ	2067	;# 
  1242     0814                     PCON1           equ	2068	;# 
  1243     081A                     NVMADR          equ	2074	;# 
  1244     081A                     NVMADRL         equ	2074	;# 
  1245     081B                     NVMADRH         equ	2075	;# 
  1246     081C                     NVMDAT          equ	2076	;# 
  1247     081C                     NVMDATL         equ	2076	;# 
  1248     081D                     NVMDATH         equ	2077	;# 
  1249     081E                     NVMCON1         equ	2078	;# 
  1250     081F                     NVMCON2         equ	2079	;# 
  1251     088E                     OSCCON          equ	2190	;# 
  1252     0890                     OSCSTAT         equ	2192	;# 
  1253     0891                     OSCEN           equ	2193	;# 
  1254     0892                     OSCTUNE         equ	2194	;# 
  1255     0893                     OSCFRQ          equ	2195	;# 
  1256     090C                     FVRCON          equ	2316	;# 
  1257     1E8F                     PPSLOCK         equ	7823	;# 
  1258     1E90                     INTPPS          equ	7824	;# 
  1259     1E91                     T0CKIPPS        equ	7825	;# 
  1260     1E92                     T1CKIPPS        equ	7826	;# 
  1261     1E93                     T1GPPS          equ	7827	;# 
  1262     1E9C                     T2INPPS         equ	7836	;# 
  1263     1EA1                     CCP1PPS         equ	7841	;# 
  1264     1EA2                     CCP2PPS         equ	7842	;# 
  1265     1EC3                     ADACTPPS        equ	7875	;# 
  1266     1EC5                     SSP1CLKPPS      equ	7877	;# 
  1267     1EC6                     SSP1DATPPS      equ	7878	;# 
  1268     1EC7                     SSP1SSPPS       equ	7879	;# 
  1269     1ECB                     RX1PPS          equ	7883	;# 
  1270     1ECB                     RX1DTPPS        equ	7883	;# 
  1271     1ECB                     RXPPS           equ	7883	;# 
  1272     1ECC                     CK1PPS          equ	7884	;# 
  1273     1ECC                     TX1CKPPS        equ	7884	;# 
  1274     1ECC                     CKPPS           equ	7884	;# 
  1275     1F10                     RA0PPS          equ	7952	;# 
  1276     1F11                     RA1PPS          equ	7953	;# 
  1277     1F12                     RA2PPS          equ	7954	;# 
  1278     1F14                     RA4PPS          equ	7956	;# 
  1279     1F15                     RA5PPS          equ	7957	;# 
  1280     1F38                     ANSELA          equ	7992	;# 
  1281     1F39                     WPUA            equ	7993	;# 
  1282     1F3A                     ODCONA          equ	7994	;# 
  1283     1F3B                     SLRCONA         equ	7995	;# 
  1284     1F3C                     INLVLA          equ	7996	;# 
  1285     1F3D                     IOCAP           equ	7997	;# 
  1286     1F3E                     IOCAN           equ	7998	;# 
  1287     1F3F                     IOCAF           equ	7999	;# 
  1288     1FE4                     STATUS_SHAD     equ	8164	;# 
  1289     1FE5                     WREG_SHAD       equ	8165	;# 
  1290     1FE6                     BSR_SHAD        equ	8166	;# 
  1291     1FE7                     PCLATH_SHAD     equ	8167	;# 
  1292     1FE8                     FSR0_SHAD       equ	8168	;# 
  1293     1FE8                     FSR0L_SHAD      equ	8168	;# 
  1294     1FE9                     FSR0H_SHAD      equ	8169	;# 
  1295     1FEA                     FSR1L_SHAD      equ	8170	;# 
  1296     1FEB                     FSR1H_SHAD      equ	8171	;# 
  1297     1FED                     STKPTR          equ	8173	;# 
  1298     1FEE                     TOSL            equ	8174	;# 
  1299     1FEF                     TOSH            equ	8175	;# 
  1300     0000                     INDF0           equ	0	;# 
  1301     0001                     INDF1           equ	1	;# 
  1302     0002                     PCL             equ	2	;# 
  1303     0003                     STATUS          equ	3	;# 
  1304     0004                     FSR0L           equ	4	;# 
  1305     0005                     FSR0H           equ	5	;# 
  1306     0006                     FSR1L           equ	6	;# 
  1307     0007                     FSR1H           equ	7	;# 
  1308     0008                     BSR             equ	8	;# 
  1309     0009                     WREG            equ	9	;# 
  1310     000A                     PCLATH          equ	10	;# 
  1311     000B                     INTCON          equ	11	;# 
  1312     000C                     PORTA           equ	12	;# 
  1313     0012                     TRISA           equ	18	;# 
  1314     0018                     LATA            equ	24	;# 
  1315     009A                     CPCON           equ	154	;# 
  1316     009B                     ADRES           equ	155	;# 
  1317     009B                     ADRESL          equ	155	;# 
  1318     009C                     ADRESH          equ	156	;# 
  1319     009D                     ADCON0          equ	157	;# 
  1320     009E                     ADCON1          equ	158	;# 
  1321     009F                     ADACT           equ	159	;# 
  1322     0119                     RC1REG          equ	281	;# 
  1323     011A                     TX1REG          equ	282	;# 
  1324     011B                     SP1BRG          equ	283	;# 
  1325     011B                     SP1BRGL         equ	283	;# 
  1326     011C                     SP1BRGH         equ	284	;# 
  1327     011D                     RC1STA          equ	285	;# 
  1328     011E                     TX1STA          equ	286	;# 
  1329     011F                     BAUD1CON        equ	287	;# 
  1330     018C                     SSP1BUF         equ	396	;# 
  1331     018D                     SSP1ADD         equ	397	;# 
  1332     018E                     SSP1MSK         equ	398	;# 
  1333     018F                     SSP1STAT        equ	399	;# 
  1334     0190                     SSP1CON1        equ	400	;# 
  1335     0191                     SSP1CON2        equ	401	;# 
  1336     0192                     SSP1CON3        equ	402	;# 
  1337     020C                     TMR1L           equ	524	;# 
  1338     020D                     TMR1H           equ	525	;# 
  1339     020E                     T1CON           equ	526	;# 
  1340     020E                     TMR1CON         equ	526	;# 
  1341     020F                     T1GCON          equ	527	;# 
  1342     020F                     TMR1GCON        equ	527	;# 
  1343     0210                     T1GATE          equ	528	;# 
  1344     0210                     TMR1GATE        equ	528	;# 
  1345     0211                     T1CLK           equ	529	;# 
  1346     0211                     TMR1CLK         equ	529	;# 
  1347     028C                     T2TMR           equ	652	;# 
  1348     028C                     TMR2            equ	652	;# 
  1349     028D                     T2PR            equ	653	;# 
  1350     028D                     PR2             equ	653	;# 
  1351     028E                     T2CON           equ	654	;# 
  1352     028F                     T2HLT           equ	655	;# 
  1353     0290                     T2CLKCON        equ	656	;# 
  1354     0291                     T2RST           equ	657	;# 
  1355     030C                     CCPR1           equ	780	;# 
  1356     030C                     CCPR1L          equ	780	;# 
  1357     030D                     CCPR1H          equ	781	;# 
  1358     030E                     CCP1CON         equ	782	;# 
  1359     030F                     CCP1CAP         equ	783	;# 
  1360     0310                     CCPR2           equ	784	;# 
  1361     0310                     CCPR2L          equ	784	;# 
  1362     0311                     CCPR2H          equ	785	;# 
  1363     0312                     CCP2CON         equ	786	;# 
  1364     0313                     CCP2CAP         equ	787	;# 
  1365     0314                     PWM3DC          equ	788	;# 
  1366     0314                     PWM3DCL         equ	788	;# 
  1367     0315                     PWM3DCH         equ	789	;# 
  1368     0316                     PWM3CON         equ	790	;# 
  1369     0318                     PWM4DC          equ	792	;# 
  1370     0318                     PWM4DCL         equ	792	;# 
  1371     0319                     PWM4DCH         equ	793	;# 
  1372     031A                     PWM4CON         equ	794	;# 
  1373     059C                     TMR0L           equ	1436	;# 
  1374     059C                     TMR0            equ	1436	;# 
  1375     059D                     TMR0H           equ	1437	;# 
  1376     059D                     PR0             equ	1437	;# 
  1377     059E                     T0CON0          equ	1438	;# 
  1378     059F                     T0CON1          equ	1439	;# 
  1379     070C                     PIR0            equ	1804	;# 
  1380     070D                     PIR1            equ	1805	;# 
  1381     070E                     PIR2            equ	1806	;# 
  1382     0716                     PIE0            equ	1814	;# 
  1383     0717                     PIE1            equ	1815	;# 
  1384     0718                     PIE2            equ	1816	;# 
  1385     080C                     WDTCON          equ	2060	;# 
  1386     0811                     BORCON          equ	2065	;# 
  1387     0813                     PCON0           equ	2067	;# 
  1388     0814                     PCON1           equ	2068	;# 
  1389     081A                     NVMADR          equ	2074	;# 
  1390     081A                     NVMADRL         equ	2074	;# 
  1391     081B                     NVMADRH         equ	2075	;# 
  1392     081C                     NVMDAT          equ	2076	;# 
  1393     081C                     NVMDATL         equ	2076	;# 
  1394     081D                     NVMDATH         equ	2077	;# 
  1395     081E                     NVMCON1         equ	2078	;# 
  1396     081F                     NVMCON2         equ	2079	;# 
  1397     088E                     OSCCON          equ	2190	;# 
  1398     0890                     OSCSTAT         equ	2192	;# 
  1399     0891                     OSCEN           equ	2193	;# 
  1400     0892                     OSCTUNE         equ	2194	;# 
  1401     0893                     OSCFRQ          equ	2195	;# 
  1402     090C                     FVRCON          equ	2316	;# 
  1403     1E8F                     PPSLOCK         equ	7823	;# 
  1404     1E90                     INTPPS          equ	7824	;# 
  1405     1E91                     T0CKIPPS        equ	7825	;# 
  1406     1E92                     T1CKIPPS        equ	7826	;# 
  1407     1E93                     T1GPPS          equ	7827	;# 
  1408     1E9C                     T2INPPS         equ	7836	;# 
  1409     1EA1                     CCP1PPS         equ	7841	;# 
  1410     1EA2                     CCP2PPS         equ	7842	;# 
  1411     1EC3                     ADACTPPS        equ	7875	;# 
  1412     1EC5                     SSP1CLKPPS      equ	7877	;# 
  1413     1EC6                     SSP1DATPPS      equ	7878	;# 
  1414     1EC7                     SSP1SSPPS       equ	7879	;# 
  1415     1ECB                     RX1PPS          equ	7883	;# 
  1416     1ECB                     RX1DTPPS        equ	7883	;# 
  1417     1ECB                     RXPPS           equ	7883	;# 
  1418     1ECC                     CK1PPS          equ	7884	;# 
  1419     1ECC                     TX1CKPPS        equ	7884	;# 
  1420     1ECC                     CKPPS           equ	7884	;# 
  1421     1F10                     RA0PPS          equ	7952	;# 
  1422     1F11                     RA1PPS          equ	7953	;# 
  1423     1F12                     RA2PPS          equ	7954	;# 
  1424     1F14                     RA4PPS          equ	7956	;# 
  1425     1F15                     RA5PPS          equ	7957	;# 
  1426     1F38                     ANSELA          equ	7992	;# 
  1427     1F39                     WPUA            equ	7993	;# 
  1428     1F3A                     ODCONA          equ	7994	;# 
  1429     1F3B                     SLRCONA         equ	7995	;# 
  1430     1F3C                     INLVLA          equ	7996	;# 
  1431     1F3D                     IOCAP           equ	7997	;# 
  1432     1F3E                     IOCAN           equ	7998	;# 
  1433     1F3F                     IOCAF           equ	7999	;# 
  1434     1FE4                     STATUS_SHAD     equ	8164	;# 
  1435     1FE5                     WREG_SHAD       equ	8165	;# 
  1436     1FE6                     BSR_SHAD        equ	8166	;# 
  1437     1FE7                     PCLATH_SHAD     equ	8167	;# 
  1438     1FE8                     FSR0_SHAD       equ	8168	;# 
  1439     1FE8                     FSR0L_SHAD      equ	8168	;# 
  1440     1FE9                     FSR0H_SHAD      equ	8169	;# 
  1441     1FEA                     FSR1L_SHAD      equ	8170	;# 
  1442     1FEB                     FSR1H_SHAD      equ	8171	;# 
  1443     1FED                     STKPTR          equ	8173	;# 
  1444     1FEE                     TOSL            equ	8174	;# 
  1445     1FEF                     TOSH            equ	8175	;# 
  1446     0000                     INDF0           equ	0	;# 
  1447     0001                     INDF1           equ	1	;# 
  1448     0002                     PCL             equ	2	;# 
  1449     0003                     STATUS          equ	3	;# 
  1450     0004                     FSR0L           equ	4	;# 
  1451     0005                     FSR0H           equ	5	;# 
  1452     0006                     FSR1L           equ	6	;# 
  1453     0007                     FSR1H           equ	7	;# 
  1454     0008                     BSR             equ	8	;# 
  1455     0009                     WREG            equ	9	;# 
  1456     000A                     PCLATH          equ	10	;# 
  1457     000B                     INTCON          equ	11	;# 
  1458     000C                     PORTA           equ	12	;# 
  1459     0012                     TRISA           equ	18	;# 
  1460     0018                     LATA            equ	24	;# 
  1461     009A                     CPCON           equ	154	;# 
  1462     009B                     ADRES           equ	155	;# 
  1463     009B                     ADRESL          equ	155	;# 
  1464     009C                     ADRESH          equ	156	;# 
  1465     009D                     ADCON0          equ	157	;# 
  1466     009E                     ADCON1          equ	158	;# 
  1467     009F                     ADACT           equ	159	;# 
  1468     0119                     RC1REG          equ	281	;# 
  1469     011A                     TX1REG          equ	282	;# 
  1470     011B                     SP1BRG          equ	283	;# 
  1471     011B                     SP1BRGL         equ	283	;# 
  1472     011C                     SP1BRGH         equ	284	;# 
  1473     011D                     RC1STA          equ	285	;# 
  1474     011E                     TX1STA          equ	286	;# 
  1475     011F                     BAUD1CON        equ	287	;# 
  1476     018C                     SSP1BUF         equ	396	;# 
  1477     018D                     SSP1ADD         equ	397	;# 
  1478     018E                     SSP1MSK         equ	398	;# 
  1479     018F                     SSP1STAT        equ	399	;# 
  1480     0190                     SSP1CON1        equ	400	;# 
  1481     0191                     SSP1CON2        equ	401	;# 
  1482     0192                     SSP1CON3        equ	402	;# 
  1483     020C                     TMR1L           equ	524	;# 
  1484     020D                     TMR1H           equ	525	;# 
  1485     020E                     T1CON           equ	526	;# 
  1486     020E                     TMR1CON         equ	526	;# 
  1487     020F                     T1GCON          equ	527	;# 
  1488     020F                     TMR1GCON        equ	527	;# 
  1489     0210                     T1GATE          equ	528	;# 
  1490     0210                     TMR1GATE        equ	528	;# 
  1491     0211                     T1CLK           equ	529	;# 
  1492     0211                     TMR1CLK         equ	529	;# 
  1493     028C                     T2TMR           equ	652	;# 
  1494     028C                     TMR2            equ	652	;# 
  1495     028D                     T2PR            equ	653	;# 
  1496     028D                     PR2             equ	653	;# 
  1497     028E                     T2CON           equ	654	;# 
  1498     028F                     T2HLT           equ	655	;# 
  1499     0290                     T2CLKCON        equ	656	;# 
  1500     0291                     T2RST           equ	657	;# 
  1501     030C                     CCPR1           equ	780	;# 
  1502     030C                     CCPR1L          equ	780	;# 
  1503     030D                     CCPR1H          equ	781	;# 
  1504     030E                     CCP1CON         equ	782	;# 
  1505     030F                     CCP1CAP         equ	783	;# 
  1506     0310                     CCPR2           equ	784	;# 
  1507     0310                     CCPR2L          equ	784	;# 
  1508     0311                     CCPR2H          equ	785	;# 
  1509     0312                     CCP2CON         equ	786	;# 
  1510     0313                     CCP2CAP         equ	787	;# 
  1511     0314                     PWM3DC          equ	788	;# 
  1512     0314                     PWM3DCL         equ	788	;# 
  1513     0315                     PWM3DCH         equ	789	;# 
  1514     0316                     PWM3CON         equ	790	;# 
  1515     0318                     PWM4DC          equ	792	;# 
  1516     0318                     PWM4DCL         equ	792	;# 
  1517     0319                     PWM4DCH         equ	793	;# 
  1518     031A                     PWM4CON         equ	794	;# 
  1519     059C                     TMR0L           equ	1436	;# 
  1520     059C                     TMR0            equ	1436	;# 
  1521     059D                     TMR0H           equ	1437	;# 
  1522     059D                     PR0             equ	1437	;# 
  1523     059E                     T0CON0          equ	1438	;# 
  1524     059F                     T0CON1          equ	1439	;# 
  1525     070C                     PIR0            equ	1804	;# 
  1526     070D                     PIR1            equ	1805	;# 
  1527     070E                     PIR2            equ	1806	;# 
  1528     0716                     PIE0            equ	1814	;# 
  1529     0717                     PIE1            equ	1815	;# 
  1530     0718                     PIE2            equ	1816	;# 
  1531     080C                     WDTCON          equ	2060	;# 
  1532     0811                     BORCON          equ	2065	;# 
  1533     0813                     PCON0           equ	2067	;# 
  1534     0814                     PCON1           equ	2068	;# 
  1535     081A                     NVMADR          equ	2074	;# 
  1536     081A                     NVMADRL         equ	2074	;# 
  1537     081B                     NVMADRH         equ	2075	;# 
  1538     081C                     NVMDAT          equ	2076	;# 
  1539     081C                     NVMDATL         equ	2076	;# 
  1540     081D                     NVMDATH         equ	2077	;# 
  1541     081E                     NVMCON1         equ	2078	;# 
  1542     081F                     NVMCON2         equ	2079	;# 
  1543     088E                     OSCCON          equ	2190	;# 
  1544     0890                     OSCSTAT         equ	2192	;# 
  1545     0891                     OSCEN           equ	2193	;# 
  1546     0892                     OSCTUNE         equ	2194	;# 
  1547     0893                     OSCFRQ          equ	2195	;# 
  1548     090C                     FVRCON          equ	2316	;# 
  1549     1E8F                     PPSLOCK         equ	7823	;# 
  1550     1E90                     INTPPS          equ	7824	;# 
  1551     1E91                     T0CKIPPS        equ	7825	;# 
  1552     1E92                     T1CKIPPS        equ	7826	;# 
  1553     1E93                     T1GPPS          equ	7827	;# 
  1554     1E9C                     T2INPPS         equ	7836	;# 
  1555     1EA1                     CCP1PPS         equ	7841	;# 
  1556     1EA2                     CCP2PPS         equ	7842	;# 
  1557     1EC3                     ADACTPPS        equ	7875	;# 
  1558     1EC5                     SSP1CLKPPS      equ	7877	;# 
  1559     1EC6                     SSP1DATPPS      equ	7878	;# 
  1560     1EC7                     SSP1SSPPS       equ	7879	;# 
  1561     1ECB                     RX1PPS          equ	7883	;# 
  1562     1ECB                     RX1DTPPS        equ	7883	;# 
  1563     1ECB                     RXPPS           equ	7883	;# 
  1564     1ECC                     CK1PPS          equ	7884	;# 
  1565     1ECC                     TX1CKPPS        equ	7884	;# 
  1566     1ECC                     CKPPS           equ	7884	;# 
  1567     1F10                     RA0PPS          equ	7952	;# 
  1568     1F11                     RA1PPS          equ	7953	;# 
  1569     1F12                     RA2PPS          equ	7954	;# 
  1570     1F14                     RA4PPS          equ	7956	;# 
  1571     1F15                     RA5PPS          equ	7957	;# 
  1572     1F38                     ANSELA          equ	7992	;# 
  1573     1F39                     WPUA            equ	7993	;# 
  1574     1F3A                     ODCONA          equ	7994	;# 
  1575     1F3B                     SLRCONA         equ	7995	;# 
  1576     1F3C                     INLVLA          equ	7996	;# 
  1577     1F3D                     IOCAP           equ	7997	;# 
  1578     1F3E                     IOCAN           equ	7998	;# 
  1579     1F3F                     IOCAF           equ	7999	;# 
  1580     1FE4                     STATUS_SHAD     equ	8164	;# 
  1581     1FE5                     WREG_SHAD       equ	8165	;# 
  1582     1FE6                     BSR_SHAD        equ	8166	;# 
  1583     1FE7                     PCLATH_SHAD     equ	8167	;# 
  1584     1FE8                     FSR0_SHAD       equ	8168	;# 
  1585     1FE8                     FSR0L_SHAD      equ	8168	;# 
  1586     1FE9                     FSR0H_SHAD      equ	8169	;# 
  1587     1FEA                     FSR1L_SHAD      equ	8170	;# 
  1588     1FEB                     FSR1H_SHAD      equ	8171	;# 
  1589     1FED                     STKPTR          equ	8173	;# 
  1590     1FEE                     TOSL            equ	8174	;# 
  1591     1FEF                     TOSH            equ	8175	;# 
  1592                           
  1593                           	psect	idataBANK0
  1594     063B                     __pidataBANK0:
  1595                           
  1596                           ;initializer for _LIN_timeout
  1597     063B  3414               	retlw	20
  1598                           
  1599                           	psect	stringtext1
  1600     05ED                     __pstringtext1:
  1601     05ED                     _scheduleTable:
  1602     05ED  3401               	retlw	1
  1603     05EE  3401               	retlw	1
  1604     05EF  3408               	retlw	8
  1605     05F0  34A9               	retlw	low (_SIGNAL_Data| 0)
  1606     05F1  3400               	retlw	high (_SIGNAL_Data| 0)
  1607     05F2                     __end_of_scheduleTable:
  1608                           
  1609                           	psect	nvBANK0
  1610     0058                     __pnvBANK0:
  1611     0058                     _TMR0_InterruptHandler:
  1612     0058                     	ds	2
  1613     005A                     _EUSART1_OverrunErrorHandler:
  1614     005A                     	ds	2
  1615     005C                     _EUSART1_FramingErrorHandler:
  1616     005C                     	ds	2
  1617     005E                     _EUSART1_RxDefaultInterruptHandler:
  1618     005E                     	ds	2
  1619     0060                     _EUSART1_TxDefaultInterruptHandler:
  1620     0060                     	ds	2
  1621     0062                     _LIN_rxCommand:
  1622     0062                     	ds	2
  1623     0064                     _LIN_processData:
  1624     0064                     	ds	2
  1625     0066                     _LIN_rxCommandLength:
  1626     0066                     	ds	1
  1627                           
  1628                           	psect	nvBANK1
  1629     00B1                     __pnvBANK1:
  1630     00B1                     _EUSART1_ErrorHandler:
  1631     00B1                     	ds	2
  1632     0018                     _LATAbits       set	24
  1633     0012                     _TRISA          set	18
  1634     0018                     _LATA           set	24
  1635     000B                     _INTCONbits     set	11
  1636     0119                     _RC1REG         set	281
  1637     011A                     _TX1REG         set	282
  1638     011C                     _SP1BRGH        set	284
  1639     011B                     _SP1BRGL        set	283
  1640     011E                     _TX1STA         set	286
  1641     011D                     _RC1STA         set	285
  1642     011F                     _BAUD1CON       set	287
  1643     011D                     _RC1STAbits     set	285
  1644     011E                     _TX1STAbits     set	286
  1645     059E                     _T0CON0bits     set	1438
  1646     059E                     _T0CON0         set	1438
  1647     059C                     _TMR0L          set	1436
  1648     059D                     _TMR0H          set	1437
  1649     059F                     _T0CON1         set	1439
  1650     070D                     _PIR1bits       set	1805
  1651     070C                     _PIR0bits       set	1804
  1652     0716                     _PIE0bits       set	1814
  1653     0717                     _PIE1bits       set	1815
  1654     080C                     _WDTCON         set	2060
  1655     0892                     _OSCTUNE        set	2194
  1656     0893                     _OSCFRQ         set	2195
  1657     0891                     _OSCEN          set	2193
  1658     1ECB                     _RX1PPS         set	7883
  1659     1F3C                     _INLVLA         set	7996
  1660     1F3B                     _SLRCONA        set	7995
  1661     1F3A                     _ODCONA         set	7994
  1662     1F39                     _WPUA           set	7993
  1663     1F38                     _ANSELA         set	7992
  1664                           
  1665                           	psect	cinit
  1666     003B                     start_initialization:	
  1667                           ; #config settings
  1668                           
  1669     003B                     __initialization:
  1670                           
  1671                           ; Initialize objects allocated to BANK0
  1672     003B  3186  263B  3180   	fcall	__pidataBANK0	;fetch initializer
  1673     003E  00EC               	movwf	__pdataBANK0& (0+127)
  1674                           
  1675                           ; Clear objects allocated to COMMON
  1676     003F  01FD               	clrf	__pbssCOMMON& (0+127)
  1677                           
  1678                           ; Clear objects allocated to BANK0
  1679     0040  3020               	movlw	low __pbssBANK0
  1680     0041  0084               	movwf	4
  1681     0042  3000               	movlw	high __pbssBANK0
  1682     0043  0085               	movwf	5
  1683     0044  3038               	movlw	56
  1684     0045  3185  25BD  3180   	fcall	clear_ram0
  1685                           
  1686                           ; Clear objects allocated to BANK1
  1687     0048  30A9               	movlw	low __pbssBANK1
  1688     0049  0084               	movwf	4
  1689     004A  3000               	movlw	high __pbssBANK1
  1690     004B  0085               	movwf	5
  1691     004C  3008               	movlw	8
  1692     004D  3185  25BD  3180   	fcall	clear_ram0
  1693     0050                     end_of_initialization:	
  1694                           ;End of C runtime variable initialization code
  1695                           
  1696     0050                     __end_of__initialization:
  1697     0050  107E               	bcf	int$flags,0	;clear compiler interrupt flag (level 1)
  1698     0051  0140               	movlb	0
  1699     0052  2D46               	ljmp	_main	;jump to C main() function
  1700                           
  1701                           	psect	bssCOMMON
  1702     007D                     __pbssCOMMON:
  1703     007D                     _eusart1RxHead:
  1704     007D                     	ds	1
  1705                           
  1706                           	psect	bssBANK0
  1707     0020                     __pbssBANK0:
  1708     0020                     _eusart1RxStatusBuffer:
  1709     0020                     	ds	8
  1710     0028                     _eusart1RxBuffer:
  1711     0028                     	ds	8
  1712     0030                     _eusart1TxBuffer:
  1713     0030                     	ds	8
  1714     0038                     _eusart1RxLastError:
  1715     0038                     	ds	1
  1716     0039                     _eusart1RxCount:
  1717     0039                     	ds	1
  1718     003A                     _eusart1RxTail:
  1719     003A                     	ds	1
  1720     003B                     _eusart1TxBufferRemaining:
  1721     003B                     	ds	1
  1722     003C                     _eusart1TxTail:
  1723     003C                     	ds	1
  1724     003D                     _eusart1TxHead:
  1725     003D                     	ds	1
  1726     003E                     LIN_handler@rxDataIndex:
  1727     003E                     	ds	1
  1728     003F                     LIN_handler@LIN_rxState:
  1729     003F                     	ds	1
  1730     0040                     _CountCallBack:
  1731     0040                     	ds	1
  1732     0041                     _LIN_timerRunning:
  1733     0041                     	ds	1
  1734     0042                     _LIN_rxInProgress:
  1735     0042                     	ds	1
  1736     0043                     _LIN_packet:
  1737     0043                     	ds	13
  1738     0050                     _tempRxData:
  1739     0050                     	ds	8
  1740                           
  1741                           	psect	dataBANK0
  1742     006C                     __pdataBANK0:
  1743     006C                     _LIN_timeout:
  1744     006C                     	ds	1
  1745                           
  1746                           	psect	bssBANK1
  1747     00A9                     __pbssBANK1:
  1748     00A9                     _SIGNAL_Data:
  1749     00A9                     	ds	8
  1750                           
  1751                           	psect	clrtext
  1752     05BD                     clear_ram0:	
  1753                           ;	Called with FSR0 containing the base address, and
  1754                           ;	WREG with the size to clear
  1755                           
  1756     05BD  0064               	clrwdt	;clear the watchdog before getting into this loop
  1757     05BE                     clrloop0:
  1758     05BE  0180               	clrf	0	;clear RAM location pointed to by FSR
  1759     05BF  3101               	addfsr 0,1
  1760     05C0  0B89               	decfsz	9,f	;Have we reached the end of clearing yet?
  1761     05C1  2DBE               	goto	clrloop0	;have we reached the end yet?
  1762     05C2  3400               	retlw	0	;all done for this memory range, return
  1763                           
  1764                           	psect	cstackBANK1
  1765     00A0                     __pcstackBANK1:
  1766     00A0                     LIN_queuePacket@cmd:
  1767                           
  1768                           ; 1 bytes @ 0x0
  1769     00A0                     	ds	1
  1770     00A1                     LIN_queuePacket@i:
  1771                           
  1772                           ; 1 bytes @ 0x1
  1773     00A1                     	ds	1
  1774     00A2                     LIN_queuePacket@tempSchedule:
  1775                           
  1776                           ; 2 bytes @ 0x2
  1777     00A2                     	ds	2
  1778     00A4                     ??_LIN_handler:
  1779                           
  1780                           ; 1 bytes @ 0x4
  1781     00A4                     	ds	5
  1782                           
  1783                           	psect	cstackCOMMON
  1784     0070                     __pcstackCOMMON:
  1785     0070                     ?_processLIN:
  1786     0070                     ?_func_F150:	
  1787                           ; 1 bytes @ 0x0
  1788                           
  1789     0070                     ?_LIN_stopTimer:	
  1790                           ; 1 bytes @ 0x0
  1791                           
  1792     0070                     ?_LIN_enableRx:	
  1793                           ; 1 bytes @ 0x0
  1794                           
  1795     0070                     ?_LIN_setTimerHandler:	
  1796                           ; 1 bytes @ 0x0
  1797                           
  1798     0070                     ?_LIN_getChecksum:	
  1799                           ; 1 bytes @ 0x0
  1800                           
  1801     0070                     ?_EUSART1_is_rx_ready:	
  1802                           ; 1 bytes @ 0x0
  1803                           
  1804     0070                     ?_LIN_startTimer:	
  1805                           ; 1 bytes @ 0x0
  1806                           
  1807     0070                     ?_LIN_breakCheck:	
  1808                           ; 1 bytes @ 0x0
  1809                           
  1810     0070                     ?_EUSART1_Read:	
  1811                           ; 1 bytes @ 0x0
  1812                           
  1813     0070                     ?_LIN_checkPID:	
  1814                           ; 1 bytes @ 0x0
  1815                           
  1816     0070                     ?_LIN_getFromTable:	
  1817                           ; 1 bytes @ 0x0
  1818                           
  1819     0070                     ?_LIN_disableRx:	
  1820                           ; 1 bytes @ 0x0
  1821                           
  1822     0070                     ?_EUSART1_Write:	
  1823                           ; 1 bytes @ 0x0
  1824                           
  1825     0070                     ?_LIN_calcParity:	
  1826                           ; 1 bytes @ 0x0
  1827                           
  1828     0070                     ?_TMR0_WriteTimer:	
  1829                           ; 1 bytes @ 0x0
  1830                           
  1831     0070                     ?_TMR0_SetInterruptHandler:	
  1832                           ; 1 bytes @ 0x0
  1833                           
  1834     0070                     ?_EUSART1_get_last_status:	
  1835                           ; 1 bytes @ 0x0
  1836                           
  1837     0070                     ?_EUSART1_SetRxInterruptHandler:	
  1838                           ; 1 bytes @ 0x0
  1839                           
  1840     0070                     ?_EUSART1_Receive_ISR:	
  1841                           ; 1 bytes @ 0x0
  1842                           
  1843     0070                     ?_EUSART1_SetTxInterruptHandler:	
  1844                           ; 1 bytes @ 0x0
  1845                           
  1846     0070                     ?_EUSART1_Transmit_ISR:	
  1847                           ; 1 bytes @ 0x0
  1848                           
  1849     0070                     ?_EUSART1_SetFramingErrorHandler:	
  1850                           ; 1 bytes @ 0x0
  1851                           
  1852     0070                     ?_EUSART1_DefaultFramingErrorHandler:	
  1853                           ; 1 bytes @ 0x0
  1854                           
  1855     0070                     ?_EUSART1_SetOverrunErrorHandler:	
  1856                           ; 1 bytes @ 0x0
  1857                           
  1858     0070                     ?_EUSART1_DefaultOverrunErrorHandler:	
  1859                           ; 1 bytes @ 0x0
  1860                           
  1861     0070                     ?_EUSART1_SetErrorHandler:	
  1862                           ; 1 bytes @ 0x0
  1863                           
  1864     0070                     ?_EUSART1_DefaultErrorHandler:	
  1865                           ; 1 bytes @ 0x0
  1866                           
  1867     0070                     ?_EUSART1_RxDataHandler:	
  1868                           ; 1 bytes @ 0x0
  1869                           
  1870     0070                     ?_TMR0_ISR:	
  1871                           ; 1 bytes @ 0x0
  1872                           
  1873     0070                     ?_PIN_MANAGER_Initialize:	
  1874                           ; 1 bytes @ 0x0
  1875                           
  1876     0070                     ?_OSCILLATOR_Initialize:	
  1877                           ; 1 bytes @ 0x0
  1878                           
  1879     0070                     ?_WDT_Initialize:	
  1880                           ; 1 bytes @ 0x0
  1881                           
  1882     0070                     ?_TMR0_Initialize:	
  1883                           ; 1 bytes @ 0x0
  1884                           
  1885     0070                     ?_TMR0_DefaultInterruptHandler:	
  1886                           ; 1 bytes @ 0x0
  1887                           
  1888     0070                     ?_software_Initialize:	
  1889                           ; 1 bytes @ 0x0
  1890                           
  1891     0070                     ?_func_main:	
  1892                           ; 1 bytes @ 0x0
  1893                           
  1894     0070                     ?_LIN_Slave_Initialize:	
  1895                           ; 1 bytes @ 0x0
  1896                           
  1897     0070                     ?_LIN_queuePacket:	
  1898                           ; 1 bytes @ 0x0
  1899                           
  1900     0070                     ?_LIN_handler:	
  1901                           ; 1 bytes @ 0x0
  1902                           
  1903     0070                     ?_LIN_timerHandler:	
  1904                           ; 1 bytes @ 0x0
  1905                           
  1906     0070                     ?_EUSART1_Initialize:	
  1907                           ; 1 bytes @ 0x0
  1908                           
  1909     0070                     ?_EUSART1_is_tx_ready:	
  1910                           ; 1 bytes @ 0x0
  1911                           
  1912     0070                     ?_EUSART1_is_tx_done:	
  1913                           ; 1 bytes @ 0x0
  1914                           
  1915     0070                     ?_INTERRUPT_InterruptManager:	
  1916                           ; 1 bytes @ 0x0
  1917                           
  1918     0070                     ?_SYSTEM_Initialize:	
  1919                           ; 1 bytes @ 0x0
  1920                           
  1921     0070                     ?_PIN_MANAGER_IOC:	
  1922                           ; 1 bytes @ 0x0
  1923                           
  1924     0070                     ?_TMR0_StartTimer:	
  1925                           ; 1 bytes @ 0x0
  1926                           
  1927     0070                     ?_TMR0_StopTimer:	
  1928                           ; 1 bytes @ 0x0
  1929                           
  1930     0070                     ?_TMR0_ReadTimer:	
  1931                           ; 1 bytes @ 0x0
  1932                           
  1933     0070                     ?_TMR0_Reload:	
  1934                           ; 1 bytes @ 0x0
  1935                           
  1936     0070                     ?_HIBEAM_ON:	
  1937                           ; 1 bytes @ 0x0
  1938                           
  1939     0070                     ?_HIBEAM_OFF:	
  1940                           ; 1 bytes @ 0x0
  1941                           
  1942     0070                     ?_DRL_ON:	
  1943                           ; 1 bytes @ 0x0
  1944                           
  1945     0070                     ?_POS_ON:	
  1946                           ; 1 bytes @ 0x0
  1947                           
  1948     0070                     ?_DRL_POS_OFF:	
  1949                           ; 1 bytes @ 0x0
  1950                           
  1951     0070                     ?_Clear_No_Call_Warning:	
  1952                           ; 1 bytes @ 0x0
  1953                           
  1954     0070                     ?_memcpy:	
  1955                           ; 1 bytes @ 0x0
  1956                           
  1957     0070                     ?_memset:	
  1958                           ; 2 bytes @ 0x0
  1959                           
  1960     0070                     ?_main:	
  1961                           ; 2 bytes @ 0x0
  1962                           
  1963     0070                     LIN_getFromTable@param:	
  1964                           ; 2 bytes @ 0x0
  1965                           
  1966     0070                     LIN_getChecksum@pid:	
  1967                           ; 1 bytes @ 0x0
  1968                           
  1969     0070                     EUSART1_Read@readValue:	
  1970                           ; 1 bytes @ 0x0
  1971                           
  1972     0070                     TMR0_WriteTimer@timerVal:	
  1973                           ; 1 bytes @ 0x0
  1974                           
  1975     0070                     TMR0_Reload@periodVal:	
  1976                           ; 1 bytes @ 0x0
  1977                           
  1978     0070                     EUSART1_SetFramingErrorHandler@interruptHandler:	
  1979                           ; 1 bytes @ 0x0
  1980                           
  1981     0070                     EUSART1_SetOverrunErrorHandler@interruptHandler:	
  1982                           ; 2 bytes @ 0x0
  1983                           
  1984     0070                     EUSART1_SetErrorHandler@interruptHandler:	
  1985                           ; 2 bytes @ 0x0
  1986                           
  1987     0070                     EUSART1_SetTxInterruptHandler@interruptHandler:	
  1988                           ; 2 bytes @ 0x0
  1989                           
  1990     0070                     EUSART1_SetRxInterruptHandler@interruptHandler:	
  1991                           ; 2 bytes @ 0x0
  1992                           
  1993     0070                     TMR0_SetInterruptHandler@InterruptHandler:	
  1994                           ; 2 bytes @ 0x0
  1995                           
  1996     0070                     memcpy@d1:	
  1997                           ; 2 bytes @ 0x0
  1998                           
  1999     0070                     memset@dest:	
  2000                           ; 2 bytes @ 0x0
  2001                           
  2002     0070                     ??_func_F150:	
  2003                           ; 2 bytes @ 0x0
  2004                           
  2005     0070                     ??_LIN_stopTimer:	
  2006                           ; 1 bytes @ 0x0
  2007                           
  2008     0070                     ??_LIN_enableRx:	
  2009                           ; 1 bytes @ 0x0
  2010                           
  2011     0070                     ??_EUSART1_is_rx_ready:	
  2012                           ; 1 bytes @ 0x0
  2013                           
  2014     0070                     ??_EUSART1_Read:	
  2015                           ; 1 bytes @ 0x0
  2016                           
  2017     0070                     ??_LIN_disableRx:	
  2018                           ; 1 bytes @ 0x0
  2019                           
  2020     0070                     ??_LIN_calcParity:	
  2021                           ; 1 bytes @ 0x0
  2022                           
  2023     0070                     ??_TMR0_WriteTimer:	
  2024                           ; 1 bytes @ 0x0
  2025                           
  2026     0070                     ??_EUSART1_get_last_status:	
  2027                           ; 1 bytes @ 0x0
  2028                           
  2029     0070                     ??_EUSART1_Receive_ISR:	
  2030                           ; 1 bytes @ 0x0
  2031                           
  2032     0070                     ??_EUSART1_Transmit_ISR:	
  2033                           ; 1 bytes @ 0x0
  2034                           
  2035     0070                     ??_EUSART1_DefaultFramingErrorHandler:	
  2036                           ; 1 bytes @ 0x0
  2037                           
  2038     0070                     ??_EUSART1_DefaultOverrunErrorHandler:	
  2039                           ; 1 bytes @ 0x0
  2040                           
  2041     0070                     ??_EUSART1_DefaultErrorHandler:	
  2042                           ; 1 bytes @ 0x0
  2043                           
  2044     0070                     ??_EUSART1_RxDataHandler:	
  2045                           ; 1 bytes @ 0x0
  2046                           
  2047     0070                     ??_TMR0_ISR:	
  2048                           ; 1 bytes @ 0x0
  2049                           
  2050     0070                     ??_PIN_MANAGER_Initialize:	
  2051                           ; 1 bytes @ 0x0
  2052                           
  2053     0070                     ??_OSCILLATOR_Initialize:	
  2054                           ; 1 bytes @ 0x0
  2055                           
  2056     0070                     ??_WDT_Initialize:	
  2057                           ; 1 bytes @ 0x0
  2058                           
  2059     0070                     ??_TMR0_DefaultInterruptHandler:	
  2060                           ; 1 bytes @ 0x0
  2061                           
  2062     0070                     ??_func_main:	
  2063                           ; 1 bytes @ 0x0
  2064                           
  2065     0070                     ??_LIN_timerHandler:	
  2066                           ; 1 bytes @ 0x0
  2067                           
  2068     0070                     ??_EUSART1_is_tx_ready:	
  2069                           ; 1 bytes @ 0x0
  2070                           
  2071     0070                     ??_EUSART1_is_tx_done:	
  2072                           ; 1 bytes @ 0x0
  2073                           
  2074     0070                     ??_INTERRUPT_InterruptManager:	
  2075                           ; 1 bytes @ 0x0
  2076                           
  2077     0070                     ??_PIN_MANAGER_IOC:	
  2078                           ; 1 bytes @ 0x0
  2079                           
  2080     0070                     ??_TMR0_StartTimer:	
  2081                           ; 1 bytes @ 0x0
  2082                           
  2083     0070                     ??_TMR0_StopTimer:	
  2084                           ; 1 bytes @ 0x0
  2085                           
  2086     0070                     ??_TMR0_ReadTimer:	
  2087                           ; 1 bytes @ 0x0
  2088                           
  2089     0070                     ??_TMR0_Reload:	
  2090                           ; 1 bytes @ 0x0
  2091                           
  2092     0070                     ??_HIBEAM_ON:	
  2093                           ; 1 bytes @ 0x0
  2094                           
  2095     0070                     ??_HIBEAM_OFF:	
  2096                           ; 1 bytes @ 0x0
  2097                           
  2098     0070                     ??_DRL_ON:	
  2099                           ; 1 bytes @ 0x0
  2100                           
  2101     0070                     ??_POS_ON:	
  2102                           ; 1 bytes @ 0x0
  2103                           
  2104     0070                     ??_DRL_POS_OFF:	
  2105                           ; 1 bytes @ 0x0
  2106                           
  2107                           
  2108                           ; 1 bytes @ 0x0
  2109     0070                     	ds	1
  2110     0071                     LIN_calcParity@CMD:
  2111     0071                     LIN_startTimer@timeout:	
  2112                           ; 1 bytes @ 0x1
  2113                           
  2114     0071                     LIN_getChecksum@data:	
  2115                           ; 1 bytes @ 0x1
  2116                           
  2117     0071                     ??_LIN_startTimer:	
  2118                           ; 2 bytes @ 0x1
  2119                           
  2120     0071                     ??_LIN_breakCheck:	
  2121                           ; 1 bytes @ 0x1
  2122                           
  2123     0071                     ??_LIN_getFromTable:	
  2124                           ; 1 bytes @ 0x1
  2125                           
  2126     0071                     ??_software_Initialize:	
  2127                           ; 1 bytes @ 0x1
  2128                           
  2129     0071                     ??_Clear_No_Call_Warning:	
  2130                           ; 1 bytes @ 0x1
  2131                           
  2132                           
  2133                           ; 1 bytes @ 0x1
  2134     0071                     	ds	1
  2135     0072                     ?_LIN_init:
  2136     0072                     LIN_calcParity@PID:	
  2137                           ; 1 bytes @ 0x2
  2138                           
  2139     0072                     LIN_init@command:	
  2140                           ; 1 bytes @ 0x2
  2141                           
  2142     0072                     memcpy@s1:	
  2143                           ; 2 bytes @ 0x2
  2144                           
  2145     0072                     memset@c:	
  2146                           ; 2 bytes @ 0x2
  2147                           
  2148     0072                     ??_LIN_setTimerHandler:	
  2149                           ; 2 bytes @ 0x2
  2150                           
  2151     0072                     ??_TMR0_SetInterruptHandler:	
  2152                           ; 1 bytes @ 0x2
  2153                           
  2154     0072                     ??_EUSART1_SetRxInterruptHandler:	
  2155                           ; 1 bytes @ 0x2
  2156                           
  2157     0072                     ??_EUSART1_SetTxInterruptHandler:	
  2158                           ; 1 bytes @ 0x2
  2159                           
  2160     0072                     ??_EUSART1_SetFramingErrorHandler:	
  2161                           ; 1 bytes @ 0x2
  2162                           
  2163     0072                     ??_EUSART1_SetOverrunErrorHandler:	
  2164                           ; 1 bytes @ 0x2
  2165                           
  2166     0072                     ??_EUSART1_SetErrorHandler:	
  2167                           ; 1 bytes @ 0x2
  2168                           
  2169     0072                     ??_TMR0_Initialize:	
  2170                           ; 1 bytes @ 0x2
  2171                           
  2172     0072                     ??_EUSART1_Initialize:	
  2173                           ; 1 bytes @ 0x2
  2174                           
  2175                           
  2176                           ; 1 bytes @ 0x2
  2177     0072                     	ds	1
  2178     0073                     LIN_getFromTable@cmd:
  2179     0073                     ??_LIN_getChecksum:	
  2180                           ; 1 bytes @ 0x3
  2181                           
  2182                           
  2183                           ; 1 bytes @ 0x3
  2184     0073                     	ds	1
  2185     0074                     LIN_getFromTable@length:
  2186     0074                     LIN_init@processData:	
  2187                           ; 1 bytes @ 0x4
  2188                           
  2189     0074                     memcpy@n:	
  2190                           ; 2 bytes @ 0x4
  2191                           
  2192     0074                     memset@n:	
  2193                           ; 2 bytes @ 0x4
  2194                           
  2195                           
  2196                           ; 2 bytes @ 0x4
  2197     0074                     	ds	1
  2198     0075                     LIN_getChecksum@length:
  2199     0075                     LIN_getFromTable@rxCommand:	
  2200                           ; 1 bytes @ 0x5
  2201                           
  2202                           
  2203                           ; 2 bytes @ 0x5
  2204     0075                     	ds	1
  2205     0076                     LIN_init@tableLength:
  2206     0076                     LIN_getChecksum@i:	
  2207                           ; 1 bytes @ 0x6
  2208                           
  2209     0076                     memcpy@tmp:	
  2210                           ; 1 bytes @ 0x6
  2211                           
  2212     0076                     memset@p:	
  2213                           ; 1 bytes @ 0x6
  2214                           
  2215     0076                     ??_LIN_init:	
  2216                           ; 1 bytes @ 0x6
  2217                           
  2218     0076                     ??_memcpy:	
  2219                           ; 1 bytes @ 0x6
  2220                           
  2221     0076                     ??_memset:	
  2222                           ; 1 bytes @ 0x6
  2223                           
  2224                           
  2225                           ; 1 bytes @ 0x6
  2226     0076                     	ds	1
  2227     0077                     LIN_checkPID@pid:
  2228     0077                     memcpy@d:	
  2229                           ; 1 bytes @ 0x7
  2230                           
  2231     0077                     LIN_getChecksum@checksum:	
  2232                           ; 1 bytes @ 0x7
  2233                           
  2234     0077                     ??_LIN_checkPID:	
  2235                           ; 2 bytes @ 0x7
  2236                           
  2237     0077                     ??_LIN_Slave_Initialize:	
  2238                           ; 1 bytes @ 0x7
  2239                           
  2240     0077                     ??_SYSTEM_Initialize:	
  2241                           ; 1 bytes @ 0x7
  2242                           
  2243                           
  2244                           ; 1 bytes @ 0x7
  2245     0077                     	ds	1
  2246     0078                     memcpy@s:
  2247                           
  2248                           ; 1 bytes @ 0x8
  2249     0078                     	ds	1
  2250     0079                     ?_LIN_getPacket:
  2251     0079                     LIN_getPacket@data:	
  2252                           ; 1 bytes @ 0x9
  2253                           
  2254     0079                     EUSART1_Write@txData:	
  2255                           ; 1 bytes @ 0x9
  2256                           
  2257     0079                     ??_EUSART1_Write:	
  2258                           ; 1 bytes @ 0x9
  2259                           
  2260                           
  2261                           ; 1 bytes @ 0x9
  2262     0079                     	ds	1
  2263     007A                     ?_LIN_sendPacket:
  2264     007A                     LIN_sendPacket@pid:	
  2265                           ; 1 bytes @ 0xA
  2266                           
  2267     007A                     LIN_getPacket@cmd:	
  2268                           ; 1 bytes @ 0xA
  2269                           
  2270     007A                     ??_LIN_getPacket:	
  2271                           ; 1 bytes @ 0xA
  2272                           
  2273                           
  2274                           ; 1 bytes @ 0xA
  2275     007A                     	ds	1
  2276     007B                     processLIN@cmd:
  2277     007B                     LIN_sendPacket@data:	
  2278                           ; 1 bytes @ 0xB
  2279                           
  2280     007B                     ??_processLIN:	
  2281                           ; 2 bytes @ 0xB
  2282                           
  2283                           
  2284                           ; 1 bytes @ 0xB
  2285     007B                     	ds	2
  2286     007D                     ??_LIN_sendPacket:
  2287     007D                     ??_main:	
  2288                           ; 1 bytes @ 0xD
  2289                           
  2290                           
  2291                           	psect	cstackBANK0
  2292     0067                     __pcstackBANK0:	
  2293                           ; 1 bytes @ 0xD
  2294                           
  2295     0067                     LIN_sendPacket@length:
  2296                           
  2297                           ; 1 bytes @ 0x0
  2298     0067                     	ds	1
  2299     0068                     LIN_sendPacket@i:
  2300                           
  2301                           ; 1 bytes @ 0x1
  2302     0068                     	ds	1
  2303     0069                     ??_LIN_queuePacket:
  2304                           
  2305                           ; 1 bytes @ 0x2
  2306     0069                     	ds	3
  2307                           
  2308                           	psect	maintext
  2309     0546                     __pmaintext:	
  2310 ;;
  2311 ;;Main: autosize = 0, tempsize = 0, incstack = 0, save=0
  2312 ;;
  2313 ;; *************** function _main *****************
  2314 ;; Defined at:
  2315 ;;		line 51 in file "main.c"
  2316 ;; Parameters:    Size  Location     Type
  2317 ;;		None
  2318 ;; Auto vars:     Size  Location     Type
  2319 ;;		None
  2320 ;; Return value:  Size  Location     Type
  2321 ;;                  2  491[None  ] int 
  2322 ;; Registers used:
  2323 ;;		wreg, fsr0l, fsr0h, fsr1l, fsr1h, status,2, status,0, pclath, cstack
  2324 ;; Tracked objects:
  2325 ;;		On entry : B3F/0
  2326 ;;		On exit  : 0/0
  2327 ;;		Unchanged: 0/0
  2328 ;; Data sizes:     COMMON   BANK0   BANK1   BANK2
  2329 ;;      Params:         0       0       0       0
  2330 ;;      Locals:         0       0       0       0
  2331 ;;      Temps:          0       0       0       0
  2332 ;;      Totals:         0       0       0       0
  2333 ;;Total ram usage:        0 bytes
  2334 ;; Hardware stack levels required when called: 9
  2335 ;; This function calls:
  2336 ;;		_LIN_handler
  2337 ;;		_SYSTEM_Initialize
  2338 ;;		_func_main
  2339 ;;		_software_Initialize
  2340 ;; This function is called by:
  2341 ;;		Startup code after reset
  2342 ;; This function uses a non-reentrant model
  2343 ;;
  2344                           
  2345     0546                     _main:	
  2346                           ;psect for function _main
  2347                           
  2348     0546                     l2608:	
  2349                           ;incstack = 0
  2350                           ; Regs used in _main: [wreg-fsr1h+status,2+status,0+pclath+cstack]
  2351                           
  2352                           
  2353                           ;main.c: 53:   SYSTEM_Initialize();
  2354     0546  3185  2520  3185   	fcall	_SYSTEM_Initialize
  2355     0549                     l2610:
  2356                           
  2357                           ;main.c: 54:   software_Initialize();
  2358     0549  3186  2606  3185   	fcall	_software_Initialize
  2359     054C                     l2612:
  2360                           
  2361                           ;main.c: 60:   (INTCONbits.GIE = 1);
  2362     054C  178B               	bsf	11,7	;volatile
  2363     054D                     l2614:
  2364                           
  2365                           ;main.c: 63:   (INTCONbits.PEIE = 1);
  2366     054D  170B               	bsf	11,6	;volatile
  2367     054E                     l2616:
  2368                           
  2369                           ;main.c: 67:     LIN_handler();
  2370     054E  3180  2053  3185   	fcall	_LIN_handler
  2371     0551                     l2618:
  2372                           
  2373                           ;main.c: 68:     func_main();
  2374     0551  3186  263F  3185   	fcall	_func_main
  2375     0554  2D4E               	goto	l2616
  2376     0555  283A               	ljmp	start
  2377     0556                     __end_of_main:
  2378                           
  2379                           	psect	text1
  2380     0606                     __ptext1:	
  2381 ;; *************** function _software_Initialize *****************
  2382 ;; Defined at:
  2383 ;;		line 40 in file "func_main.c"
  2384 ;; Parameters:    Size  Location     Type
  2385 ;;		None
  2386 ;; Auto vars:     Size  Location     Type
  2387 ;;		None
  2388 ;; Return value:  Size  Location     Type
  2389 ;;                  1    wreg      void 
  2390 ;; Registers used:
  2391 ;;		status,2, status,0, pclath, cstack
  2392 ;; Tracked objects:
  2393 ;;		On entry : 0/0
  2394 ;;		On exit  : 0/0
  2395 ;;		Unchanged: 0/0
  2396 ;; Data sizes:     COMMON   BANK0   BANK1   BANK2
  2397 ;;      Params:         0       0       0       0
  2398 ;;      Locals:         0       0       0       0
  2399 ;;      Temps:          0       0       0       0
  2400 ;;      Totals:         0       0       0       0
  2401 ;;Total ram usage:        0 bytes
  2402 ;; Hardware stack levels used: 1
  2403 ;; Hardware stack levels required when called: 6
  2404 ;; This function calls:
  2405 ;;		_Clear_No_Call_Warning
  2406 ;; This function is called by:
  2407 ;;		_main
  2408 ;; This function uses a non-reentrant model
  2409 ;;
  2410                           
  2411     0606                     _software_Initialize:	
  2412                           ;psect for function _software_Initialize
  2413                           
  2414     0606                     l2312:	
  2415                           ;incstack = 0
  2416                           ; Regs used in _software_Initialize: [status,2+status,0+pclath+cstack]
  2417                           
  2418                           
  2419                           ;func_main.c: 41:   Clear_No_Call_Warning();
  2420     0606  3186  263C  3186   	fcall	_Clear_No_Call_Warning
  2421     0609                     l591:
  2422     0609  0008               	return
  2423     060A                     __end_of_software_Initialize:
  2424                           
  2425                           	psect	text2
  2426     063C                     __ptext2:	
  2427 ;; *************** function _Clear_No_Call_Warning *****************
  2428 ;; Defined at:
  2429 ;;		line 18 in file "func_main.c"
  2430 ;; Parameters:    Size  Location     Type
  2431 ;;		None
  2432 ;; Auto vars:     Size  Location     Type
  2433 ;;  i               1    0        unsigned char 
  2434 ;; Return value:  Size  Location     Type
  2435 ;;                  1    wreg      void 
  2436 ;; Registers used:
  2437 ;;		status,2
  2438 ;; Tracked objects:
  2439 ;;		On entry : 0/0
  2440 ;;		On exit  : 0/0
  2441 ;;		Unchanged: 0/0
  2442 ;; Data sizes:     COMMON   BANK0   BANK1   BANK2
  2443 ;;      Params:         0       0       0       0
  2444 ;;      Locals:         0       0       0       0
  2445 ;;      Temps:          0       0       0       0
  2446 ;;      Totals:         0       0       0       0
  2447 ;;Total ram usage:        0 bytes
  2448 ;; Hardware stack levels used: 1
  2449 ;; Hardware stack levels required when called: 5
  2450 ;; This function calls:
  2451 ;;		_EUSART1_is_tx_done
  2452 ;;		_EUSART1_is_tx_ready
  2453 ;;		_PIN_MANAGER_IOC
  2454 ;;		_TMR0_ReadTimer
  2455 ;;		_TMR0_Reload
  2456 ;;		_TMR0_StartTimer
  2457 ;;		_TMR0_StopTimer
  2458 ;;		_TMR0_WriteTimer
  2459 ;; This function is called by:
  2460 ;;		_software_Initialize
  2461 ;; This function uses a non-reentrant model
  2462 ;;
  2463                           
  2464     063C                     _Clear_No_Call_Warning:	
  2465                           ;psect for function _Clear_No_Call_Warning
  2466                           
  2467     063C                     l2138:	
  2468                           ;incstack = 0
  2469                           ; Regs used in _Clear_No_Call_Warning: [status,2]
  2470                           
  2471     063C                     l588:
  2472     063C  0008               	return
  2473     063D                     __end_of_Clear_No_Call_Warning:
  2474                           
  2475                           	psect	text3
  2476     0626                     __ptext3:	
  2477 ;; *************** function _TMR0_StopTimer *****************
  2478 ;; Defined at:
  2479 ;;		line 93 in file "mcc_generated_files/tmr0.c"
  2480 ;; Parameters:    Size  Location     Type
  2481 ;;		None
  2482 ;; Auto vars:     Size  Location     Type
  2483 ;;		None
  2484 ;; Return value:  Size  Location     Type
  2485 ;;                  1    wreg      void 
  2486 ;; Registers used:
  2487 ;;		None
  2488 ;; Tracked objects:
  2489 ;;		On entry : 0/0
  2490 ;;		On exit  : 0/0
  2491 ;;		Unchanged: 0/0
  2492 ;; Data sizes:     COMMON   BANK0   BANK1   BANK2
  2493 ;;      Params:         0       0       0       0
  2494 ;;      Locals:         0       0       0       0
  2495 ;;      Temps:          0       0       0       0
  2496 ;;      Totals:         0       0       0       0
  2497 ;;Total ram usage:        0 bytes
  2498 ;; Hardware stack levels used: 1
  2499 ;; Hardware stack levels required when called: 4
  2500 ;; This function calls:
  2501 ;;		Nothing
  2502 ;; This function is called by:
  2503 ;;		_Clear_No_Call_Warning
  2504 ;; This function uses a non-reentrant model
  2505 ;;
  2506                           
  2507     0626                     _TMR0_StopTimer:	
  2508                           ;psect for function _TMR0_StopTimer
  2509                           
  2510     0626                     l1346:	
  2511                           ;incstack = 0
  2512                           ; Regs used in _TMR0_StopTimer: []
  2513                           
  2514                           
  2515                           ;mcc_generated_files/tmr0.c: 96:     T0CON0bits.T0EN = 0;
  2516     0626  014B               	movlb	11	; select bank11
  2517     0627  139E               	bcf	30,7	;volatile
  2518     0628                     l454:
  2519     0628  0008               	return
  2520     0629                     __end_of_TMR0_StopTimer:
  2521                           
  2522                           	psect	text4
  2523     0629                     __ptext4:	
  2524 ;; *************** function _TMR0_StartTimer *****************
  2525 ;; Defined at:
  2526 ;;		line 87 in file "mcc_generated_files/tmr0.c"
  2527 ;; Parameters:    Size  Location     Type
  2528 ;;		None
  2529 ;; Auto vars:     Size  Location     Type
  2530 ;;		None
  2531 ;; Return value:  Size  Location     Type
  2532 ;;                  1    wreg      void 
  2533 ;; Registers used:
  2534 ;;		None
  2535 ;; Tracked objects:
  2536 ;;		On entry : 0/0
  2537 ;;		On exit  : 0/0
  2538 ;;		Unchanged: 0/0
  2539 ;; Data sizes:     COMMON   BANK0   BANK1   BANK2
  2540 ;;      Params:         0       0       0       0
  2541 ;;      Locals:         0       0       0       0
  2542 ;;      Temps:          0       0       0       0
  2543 ;;      Totals:         0       0       0       0
  2544 ;;Total ram usage:        0 bytes
  2545 ;; Hardware stack levels used: 1
  2546 ;; Hardware stack levels required when called: 4
  2547 ;; This function calls:
  2548 ;;		Nothing
  2549 ;; This function is called by:
  2550 ;;		_Clear_No_Call_Warning
  2551 ;; This function uses a non-reentrant model
  2552 ;;
  2553                           
  2554     0629                     _TMR0_StartTimer:	
  2555                           ;psect for function _TMR0_StartTimer
  2556                           
  2557     0629                     l1344:	
  2558                           ;incstack = 0
  2559                           ; Regs used in _TMR0_StartTimer: []
  2560                           
  2561                           
  2562                           ;mcc_generated_files/tmr0.c: 90:     T0CON0bits.T0EN = 1;
  2563     0629  014B               	movlb	11	; select bank11
  2564     062A  179E               	bsf	30,7	;volatile
  2565     062B                     l451:
  2566     062B  0008               	return
  2567     062C                     __end_of_TMR0_StartTimer:
  2568                           
  2569                           	psect	text5
  2570     05F2                     __ptext5:	
  2571 ;; *************** function _TMR0_Reload *****************
  2572 ;; Defined at:
  2573 ;;		line 115 in file "mcc_generated_files/tmr0.c"
  2574 ;; Parameters:    Size  Location     Type
  2575 ;;  periodVal       1    wreg     unsigned char 
  2576 ;; Auto vars:     Size  Location     Type
  2577 ;;  periodVal       1    0[COMMON] unsigned char 
  2578 ;; Return value:  Size  Location     Type
  2579 ;;                  1    wreg      void 
  2580 ;; Registers used:
  2581 ;;		wreg
  2582 ;; Tracked objects:
  2583 ;;		On entry : 0/0
  2584 ;;		On exit  : 0/0
  2585 ;;		Unchanged: 0/0
  2586 ;; Data sizes:     COMMON   BANK0   BANK1   BANK2
  2587 ;;      Params:         0       0       0       0
  2588 ;;      Locals:         1       0       0       0
  2589 ;;      Temps:          0       0       0       0
  2590 ;;      Totals:         1       0       0       0
  2591 ;;Total ram usage:        1 bytes
  2592 ;; Hardware stack levels used: 1
  2593 ;; Hardware stack levels required when called: 4
  2594 ;; This function calls:
  2595 ;;		Nothing
  2596 ;; This function is called by:
  2597 ;;		_Clear_No_Call_Warning
  2598 ;; This function uses a non-reentrant model
  2599 ;;
  2600                           
  2601     05F2                     _TMR0_Reload:	
  2602                           ;psect for function _TMR0_Reload
  2603                           
  2604                           
  2605                           ;incstack = 0
  2606                           ; Regs used in _TMR0_Reload: [wreg]
  2607                           ;TMR0_Reload@periodVal stored from wreg
  2608     05F2  00F0               	movwf	TMR0_Reload@periodVal
  2609     05F3                     l1352:
  2610                           
  2611                           ;mcc_generated_files/tmr0.c: 115: void TMR0_Reload(uint8_t periodVal);mcc_generated_file
      +                          s/tmr0.c: 116: {;mcc_generated_files/tmr0.c: 118:    TMR0H = periodVal;
  2612     05F3  0870               	movf	TMR0_Reload@periodVal,w
  2613     05F4  014B               	movlb	11	; select bank11
  2614     05F5  009D               	movwf	29	;volatile
  2615     05F6                     l463:
  2616     05F6  0008               	return
  2617     05F7                     __end_of_TMR0_Reload:
  2618                           
  2619                           	psect	text6
  2620     062C                     __ptext6:	
  2621 ;; *************** function _TMR0_ReadTimer *****************
  2622 ;; Defined at:
  2623 ;;		line 99 in file "mcc_generated_files/tmr0.c"
  2624 ;; Parameters:    Size  Location     Type
  2625 ;;		None
  2626 ;; Auto vars:     Size  Location     Type
  2627 ;;  readVal         1    0        unsigned char 
  2628 ;; Return value:  Size  Location     Type
  2629 ;;                  1    wreg      unsigned char 
  2630 ;; Registers used:
  2631 ;;		wreg
  2632 ;; Tracked objects:
  2633 ;;		On entry : 0/0
  2634 ;;		On exit  : 0/0
  2635 ;;		Unchanged: 0/0
  2636 ;; Data sizes:     COMMON   BANK0   BANK1   BANK2
  2637 ;;      Params:         0       0       0       0
  2638 ;;      Locals:         0       0       0       0
  2639 ;;      Temps:          0       0       0       0
  2640 ;;      Totals:         0       0       0       0
  2641 ;;Total ram usage:        0 bytes
  2642 ;; Hardware stack levels used: 1
  2643 ;; Hardware stack levels required when called: 4
  2644 ;; This function calls:
  2645 ;;		Nothing
  2646 ;; This function is called by:
  2647 ;;		_Clear_No_Call_Warning
  2648 ;; This function uses a non-reentrant model
  2649 ;;
  2650                           
  2651     062C                     _TMR0_ReadTimer:	
  2652                           ;psect for function _TMR0_ReadTimer
  2653                           
  2654     062C                     l1348:	
  2655                           ;incstack = 0
  2656                           ; Regs used in _TMR0_ReadTimer: [wreg]
  2657                           
  2658     062C  014B               	movlb	11	; select bank11
  2659     062D  081C               	movf	28,w	;volatile
  2660     062E                     l457:
  2661     062E  0008               	return
  2662     062F                     __end_of_TMR0_ReadTimer:
  2663                           
  2664                           	psect	text7
  2665     063D                     __ptext7:	
  2666 ;; *************** function _PIN_MANAGER_IOC *****************
  2667 ;; Defined at:
  2668 ;;		line 102 in file "mcc_generated_files/pin_manager.c"
  2669 ;; Parameters:    Size  Location     Type
  2670 ;;		None
  2671 ;; Auto vars:     Size  Location     Type
  2672 ;;		None
  2673 ;; Return value:  Size  Location     Type
  2674 ;;                  1    wreg      void 
  2675 ;; Registers used:
  2676 ;;		None
  2677 ;; Tracked objects:
  2678 ;;		On entry : 0/0
  2679 ;;		On exit  : 0/0
  2680 ;;		Unchanged: 0/0
  2681 ;; Data sizes:     COMMON   BANK0   BANK1   BANK2
  2682 ;;      Params:         0       0       0       0
  2683 ;;      Locals:         0       0       0       0
  2684 ;;      Temps:          0       0       0       0
  2685 ;;      Totals:         0       0       0       0
  2686 ;;Total ram usage:        0 bytes
  2687 ;; Hardware stack levels used: 1
  2688 ;; Hardware stack levels required when called: 4
  2689 ;; This function calls:
  2690 ;;		Nothing
  2691 ;; This function is called by:
  2692 ;;		_Clear_No_Call_Warning
  2693 ;; This function uses a non-reentrant model
  2694 ;;
  2695                           
  2696     063D                     _PIN_MANAGER_IOC:	
  2697                           ;psect for function _PIN_MANAGER_IOC
  2698                           
  2699     063D                     l425:	
  2700                           ;incstack = 0
  2701                           ; Regs used in _PIN_MANAGER_IOC: []
  2702                           
  2703     063D  0008               	return
  2704     063E                     __end_of_PIN_MANAGER_IOC:
  2705                           
  2706                           	psect	text8
  2707     063E                     __ptext8:	
  2708 ;; *************** function _EUSART1_is_tx_ready *****************
  2709 ;; Defined at:
  2710 ;;		line 132 in file "mcc_generated_files/eusart1.c"
  2711 ;; Parameters:    Size  Location     Type
  2712 ;;		None
  2713 ;; Auto vars:     Size  Location     Type
  2714 ;;		None
  2715 ;; Return value:  Size  Location     Type
  2716 ;;                  1    wreg      _Bool 
  2717 ;; Registers used:
  2718 ;;		None
  2719 ;; Tracked objects:
  2720 ;;		On entry : 0/0
  2721 ;;		On exit  : 0/0
  2722 ;;		Unchanged: 0/0
  2723 ;; Data sizes:     COMMON   BANK0   BANK1   BANK2
  2724 ;;      Params:         0       0       0       0
  2725 ;;      Locals:         0       0       0       0
  2726 ;;      Temps:          0       0       0       0
  2727 ;;      Totals:         0       0       0       0
  2728 ;;Total ram usage:        0 bytes
  2729 ;; Hardware stack levels used: 1
  2730 ;; Hardware stack levels required when called: 4
  2731 ;; This function calls:
  2732 ;;		Nothing
  2733 ;; This function is called by:
  2734 ;;		_Clear_No_Call_Warning
  2735 ;; This function uses a non-reentrant model
  2736 ;;
  2737                           
  2738     063E                     _EUSART1_is_tx_ready:	
  2739                           ;psect for function _EUSART1_is_tx_ready
  2740                           
  2741     063E                     l1996:	
  2742                           ;incstack = 0
  2743                           ; Regs used in _EUSART1_is_tx_ready: []
  2744                           
  2745     063E                     l271:	
  2746                           ;mcc_generated_files/eusart1.c: 134:     return (eusart1TxBufferRemaining ? 1 : 0);;	Ret
      +                          urn value of _EUSART1_is_tx_ready is never used
  2747                           
  2748     063E  0008               	return
  2749     063F                     __end_of_EUSART1_is_tx_ready:
  2750                           
  2751                           	psect	text9
  2752     062F                     __ptext9:	
  2753 ;; *************** function _EUSART1_is_tx_done *****************
  2754 ;; Defined at:
  2755 ;;		line 142 in file "mcc_generated_files/eusart1.c"
  2756 ;; Parameters:    Size  Location     Type
  2757 ;;		None
  2758 ;; Auto vars:     Size  Location     Type
  2759 ;;		None
  2760 ;; Return value:  Size  Location     Type
  2761 ;;                  1    wreg      _Bool 
  2762 ;; Registers used:
  2763 ;;		wreg
  2764 ;; Tracked objects:
  2765 ;;		On entry : 0/0
  2766 ;;		On exit  : 0/0
  2767 ;;		Unchanged: 0/0
  2768 ;; Data sizes:     COMMON   BANK0   BANK1   BANK2
  2769 ;;      Params:         0       0       0       0
  2770 ;;      Locals:         0       0       0       0
  2771 ;;      Temps:          0       0       0       0
  2772 ;;      Totals:         0       0       0       0
  2773 ;;Total ram usage:        0 bytes
  2774 ;; Hardware stack levels used: 1
  2775 ;; Hardware stack levels required when called: 4
  2776 ;; This function calls:
  2777 ;;		Nothing
  2778 ;; This function is called by:
  2779 ;;		_Clear_No_Call_Warning
  2780 ;; This function uses a non-reentrant model
  2781 ;;
  2782                           
  2783     062F                     _EUSART1_is_tx_done:	
  2784                           ;psect for function _EUSART1_is_tx_done
  2785                           
  2786     062F                     l1330:	
  2787                           ;incstack = 0
  2788                           ; Regs used in _EUSART1_is_tx_done: [wreg]
  2789                           
  2790                           
  2791                           ;mcc_generated_files/eusart1.c: 144:     return TX1STAbits.TRMT;;	Return value of _EUSAR
      +                          T1_is_tx_done is never used
  2792     062F  0142               	movlb	2	; select bank2
  2793     0630  081E               	movf	30,w	;volatile
  2794     0631                     l277:
  2795     0631  0008               	return
  2796     0632                     __end_of_EUSART1_is_tx_done:
  2797                           
  2798                           	psect	text10
  2799     063F                     __ptext10:	
  2800 ;; *************** function _func_main *****************
  2801 ;; Defined at:
  2802 ;;		line 44 in file "func_main.c"
  2803 ;; Parameters:    Size  Location     Type
  2804 ;;		None
  2805 ;; Auto vars:     Size  Location     Type
  2806 ;;		None
  2807 ;; Return value:  Size  Location     Type
  2808 ;;                  1    wreg      void 
  2809 ;; Registers used:
  2810 ;;		None
  2811 ;; Tracked objects:
  2812 ;;		On entry : 0/0
  2813 ;;		On exit  : 0/0
  2814 ;;		Unchanged: 0/0
  2815 ;; Data sizes:     COMMON   BANK0   BANK1   BANK2
  2816 ;;      Params:         0       0       0       0
  2817 ;;      Locals:         0       0       0       0
  2818 ;;      Temps:          0       0       0       0
  2819 ;;      Totals:         0       0       0       0
  2820 ;;Total ram usage:        0 bytes
  2821 ;; Hardware stack levels used: 1
  2822 ;; Hardware stack levels required when called: 4
  2823 ;; This function calls:
  2824 ;;		Nothing
  2825 ;; This function is called by:
  2826 ;;		_main
  2827 ;; This function uses a non-reentrant model
  2828 ;;
  2829                           
  2830     063F                     _func_main:	
  2831                           ;psect for function _func_main
  2832                           
  2833     063F                     l594:	
  2834                           ;incstack = 0
  2835                           ; Regs used in _func_main: []
  2836                           
  2837     063F  0008               	return
  2838     0640                     __end_of_func_main:
  2839                           
  2840                           	psect	text11
  2841     0520                     __ptext11:	
  2842 ;; *************** function _SYSTEM_Initialize *****************
  2843 ;; Defined at:
  2844 ;;		line 50 in file "mcc_generated_files/mcc.c"
  2845 ;; Parameters:    Size  Location     Type
  2846 ;;		None
  2847 ;; Auto vars:     Size  Location     Type
  2848 ;;		None
  2849 ;; Return value:  Size  Location     Type
  2850 ;;                  1    wreg      void 
  2851 ;; Registers used:
  2852 ;;		wreg, status,2, status,0, pclath, cstack
  2853 ;; Tracked objects:
  2854 ;;		On entry : 0/0
  2855 ;;		On exit  : 0/0
  2856 ;;		Unchanged: 0/0
  2857 ;; Data sizes:     COMMON   BANK0   BANK1   BANK2
  2858 ;;      Params:         0       0       0       0
  2859 ;;      Locals:         0       0       0       0
  2860 ;;      Temps:          0       0       0       0
  2861 ;;      Totals:         0       0       0       0
  2862 ;;Total ram usage:        0 bytes
  2863 ;; Hardware stack levels used: 1
  2864 ;; Hardware stack levels required when called: 8
  2865 ;; This function calls:
  2866 ;;		_EUSART1_Initialize
  2867 ;;		_LIN_Slave_Initialize
  2868 ;;		_OSCILLATOR_Initialize
  2869 ;;		_PIN_MANAGER_Initialize
  2870 ;;		_TMR0_Initialize
  2871 ;;		_WDT_Initialize
  2872 ;; This function is called by:
  2873 ;;		_main
  2874 ;; This function uses a non-reentrant model
  2875 ;;
  2876                           
  2877     0520                     _SYSTEM_Initialize:	
  2878                           ;psect for function _SYSTEM_Initialize
  2879                           
  2880     0520                     l2600:	
  2881                           ;incstack = 0
  2882                           ; Regs used in _SYSTEM_Initialize: [wreg+status,2+status,0+pclath+cstack]
  2883                           
  2884                           
  2885                           ;mcc_generated_files/mcc.c: 53:     PIN_MANAGER_Initialize();
  2886     0520  3185  2556  3185   	fcall	_PIN_MANAGER_Initialize
  2887                           
  2888                           ;mcc_generated_files/mcc.c: 54:     OSCILLATOR_Initialize();
  2889     0523  3185  25C3  3185   	fcall	_OSCILLATOR_Initialize
  2890                           
  2891                           ;mcc_generated_files/mcc.c: 55:     WDT_Initialize();
  2892     0526  3186  260A  3185   	fcall	_WDT_Initialize
  2893     0529                     l2602:
  2894                           
  2895                           ;mcc_generated_files/mcc.c: 56:     TMR0_Initialize();
  2896     0529  3184  24F8  3185   	fcall	_TMR0_Initialize
  2897     052C                     l2604:
  2898                           
  2899                           ;mcc_generated_files/mcc.c: 57:     EUSART1_Initialize();
  2900     052C  3183  2339  3185   	fcall	_EUSART1_Initialize
  2901     052F                     l2606:
  2902                           
  2903                           ;mcc_generated_files/mcc.c: 58:     LIN_Slave_Initialize();
  2904     052F  3185  2593  3185   	fcall	_LIN_Slave_Initialize
  2905     0532                     l397:
  2906     0532  0008               	return
  2907     0533                     __end_of_SYSTEM_Initialize:
  2908                           
  2909                           	psect	text12
  2910     060A                     __ptext12:	
  2911 ;; *************** function _WDT_Initialize *****************
  2912 ;; Defined at:
  2913 ;;		line 71 in file "mcc_generated_files/mcc.c"
  2914 ;; Parameters:    Size  Location     Type
  2915 ;;		None
  2916 ;; Auto vars:     Size  Location     Type
  2917 ;;		None
  2918 ;; Return value:  Size  Location     Type
  2919 ;;                  1    wreg      void 
  2920 ;; Registers used:
  2921 ;;		None
  2922 ;; Tracked objects:
  2923 ;;		On entry : 0/0
  2924 ;;		On exit  : 0/0
  2925 ;;		Unchanged: 0/0
  2926 ;; Data sizes:     COMMON   BANK0   BANK1   BANK2
  2927 ;;      Params:         0       0       0       0
  2928 ;;      Locals:         0       0       0       0
  2929 ;;      Temps:          0       0       0       0
  2930 ;;      Totals:         0       0       0       0
  2931 ;;Total ram usage:        0 bytes
  2932 ;; Hardware stack levels used: 1
  2933 ;; Hardware stack levels required when called: 4
  2934 ;; This function calls:
  2935 ;;		Nothing
  2936 ;; This function is called by:
  2937 ;;		_SYSTEM_Initialize
  2938 ;; This function uses a non-reentrant model
  2939 ;;
  2940                           
  2941     060A                     _WDT_Initialize:	
  2942                           ;psect for function _WDT_Initialize
  2943                           
  2944     060A                     l1486:	
  2945                           ;incstack = 0
  2946                           ; Regs used in _WDT_Initialize: []
  2947                           
  2948                           
  2949                           ;mcc_generated_files/mcc.c: 74:     WDTCON = 0x16;
  2950     060A  3016               	movlw	22
  2951     060B  0150               	movlb	16	; select bank16
  2952     060C  008C               	movwf	12	;volatile
  2953     060D                     l403:
  2954     060D  0008               	return
  2955     060E                     __end_of_WDT_Initialize:
  2956                           
  2957                           	psect	text13
  2958     04F8                     __ptext13:	
  2959 ;; *************** function _TMR0_Initialize *****************
  2960 ;; Defined at:
  2961 ;;		line 61 in file "mcc_generated_files/tmr0.c"
  2962 ;; Parameters:    Size  Location     Type
  2963 ;;		None
  2964 ;; Auto vars:     Size  Location     Type
  2965 ;;		None
  2966 ;; Return value:  Size  Location     Type
  2967 ;;                  1    wreg      void 
  2968 ;; Registers used:
  2969 ;;		wreg, status,2, status,0, pclath, cstack
  2970 ;; Tracked objects:
  2971 ;;		On entry : 0/0
  2972 ;;		On exit  : 0/0
  2973 ;;		Unchanged: 0/0
  2974 ;; Data sizes:     COMMON   BANK0   BANK1   BANK2
  2975 ;;      Params:         0       0       0       0
  2976 ;;      Locals:         0       0       0       0
  2977 ;;      Temps:          0       0       0       0
  2978 ;;      Totals:         0       0       0       0
  2979 ;;Total ram usage:        0 bytes
  2980 ;; Hardware stack levels used: 1
  2981 ;; Hardware stack levels required when called: 5
  2982 ;; This function calls:
  2983 ;;		_TMR0_SetInterruptHandler
  2984 ;; This function is called by:
  2985 ;;		_SYSTEM_Initialize
  2986 ;; This function uses a non-reentrant model
  2987 ;;
  2988                           
  2989     04F8                     _TMR0_Initialize:	
  2990                           ;psect for function _TMR0_Initialize
  2991                           
  2992     04F8                     l2126:	
  2993                           ;incstack = 0
  2994                           ; Regs used in _TMR0_Initialize: [wreg+status,2+status,0+pclath+cstack]
  2995                           
  2996                           
  2997                           ;mcc_generated_files/tmr0.c: 66:     T0CON1 = 0x45;
  2998     04F8  3045               	movlw	69
  2999     04F9  014B               	movlb	11	; select bank11
  3000     04FA  009F               	movwf	31	;volatile
  3001                           
  3002                           ;mcc_generated_files/tmr0.c: 69:     TMR0H = 0xF9;
  3003     04FB  30F9               	movlw	249
  3004     04FC  009D               	movwf	29	;volatile
  3005     04FD                     l2128:
  3006                           
  3007                           ;mcc_generated_files/tmr0.c: 72:     TMR0L = 0x00;
  3008     04FD  019C               	clrf	28	;volatile
  3009     04FE                     l2130:
  3010                           
  3011                           ;mcc_generated_files/tmr0.c: 75:     PIR0bits.TMR0IF = 0;
  3012     04FE  014E               	movlb	14	; select bank14
  3013     04FF  128C               	bcf	12,5	;volatile
  3014     0500                     l2132:
  3015                           
  3016                           ;mcc_generated_files/tmr0.c: 78:     PIE0bits.TMR0IE = 1;
  3017     0500  1696               	bsf	22,5	;volatile
  3018     0501                     l2134:
  3019                           
  3020                           ;mcc_generated_files/tmr0.c: 81:     TMR0_SetInterruptHandler(TMR0_DefaultInterruptHandl
      +                          er);
  3021     0501  3040               	movlw	low _TMR0_DefaultInterruptHandler
  3022     0502  00F0               	movwf	TMR0_SetInterruptHandler@InterruptHandler
  3023     0503  3006               	movlw	high _TMR0_DefaultInterruptHandler
  3024     0504  00F1               	movwf	TMR0_SetInterruptHandler@InterruptHandler+1
  3025     0505  3185  25C9  3184   	fcall	_TMR0_SetInterruptHandler
  3026     0508                     l2136:
  3027                           
  3028                           ;mcc_generated_files/tmr0.c: 84:     T0CON0 = 0x80;
  3029     0508  3080               	movlw	128
  3030     0509  014B               	movlb	11	; select bank11
  3031     050A  009E               	movwf	30	;volatile
  3032     050B                     l448:
  3033     050B  0008               	return
  3034     050C                     __end_of_TMR0_Initialize:
  3035                           
  3036                           	psect	text14
  3037     0556                     __ptext14:	
  3038 ;; *************** function _PIN_MANAGER_Initialize *****************
  3039 ;; Defined at:
  3040 ;;		line 55 in file "mcc_generated_files/pin_manager.c"
  3041 ;; Parameters:    Size  Location     Type
  3042 ;;		None
  3043 ;; Auto vars:     Size  Location     Type
  3044 ;;		None
  3045 ;; Return value:  Size  Location     Type
  3046 ;;                  1    wreg      void 
  3047 ;; Registers used:
  3048 ;;		status,2
  3049 ;; Tracked objects:
  3050 ;;		On entry : 0/0
  3051 ;;		On exit  : 0/0
  3052 ;;		Unchanged: 0/0
  3053 ;; Data sizes:     COMMON   BANK0   BANK1   BANK2
  3054 ;;      Params:         0       0       0       0
  3055 ;;      Locals:         0       0       0       0
  3056 ;;      Temps:          0       0       0       0
  3057 ;;      Totals:         0       0       0       0
  3058 ;;Total ram usage:        0 bytes
  3059 ;; Hardware stack levels used: 1
  3060 ;; Hardware stack levels required when called: 4
  3061 ;; This function calls:
  3062 ;;		Nothing
  3063 ;; This function is called by:
  3064 ;;		_SYSTEM_Initialize
  3065 ;; This function uses a non-reentrant model
  3066 ;;
  3067                           
  3068     0556                     _PIN_MANAGER_Initialize:	
  3069                           ;psect for function _PIN_MANAGER_Initialize
  3070                           
  3071     0556                     l1472:	
  3072                           ;incstack = 0
  3073                           ; Regs used in _PIN_MANAGER_Initialize: [status,2]
  3074                           
  3075                           
  3076                           ;mcc_generated_files/pin_manager.c: 60:     LATA = 0x00;
  3077     0556  0140               	movlb	0	; select bank0
  3078     0557  0198               	clrf	24	;volatile
  3079     0558                     l1474:
  3080                           
  3081                           ;mcc_generated_files/pin_manager.c: 65:     TRISA = 0x0C;
  3082     0558  300C               	movlw	12
  3083     0559  0092               	movwf	18	;volatile
  3084                           
  3085                           ;mcc_generated_files/pin_manager.c: 70:     ANSELA = 0x00;
  3086     055A  017E               	movlb	62	; select bank62
  3087     055B  01B8               	clrf	56	;volatile
  3088                           
  3089                           ;mcc_generated_files/pin_manager.c: 75:     WPUA = 0x00;
  3090     055C  01B9               	clrf	57	;volatile
  3091                           
  3092                           ;mcc_generated_files/pin_manager.c: 80:     ODCONA = 0x00;
  3093     055D  01BA               	clrf	58	;volatile
  3094     055E                     l1476:
  3095                           
  3096                           ;mcc_generated_files/pin_manager.c: 85:     SLRCONA = 0x37;
  3097     055E  3037               	movlw	55
  3098     055F  00BB               	movwf	59	;volatile
  3099     0560                     l1478:
  3100                           
  3101                           ;mcc_generated_files/pin_manager.c: 90:     INLVLA = 0x3F;
  3102     0560  303F               	movlw	63
  3103     0561  00BC               	movwf	60	;volatile
  3104     0562                     l1480:
  3105                           
  3106                           ;mcc_generated_files/pin_manager.c: 99:     RX1PPS = 0x02;
  3107     0562  3002               	movlw	2
  3108     0563  017D               	movlb	61	; select bank61
  3109     0564  00CB               	movwf	75	;volatile
  3110     0565                     l422:
  3111     0565  0008               	return
  3112     0566                     __end_of_PIN_MANAGER_Initialize:
  3113                           
  3114                           	psect	text15
  3115     05C3                     __ptext15:	
  3116 ;; *************** function _OSCILLATOR_Initialize *****************
  3117 ;; Defined at:
  3118 ;;		line 61 in file "mcc_generated_files/mcc.c"
  3119 ;; Parameters:    Size  Location     Type
  3120 ;;		None
  3121 ;; Auto vars:     Size  Location     Type
  3122 ;;		None
  3123 ;; Return value:  Size  Location     Type
  3124 ;;                  1    wreg      void 
  3125 ;; Registers used:
  3126 ;;		status,2
  3127 ;; Tracked objects:
  3128 ;;		On entry : 0/0
  3129 ;;		On exit  : 0/0
  3130 ;;		Unchanged: 0/0
  3131 ;; Data sizes:     COMMON   BANK0   BANK1   BANK2
  3132 ;;      Params:         0       0       0       0
  3133 ;;      Locals:         0       0       0       0
  3134 ;;      Temps:          0       0       0       0
  3135 ;;      Totals:         0       0       0       0
  3136 ;;Total ram usage:        0 bytes
  3137 ;; Hardware stack levels used: 1
  3138 ;; Hardware stack levels required when called: 4
  3139 ;; This function calls:
  3140 ;;		Nothing
  3141 ;; This function is called by:
  3142 ;;		_SYSTEM_Initialize
  3143 ;; This function uses a non-reentrant model
  3144 ;;
  3145                           
  3146     05C3                     _OSCILLATOR_Initialize:	
  3147                           ;psect for function _OSCILLATOR_Initialize
  3148                           
  3149     05C3                     l1482:	
  3150                           ;incstack = 0
  3151                           ; Regs used in _OSCILLATOR_Initialize: [status,2]
  3152                           
  3153                           
  3154                           ;mcc_generated_files/mcc.c: 64:     OSCEN = 0x00;
  3155     05C3  0151               	movlb	17	; select bank17
  3156     05C4  0191               	clrf	17	;volatile
  3157     05C5                     l1484:
  3158                           
  3159                           ;mcc_generated_files/mcc.c: 66:     OSCFRQ = 0x05;
  3160     05C5  3005               	movlw	5
  3161     05C6  0093               	movwf	19	;volatile
  3162                           
  3163                           ;mcc_generated_files/mcc.c: 68:     OSCTUNE = 0x00;
  3164     05C7  0192               	clrf	18	;volatile
  3165     05C8                     l400:
  3166     05C8  0008               	return
  3167     05C9                     __end_of_OSCILLATOR_Initialize:
  3168                           
  3169                           	psect	text16
  3170     0593                     __ptext16:	
  3171 ;; *************** function _LIN_Slave_Initialize *****************
  3172 ;; Defined at:
  3173 ;;		line 45 in file "mcc_generated_files/LINDrivers/lin_app.c"
  3174 ;; Parameters:    Size  Location     Type
  3175 ;;		None
  3176 ;; Auto vars:     Size  Location     Type
  3177 ;;		None
  3178 ;; Return value:  Size  Location     Type
  3179 ;;                  1    wreg      void 
  3180 ;; Registers used:
  3181 ;;		wreg, status,2, status,0, pclath, cstack
  3182 ;; Tracked objects:
  3183 ;;		On entry : 0/0
  3184 ;;		On exit  : 0/0
  3185 ;;		Unchanged: 0/0
  3186 ;; Data sizes:     COMMON   BANK0   BANK1   BANK2
  3187 ;;      Params:         0       0       0       0
  3188 ;;      Locals:         0       0       0       0
  3189 ;;      Temps:          0       0       0       0
  3190 ;;      Totals:         0       0       0       0
  3191 ;;Total ram usage:        0 bytes
  3192 ;; Hardware stack levels used: 1
  3193 ;; Hardware stack levels required when called: 7
  3194 ;; This function calls:
  3195 ;;		_LIN_init
  3196 ;; This function is called by:
  3197 ;;		_SYSTEM_Initialize
  3198 ;; This function uses a non-reentrant model
  3199 ;;
  3200                           
  3201     0593                     _LIN_Slave_Initialize:	
  3202                           ;psect for function _LIN_Slave_Initialize
  3203                           
  3204     0593                     l2476:	
  3205                           ;incstack = 0
  3206                           ; Regs used in _LIN_Slave_Initialize: [wreg+status,2+status,0+pclath+cstack]
  3207                           
  3208                           
  3209                           ;mcc_generated_files/LINDrivers/lin_app.c: 46:   LIN_init((sizeof(scheduleTable)/sizeof(
      +                          lin_rx_cmd_t)), scheduleTable, processLIN);
  3210     0593  30ED               	movlw	low (_scheduleTable| (0+32768))
  3211     0594  00F2               	movwf	LIN_init@command
  3212     0595  3085               	movlw	high (_scheduleTable| (0+32768))
  3213     0596  00F3               	movwf	LIN_init@command+1
  3214     0597  3066               	movlw	low _processLIN
  3215     0598  00F4               	movwf	LIN_init@processData
  3216     0599  3005               	movlw	high _processLIN
  3217     059A  00F5               	movwf	LIN_init@processData+1
  3218     059B  3001               	movlw	1
  3219     059C  3184  24E2  3185   	fcall	_LIN_init
  3220     059F                     l17:
  3221     059F  0008               	return
  3222     05A0                     __end_of_LIN_Slave_Initialize:
  3223                           
  3224                           	psect	text17
  3225     04E2                     __ptext17:	
  3226 ;; *************** function _LIN_init *****************
  3227 ;; Defined at:
  3228 ;;		line 37 in file "mcc_generated_files/LINDrivers/lin_slave.c"
  3229 ;; Parameters:    Size  Location     Type
  3230 ;;  tableLength     1    wreg     unsigned char 
  3231 ;;  command         2    2[COMMON] const PTR const struct .
  3232 ;;		 -> scheduleTable(5), 
  3233 ;;  processData     2    4[COMMON] PTR FTN()void 
  3234 ;;		 -> processLIN(1), 
  3235 ;; Auto vars:     Size  Location     Type
  3236 ;;  tableLength     1    6[COMMON] unsigned char 
  3237 ;; Return value:  Size  Location     Type
  3238 ;;                  1    wreg      void 
  3239 ;; Registers used:
  3240 ;;		wreg, status,2, status,0, pclath, cstack
  3241 ;; Tracked objects:
  3242 ;;		On entry : 0/0
  3243 ;;		On exit  : 0/0
  3244 ;;		Unchanged: 0/0
  3245 ;; Data sizes:     COMMON   BANK0   BANK1   BANK2
  3246 ;;      Params:         4       0       0       0
  3247 ;;      Locals:         1       0       0       0
  3248 ;;      Temps:          0       0       0       0
  3249 ;;      Totals:         5       0       0       0
  3250 ;;Total ram usage:        5 bytes
  3251 ;; Hardware stack levels used: 1
  3252 ;; Hardware stack levels required when called: 6
  3253 ;; This function calls:
  3254 ;;		_LIN_enableRx
  3255 ;;		_LIN_setTimerHandler
  3256 ;;		_LIN_stopTimer
  3257 ;; This function is called by:
  3258 ;;		_LIN_Slave_Initialize
  3259 ;; This function uses a non-reentrant model
  3260 ;;
  3261                           
  3262     04E2                     _LIN_init:	
  3263                           ;psect for function _LIN_init
  3264                           
  3265                           
  3266                           ;incstack = 0
  3267                           ; Regs used in _LIN_init: [wreg+status,2+status,0+pclath+cstack]
  3268                           ;LIN_init@tableLength stored from wreg
  3269     04E2  00F6               	movwf	LIN_init@tableLength
  3270     04E3                     l1816:
  3271                           
  3272                           ;mcc_generated_files/LINDrivers/lin_slave.c: 38:     LIN_rxCommand = command;
  3273     04E3  0873               	movf	LIN_init@command+1,w
  3274     04E4  0140               	movlb	0	; select bank0
  3275     04E5  00E3               	movwf	_LIN_rxCommand+1
  3276     04E6  0872               	movf	LIN_init@command,w
  3277     04E7  00E2               	movwf	_LIN_rxCommand
  3278                           
  3279                           ;mcc_generated_files/LINDrivers/lin_slave.c: 39:     LIN_rxCommandLength = tableLength;
  3280     04E8  0876               	movf	LIN_init@tableLength,w
  3281     04E9  00E6               	movwf	_LIN_rxCommandLength
  3282                           
  3283                           ;mcc_generated_files/LINDrivers/lin_slave.c: 40:     LIN_processData = processData;
  3284     04EA  0875               	movf	LIN_init@processData+1,w
  3285     04EB  00E5               	movwf	_LIN_processData+1
  3286     04EC  0874               	movf	LIN_init@processData,w
  3287     04ED  00E4               	movwf	_LIN_processData
  3288     04EE                     l1818:
  3289                           
  3290                           ;mcc_generated_files/LINDrivers/lin_slave.c: 41:     LIN_stopTimer();
  3291     04EE  3186  261A  3184   	fcall	_LIN_stopTimer
  3292     04F1                     l1820:
  3293                           
  3294                           ;mcc_generated_files/LINDrivers/lin_slave.c: 42:     LIN_enableRx();
  3295     04F1  3185  25FC  3184   	fcall	_LIN_enableRx
  3296     04F4                     l1822:
  3297                           
  3298                           ;mcc_generated_files/LINDrivers/lin_slave.c: 43:     LIN_setTimerHandler();
  3299     04F4  3185  25B5  3184   	fcall	_LIN_setTimerHandler
  3300     04F7                     l86:
  3301     04F7  0008               	return
  3302     04F8                     __end_of_LIN_init:
  3303                           
  3304                           	psect	text18
  3305     05B5                     __ptext18:	
  3306 ;; *************** function _LIN_setTimerHandler *****************
  3307 ;; Defined at:
  3308 ;;		line 280 in file "mcc_generated_files/LINDrivers/lin_slave.c"
  3309 ;; Parameters:    Size  Location     Type
  3310 ;;		None
  3311 ;; Auto vars:     Size  Location     Type
  3312 ;;		None
  3313 ;; Return value:  Size  Location     Type
  3314 ;;                  1    wreg      void 
  3315 ;; Registers used:
  3316 ;;		wreg, status,2, status,0, pclath, cstack
  3317 ;; Tracked objects:
  3318 ;;		On entry : 0/0
  3319 ;;		On exit  : 0/0
  3320 ;;		Unchanged: 0/0
  3321 ;; Data sizes:     COMMON   BANK0   BANK1   BANK2
  3322 ;;      Params:         0       0       0       0
  3323 ;;      Locals:         0       0       0       0
  3324 ;;      Temps:          0       0       0       0
  3325 ;;      Totals:         0       0       0       0
  3326 ;;Total ram usage:        0 bytes
  3327 ;; Hardware stack levels used: 1
  3328 ;; Hardware stack levels required when called: 5
  3329 ;; This function calls:
  3330 ;;		_TMR0_SetInterruptHandler
  3331 ;; This function is called by:
  3332 ;;		_LIN_init
  3333 ;; This function uses a non-reentrant model
  3334 ;;
  3335                           
  3336     05B5                     _LIN_setTimerHandler:	
  3337                           ;psect for function _LIN_setTimerHandler
  3338                           
  3339     05B5                     l1750:	
  3340                           ;incstack = 0
  3341                           ; Regs used in _LIN_setTimerHandler: [wreg+status,2+status,0+pclath+cstack]
  3342                           
  3343     05B5  30A0               	movlw	low _LIN_timerHandler
  3344     05B6  00F0               	movwf	TMR0_SetInterruptHandler@InterruptHandler
  3345     05B7  3005               	movlw	high _LIN_timerHandler
  3346     05B8  00F1               	movwf	TMR0_SetInterruptHandler@InterruptHandler+1
  3347     05B9  3185  25C9  3185   	fcall	_TMR0_SetInterruptHandler
  3348     05BC                     l180:
  3349     05BC  0008               	return
  3350     05BD                     __end_of_LIN_setTimerHandler:
  3351                           
  3352                           	psect	text19
  3353     05C9                     __ptext19:	
  3354 ;; *************** function _TMR0_SetInterruptHandler *****************
  3355 ;; Defined at:
  3356 ;;		line 134 in file "mcc_generated_files/tmr0.c"
  3357 ;; Parameters:    Size  Location     Type
  3358 ;;  InterruptHan    2    0[COMMON] PTR FTN()void 
  3359 ;;		 -> TMR0_DefaultInterruptHandler(1), LIN_timerHandler(1), 
  3360 ;; Auto vars:     Size  Location     Type
  3361 ;;		None
  3362 ;; Return value:  Size  Location     Type
  3363 ;;                  1    wreg      void 
  3364 ;; Registers used:
  3365 ;;		wreg
  3366 ;; Tracked objects:
  3367 ;;		On entry : 0/0
  3368 ;;		On exit  : 0/0
  3369 ;;		Unchanged: 0/0
  3370 ;; Data sizes:     COMMON   BANK0   BANK1   BANK2
  3371 ;;      Params:         2       0       0       0
  3372 ;;      Locals:         0       0       0       0
  3373 ;;      Temps:          0       0       0       0
  3374 ;;      Totals:         2       0       0       0
  3375 ;;Total ram usage:        2 bytes
  3376 ;; Hardware stack levels used: 1
  3377 ;; Hardware stack levels required when called: 4
  3378 ;; This function calls:
  3379 ;;		Nothing
  3380 ;; This function is called by:
  3381 ;;		_LIN_setTimerHandler
  3382 ;;		_TMR0_Initialize
  3383 ;; This function uses a non-reentrant model
  3384 ;;
  3385                           
  3386     05C9                     _TMR0_SetInterruptHandler:	
  3387                           ;psect for function _TMR0_SetInterruptHandler
  3388                           
  3389     05C9                     l1744:	
  3390                           ;incstack = 0
  3391                           ; Regs used in _TMR0_SetInterruptHandler: [wreg]
  3392                           
  3393                           
  3394                           ;mcc_generated_files/tmr0.c: 135:     TMR0_InterruptHandler = InterruptHandler;
  3395     05C9  0871               	movf	TMR0_SetInterruptHandler@InterruptHandler+1,w
  3396     05CA  0140               	movlb	0	; select bank0
  3397     05CB  00D9               	movwf	_TMR0_InterruptHandler+1
  3398     05CC  0870               	movf	TMR0_SetInterruptHandler@InterruptHandler,w
  3399     05CD  00D8               	movwf	_TMR0_InterruptHandler
  3400     05CE                     l470:
  3401     05CE  0008               	return
  3402     05CF                     __end_of_TMR0_SetInterruptHandler:
  3403                           
  3404                           	psect	text20
  3405     0339                     __ptext20:	
  3406 ;; *************** function _EUSART1_Initialize *****************
  3407 ;; Defined at:
  3408 ;;		line 88 in file "mcc_generated_files/eusart1.c"
  3409 ;; Parameters:    Size  Location     Type
  3410 ;;		None
  3411 ;; Auto vars:     Size  Location     Type
  3412 ;;		None
  3413 ;; Return value:  Size  Location     Type
  3414 ;;                  1    wreg      void 
  3415 ;; Registers used:
  3416 ;;		wreg, status,2, status,0, pclath, cstack
  3417 ;; Tracked objects:
  3418 ;;		On entry : 0/0
  3419 ;;		On exit  : 0/0
  3420 ;;		Unchanged: 0/0
  3421 ;; Data sizes:     COMMON   BANK0   BANK1   BANK2
  3422 ;;      Params:         0       0       0       0
  3423 ;;      Locals:         0       0       0       0
  3424 ;;      Temps:          0       0       0       0
  3425 ;;      Totals:         0       0       0       0
  3426 ;;Total ram usage:        0 bytes
  3427 ;; Hardware stack levels used: 1
  3428 ;; Hardware stack levels required when called: 5
  3429 ;; This function calls:
  3430 ;;		_EUSART1_SetErrorHandler
  3431 ;;		_EUSART1_SetFramingErrorHandler
  3432 ;;		_EUSART1_SetOverrunErrorHandler
  3433 ;;		_EUSART1_SetRxInterruptHandler
  3434 ;;		_EUSART1_SetTxInterruptHandler
  3435 ;; This function is called by:
  3436 ;;		_SYSTEM_Initialize
  3437 ;; This function uses a non-reentrant model
  3438 ;;
  3439                           
  3440     0339                     _EUSART1_Initialize:	
  3441                           ;psect for function _EUSART1_Initialize
  3442                           
  3443     0339                     l2090:	
  3444                           ;incstack = 0
  3445                           ; Regs used in _EUSART1_Initialize: [wreg+status,2+status,0+pclath+cstack]
  3446                           
  3447                           
  3448                           ;mcc_generated_files/eusart1.c: 91:     PIE1bits.RC1IE = 0;
  3449     0339  014E               	movlb	14	; select bank14
  3450     033A  1217               	bcf	23,4	;volatile
  3451     033B                     l2092:
  3452                           
  3453                           ;mcc_generated_files/eusart1.c: 92:     EUSART1_SetRxInterruptHandler(EUSART1_Receive_IS
      +                          R);
  3454     033B  3077               	movlw	low _EUSART1_Receive_ISR
  3455     033C  00F0               	movwf	EUSART1_SetRxInterruptHandler@interruptHandler
  3456     033D  3003               	movlw	high _EUSART1_Receive_ISR
  3457     033E  00F1               	movwf	EUSART1_SetRxInterruptHandler@interruptHandler+1
  3458     033F  3185  25D5  3183   	fcall	_EUSART1_SetRxInterruptHandler
  3459     0342                     l2094:
  3460                           
  3461                           ;mcc_generated_files/eusart1.c: 93:     PIE1bits.TX1IE = 0;
  3462     0342  014E               	movlb	14	; select bank14
  3463     0343  1197               	bcf	23,3	;volatile
  3464                           
  3465                           ;mcc_generated_files/eusart1.c: 94:     EUSART1_SetTxInterruptHandler(EUSART1_Transmit_I
      +                          SR);
  3466     0344  3093               	movlw	low _EUSART1_Transmit_ISR
  3467     0345  00F0               	movwf	EUSART1_SetTxInterruptHandler@interruptHandler
  3468     0346  3004               	movlw	high _EUSART1_Transmit_ISR
  3469     0347  00F1               	movwf	EUSART1_SetTxInterruptHandler@interruptHandler+1
  3470     0348  3185  25CF  3183   	fcall	_EUSART1_SetTxInterruptHandler
  3471     034B                     l2096:
  3472                           
  3473                           ;mcc_generated_files/eusart1.c: 98:     BAUD1CON = 0x08;
  3474     034B  3008               	movlw	8
  3475     034C  0142               	movlb	2	; select bank2
  3476     034D  009F               	movwf	31	;volatile
  3477     034E                     l2098:
  3478                           
  3479                           ;mcc_generated_files/eusart1.c: 101:     RC1STA = 0x90;
  3480     034E  3090               	movlw	144
  3481     034F  009D               	movwf	29	;volatile
  3482     0350                     l2100:
  3483                           
  3484                           ;mcc_generated_files/eusart1.c: 104:     TX1STA = 0x24;
  3485     0350  3024               	movlw	36
  3486     0351  009E               	movwf	30	;volatile
  3487     0352                     l2102:
  3488                           
  3489                           ;mcc_generated_files/eusart1.c: 107:     SP1BRGL = 0xFF;
  3490     0352  30FF               	movlw	255
  3491     0353  009B               	movwf	27	;volatile
  3492     0354                     l2104:
  3493                           
  3494                           ;mcc_generated_files/eusart1.c: 110:     SP1BRGH = 0x02;
  3495     0354  3002               	movlw	2
  3496     0355  009C               	movwf	28	;volatile
  3497                           
  3498                           ;mcc_generated_files/eusart1.c: 113:     EUSART1_SetFramingErrorHandler(EUSART1_DefaultF
      +                          ramingErrorHandler);
  3499     0356  3041               	movlw	low _EUSART1_DefaultFramingErrorHandler
  3500     0357  00F0               	movwf	EUSART1_SetFramingErrorHandler@interruptHandler
  3501     0358  3006               	movlw	high _EUSART1_DefaultFramingErrorHandler
  3502     0359  00F1               	movwf	EUSART1_SetFramingErrorHandler@interruptHandler+1
  3503     035A  3185  25E1  3183   	fcall	_EUSART1_SetFramingErrorHandler
  3504                           
  3505                           ;mcc_generated_files/eusart1.c: 114:     EUSART1_SetOverrunErrorHandler(EUSART1_DefaultO
      +                          verrunErrorHandler);
  3506     035D  301E               	movlw	low _EUSART1_DefaultOverrunErrorHandler
  3507     035E  00F0               	movwf	EUSART1_SetOverrunErrorHandler@interruptHandler
  3508     035F  3006               	movlw	high _EUSART1_DefaultOverrunErrorHandler
  3509     0360  00F1               	movwf	EUSART1_SetOverrunErrorHandler@interruptHandler+1
  3510     0361  3185  25DB  3183   	fcall	_EUSART1_SetOverrunErrorHandler
  3511                           
  3512                           ;mcc_generated_files/eusart1.c: 115:     EUSART1_SetErrorHandler(EUSART1_DefaultErrorHan
      +                          dler);
  3513     0364  3022               	movlw	low _EUSART1_DefaultErrorHandler
  3514     0365  00F0               	movwf	EUSART1_SetErrorHandler@interruptHandler
  3515     0366  3006               	movlw	high _EUSART1_DefaultErrorHandler
  3516     0367  00F1               	movwf	EUSART1_SetErrorHandler@interruptHandler+1
  3517     0368  3185  25E7  3183   	fcall	_EUSART1_SetErrorHandler
  3518     036B                     l2106:
  3519                           
  3520                           ;mcc_generated_files/eusart1.c: 117:     eusart1RxLastError.status = 0;
  3521     036B  0140               	movlb	0	; select bank0
  3522     036C  01B8               	clrf	_eusart1RxLastError	;volatile
  3523     036D                     l2108:
  3524                           
  3525                           ;mcc_generated_files/eusart1.c: 120:     eusart1TxHead = 0;
  3526     036D  01BD               	clrf	_eusart1TxHead	;volatile
  3527     036E                     l2110:
  3528                           
  3529                           ;mcc_generated_files/eusart1.c: 121:     eusart1TxTail = 0;
  3530     036E  01BC               	clrf	_eusart1TxTail	;volatile
  3531     036F                     l2112:
  3532                           
  3533                           ;mcc_generated_files/eusart1.c: 122:     eusart1TxBufferRemaining = sizeof(eusart1TxBuff
      +                          er);
  3534     036F  3008               	movlw	8
  3535     0370  00BB               	movwf	_eusart1TxBufferRemaining	;volatile
  3536     0371                     l2114:
  3537                           
  3538                           ;mcc_generated_files/eusart1.c: 124:     eusart1RxHead = 0;
  3539     0371  01FD               	clrf	_eusart1RxHead	;volatile
  3540     0372                     l2116:
  3541                           
  3542                           ;mcc_generated_files/eusart1.c: 125:     eusart1RxTail = 0;
  3543     0372  01BA               	clrf	_eusart1RxTail	;volatile
  3544     0373                     l2118:
  3545                           
  3546                           ;mcc_generated_files/eusart1.c: 126:     eusart1RxCount = 0;
  3547     0373  01B9               	clrf	_eusart1RxCount	;volatile
  3548     0374                     l2120:
  3549                           
  3550                           ;mcc_generated_files/eusart1.c: 129:     PIE1bits.RC1IE = 1;
  3551     0374  014E               	movlb	14	; select bank14
  3552     0375  1617               	bsf	23,4	;volatile
  3553     0376                     l268:
  3554     0376  0008               	return
  3555     0377                     __end_of_EUSART1_Initialize:
  3556                           
  3557                           	psect	text21
  3558     05CF                     __ptext21:	
  3559 ;; *************** function _EUSART1_SetTxInterruptHandler *****************
  3560 ;; Defined at:
  3561 ;;		line 276 in file "mcc_generated_files/eusart1.c"
  3562 ;; Parameters:    Size  Location     Type
  3563 ;;  interruptHan    2    0[COMMON] PTR FTN()void 
  3564 ;;		 -> EUSART1_Transmit_ISR(1), 
  3565 ;; Auto vars:     Size  Location     Type
  3566 ;;		None
  3567 ;; Return value:  Size  Location     Type
  3568 ;;                  1    wreg      void 
  3569 ;; Registers used:
  3570 ;;		wreg
  3571 ;; Tracked objects:
  3572 ;;		On entry : 0/0
  3573 ;;		On exit  : 0/0
  3574 ;;		Unchanged: 0/0
  3575 ;; Data sizes:     COMMON   BANK0   BANK1   BANK2
  3576 ;;      Params:         2       0       0       0
  3577 ;;      Locals:         0       0       0       0
  3578 ;;      Temps:          0       0       0       0
  3579 ;;      Totals:         2       0       0       0
  3580 ;;Total ram usage:        2 bytes
  3581 ;; Hardware stack levels used: 1
  3582 ;; Hardware stack levels required when called: 4
  3583 ;; This function calls:
  3584 ;;		Nothing
  3585 ;; This function is called by:
  3586 ;;		_EUSART1_Initialize
  3587 ;; This function uses a non-reentrant model
  3588 ;;
  3589                           
  3590     05CF                     _EUSART1_SetTxInterruptHandler:	
  3591                           ;psect for function _EUSART1_SetTxInterruptHandler
  3592                           
  3593     05CF                     l1988:	
  3594                           ;incstack = 0
  3595                           ; Regs used in _EUSART1_SetTxInterruptHandler: [wreg]
  3596                           
  3597                           
  3598                           ;mcc_generated_files/eusart1.c: 277:     EUSART1_TxDefaultInterruptHandler = interruptHa
      +                          ndler;
  3599     05CF  0871               	movf	EUSART1_SetTxInterruptHandler@interruptHandler+1,w
  3600     05D0  0140               	movlb	0	; select bank0
  3601     05D1  00E1               	movwf	_EUSART1_TxDefaultInterruptHandler+1
  3602     05D2  0870               	movf	EUSART1_SetTxInterruptHandler@interruptHandler,w
  3603     05D3  00E0               	movwf	_EUSART1_TxDefaultInterruptHandler
  3604     05D4                     l334:
  3605     05D4  0008               	return
  3606     05D5                     __end_of_EUSART1_SetTxInterruptHandler:
  3607                           
  3608                           	psect	text22
  3609     05D5                     __ptext22:	
  3610 ;; *************** function _EUSART1_SetRxInterruptHandler *****************
  3611 ;; Defined at:
  3612 ;;		line 280 in file "mcc_generated_files/eusart1.c"
  3613 ;; Parameters:    Size  Location     Type
  3614 ;;  interruptHan    2    0[COMMON] PTR FTN()void 
  3615 ;;		 -> EUSART1_Receive_ISR(1), 
  3616 ;; Auto vars:     Size  Location     Type
  3617 ;;		None
  3618 ;; Return value:  Size  Location     Type
  3619 ;;                  1    wreg      void 
  3620 ;; Registers used:
  3621 ;;		wreg
  3622 ;; Tracked objects:
  3623 ;;		On entry : 0/0
  3624 ;;		On exit  : 0/0
  3625 ;;		Unchanged: 0/0
  3626 ;; Data sizes:     COMMON   BANK0   BANK1   BANK2
  3627 ;;      Params:         2       0       0       0
  3628 ;;      Locals:         0       0       0       0
  3629 ;;      Temps:          0       0       0       0
  3630 ;;      Totals:         2       0       0       0
  3631 ;;Total ram usage:        2 bytes
  3632 ;; Hardware stack levels used: 1
  3633 ;; Hardware stack levels required when called: 4
  3634 ;; This function calls:
  3635 ;;		Nothing
  3636 ;; This function is called by:
  3637 ;;		_EUSART1_Initialize
  3638 ;; This function uses a non-reentrant model
  3639 ;;
  3640                           
  3641     05D5                     _EUSART1_SetRxInterruptHandler:	
  3642                           ;psect for function _EUSART1_SetRxInterruptHandler
  3643                           
  3644     05D5                     l1986:	
  3645                           ;incstack = 0
  3646                           ; Regs used in _EUSART1_SetRxInterruptHandler: [wreg]
  3647                           
  3648                           
  3649                           ;mcc_generated_files/eusart1.c: 281:     EUSART1_RxDefaultInterruptHandler = interruptHa
      +                          ndler;
  3650     05D5  0871               	movf	EUSART1_SetRxInterruptHandler@interruptHandler+1,w
  3651     05D6  0140               	movlb	0	; select bank0
  3652     05D7  00DF               	movwf	_EUSART1_RxDefaultInterruptHandler+1
  3653     05D8  0870               	movf	EUSART1_SetRxInterruptHandler@interruptHandler,w
  3654     05D9  00DE               	movwf	_EUSART1_RxDefaultInterruptHandler
  3655     05DA                     l337:
  3656     05DA  0008               	return
  3657     05DB                     __end_of_EUSART1_SetRxInterruptHandler:
  3658                           
  3659                           	psect	text23
  3660     05DB                     __ptext23:	
  3661 ;; *************** function _EUSART1_SetOverrunErrorHandler *****************
  3662 ;; Defined at:
  3663 ;;		line 268 in file "mcc_generated_files/eusart1.c"
  3664 ;; Parameters:    Size  Location     Type
  3665 ;;  interruptHan    2    0[COMMON] PTR FTN()void 
  3666 ;;		 -> EUSART1_DefaultOverrunErrorHandler(1), 
  3667 ;; Auto vars:     Size  Location     Type
  3668 ;;		None
  3669 ;; Return value:  Size  Location     Type
  3670 ;;                  1    wreg      void 
  3671 ;; Registers used:
  3672 ;;		wreg
  3673 ;; Tracked objects:
  3674 ;;		On entry : 0/0
  3675 ;;		On exit  : 0/0
  3676 ;;		Unchanged: 0/0
  3677 ;; Data sizes:     COMMON   BANK0   BANK1   BANK2
  3678 ;;      Params:         2       0       0       0
  3679 ;;      Locals:         0       0       0       0
  3680 ;;      Temps:          0       0       0       0
  3681 ;;      Totals:         2       0       0       0
  3682 ;;Total ram usage:        2 bytes
  3683 ;; Hardware stack levels used: 1
  3684 ;; Hardware stack levels required when called: 4
  3685 ;; This function calls:
  3686 ;;		Nothing
  3687 ;; This function is called by:
  3688 ;;		_EUSART1_Initialize
  3689 ;; This function uses a non-reentrant model
  3690 ;;
  3691                           
  3692     05DB                     _EUSART1_SetOverrunErrorHandler:	
  3693                           ;psect for function _EUSART1_SetOverrunErrorHandler
  3694                           
  3695     05DB                     l1992:	
  3696                           ;incstack = 0
  3697                           ; Regs used in _EUSART1_SetOverrunErrorHandler: [wreg]
  3698                           
  3699                           
  3700                           ;mcc_generated_files/eusart1.c: 269:     EUSART1_OverrunErrorHandler = interruptHandler;
  3701     05DB  0871               	movf	EUSART1_SetOverrunErrorHandler@interruptHandler+1,w
  3702     05DC  0140               	movlb	0	; select bank0
  3703     05DD  00DB               	movwf	_EUSART1_OverrunErrorHandler+1
  3704     05DE  0870               	movf	EUSART1_SetOverrunErrorHandler@interruptHandler,w
  3705     05DF  00DA               	movwf	_EUSART1_OverrunErrorHandler
  3706     05E0                     l328:
  3707     05E0  0008               	return
  3708     05E1                     __end_of_EUSART1_SetOverrunErrorHandler:
  3709                           
  3710                           	psect	text24
  3711     05E1                     __ptext24:	
  3712 ;; *************** function _EUSART1_SetFramingErrorHandler *****************
  3713 ;; Defined at:
  3714 ;;		line 264 in file "mcc_generated_files/eusart1.c"
  3715 ;; Parameters:    Size  Location     Type
  3716 ;;  interruptHan    2    0[COMMON] PTR FTN()void 
  3717 ;;		 -> EUSART1_DefaultFramingErrorHandler(1), 
  3718 ;; Auto vars:     Size  Location     Type
  3719 ;;		None
  3720 ;; Return value:  Size  Location     Type
  3721 ;;                  1    wreg      void 
  3722 ;; Registers used:
  3723 ;;		wreg
  3724 ;; Tracked objects:
  3725 ;;		On entry : 0/0
  3726 ;;		On exit  : 0/0
  3727 ;;		Unchanged: 0/0
  3728 ;; Data sizes:     COMMON   BANK0   BANK1   BANK2
  3729 ;;      Params:         2       0       0       0
  3730 ;;      Locals:         0       0       0       0
  3731 ;;      Temps:          0       0       0       0
  3732 ;;      Totals:         2       0       0       0
  3733 ;;Total ram usage:        2 bytes
  3734 ;; Hardware stack levels used: 1
  3735 ;; Hardware stack levels required when called: 4
  3736 ;; This function calls:
  3737 ;;		Nothing
  3738 ;; This function is called by:
  3739 ;;		_EUSART1_Initialize
  3740 ;; This function uses a non-reentrant model
  3741 ;;
  3742                           
  3743     05E1                     _EUSART1_SetFramingErrorHandler:	
  3744                           ;psect for function _EUSART1_SetFramingErrorHandler
  3745                           
  3746     05E1                     l1990:	
  3747                           ;incstack = 0
  3748                           ; Regs used in _EUSART1_SetFramingErrorHandler: [wreg]
  3749                           
  3750                           
  3751                           ;mcc_generated_files/eusart1.c: 265:     EUSART1_FramingErrorHandler = interruptHandler;
  3752     05E1  0871               	movf	EUSART1_SetFramingErrorHandler@interruptHandler+1,w
  3753     05E2  0140               	movlb	0	; select bank0
  3754     05E3  00DD               	movwf	_EUSART1_FramingErrorHandler+1
  3755     05E4  0870               	movf	EUSART1_SetFramingErrorHandler@interruptHandler,w
  3756     05E5  00DC               	movwf	_EUSART1_FramingErrorHandler
  3757     05E6                     l325:
  3758     05E6  0008               	return
  3759     05E7                     __end_of_EUSART1_SetFramingErrorHandler:
  3760                           
  3761                           	psect	text25
  3762     05E7                     __ptext25:	
  3763 ;; *************** function _EUSART1_SetErrorHandler *****************
  3764 ;; Defined at:
  3765 ;;		line 272 in file "mcc_generated_files/eusart1.c"
  3766 ;; Parameters:    Size  Location     Type
  3767 ;;  interruptHan    2    0[COMMON] PTR FTN()void 
  3768 ;;		 -> EUSART1_DefaultErrorHandler(1), 
  3769 ;; Auto vars:     Size  Location     Type
  3770 ;;		None
  3771 ;; Return value:  Size  Location     Type
  3772 ;;                  1    wreg      void 
  3773 ;; Registers used:
  3774 ;;		wreg
  3775 ;; Tracked objects:
  3776 ;;		On entry : 0/0
  3777 ;;		On exit  : 0/0
  3778 ;;		Unchanged: 0/0
  3779 ;; Data sizes:     COMMON   BANK0   BANK1   BANK2
  3780 ;;      Params:         2       0       0       0
  3781 ;;      Locals:         0       0       0       0
  3782 ;;      Temps:          0       0       0       0
  3783 ;;      Totals:         2       0       0       0
  3784 ;;Total ram usage:        2 bytes
  3785 ;; Hardware stack levels used: 1
  3786 ;; Hardware stack levels required when called: 4
  3787 ;; This function calls:
  3788 ;;		Nothing
  3789 ;; This function is called by:
  3790 ;;		_EUSART1_Initialize
  3791 ;; This function uses a non-reentrant model
  3792 ;;
  3793                           
  3794     05E7                     _EUSART1_SetErrorHandler:	
  3795                           ;psect for function _EUSART1_SetErrorHandler
  3796                           
  3797     05E7                     l1994:	
  3798                           ;incstack = 0
  3799                           ; Regs used in _EUSART1_SetErrorHandler: [wreg]
  3800                           
  3801                           
  3802                           ;mcc_generated_files/eusart1.c: 273:     EUSART1_ErrorHandler = interruptHandler;
  3803     05E7  0871               	movf	EUSART1_SetErrorHandler@interruptHandler+1,w
  3804     05E8  0141               	movlb	1	; select bank1
  3805     05E9  00B2               	movwf	(_EUSART1_ErrorHandler+1)^(0+128)
  3806     05EA  0870               	movf	EUSART1_SetErrorHandler@interruptHandler,w
  3807     05EB  00B1               	movwf	_EUSART1_ErrorHandler^(0+128)
  3808     05EC                     l331:
  3809     05EC  0008               	return
  3810     05ED                     __end_of_EUSART1_SetErrorHandler:
  3811                           
  3812                           	psect	text26
  3813     0053                     __ptext26:	
  3814 ;; *************** function _LIN_handler *****************
  3815 ;; Defined at:
  3816 ;;		line 69 in file "mcc_generated_files/LINDrivers/lin_slave.c"
  3817 ;; Parameters:    Size  Location     Type
  3818 ;;		None
  3819 ;; Auto vars:     Size  Location     Type
  3820 ;;		None
  3821 ;; Return value:  Size  Location     Type
  3822 ;;                  1    wreg      enum E36
  3823 ;; Registers used:
  3824 ;;		wreg, fsr0l, fsr0h, fsr1l, fsr1h, status,2, status,0, pclath, cstack
  3825 ;; Tracked objects:
  3826 ;;		On entry : 0/0
  3827 ;;		On exit  : 0/0
  3828 ;;		Unchanged: 0/0
  3829 ;; Data sizes:     COMMON   BANK0   BANK1   BANK2
  3830 ;;      Params:         0       0       0       0
  3831 ;;      Locals:         0       0       0       0
  3832 ;;      Temps:          0       0       5       0
  3833 ;;      Totals:         0       0       5       0
  3834 ;;Total ram usage:        5 bytes
  3835 ;; Hardware stack levels used: 1
  3836 ;; Hardware stack levels required when called: 7
  3837 ;; This function calls:
  3838 ;;		NULL
  3839 ;;		_EUSART1_Read
  3840 ;;		_EUSART1_is_rx_ready
  3841 ;;		_LIN_breakCheck
  3842 ;;		_LIN_checkPID
  3843 ;;		_LIN_disableRx
  3844 ;;		_LIN_enableRx
  3845 ;;		_LIN_getChecksum
  3846 ;;		_LIN_getFromTable
  3847 ;;		_LIN_queuePacket
  3848 ;;		_LIN_startTimer
  3849 ;;		_LIN_stopTimer
  3850 ;;		_memset
  3851 ;;		_processLIN
  3852 ;; This function is called by:
  3853 ;;		_main
  3854 ;; This function uses a non-reentrant model
  3855 ;;
  3856                           
  3857     0053                     _LIN_handler:	
  3858                           ;psect for function _LIN_handler
  3859                           
  3860     0053                     l2510:	
  3861                           ;incstack = 0
  3862                           ; Regs used in _LIN_handler: [wreg-fsr1h+status,2+status,0+pclath+cstack]
  3863                           
  3864                           
  3865                           ;mcc_generated_files/LINDrivers/lin_slave.c: 70:     static lin_rx_state_t LIN_rxState =
      +                           LIN_RX_IDLE;;mcc_generated_files/LINDrivers/lin_slave.c: 71:     static uint8_t rxDataI
      +                          ndex = 0;;mcc_generated_files/LINDrivers/lin_slave.c: 73:     if(LIN_rxInProgress == 1){
  3866     0053  0140               	movlb	0	; select bank0
  3867     0054  0342               	decf	_LIN_rxInProgress,w
  3868     0055  1D03               	btfss	3,2
  3869     0056  2858               	goto	u1741
  3870     0057  2859               	goto	u1740
  3871     0058                     u1741:
  3872     0058  2954               	goto	l2592
  3873     0059                     u1740:
  3874     0059                     l2512:
  3875                           
  3876                           ;mcc_generated_files/LINDrivers/lin_slave.c: 74:         if(LIN_timerRunning == 0){
  3877     0059  0841               	movf	_LIN_timerRunning,w
  3878     005A  1D03               	btfss	3,2
  3879     005B  285D               	goto	u1751
  3880     005C  285E               	goto	u1750
  3881     005D                     u1751:
  3882     005D  2954               	goto	l2592
  3883     005E                     u1750:
  3884     005E                     l2514:
  3885                           
  3886                           ;mcc_generated_files/LINDrivers/lin_slave.c: 76:             LIN_rxState = LIN_RX_ERROR;
  3887     005E  3008               	movlw	8
  3888     005F  00BF               	movwf	LIN_handler@LIN_rxState
  3889     0060  2954               	goto	l2592
  3890     0061                     l2516:
  3891                           
  3892                           ;mcc_generated_files/LINDrivers/lin_slave.c: 82:             if(EUSART1_is_rx_ready() > 
      +                          0){
  3893     0061  3185  25AC  3180   	fcall	_EUSART1_is_rx_ready
  3894     0064  3A00               	xorlw	0
  3895     0065  1903               	skipnz
  3896     0066  2868               	goto	u1761
  3897     0067  2869               	goto	u1760
  3898     0068                     u1761:
  3899     0068  297D               	goto	l132
  3900     0069                     u1760:
  3901     0069                     l2518:
  3902                           
  3903                           ;mcc_generated_files/LINDrivers/lin_slave.c: 84:                 LIN_startTimer(20);
  3904     0069  3014               	movlw	20
  3905     006A  3185  2585  3180   	fcall	_LIN_startTimer
  3906     006D                     l2520:
  3907                           
  3908                           ;mcc_generated_files/LINDrivers/lin_slave.c: 85:                 LIN_rxInProgress = 1;
  3909     006D  3001               	movlw	1
  3910     006E  0140               	movlb	0	; select bank0
  3911     006F  00C2               	movwf	_LIN_rxInProgress
  3912     0070                     l2522:
  3913                           
  3914                           ;mcc_generated_files/LINDrivers/lin_slave.c: 86:                 LIN_rxState = LIN_RX_BR
      +                          EAK;
  3915     0070  3001               	movlw	1
  3916     0071  00BF               	movwf	LIN_handler@LIN_rxState
  3917     0072  297D               	goto	l132
  3918     0073                     l2524:
  3919                           
  3920                           ;mcc_generated_files/LINDrivers/lin_slave.c: 90:             if(EUSART1_is_rx_ready() > 
      +                          0){
  3921     0073  3185  25AC  3180   	fcall	_EUSART1_is_rx_ready
  3922     0076  3A00               	xorlw	0
  3923     0077  1903               	skipnz
  3924     0078  287A               	goto	u1771
  3925     0079  287B               	goto	u1770
  3926     007A                     u1771:
  3927     007A  297D               	goto	l132
  3928     007B                     u1770:
  3929     007B                     l2526:
  3930                           
  3931                           ;mcc_generated_files/LINDrivers/lin_slave.c: 91:                 if(LIN_breakCheck() == 
      +                          1){
  3932     007B  3185  2533  3180   	fcall	_LIN_breakCheck
  3933     007E  3A01               	xorlw	1
  3934     007F  1D03               	skipz
  3935     0080  2882               	goto	u1781
  3936     0081  2883               	goto	u1780
  3937     0082                     u1781:
  3938     0082  2887               	goto	l108
  3939     0083                     u1780:
  3940     0083                     l2528:
  3941                           
  3942                           ;mcc_generated_files/LINDrivers/lin_slave.c: 92:                     LIN_rxState = LIN_R
      +                          X_SYNC;
  3943     0083  3002               	movlw	2
  3944     0084  0140               	movlb	0	; select bank0
  3945     0085  00BF               	movwf	LIN_handler@LIN_rxState
  3946                           
  3947                           ;mcc_generated_files/LINDrivers/lin_slave.c: 93:                 } else {
  3948     0086  297D               	goto	l132
  3949     0087                     l108:
  3950                           
  3951                           ;mcc_generated_files/LINDrivers/lin_slave.c: 94:                     LIN_rxState = LIN_R
      +                          X_ERROR;
  3952     0087  3008               	movlw	8
  3953     0088  0140               	movlb	0	; select bank0
  3954     0089  00BF               	movwf	LIN_handler@LIN_rxState
  3955     008A  297D               	goto	l132
  3956     008B                     l2530:
  3957                           
  3958                           ;mcc_generated_files/LINDrivers/lin_slave.c: 99:             if(EUSART1_is_rx_ready() > 
      +                          0){
  3959     008B  3185  25AC  3180   	fcall	_EUSART1_is_rx_ready
  3960     008E  3A00               	xorlw	0
  3961     008F  1903               	skipnz
  3962     0090  2892               	goto	u1791
  3963     0091  2893               	goto	u1790
  3964     0092                     u1791:
  3965     0092  297D               	goto	l132
  3966     0093                     u1790:
  3967     0093                     l2532:
  3968                           
  3969                           ;mcc_generated_files/LINDrivers/lin_slave.c: 100:                 if(EUSART1_Read() == 0
      +                          x55){
  3970     0093  3184  242D  3180   	fcall	_EUSART1_Read
  3971     0096  3A55               	xorlw	85
  3972     0097  1D03               	skipz
  3973     0098  289A               	goto	u1801
  3974     0099  289B               	goto	u1800
  3975     009A                     u1801:
  3976     009A  2887               	goto	l108
  3977     009B                     u1800:
  3978     009B                     l2534:
  3979                           
  3980                           ;mcc_generated_files/LINDrivers/lin_slave.c: 101:                     LIN_rxState = LIN_
      +                          RX_PID;
  3981     009B  3003               	movlw	3
  3982     009C  0140               	movlb	0	; select bank0
  3983     009D  00BF               	movwf	LIN_handler@LIN_rxState
  3984                           
  3985                           ;mcc_generated_files/LINDrivers/lin_slave.c: 103:                 } else {
  3986     009E  297D               	goto	l132
  3987     009F                     l2536:
  3988                           
  3989                           ;mcc_generated_files/LINDrivers/lin_slave.c: 109:             if(EUSART1_is_rx_ready() >
      +                           0){
  3990     009F  3185  25AC  3180   	fcall	_EUSART1_is_rx_ready
  3991     00A2  3A00               	xorlw	0
  3992     00A3  1903               	skipnz
  3993     00A4  28A6               	goto	u1811
  3994     00A5  28A7               	goto	u1810
  3995     00A6                     u1811:
  3996     00A6  297D               	goto	l132
  3997     00A7                     u1810:
  3998     00A7                     l2538:
  3999                           
  4000                           ;mcc_generated_files/LINDrivers/lin_slave.c: 110:                 LIN_packet.PID = EUSAR
      +                          T1_Read();
  4001     00A7  3184  242D  3180   	fcall	_EUSART1_Read
  4002     00AA  0140               	movlb	0	; select bank0
  4003     00AB  00C3               	movwf	_LIN_packet
  4004     00AC                     l2540:
  4005                           
  4006                           ;mcc_generated_files/LINDrivers/lin_slave.c: 113:                 if(LIN_checkPID(LIN_pa
      +                          cket.PID) == 0){
  4007     00AC  0843               	movf	_LIN_packet,w
  4008     00AD  3184  24B1  3180   	fcall	_LIN_checkPID
  4009     00B0  3A00               	xorlw	0
  4010     00B1  1D03               	skipz
  4011     00B2  28B4               	goto	u1821
  4012     00B3  28B5               	goto	u1820
  4013     00B4                     u1821:
  4014     00B4  28B6               	goto	l2544
  4015     00B5                     u1820:
  4016     00B5  2887               	goto	l108
  4017     00B6                     l2544:
  4018                           
  4019                           ;mcc_generated_files/LINDrivers/lin_slave.c: 117:                 LIN_packet.type = LIN_
      +                          getFromTable(LIN_packet.PID, TYPE);
  4020     00B6  01F0               	clrf	LIN_getFromTable@param
  4021     00B7  0AF0               	incf	LIN_getFromTable@param,f
  4022     00B8  0140               	movlb	0	; select bank0
  4023     00B9  0843               	movf	_LIN_packet,w
  4024     00BA  3182  22DB  3180   	fcall	_LIN_getFromTable
  4025     00BD  0140               	movlb	0	; select bank0
  4026     00BE  00CD               	movwf	_LIN_packet+10
  4027     00BF                     l2546:
  4028                           
  4029                           ;mcc_generated_files/LINDrivers/lin_slave.c: 118:                 if(LIN_packet.type == 
      +                          RECEIVE){
  4030     00BF  034D               	decf	_LIN_packet+10,w
  4031     00C0  1D03               	btfss	3,2
  4032     00C1  28C3               	goto	u1831
  4033     00C2  28C4               	goto	u1830
  4034     00C3                     u1831:
  4035     00C3  28CF               	goto	l2552
  4036     00C4                     u1830:
  4037     00C4                     l2548:
  4038                           
  4039                           ;mcc_generated_files/LINDrivers/lin_slave.c: 119:                     LIN_packet.length 
      +                          = LIN_getFromTable(LIN_packet.PID, LENGTH);
  4040     00C4  3002               	movlw	2
  4041     00C5  00F0               	movwf	LIN_getFromTable@param
  4042     00C6  0843               	movf	_LIN_packet,w
  4043     00C7  3182  22DB  3180   	fcall	_LIN_getFromTable
  4044     00CA  0140               	movlb	0	; select bank0
  4045     00CB  00CE               	movwf	_LIN_packet+11
  4046     00CC                     l2550:
  4047                           
  4048                           ;mcc_generated_files/LINDrivers/lin_slave.c: 120:                     LIN_rxState = LIN_
      +                          RX_DATA;
  4049     00CC  3004               	movlw	4
  4050     00CD  00BF               	movwf	LIN_handler@LIN_rxState
  4051                           
  4052                           ;mcc_generated_files/LINDrivers/lin_slave.c: 121:                 }
  4053     00CE  297D               	goto	l132
  4054     00CF                     l2552:
  4055                           
  4056                           ;mcc_generated_files/LINDrivers/lin_slave.c: 123:                     LIN_disableRx();
  4057     00CF  3186  2601  3180   	fcall	_LIN_disableRx
  4058     00D2                     l2554:
  4059                           
  4060                           ;mcc_generated_files/LINDrivers/lin_slave.c: 124:                     LIN_rxState = LIN_
      +                          RX_TX_DATA;
  4061     00D2  3006               	movlw	6
  4062     00D3  0140               	movlb	0	; select bank0
  4063     00D4  00BF               	movwf	LIN_handler@LIN_rxState
  4064     00D5  297D               	goto	l132
  4065     00D6                     l2556:
  4066                           
  4067                           ;mcc_generated_files/LINDrivers/lin_slave.c: 129:             if(EUSART1_is_rx_ready() >
      +                           0){
  4068     00D6  3185  25AC  3180   	fcall	_EUSART1_is_rx_ready
  4069     00D9  3A00               	xorlw	0
  4070     00DA  1903               	skipnz
  4071     00DB  28DD               	goto	u1841
  4072     00DC  28DE               	goto	u1840
  4073     00DD                     u1841:
  4074     00DD  297D               	goto	l132
  4075     00DE                     u1840:
  4076     00DE                     l2558:
  4077                           
  4078                           ;mcc_generated_files/LINDrivers/lin_slave.c: 130:                 LIN_packet.data[rxData
      +                          Index] = EUSART1_Read();
  4079     00DE  3184  242D  3180   	fcall	_EUSART1_Read
  4080     00E1  0141               	movlb	1	; select bank1
  4081     00E2  00A4               	movwf	??_LIN_handler^(0+128)
  4082     00E3  3044               	movlw	low (_LIN_packet+1)
  4083     00E4  00A5               	movwf	(??_LIN_handler+1)^(0+128)
  4084     00E5  3000               	movlw	high (_LIN_packet+1)
  4085     00E6  00A6               	movwf	(??_LIN_handler+2)^(0+128)
  4086     00E7  0140               	movlb	0	; select bank0
  4087     00E8  083E               	movf	LIN_handler@rxDataIndex,w
  4088     00E9  0141               	movlb	1	; select bank1
  4089     00EA  0725               	addwf	(??_LIN_handler+1)^(0+128),w
  4090     00EB  00A7               	movwf	(??_LIN_handler+3)^(0+128)
  4091     00EC  3000               	movlw	0
  4092     00ED  3D26               	addwfc	(??_LIN_handler+2)^(0+128),w
  4093     00EE  00A8               	movwf	(??_LIN_handler+4)^(0+128)
  4094     00EF  0827               	movf	(??_LIN_handler+3)^(0+128),w
  4095     00F0  0086               	movwf	6
  4096     00F1  0828               	movf	(??_LIN_handler+4)^(0+128),w
  4097     00F2  0087               	movwf	7
  4098     00F3  0824               	movf	??_LIN_handler^(0+128),w
  4099     00F4  0081               	movwf	1
  4100     00F5                     l2560:
  4101                           
  4102                           ;mcc_generated_files/LINDrivers/lin_slave.c: 131:                 if(++rxDataIndex >= LI
      +                          N_packet.length){
  4103     00F5  3001               	movlw	1
  4104     00F6  0140               	movlb	0	; select bank0
  4105     00F7  07BE               	addwf	LIN_handler@rxDataIndex,f
  4106     00F8  084E               	movf	_LIN_packet+11,w
  4107     00F9  023E               	subwf	LIN_handler@rxDataIndex,w
  4108     00FA  1C03               	skipc
  4109     00FB  28FD               	goto	u1851
  4110     00FC  28FE               	goto	u1850
  4111     00FD                     u1851:
  4112     00FD  297D               	goto	l132
  4113     00FE                     u1850:
  4114     00FE                     l2562:
  4115                           
  4116                           ;mcc_generated_files/LINDrivers/lin_slave.c: 133:                     rxDataIndex = 0;
  4117     00FE  01BE               	clrf	LIN_handler@rxDataIndex
  4118     00FF                     l2564:
  4119                           
  4120                           ;mcc_generated_files/LINDrivers/lin_slave.c: 134:                     LIN_rxState = LIN_
      +                          RX_CHECKSUM;
  4121     00FF  3005               	movlw	5
  4122     0100  00BF               	movwf	LIN_handler@LIN_rxState
  4123     0101  297D               	goto	l132
  4124     0102                     l2566:
  4125                           
  4126                           ;mcc_generated_files/LINDrivers/lin_slave.c: 139:             if(EUSART1_is_rx_ready() >
      +                           0){
  4127     0102  3185  25AC  3180   	fcall	_EUSART1_is_rx_ready
  4128     0105  3A00               	xorlw	0
  4129     0106  1903               	skipnz
  4130     0107  2909               	goto	u1861
  4131     0108  290A               	goto	u1860
  4132     0109                     u1861:
  4133     0109  297D               	goto	l132
  4134     010A                     u1860:
  4135     010A                     l2568:
  4136                           
  4137                           ;mcc_generated_files/LINDrivers/lin_slave.c: 140:                 LIN_packet.checksum = 
      +                          EUSART1_Read();
  4138     010A  3184  242D  3180   	fcall	_EUSART1_Read
  4139     010D  0140               	movlb	0	; select bank0
  4140     010E  00CC               	movwf	_LIN_packet+9
  4141                           
  4142                           ;mcc_generated_files/LINDrivers/lin_slave.c: 141:                 if(LIN_packet.checksum
      +                           != LIN_getChecksum(LIN_packet.length, LIN_packet.PID, LIN_packet.data)) {
  4143     010F  0843               	movf	_LIN_packet,w
  4144     0110  00F0               	movwf	LIN_getChecksum@pid
  4145     0111  3044               	movlw	low (_LIN_packet+1)
  4146     0112  00F1               	movwf	LIN_getChecksum@data
  4147     0113  3000               	movlw	high (_LIN_packet+1)
  4148     0114  00F2               	movwf	LIN_getChecksum@data+1
  4149     0115  084E               	movf	_LIN_packet+11,w
  4150     0116  3183  23B0  3180   	fcall	_LIN_getChecksum
  4151     0119  0140               	movlb	0	; select bank0
  4152     011A  064C               	xorwf	_LIN_packet+9,w
  4153     011B  1903               	skipnz
  4154     011C  291E               	goto	u1871
  4155     011D  291F               	goto	u1870
  4156     011E                     u1871:
  4157     011E  2920               	goto	l124
  4158     011F                     u1870:
  4159     011F  2887               	goto	l108
  4160     0120                     l124:	
  4161                           ;mcc_generated_files/LINDrivers/lin_slave.c: 144:                 else {
  4162                           
  4163                           
  4164                           ;mcc_generated_files/LINDrivers/lin_slave.c: 145:                     LIN_rxState = LIN_
      +                          RX_RDY;
  4165     0120  3007               	movlw	7
  4166     0121  00BF               	movwf	LIN_handler@LIN_rxState
  4167     0122  297D               	goto	l132
  4168     0123                     l2572:
  4169                           
  4170                           ;mcc_generated_files/LINDrivers/lin_slave.c: 150:             LIN_queuePacket(LIN_packet
      +                          .PID);
  4171     0123  0140               	movlb	0	; select bank0
  4172     0124  0843               	movf	_LIN_packet,w
  4173     0125  3182  2204  3180   	fcall	_LIN_queuePacket
  4174     0128                     l2574:
  4175                           
  4176                           ;mcc_generated_files/LINDrivers/lin_slave.c: 151:             LIN_rxState = LIN_RX_RDY;
  4177     0128  3007               	movlw	7
  4178     0129  0140               	movlb	0	; select bank0
  4179     012A  00BF               	movwf	LIN_handler@LIN_rxState
  4180     012B                     l127:	
  4181                           ;mcc_generated_files/LINDrivers/lin_slave.c: 152:         case LIN_RX_RDY:
  4182                           
  4183                           
  4184                           ;mcc_generated_files/LINDrivers/lin_slave.c: 153:             LIN_processData();
  4185     012B  0140               	movlb	0	; select bank0
  4186     012C  0865               	movf	_LIN_processData+1,w
  4187     012D  008A               	movwf	10
  4188     012E  0864               	movf	_LIN_processData,w
  4189     012F  000A               	callw
  4190     0130  3180               	pagesel	$
  4191     0131                     l2576:
  4192                           
  4193                           ;mcc_generated_files/LINDrivers/lin_slave.c: 155:             LIN_stopTimer();
  4194     0131  3186  261A  3180   	fcall	_LIN_stopTimer
  4195     0134                     l2578:
  4196                           
  4197                           ;mcc_generated_files/LINDrivers/lin_slave.c: 156:             rxDataIndex = 0;
  4198     0134  0140               	movlb	0	; select bank0
  4199     0135  01BE               	clrf	LIN_handler@rxDataIndex
  4200     0136                     l2580:
  4201                           
  4202                           ;mcc_generated_files/LINDrivers/lin_slave.c: 157:             LIN_rxInProgress = 0;
  4203     0136  01C2               	clrf	_LIN_rxInProgress
  4204     0137                     l2582:
  4205                           
  4206                           ;mcc_generated_files/LINDrivers/lin_slave.c: 158:             memset(LIN_packet.rawPacke
      +                          t, 0, sizeof(LIN_packet.rawPacket));
  4207     0137  3043               	movlw	low _LIN_packet
  4208     0138  00F0               	movwf	memset@dest
  4209     0139  3000               	movlw	high _LIN_packet
  4210     013A  00F1               	movwf	memset@dest+1
  4211     013B  3000               	movlw	0
  4212     013C  00F2               	movwf	memset@c
  4213     013D  00F3               	movwf	memset@c+1
  4214     013E  300D               	movlw	13
  4215     013F  00F4               	movwf	memset@n
  4216     0140  3000               	movlw	0
  4217     0141  00F5               	movwf	memset@n+1
  4218     0142  3184  24CB  3180   	fcall	_memset
  4219     0145                     l2584:
  4220                           
  4221                           ;mcc_generated_files/LINDrivers/lin_slave.c: 160:             if(TX1STAbits.TRMT){
  4222     0145  0142               	movlb	2	; select bank2
  4223     0146  1C9E               	btfss	30,1	;volatile
  4224     0147  2949               	goto	u1881
  4225     0148  294A               	goto	u1880
  4226     0149                     u1881:
  4227     0149  2950               	goto	l130
  4228     014A                     u1880:
  4229     014A                     l2586:
  4230                           
  4231                           ;mcc_generated_files/LINDrivers/lin_slave.c: 161:                 LIN_enableRx();
  4232     014A  3185  25FC  3180   	fcall	_LIN_enableRx
  4233     014D                     l2588:
  4234                           
  4235                           ;mcc_generated_files/LINDrivers/lin_slave.c: 162:                 LIN_rxState = LIN_RX_I
      +                          DLE;
  4236     014D  0140               	movlb	0	; select bank0
  4237     014E  01BF               	clrf	LIN_handler@LIN_rxState
  4238                           
  4239                           ;mcc_generated_files/LINDrivers/lin_slave.c: 163:             } else {
  4240     014F  297D               	goto	l132
  4241     0150                     l130:
  4242                           
  4243                           ;mcc_generated_files/LINDrivers/lin_slave.c: 164:                 LIN_rxState = LIN_RX_W
      +                          AIT;
  4244     0150  3009               	movlw	9
  4245     0151  0140               	movlb	0	; select bank0
  4246     0152  00BF               	movwf	LIN_handler@LIN_rxState
  4247     0153  297D               	goto	l132
  4248     0154                     l2592:
  4249     0154  083F               	movf	LIN_handler@LIN_rxState,w
  4250     0155  0141               	movlb	1	; select bank1
  4251     0156  00A4               	movwf	??_LIN_handler^(0+128)
  4252     0157  01A5               	clrf	(??_LIN_handler+1)^(0+128)
  4253                           
  4254                           ; Switch on 2 bytes has been partitioned into a top level switch of size 1, and 1 sub-sw
      +                          itches
  4255                           ; Switch size 1, requested type "simple"
  4256                           ; Number of cases is 1, Range of values is 0 to 0
  4257                           ; switch strategies available:
  4258                           ; Name         Instructions Cycles
  4259                           ; simple_byte            4     3 (average)
  4260                           ; direct_byte            8     6 (fixed)
  4261                           ; jumptable            260     6 (fixed)
  4262                           ;	Chosen strategy is simple_byte
  4263     0158  0825               	movf	(??_LIN_handler+1)^(0+128),w
  4264     0159  3A00               	xorlw	0	; case 0
  4265     015A  1903               	skipnz
  4266     015B  295D               	goto	l2690
  4267     015C  297D               	goto	l132
  4268     015D                     l2690:
  4269                           
  4270                           ; Switch size 1, requested type "simple"
  4271                           ; Number of cases is 10, Range of values is 0 to 9
  4272                           ; switch strategies available:
  4273                           ; Name         Instructions Cycles
  4274                           ; direct_byte           26     6 (fixed)
  4275                           ; simple_byte           31    16 (average)
  4276                           ; jumptable            260     6 (fixed)
  4277                           ;	Chosen strategy is simple_byte
  4278     015D  0824               	movf	??_LIN_handler^(0+128),w
  4279     015E  3A00               	xorlw	0	; case 0
  4280     015F  1903               	skipnz
  4281     0160  2861               	goto	l2516
  4282     0161  3A01               	xorlw	1	; case 1
  4283     0162  1903               	skipnz
  4284     0163  2873               	goto	l2524
  4285     0164  3A03               	xorlw	3	; case 2
  4286     0165  1903               	skipnz
  4287     0166  288B               	goto	l2530
  4288     0167  3A01               	xorlw	1	; case 3
  4289     0168  1903               	skipnz
  4290     0169  289F               	goto	l2536
  4291     016A  3A07               	xorlw	7	; case 4
  4292     016B  1903               	skipnz
  4293     016C  28D6               	goto	l2556
  4294     016D  3A01               	xorlw	1	; case 5
  4295     016E  1903               	skipnz
  4296     016F  2902               	goto	l2566
  4297     0170  3A03               	xorlw	3	; case 6
  4298     0171  1903               	skipnz
  4299     0172  2923               	goto	l2572
  4300     0173  3A01               	xorlw	1	; case 7
  4301     0174  1903               	skipnz
  4302     0175  292B               	goto	l127
  4303     0176  3A0F               	xorlw	15	; case 8
  4304     0177  1903               	skipnz
  4305     0178  2931               	goto	l2576
  4306     0179  3A01               	xorlw	1	; case 9
  4307     017A  1903               	skipnz
  4308     017B  2945               	goto	l2584
  4309     017C  297D               	goto	l132
  4310     017D                     l132:
  4311     017D  0008               	return
  4312     017E                     __end_of_LIN_handler:
  4313                           
  4314                           	psect	text27
  4315     0566                     __ptext27:	
  4316 ;; *************** function _processLIN *****************
  4317 ;; Defined at:
  4318 ;;		line 49 in file "mcc_generated_files/LINDrivers/lin_app.c"
  4319 ;; Parameters:    Size  Location     Type
  4320 ;;		None
  4321 ;; Auto vars:     Size  Location     Type
  4322 ;;  cmd             1   11[COMMON] unsigned char 
  4323 ;; Return value:  Size  Location     Type
  4324 ;;                  1    wreg      void 
  4325 ;; Registers used:
  4326 ;;		wreg, fsr0l, fsr0h, fsr1l, fsr1h, status,2, status,0, pclath, cstack
  4327 ;; Tracked objects:
  4328 ;;		On entry : 0/0
  4329 ;;		On exit  : 0/0
  4330 ;;		Unchanged: 0/0
  4331 ;; Data sizes:     COMMON   BANK0   BANK1   BANK2
  4332 ;;      Params:         0       0       0       0
  4333 ;;      Locals:         1       0       0       0
  4334 ;;      Temps:          0       0       0       0
  4335 ;;      Totals:         1       0       0       0
  4336 ;;Total ram usage:        1 bytes
  4337 ;; Hardware stack levels used: 1
  4338 ;; Hardware stack levels required when called: 6
  4339 ;; This function calls:
  4340 ;;		_LIN_getPacket
  4341 ;;		_func_F150
  4342 ;; This function is called by:
  4343 ;;		_LIN_Slave_Initialize
  4344 ;;		_LIN_handler
  4345 ;; This function uses a non-reentrant model
  4346 ;;
  4347                           
  4348     0566                     _processLIN:	
  4349                           ;psect for function _processLIN
  4350                           
  4351     0566                     l2478:	
  4352                           ;incstack = 0
  4353                           ; Regs used in _processLIN: [wreg-fsr1h+status,2+status,0+pclath+cstack]
  4354                           
  4355                           
  4356                           ;mcc_generated_files/LINDrivers/lin_app.c: 51:   uint8_t cmd;;mcc_generated_files/LINDri
      +                          vers/lin_app.c: 53:   cmd = LIN_getPacket(tempRxData);
  4357     0566  3050               	movlw	(low (_tempRxData| 0))& (0+255)
  4358     0567  00F9               	movwf	LIN_getPacket@data
  4359     0568  3184  2451  3185   	fcall	_LIN_getPacket
  4360     056B  00FB               	movwf	processLIN@cmd
  4361     056C                     l2480:
  4362                           
  4363                           ;mcc_generated_files/LINDrivers/lin_app.c: 54:   if (cmd != SIGNAL)
  4364     056C  037B               	decf	processLIN@cmd,w
  4365     056D  1903               	btfsc	3,2
  4366     056E  2D70               	goto	u1711
  4367     056F  2D71               	goto	u1710
  4368     0570                     u1711:
  4369     0570  2D72               	goto	l2484
  4370     0571                     u1710:
  4371     0571  2D75               	goto	l21
  4372     0572                     l2484:
  4373                           
  4374                           ;mcc_generated_files/LINDrivers/lin_app.c: 59:   func_F150();
  4375     0572  3182  2273  3185   	fcall	_func_F150
  4376     0575                     l21:
  4377     0575  0008               	return
  4378     0576                     __end_of_processLIN:
  4379                           
  4380                           	psect	text28
  4381     0273                     __ptext28:	
  4382 ;; *************** function _func_F150 *****************
  4383 ;; Defined at:
  4384 ;;		line 43 in file "F150.c"
  4385 ;; Parameters:    Size  Location     Type
  4386 ;;		None
  4387 ;; Auto vars:     Size  Location     Type
  4388 ;;		None
  4389 ;; Return value:  Size  Location     Type
  4390 ;;                  1    wreg      void 
  4391 ;; Registers used:
  4392 ;;		wreg, fsr0l, fsr0h, status,2, status,0, pclath, cstack
  4393 ;; Tracked objects:
  4394 ;;		On entry : 0/0
  4395 ;;		On exit  : 0/0
  4396 ;;		Unchanged: 0/0
  4397 ;; Data sizes:     COMMON   BANK0   BANK1   BANK2
  4398 ;;      Params:         0       0       0       0
  4399 ;;      Locals:         0       0       0       0
  4400 ;;      Temps:          0       0       0       0
  4401 ;;      Totals:         0       0       0       0
  4402 ;;Total ram usage:        0 bytes
  4403 ;; Hardware stack levels used: 1
  4404 ;; Hardware stack levels required when called: 5
  4405 ;; This function calls:
  4406 ;;		_DRL_ON
  4407 ;;		_DRL_POS_OFF
  4408 ;;		_HIBEAM_OFF
  4409 ;;		_HIBEAM_ON
  4410 ;;		_POS_ON
  4411 ;; This function is called by:
  4412 ;;		_processLIN
  4413 ;; This function uses a non-reentrant model
  4414 ;;
  4415                           
  4416     0273                     _func_F150:	
  4417                           ;psect for function _func_F150
  4418                           
  4419     0273                     l1834:	
  4420                           ;incstack = 0
  4421                           ; Regs used in _func_F150: [wreg-fsr0h+status,2+status,0+pclath+cstack]
  4422                           
  4423                           
  4424                           ;F150.c: 45:   if (tempRxData[0] == 0x24)
  4425     0273  3024               	movlw	36
  4426     0274  0140               	movlb	0	; select bank0
  4427     0275  0650               	xorwf	_tempRxData,w
  4428     0276  1D03               	btfss	3,2
  4429     0277  2A79               	goto	u881
  4430     0278  2A7A               	goto	u880
  4431     0279                     u881:
  4432     0279  2AC8               	goto	l1880
  4433     027A                     u880:
  4434     027A  2A87               	goto	l1872
  4435     027B                     l1838:
  4436                           
  4437                           ;F150.c: 51:       DRL_POS_OFF();
  4438     027B  3186  2612  3182   	fcall	_DRL_POS_OFF
  4439                           
  4440                           ;F150.c: 52:       break;
  4441     027E  2AB9               	goto	l1874
  4442     027F                     l1846:
  4443                           
  4444                           ;F150.c: 71:       POS_ON();
  4445     027F  3186  260E  3182   	fcall	_POS_ON
  4446                           
  4447                           ;F150.c: 72:       break;
  4448     0282  2AB9               	goto	l1874
  4449     0283                     l1856:
  4450                           
  4451                           ;F150.c: 96:       DRL_ON();
  4452     0283  3186  2616  3182   	fcall	_DRL_ON
  4453                           
  4454                           ;F150.c: 97:       break;
  4455     0286  2AB9               	goto	l1874
  4456     0287                     l1872:
  4457     0287  0852               	movf	_tempRxData+2,w
  4458                           
  4459                           ; Switch size 1, requested type "simple"
  4460                           ; Number of cases is 16, Range of values is 9 to 180
  4461                           ; switch strategies available:
  4462                           ; Name         Instructions Cycles
  4463                           ; simple_byte           49    25 (average)
  4464                           ; jumptable            263     9 (fixed)
  4465                           ;	Chosen strategy is simple_byte
  4466     0288  3A09               	xorlw	9	; case 9
  4467     0289  1903               	skipnz
  4468     028A  2A7B               	goto	l1838
  4469     028B  3A03               	xorlw	3	; case 10
  4470     028C  1903               	skipnz
  4471     028D  2A7F               	goto	l1846
  4472     028E  3A01               	xorlw	1	; case 11
  4473     028F  1903               	skipnz
  4474     0290  2A7F               	goto	l1846
  4475     0291  3A07               	xorlw	7	; case 12
  4476     0292  1903               	skipnz
  4477     0293  2A7B               	goto	l1838
  4478     0294  3A1D               	xorlw	29	; case 17
  4479     0295  1903               	skipnz
  4480     0296  2A7B               	goto	l1838
  4481     0297  3A03               	xorlw	3	; case 18
  4482     0298  1903               	skipnz
  4483     0299  2A7F               	goto	l1846
  4484     029A  3A01               	xorlw	1	; case 19
  4485     029B  1903               	skipnz
  4486     029C  2A7F               	goto	l1846
  4487     029D  3A3A               	xorlw	58	; case 41
  4488     029E  1903               	skipnz
  4489     029F  2A7B               	goto	l1838
  4490     02A0  3A03               	xorlw	3	; case 42
  4491     02A1  1903               	skipnz
  4492     02A2  2A7F               	goto	l1846
  4493     02A3  3A01               	xorlw	1	; case 43
  4494     02A4  1903               	skipnz
  4495     02A5  2A7F               	goto	l1846
  4496     02A6  3A1A               	xorlw	26	; case 49
  4497     02A7  1903               	skipnz
  4498     02A8  2A7B               	goto	l1838
  4499     02A9  3A03               	xorlw	3	; case 50
  4500     02AA  1903               	skipnz
  4501     02AB  2A7F               	goto	l1846
  4502     02AC  3A01               	xorlw	1	; case 51
  4503     02AD  1903               	skipnz
  4504     02AE  2A7F               	goto	l1846
  4505     02AF  3A7F               	xorlw	127	; case 76
  4506     02B0  1903               	skipnz
  4507     02B1  2A83               	goto	l1856
  4508     02B2  3AD8               	xorlw	216	; case 148
  4509     02B3  1903               	skipnz
  4510     02B4  2A7F               	goto	l1846
  4511     02B5  3A20               	xorlw	32	; case 180
  4512     02B6  1903               	skipnz
  4513     02B7  2A7F               	goto	l1846
  4514     02B8  2AB9               	goto	l1874
  4515     02B9                     l1874:
  4516                           
  4517                           ;F150.c: 134:     if (tempRxData[1] & 0B11000000)
  4518     02B9  0140               	movlb	0	; select bank0
  4519     02BA  0851               	movf	_tempRxData+1,w
  4520     02BB  39C0               	andlw	192
  4521     02BC  1903               	btfsc	3,2
  4522     02BD  2ABF               	goto	u891
  4523     02BE  2AC0               	goto	u890
  4524     02BF                     u891:
  4525     02BF  2AC4               	goto	l1878
  4526     02C0                     u890:
  4527     02C0                     l1876:
  4528                           
  4529                           ;F150.c: 135:     {;F150.c: 136:       HIBEAM_ON();
  4530     02C0  3186  2632  3182   	fcall	_HIBEAM_ON
  4531                           
  4532                           ;F150.c: 137:     }
  4533     02C3  2ADA               	goto	l554
  4534     02C4                     l1878:
  4535                           
  4536                           ;F150.c: 139:     {;F150.c: 140:       HIBEAM_OFF();
  4537     02C4  3186  2635  3182   	fcall	_HIBEAM_OFF
  4538     02C7  2ADA               	goto	l554
  4539     02C8                     l1880:
  4540     02C8  3031               	movlw	49
  4541     02C9  0650               	xorwf	_tempRxData,w
  4542     02CA  1D03               	btfss	3,2
  4543     02CB  2ACD               	goto	u901
  4544     02CC  2ACE               	goto	u900
  4545     02CD                     u901:
  4546     02CD  2ADA               	goto	l554
  4547     02CE                     u900:
  4548     02CE                     l1882:
  4549     02CE  3008               	movlw	8
  4550     02CF  0651               	xorwf	_tempRxData+1,w
  4551     02D0  1D03               	btfss	3,2
  4552     02D1  2AD3               	goto	u911
  4553     02D2  2AD4               	goto	u910
  4554     02D3                     u911:
  4555     02D3  2ADA               	goto	l554
  4556     02D4                     u910:
  4557     02D4                     l1884:
  4558                           
  4559                           ;F150.c: 144:   {;F150.c: 145:     DRL_POS_OFF();
  4560     02D4  3186  2612  3182   	fcall	_DRL_POS_OFF
  4561                           
  4562                           ;F150.c: 146:     HIBEAM_OFF();
  4563     02D7  3186  2635  3182   	fcall	_HIBEAM_OFF
  4564     02DA                     l554:	
  4565                           ;F150.c: 147:   }
  4566                           
  4567     02DA  0008               	return
  4568     02DB                     __end_of_func_F150:
  4569                           
  4570                           	psect	text29
  4571     060E                     __ptext29:	
  4572 ;; *************** function _POS_ON *****************
  4573 ;; Defined at:
  4574 ;;		line 41 in file "gpio.c"
  4575 ;; Parameters:    Size  Location     Type
  4576 ;;		None
  4577 ;; Auto vars:     Size  Location     Type
  4578 ;;		None
  4579 ;; Return value:  Size  Location     Type
  4580 ;;                  1    wreg      void 
  4581 ;; Registers used:
  4582 ;;		None
  4583 ;; Tracked objects:
  4584 ;;		On entry : 0/0
  4585 ;;		On exit  : 0/0
  4586 ;;		Unchanged: 0/0
  4587 ;; Data sizes:     COMMON   BANK0   BANK1   BANK2
  4588 ;;      Params:         0       0       0       0
  4589 ;;      Locals:         0       0       0       0
  4590 ;;      Temps:          0       0       0       0
  4591 ;;      Totals:         0       0       0       0
  4592 ;;Total ram usage:        0 bytes
  4593 ;; Hardware stack levels used: 1
  4594 ;; Hardware stack levels required when called: 4
  4595 ;; This function calls:
  4596 ;;		Nothing
  4597 ;; This function is called by:
  4598 ;;		_func_F150
  4599 ;; This function uses a non-reentrant model
  4600 ;;
  4601                           
  4602     060E                     _POS_ON:	
  4603                           ;psect for function _POS_ON
  4604                           
  4605     060E                     l1812:	
  4606                           ;incstack = 0
  4607                           ; Regs used in _POS_ON: []
  4608                           
  4609                           
  4610                           ;gpio.c: 43:     LATAbits.LATA5 = 1;
  4611     060E  0140               	movlb	0	; select bank0
  4612     060F  1698               	bsf	24,5	;volatile
  4613                           
  4614                           ;gpio.c: 44:     LATAbits.LATA1 = 0;
  4615     0610  1098               	bcf	24,1	;volatile
  4616     0611                     l509:
  4617     0611  0008               	return
  4618     0612                     __end_of_POS_ON:
  4619                           
  4620                           	psect	text30
  4621     0632                     __ptext30:	
  4622 ;; *************** function _HIBEAM_ON *****************
  4623 ;; Defined at:
  4624 ;;		line 34 in file "gpio.c"
  4625 ;; Parameters:    Size  Location     Type
  4626 ;;		None
  4627 ;; Auto vars:     Size  Location     Type
  4628 ;;		None
  4629 ;; Return value:  Size  Location     Type
  4630 ;;                  1    wreg      void 
  4631 ;; Registers used:
  4632 ;;		None
  4633 ;; Tracked objects:
  4634 ;;		On entry : 0/0
  4635 ;;		On exit  : 0/0
  4636 ;;		Unchanged: 0/0
  4637 ;; Data sizes:     COMMON   BANK0   BANK1   BANK2
  4638 ;;      Params:         0       0       0       0
  4639 ;;      Locals:         0       0       0       0
  4640 ;;      Temps:          0       0       0       0
  4641 ;;      Totals:         0       0       0       0
  4642 ;;Total ram usage:        0 bytes
  4643 ;; Hardware stack levels used: 1
  4644 ;; Hardware stack levels required when called: 4
  4645 ;; This function calls:
  4646 ;;		Nothing
  4647 ;; This function is called by:
  4648 ;;		_func_F150
  4649 ;; This function uses a non-reentrant model
  4650 ;;
  4651                           
  4652     0632                     _HIBEAM_ON:	
  4653                           ;psect for function _HIBEAM_ON
  4654                           
  4655     0632                     l1806:	
  4656                           ;incstack = 0
  4657                           ; Regs used in _HIBEAM_ON: []
  4658                           
  4659     0632  0140               	movlb	0	; select bank0
  4660     0633  1618               	bsf	24,4	;volatile
  4661     0634                     l500:
  4662     0634  0008               	return
  4663     0635                     __end_of_HIBEAM_ON:
  4664                           
  4665                           	psect	text31
  4666     0635                     __ptext31:	
  4667 ;; *************** function _HIBEAM_OFF *****************
  4668 ;; Defined at:
  4669 ;;		line 35 in file "gpio.c"
  4670 ;; Parameters:    Size  Location     Type
  4671 ;;		None
  4672 ;; Auto vars:     Size  Location     Type
  4673 ;;		None
  4674 ;; Return value:  Size  Location     Type
  4675 ;;                  1    wreg      void 
  4676 ;; Registers used:
  4677 ;;		None
  4678 ;; Tracked objects:
  4679 ;;		On entry : 0/0
  4680 ;;		On exit  : 0/0
  4681 ;;		Unchanged: 0/0
  4682 ;; Data sizes:     COMMON   BANK0   BANK1   BANK2
  4683 ;;      Params:         0       0       0       0
  4684 ;;      Locals:         0       0       0       0
  4685 ;;      Temps:          0       0       0       0
  4686 ;;      Totals:         0       0       0       0
  4687 ;;Total ram usage:        0 bytes
  4688 ;; Hardware stack levels used: 1
  4689 ;; Hardware stack levels required when called: 4
  4690 ;; This function calls:
  4691 ;;		Nothing
  4692 ;; This function is called by:
  4693 ;;		_func_F150
  4694 ;; This function uses a non-reentrant model
  4695 ;;
  4696                           
  4697     0635                     _HIBEAM_OFF:	
  4698                           ;psect for function _HIBEAM_OFF
  4699                           
  4700     0635                     l1808:	
  4701                           ;incstack = 0
  4702                           ; Regs used in _HIBEAM_OFF: []
  4703                           
  4704     0635  0140               	movlb	0	; select bank0
  4705     0636  1218               	bcf	24,4	;volatile
  4706     0637                     l503:
  4707     0637  0008               	return
  4708     0638                     __end_of_HIBEAM_OFF:
  4709                           
  4710                           	psect	text32
  4711     0612                     __ptext32:	
  4712 ;; *************** function _DRL_POS_OFF *****************
  4713 ;; Defined at:
  4714 ;;		line 46 in file "gpio.c"
  4715 ;; Parameters:    Size  Location     Type
  4716 ;;		None
  4717 ;; Auto vars:     Size  Location     Type
  4718 ;;		None
  4719 ;; Return value:  Size  Location     Type
  4720 ;;                  1    wreg      void 
  4721 ;; Registers used:
  4722 ;;		None
  4723 ;; Tracked objects:
  4724 ;;		On entry : 0/0
  4725 ;;		On exit  : 0/0
  4726 ;;		Unchanged: 0/0
  4727 ;; Data sizes:     COMMON   BANK0   BANK1   BANK2
  4728 ;;      Params:         0       0       0       0
  4729 ;;      Locals:         0       0       0       0
  4730 ;;      Temps:          0       0       0       0
  4731 ;;      Totals:         0       0       0       0
  4732 ;;Total ram usage:        0 bytes
  4733 ;; Hardware stack levels used: 1
  4734 ;; Hardware stack levels required when called: 4
  4735 ;; This function calls:
  4736 ;;		Nothing
  4737 ;; This function is called by:
  4738 ;;		_func_F150
  4739 ;; This function uses a non-reentrant model
  4740 ;;
  4741                           
  4742     0612                     _DRL_POS_OFF:	
  4743                           ;psect for function _DRL_POS_OFF
  4744                           
  4745     0612                     l1814:	
  4746                           ;incstack = 0
  4747                           ; Regs used in _DRL_POS_OFF: []
  4748                           
  4749                           
  4750                           ;gpio.c: 48:     LATAbits.LATA1 = 0;
  4751     0612  0140               	movlb	0	; select bank0
  4752     0613  1098               	bcf	24,1	;volatile
  4753                           
  4754                           ;gpio.c: 49:     LATAbits.LATA5 = 0;
  4755     0614  1298               	bcf	24,5	;volatile
  4756     0615                     l512:
  4757     0615  0008               	return
  4758     0616                     __end_of_DRL_POS_OFF:
  4759                           
  4760                           	psect	text33
  4761     0616                     __ptext33:	
  4762 ;; *************** function _DRL_ON *****************
  4763 ;; Defined at:
  4764 ;;		line 36 in file "gpio.c"
  4765 ;; Parameters:    Size  Location     Type
  4766 ;;		None
  4767 ;; Auto vars:     Size  Location     Type
  4768 ;;		None
  4769 ;; Return value:  Size  Location     Type
  4770 ;;                  1    wreg      void 
  4771 ;; Registers used:
  4772 ;;		None
  4773 ;; Tracked objects:
  4774 ;;		On entry : 0/0
  4775 ;;		On exit  : 0/0
  4776 ;;		Unchanged: 0/0
  4777 ;; Data sizes:     COMMON   BANK0   BANK1   BANK2
  4778 ;;      Params:         0       0       0       0
  4779 ;;      Locals:         0       0       0       0
  4780 ;;      Temps:          0       0       0       0
  4781 ;;      Totals:         0       0       0       0
  4782 ;;Total ram usage:        0 bytes
  4783 ;; Hardware stack levels used: 1
  4784 ;; Hardware stack levels required when called: 4
  4785 ;; This function calls:
  4786 ;;		Nothing
  4787 ;; This function is called by:
  4788 ;;		_func_F150
  4789 ;; This function uses a non-reentrant model
  4790 ;;
  4791                           
  4792     0616                     _DRL_ON:	
  4793                           ;psect for function _DRL_ON
  4794                           
  4795     0616                     l1810:	
  4796                           ;incstack = 0
  4797                           ; Regs used in _DRL_ON: []
  4798                           
  4799                           
  4800                           ;gpio.c: 38:     LATAbits.LATA1 = 1;
  4801     0616  0140               	movlb	0	; select bank0
  4802     0617  1498               	bsf	24,1	;volatile
  4803                           
  4804                           ;gpio.c: 39:     LATAbits.LATA5 = 0;
  4805     0618  1298               	bcf	24,5	;volatile
  4806     0619                     l506:
  4807     0619  0008               	return
  4808     061A                     __end_of_DRL_ON:
  4809                           
  4810                           	psect	text34
  4811     0451                     __ptext34:	
  4812 ;; *************** function _LIN_getPacket *****************
  4813 ;; Defined at:
  4814 ;;		line 181 in file "mcc_generated_files/LINDrivers/lin_slave.c"
  4815 ;; Parameters:    Size  Location     Type
  4816 ;;  data            1    9[COMMON] PTR unsigned char 
  4817 ;;		 -> tempRxData(8), 
  4818 ;; Auto vars:     Size  Location     Type
  4819 ;;  cmd             1   10[COMMON] unsigned char 
  4820 ;; Return value:  Size  Location     Type
  4821 ;;                  1    wreg      unsigned char 
  4822 ;; Registers used:
  4823 ;;		wreg, fsr1l, fsr1h, status,2, status,0, pclath, cstack
  4824 ;; Tracked objects:
  4825 ;;		On entry : 0/0
  4826 ;;		On exit  : 0/0
  4827 ;;		Unchanged: 0/0
  4828 ;; Data sizes:     COMMON   BANK0   BANK1   BANK2
  4829 ;;      Params:         1       0       0       0
  4830 ;;      Locals:         1       0       0       0
  4831 ;;      Temps:          0       0       0       0
  4832 ;;      Totals:         2       0       0       0
  4833 ;;Total ram usage:        2 bytes
  4834 ;; Hardware stack levels used: 1
  4835 ;; Hardware stack levels required when called: 5
  4836 ;; This function calls:
  4837 ;;		_memcpy
  4838 ;;		_memset
  4839 ;; This function is called by:
  4840 ;;		_processLIN
  4841 ;; This function uses a non-reentrant model
  4842 ;;
  4843                           
  4844     0451                     _LIN_getPacket:	
  4845                           ;psect for function _LIN_getPacket
  4846                           
  4847     0451                     l2456:	
  4848                           ;incstack = 0
  4849                           ; Regs used in _LIN_getPacket: [wreg+fsr1l+fsr1h+status,2+status,0+pclath+cstack]
  4850                           
  4851                           
  4852                           ;mcc_generated_files/LINDrivers/lin_slave.c: 182:     uint8_t cmd = LIN_packet.PID & 0x3
      +                          F;
  4853     0451  0140               	movlb	0	; select bank0
  4854     0452  0843               	movf	_LIN_packet,w
  4855     0453  393F               	andlw	63
  4856     0454  00FA               	movwf	LIN_getPacket@cmd
  4857     0455                     l2458:
  4858                           
  4859                           ;mcc_generated_files/LINDrivers/lin_slave.c: 184:     memcpy(data, LIN_packet.data, size
      +                          of(LIN_packet.data));
  4860     0455  0879               	movf	LIN_getPacket@data,w
  4861     0456  00F0               	movwf	memcpy@d1
  4862     0457  01F1               	clrf	memcpy@d1+1
  4863     0458  3044               	movlw	low (_LIN_packet+1)
  4864     0459  00F2               	movwf	memcpy@s1
  4865     045A  3000               	movlw	high (_LIN_packet+1)
  4866     045B  00F3               	movwf	memcpy@s1+1
  4867     045C  3008               	movlw	8
  4868     045D  00F4               	movwf	memcpy@n
  4869     045E  3000               	movlw	0
  4870     045F  00F5               	movwf	memcpy@n+1
  4871     0460  3184  2473  3184   	fcall	_memcpy
  4872     0463                     l2460:
  4873                           
  4874                           ;mcc_generated_files/LINDrivers/lin_slave.c: 185:     memset(LIN_packet.rawPacket, 0, si
      +                          zeof(LIN_packet.rawPacket));
  4875     0463  3043               	movlw	low _LIN_packet
  4876     0464  00F0               	movwf	memset@dest
  4877     0465  3000               	movlw	high _LIN_packet
  4878     0466  00F1               	movwf	memset@dest+1
  4879     0467  3000               	movlw	0
  4880     0468  00F2               	movwf	memset@c
  4881     0469  00F3               	movwf	memset@c+1
  4882     046A  300D               	movlw	13
  4883     046B  00F4               	movwf	memset@n
  4884     046C  3000               	movlw	0
  4885     046D  00F5               	movwf	memset@n+1
  4886     046E  3184  24CB  3184   	fcall	_memset
  4887     0471                     l2462:
  4888                           
  4889                           ;mcc_generated_files/LINDrivers/lin_slave.c: 187:     return cmd;
  4890     0471  087A               	movf	LIN_getPacket@cmd,w
  4891     0472                     l141:
  4892     0472  0008               	return
  4893     0473                     __end_of_LIN_getPacket:
  4894                           
  4895                           	psect	text35
  4896     04CB                     __ptext35:	
  4897 ;; *************** function _memset *****************
  4898 ;; Defined at:
  4899 ;;		line 3 in file "C:\Program Files\Microchip\xc8\v3.10\pic\sources\c99\common\memset.c"
  4900 ;; Parameters:    Size  Location     Type
  4901 ;;  dest            2    0[COMMON] PTR void 
  4902 ;;		 -> LIN_packet(13), 
  4903 ;;  c               2    2[COMMON] int 
  4904 ;;  n               2    4[COMMON] unsigned int 
  4905 ;; Auto vars:     Size  Location     Type
  4906 ;;  p               1    6[COMMON] PTR unsigned char 
  4907 ;;		 -> LIN_packet(13), 
  4908 ;; Return value:  Size  Location     Type
  4909 ;;                  2    0[COMMON] PTR void 
  4910 ;; Registers used:
  4911 ;;		wreg, fsr1l, fsr1h, status,2, status,0
  4912 ;; Tracked objects:
  4913 ;;		On entry : 0/0
  4914 ;;		On exit  : 0/0
  4915 ;;		Unchanged: 0/0
  4916 ;; Data sizes:     COMMON   BANK0   BANK1   BANK2
  4917 ;;      Params:         6       0       0       0
  4918 ;;      Locals:         1       0       0       0
  4919 ;;      Temps:          0       0       0       0
  4920 ;;      Totals:         7       0       0       0
  4921 ;;Total ram usage:        7 bytes
  4922 ;; Hardware stack levels used: 1
  4923 ;; Hardware stack levels required when called: 4
  4924 ;; This function calls:
  4925 ;;		Nothing
  4926 ;; This function is called by:
  4927 ;;		_LIN_handler
  4928 ;;		_LIN_getPacket
  4929 ;; This function uses a non-reentrant model
  4930 ;;
  4931                           
  4932     04CB                     _memset:	
  4933                           ;psect for function _memset
  4934                           
  4935     04CB                     l2430:	
  4936                           ;incstack = 0
  4937                           ; Regs used in _memset: [wreg+fsr1l+fsr1h+status,2+status,0]
  4938                           
  4939     04CB  0870               	movf	memset@dest,w
  4940     04CC  00F6               	movwf	memset@p
  4941     04CD  2CD5               	goto	l2436
  4942     04CE                     l2432:
  4943     04CE  0876               	movf	memset@p,w
  4944     04CF  0086               	movwf	6
  4945     04D0  0187               	clrf	7
  4946     04D1  0872               	movf	memset@c,w
  4947     04D2  0081               	movwf	1
  4948     04D3                     l2434:
  4949     04D3  3001               	movlw	1
  4950     04D4  07F6               	addwf	memset@p,f
  4951     04D5                     l2436:
  4952     04D5  3001               	movlw	1
  4953     04D6  02F4               	subwf	memset@n,f
  4954     04D7  3000               	movlw	0
  4955     04D8  3BF5               	subwfb	memset@n+1,f
  4956     04D9  0A74               	incf	memset@n,w
  4957     04DA  1D03               	skipz
  4958     04DB  2CE0               	goto	u1661
  4959     04DC  0A75               	incf	memset@n+1,w
  4960     04DD  1D03               	btfss	3,2
  4961     04DE  2CE0               	goto	u1661
  4962     04DF  2CE1               	goto	u1660
  4963     04E0                     u1661:
  4964     04E0  2CCE               	goto	l2432
  4965     04E1                     u1660:
  4966     04E1                     l1078:
  4967     04E1  0008               	return
  4968     04E2                     __end_of_memset:
  4969                           
  4970                           	psect	text36
  4971     061A                     __ptext36:	
  4972 ;; *************** function _LIN_stopTimer *****************
  4973 ;; Defined at:
  4974 ;;		line 282 in file "mcc_generated_files/LINDrivers/lin_slave.c"
  4975 ;; Parameters:    Size  Location     Type
  4976 ;;		None
  4977 ;; Auto vars:     Size  Location     Type
  4978 ;;		None
  4979 ;; Return value:  Size  Location     Type
  4980 ;;                  1    wreg      void 
  4981 ;; Registers used:
  4982 ;;		status,2
  4983 ;; Tracked objects:
  4984 ;;		On entry : 0/0
  4985 ;;		On exit  : 0/0
  4986 ;;		Unchanged: 0/0
  4987 ;; Data sizes:     COMMON   BANK0   BANK1   BANK2
  4988 ;;      Params:         0       0       0       0
  4989 ;;      Locals:         0       0       0       0
  4990 ;;      Temps:          0       0       0       0
  4991 ;;      Totals:         0       0       0       0
  4992 ;;Total ram usage:        0 bytes
  4993 ;; Hardware stack levels used: 1
  4994 ;; Hardware stack levels required when called: 4
  4995 ;; This function calls:
  4996 ;;		Nothing
  4997 ;; This function is called by:
  4998 ;;		_LIN_init
  4999 ;;		_LIN_handler
  5000 ;; This function uses a non-reentrant model
  5001 ;;
  5002                           
  5003     061A                     _LIN_stopTimer:	
  5004                           ;psect for function _LIN_stopTimer
  5005                           
  5006     061A                     l1746:	
  5007                           ;incstack = 0
  5008                           ; Regs used in _LIN_stopTimer: [status,2]
  5009                           
  5010                           
  5011                           ;mcc_generated_files/LINDrivers/lin_slave.c: 284:     CountCallBack = 0;
  5012     061A  0140               	movlb	0	; select bank0
  5013     061B  01C0               	clrf	_CountCallBack	;volatile
  5014                           
  5015                           ;mcc_generated_files/LINDrivers/lin_slave.c: 285:     LIN_timerRunning = 0;
  5016     061C  01C1               	clrf	_LIN_timerRunning
  5017     061D                     l183:
  5018     061D  0008               	return
  5019     061E                     __end_of_LIN_stopTimer:
  5020                           
  5021                           	psect	text37
  5022     0585                     __ptext37:	
  5023 ;; *************** function _LIN_startTimer *****************
  5024 ;; Defined at:
  5025 ;;		line 261 in file "mcc_generated_files/LINDrivers/lin_slave.c"
  5026 ;; Parameters:    Size  Location     Type
  5027 ;;  timeout         1    wreg     unsigned char 
  5028 ;; Auto vars:     Size  Location     Type
  5029 ;;  timeout         1    1[COMMON] unsigned char 
  5030 ;; Return value:  Size  Location     Type
  5031 ;;                  1    wreg      void 
  5032 ;; Registers used:
  5033 ;;		wreg, status,2, status,0, pclath, cstack
  5034 ;; Tracked objects:
  5035 ;;		On entry : 0/0
  5036 ;;		On exit  : 0/0
  5037 ;;		Unchanged: 0/0
  5038 ;; Data sizes:     COMMON   BANK0   BANK1   BANK2
  5039 ;;      Params:         0       0       0       0
  5040 ;;      Locals:         1       0       0       0
  5041 ;;      Temps:          0       0       0       0
  5042 ;;      Totals:         1       0       0       0
  5043 ;;Total ram usage:        1 bytes
  5044 ;; Hardware stack levels used: 1
  5045 ;; Hardware stack levels required when called: 5
  5046 ;; This function calls:
  5047 ;;		_TMR0_WriteTimer
  5048 ;; This function is called by:
  5049 ;;		_LIN_handler
  5050 ;; This function uses a non-reentrant model
  5051 ;;
  5052                           
  5053     0585                     _LIN_startTimer:	
  5054                           ;psect for function _LIN_startTimer
  5055                           
  5056                           
  5057                           ;incstack = 0
  5058                           ; Regs used in _LIN_startTimer: [wreg+status,2+status,0+pclath+cstack]
  5059                           ;LIN_startTimer@timeout stored from wreg
  5060     0585  00F1               	movwf	LIN_startTimer@timeout
  5061     0586                     l2046:
  5062                           
  5063                           ;mcc_generated_files/LINDrivers/lin_slave.c: 262:     LIN_timeout = timeout;
  5064     0586  0871               	movf	LIN_startTimer@timeout,w
  5065     0587  0140               	movlb	0	; select bank0
  5066     0588  00EC               	movwf	_LIN_timeout
  5067     0589                     l2048:
  5068                           
  5069                           ;mcc_generated_files/LINDrivers/lin_slave.c: 263:     TMR0_WriteTimer(0);
  5070     0589  3000               	movlw	0
  5071     058A  3185  25F7  3185   	fcall	_TMR0_WriteTimer
  5072     058D                     l2050:
  5073                           
  5074                           ;mcc_generated_files/LINDrivers/lin_slave.c: 264:     __nop();
  5075     058D  0000               	nop
  5076     058E                     l2052:
  5077                           
  5078                           ;mcc_generated_files/LINDrivers/lin_slave.c: 265:     CountCallBack = 0;
  5079     058E  0140               	movlb	0	; select bank0
  5080     058F  01C0               	clrf	_CountCallBack	;volatile
  5081     0590                     l2054:
  5082                           
  5083                           ;mcc_generated_files/LINDrivers/lin_slave.c: 266:     LIN_timerRunning = 1;
  5084     0590  3001               	movlw	1
  5085     0591  00C1               	movwf	_LIN_timerRunning
  5086     0592                     l173:
  5087     0592  0008               	return
  5088     0593                     __end_of_LIN_startTimer:
  5089                           
  5090                           	psect	text38
  5091     05F7                     __ptext38:	
  5092 ;; *************** function _TMR0_WriteTimer *****************
  5093 ;; Defined at:
  5094 ;;		line 109 in file "mcc_generated_files/tmr0.c"
  5095 ;; Parameters:    Size  Location     Type
  5096 ;;  timerVal        1    wreg     unsigned char 
  5097 ;; Auto vars:     Size  Location     Type
  5098 ;;  timerVal        1    0[COMMON] unsigned char 
  5099 ;; Return value:  Size  Location     Type
  5100 ;;                  1    wreg      void 
  5101 ;; Registers used:
  5102 ;;		wreg
  5103 ;; Tracked objects:
  5104 ;;		On entry : 0/0
  5105 ;;		On exit  : 0/0
  5106 ;;		Unchanged: 0/0
  5107 ;; Data sizes:     COMMON   BANK0   BANK1   BANK2
  5108 ;;      Params:         0       0       0       0
  5109 ;;      Locals:         1       0       0       0
  5110 ;;      Temps:          0       0       0       0
  5111 ;;      Totals:         1       0       0       0
  5112 ;;Total ram usage:        1 bytes
  5113 ;; Hardware stack levels used: 1
  5114 ;; Hardware stack levels required when called: 4
  5115 ;; This function calls:
  5116 ;;		Nothing
  5117 ;; This function is called by:
  5118 ;;		_LIN_startTimer
  5119 ;;		_Clear_No_Call_Warning
  5120 ;; This function uses a non-reentrant model
  5121 ;;
  5122                           
  5123     05F7                     _TMR0_WriteTimer:	
  5124                           ;psect for function _TMR0_WriteTimer
  5125                           
  5126                           
  5127                           ;incstack = 0
  5128                           ; Regs used in _TMR0_WriteTimer: [wreg]
  5129                           ;TMR0_WriteTimer@timerVal stored from wreg
  5130     05F7  00F0               	movwf	TMR0_WriteTimer@timerVal
  5131     05F8                     l1980:
  5132                           
  5133                           ;mcc_generated_files/tmr0.c: 109: void TMR0_WriteTimer(uint8_t timerVal);mcc_generated_f
      +                          iles/tmr0.c: 110: {;mcc_generated_files/tmr0.c: 112:     TMR0L = timerVal;
  5134     05F8  0870               	movf	TMR0_WriteTimer@timerVal,w
  5135     05F9  014B               	movlb	11	; select bank11
  5136     05FA  009C               	movwf	28	;volatile
  5137     05FB                     l460:
  5138     05FB  0008               	return
  5139     05FC                     __end_of_TMR0_WriteTimer:
  5140                           
  5141                           	psect	text39
  5142     0204                     __ptext39:	
  5143 ;; *************** function _LIN_queuePacket *****************
  5144 ;; Defined at:
  5145 ;;		line 46 in file "mcc_generated_files/LINDrivers/lin_slave.c"
  5146 ;; Parameters:    Size  Location     Type
  5147 ;;  cmd             1    wreg     unsigned char 
  5148 ;; Auto vars:     Size  Location     Type
  5149 ;;  cmd             1    0[BANK1 ] unsigned char 
  5150 ;;  i               1    1[BANK1 ] unsigned char 
  5151 ;;  tempSchedule    2    2[BANK1 ] PTR const struct .
  5152 ;;		 -> NULL(0), scheduleTable(5), 
  5153 ;; Return value:  Size  Location     Type
  5154 ;;                  1    wreg      void 
  5155 ;; Registers used:
  5156 ;;		wreg, fsr0l, fsr0h, fsr1l, fsr1h, status,2, status,0, pclath, cstack
  5157 ;; Tracked objects:
  5158 ;;		On entry : 0/0
  5159 ;;		On exit  : 0/0
  5160 ;;		Unchanged: 0/0
  5161 ;; Data sizes:     COMMON   BANK0   BANK1   BANK2
  5162 ;;      Params:         0       0       0       0
  5163 ;;      Locals:         0       0       4       0
  5164 ;;      Temps:          0       3       0       0
  5165 ;;      Totals:         0       3       4       0
  5166 ;;Total ram usage:        7 bytes
  5167 ;; Hardware stack levels used: 1
  5168 ;; Hardware stack levels required when called: 6
  5169 ;; This function calls:
  5170 ;;		_LIN_getChecksum
  5171 ;;		_LIN_sendPacket
  5172 ;;		_memcpy
  5173 ;; This function is called by:
  5174 ;;		_LIN_handler
  5175 ;; This function uses a non-reentrant model
  5176 ;;
  5177                           
  5178     0204                     _LIN_queuePacket:	
  5179                           ;psect for function _LIN_queuePacket
  5180                           
  5181                           
  5182                           ;incstack = 0
  5183                           ; Regs used in _LIN_queuePacket: [wreg-fsr1h+status,2+status,0+pclath+cstack]
  5184                           ;LIN_queuePacket@cmd stored from wreg
  5185     0204  0141               	movlb	1	; select bank1
  5186     0205  00A0               	movwf	LIN_queuePacket@cmd^(0+128)
  5187     0206                     l2486:
  5188                           
  5189                           ;mcc_generated_files/LINDrivers/lin_slave.c: 47:     const lin_rx_cmd_t* tempSchedule = 
      +                          LIN_rxCommand;
  5190     0206  0140               	movlb	0	; select bank0
  5191     0207  0863               	movf	_LIN_rxCommand+1,w
  5192     0208  0141               	movlb	1	; select bank1
  5193     0209  00A3               	movwf	(LIN_queuePacket@tempSchedule+1)^(0+128)
  5194     020A  0140               	movlb	0	; select bank0
  5195     020B  0862               	movf	_LIN_rxCommand,w
  5196     020C  0141               	movlb	1	; select bank1
  5197     020D  00A2               	movwf	LIN_queuePacket@tempSchedule^(0+128)
  5198     020E                     l2488:
  5199                           
  5200                           ;mcc_generated_files/LINDrivers/lin_slave.c: 49:     cmd &= 0x3F;
  5201     020E  303F               	movlw	63
  5202     020F  05A0               	andwf	LIN_queuePacket@cmd^(0+128),f
  5203     0210                     l2490:
  5204                           
  5205                           ;mcc_generated_files/LINDrivers/lin_slave.c: 50:     for(uint8_t i = 0; i < LIN_rxComman
      +                          dLength; i++){
  5206     0210  01A1               	clrf	LIN_queuePacket@i^(0+128)
  5207     0211  2A23               	goto	l2500
  5208     0212                     l2492:
  5209                           
  5210                           ;mcc_generated_files/LINDrivers/lin_slave.c: 51:         if(cmd == tempSchedule->cmd){
  5211     0212  0822               	movf	LIN_queuePacket@tempSchedule^(0+128),w
  5212     0213  0084               	movwf	4
  5213     0214  0823               	movf	(LIN_queuePacket@tempSchedule+1)^(0+128),w
  5214     0215  0085               	movwf	5
  5215     0216  0800               	movf	0,w	;code access
  5216     0217  0620               	xorwf	LIN_queuePacket@cmd^(0+128),w
  5217     0218  1D03               	skipz
  5218     0219  2A1B               	goto	u1721
  5219     021A  2A1C               	goto	u1720
  5220     021B                     u1721:
  5221     021B  2A1D               	goto	l2496
  5222     021C                     u1720:
  5223     021C  2A2B               	goto	l2502
  5224     021D                     l2496:
  5225                           
  5226                           ;mcc_generated_files/LINDrivers/lin_slave.c: 54:         tempSchedule++;
  5227     021D  3005               	movlw	5
  5228     021E  07A2               	addwf	LIN_queuePacket@tempSchedule^(0+128),f
  5229     021F  3000               	movlw	0
  5230     0220  3DA3               	addwfc	(LIN_queuePacket@tempSchedule+1)^(0+128),f
  5231     0221                     l2498:
  5232                           
  5233                           ;mcc_generated_files/LINDrivers/lin_slave.c: 55:     }
  5234     0221  3001               	movlw	1
  5235     0222  07A1               	addwf	LIN_queuePacket@i^(0+128),f
  5236     0223                     l2500:
  5237     0223  0140               	movlb	0	; select bank0
  5238     0224  0866               	movf	_LIN_rxCommandLength,w
  5239     0225  0141               	movlb	1	; select bank1
  5240     0226  0221               	subwf	LIN_queuePacket@i^(0+128),w
  5241     0227  1C03               	skipc
  5242     0228  2A2A               	goto	u1731
  5243     0229  2A2B               	goto	u1730
  5244     022A                     u1731:
  5245     022A  2A12               	goto	l2492
  5246     022B                     u1730:
  5247     022B                     l2502:
  5248                           
  5249                           ;mcc_generated_files/LINDrivers/lin_slave.c: 57:     LIN_packet.type = tempSchedule->typ
      +                          e;
  5250     022B  3001               	movlw	1
  5251     022C  0722               	addwf	LIN_queuePacket@tempSchedule^(0+128),w
  5252     022D  0084               	movwf	4
  5253     022E  0823               	movf	(LIN_queuePacket@tempSchedule+1)^(0+128),w
  5254     022F  1803               	skipnc
  5255     0230  3E01               	addlw	1
  5256     0231  0085               	movwf	5
  5257     0232  0800               	movf	0,w	;code access
  5258     0233  0140               	movlb	0	; select bank0
  5259     0234  00CD               	movwf	_LIN_packet+10
  5260                           
  5261                           ;mcc_generated_files/LINDrivers/lin_slave.c: 58:     LIN_packet.length = tempSchedule->l
      +                          ength;
  5262     0235  3002               	movlw	2
  5263     0236  0141               	movlb	1	; select bank1
  5264     0237  0722               	addwf	LIN_queuePacket@tempSchedule^(0+128),w
  5265     0238  0084               	movwf	4
  5266     0239  0823               	movf	(LIN_queuePacket@tempSchedule+1)^(0+128),w
  5267     023A  1803               	skipnc
  5268     023B  3E01               	addlw	1
  5269     023C  0085               	movwf	5
  5270     023D  0800               	movf	0,w	;code access
  5271     023E  0140               	movlb	0	; select bank0
  5272     023F  00CE               	movwf	_LIN_packet+11
  5273     0240                     l2504:
  5274                           
  5275                           ;mcc_generated_files/LINDrivers/lin_slave.c: 62:     memcpy(LIN_packet.data, tempSchedul
      +                          e->data, LIN_packet.length);
  5276     0240  3044               	movlw	low (_LIN_packet+1)
  5277     0241  00F0               	movwf	memcpy@d1
  5278     0242  3000               	movlw	high (_LIN_packet+1)
  5279     0243  00F1               	movwf	memcpy@d1+1
  5280     0244  3003               	movlw	3
  5281     0245  0141               	movlb	1	; select bank1
  5282     0246  0722               	addwf	LIN_queuePacket@tempSchedule^(0+128),w
  5283     0247  0084               	movwf	4
  5284     0248  0823               	movf	(LIN_queuePacket@tempSchedule+1)^(0+128),w
  5285     0249  1803               	skipnc
  5286     024A  3E01               	addlw	1
  5287     024B  0085               	movwf	5
  5288     024C  3F00               	moviw [0]fsr0
  5289     024D  00F2               	movwf	memcpy@s1
  5290     024E  3F01               	moviw [1]fsr0
  5291     024F  00F3               	movwf	memcpy@s1+1
  5292     0250  0140               	movlb	0	; select bank0
  5293     0251  084E               	movf	_LIN_packet+11,w
  5294     0252  00EA               	movwf	??_LIN_queuePacket+1
  5295     0253  01EB               	clrf	??_LIN_queuePacket+2
  5296     0254  086A               	movf	??_LIN_queuePacket+1,w
  5297     0255  00F4               	movwf	memcpy@n
  5298     0256  086B               	movf	??_LIN_queuePacket+2,w
  5299     0257  00F5               	movwf	memcpy@n+1
  5300     0258  3184  2473  3182   	fcall	_memcpy
  5301     025B                     l2506:
  5302                           
  5303                           ;mcc_generated_files/LINDrivers/lin_slave.c: 65:     LIN_packet.checksum = LIN_getChecks
      +                          um(LIN_packet.length, LIN_packet.PID, LIN_packet.data);
  5304     025B  0140               	movlb	0	; select bank0
  5305     025C  0843               	movf	_LIN_packet,w
  5306     025D  00F0               	movwf	LIN_getChecksum@pid
  5307     025E  3044               	movlw	low (_LIN_packet+1)
  5308     025F  00F1               	movwf	LIN_getChecksum@data
  5309     0260  3000               	movlw	high (_LIN_packet+1)
  5310     0261  00F2               	movwf	LIN_getChecksum@data+1
  5311     0262  084E               	movf	_LIN_packet+11,w
  5312     0263  3183  23B0  3182   	fcall	_LIN_getChecksum
  5313     0266  0140               	movlb	0	; select bank0
  5314     0267  00CC               	movwf	_LIN_packet+9
  5315     0268                     l2508:
  5316                           
  5317                           ;mcc_generated_files/LINDrivers/lin_slave.c: 66:     LIN_sendPacket(LIN_packet.length, L
      +                          IN_packet.PID, LIN_packet.data);
  5318     0268  0843               	movf	_LIN_packet,w
  5319     0269  00FA               	movwf	LIN_sendPacket@pid
  5320     026A  3044               	movlw	low (_LIN_packet+1)
  5321     026B  00FB               	movwf	LIN_sendPacket@data
  5322     026C  3000               	movlw	high (_LIN_packet+1)
  5323     026D  00FC               	movwf	LIN_sendPacket@data+1
  5324     026E  084E               	movf	_LIN_packet+11,w
  5325     026F  3184  2408  3182   	fcall	_LIN_sendPacket
  5326     0272                     l93:
  5327     0272  0008               	return
  5328     0273                     __end_of_LIN_queuePacket:
  5329                           
  5330                           	psect	text40
  5331     0473                     __ptext40:	
  5332 ;; *************** function _memcpy *****************
  5333 ;; Defined at:
  5334 ;;		line 4 in file "C:\Program Files\Microchip\xc8\v3.10\pic\sources\c99\common\memcpy.c"
  5335 ;; Parameters:    Size  Location     Type
  5336 ;;  d1              2    0[COMMON] PTR void 
  5337 ;;		 -> LIN_packet(13), tempRxData(8), 
  5338 ;;  s1              2    2[COMMON] PTR const void 
  5339 ;;		 -> LIN_packet$data(8), LIN_packet(13), SIGNAL_Data(8), 
  5340 ;;  n               2    4[COMMON] unsigned int 
  5341 ;; Auto vars:     Size  Location     Type
  5342 ;;  s               1    8[COMMON] PTR const unsigned char 
  5343 ;;		 -> LIN_packet$data(8), LIN_packet(13), SIGNAL_Data(8), 
  5344 ;;  d               1    7[COMMON] PTR unsigned char 
  5345 ;;		 -> LIN_packet(13), tempRxData(8), 
  5346 ;;  tmp             1    6[COMMON] unsigned char 
  5347 ;; Return value:  Size  Location     Type
  5348 ;;                  2    0[COMMON] PTR void 
  5349 ;; Registers used:
  5350 ;;		wreg, fsr1l, fsr1h, status,2, status,0
  5351 ;; Tracked objects:
  5352 ;;		On entry : 0/0
  5353 ;;		On exit  : 0/0
  5354 ;;		Unchanged: 0/0
  5355 ;; Data sizes:     COMMON   BANK0   BANK1   BANK2
  5356 ;;      Params:         6       0       0       0
  5357 ;;      Locals:         3       0       0       0
  5358 ;;      Temps:          0       0       0       0
  5359 ;;      Totals:         9       0       0       0
  5360 ;;Total ram usage:        9 bytes
  5361 ;; Hardware stack levels used: 1
  5362 ;; Hardware stack levels required when called: 4
  5363 ;; This function calls:
  5364 ;;		Nothing
  5365 ;; This function is called by:
  5366 ;;		_LIN_queuePacket
  5367 ;;		_LIN_getPacket
  5368 ;; This function uses a non-reentrant model
  5369 ;;
  5370                           
  5371     0473                     _memcpy:	
  5372                           ;psect for function _memcpy
  5373                           
  5374     0473                     l2402:	
  5375                           ;incstack = 0
  5376                           ; Regs used in _memcpy: [wreg+fsr1l+fsr1h+status,2+status,0]
  5377                           
  5378     0473  0872               	movf	memcpy@s1,w
  5379     0474  00F8               	movwf	memcpy@s
  5380     0475  0870               	movf	memcpy@d1,w
  5381     0476  00F7               	movwf	memcpy@d
  5382     0477  2C86               	goto	l1069
  5383     0478                     l2404:
  5384     0478  0878               	movf	memcpy@s,w
  5385     0479  0086               	movwf	6
  5386     047A  0187               	clrf	7
  5387     047B  0801               	movf	1,w
  5388     047C  00F6               	movwf	memcpy@tmp
  5389     047D                     l2406:
  5390     047D  3001               	movlw	1
  5391     047E  07F8               	addwf	memcpy@s,f
  5392     047F                     l2408:
  5393     047F  0877               	movf	memcpy@d,w
  5394     0480  0086               	movwf	6
  5395     0481  0187               	clrf	7
  5396     0482  0876               	movf	memcpy@tmp,w
  5397     0483  0081               	movwf	1
  5398     0484  3001               	movlw	1
  5399     0485  07F7               	addwf	memcpy@d,f
  5400     0486                     l1069:
  5401     0486  3001               	movlw	1
  5402     0487  02F4               	subwf	memcpy@n,f
  5403     0488  3000               	movlw	0
  5404     0489  3BF5               	subwfb	memcpy@n+1,f
  5405     048A  0A74               	incf	memcpy@n,w
  5406     048B  1D03               	skipz
  5407     048C  2C91               	goto	u1631
  5408     048D  0A75               	incf	memcpy@n+1,w
  5409     048E  1D03               	btfss	3,2
  5410     048F  2C91               	goto	u1631
  5411     0490  2C92               	goto	u1630
  5412     0491                     u1631:
  5413     0491  2C78               	goto	l2404
  5414     0492                     u1630:
  5415     0492                     l1072:
  5416     0492  0008               	return
  5417     0493                     __end_of_memcpy:
  5418                           
  5419                           	psect	text41
  5420     0408                     __ptext41:	
  5421 ;; *************** function _LIN_sendPacket *****************
  5422 ;; Defined at:
  5423 ;;		line 171 in file "mcc_generated_files/LINDrivers/lin_slave.c"
  5424 ;; Parameters:    Size  Location     Type
  5425 ;;  length          1    wreg     unsigned char 
  5426 ;;  pid             1   10[COMMON] unsigned char 
  5427 ;;  data            2   11[COMMON] PTR unsigned char 
  5428 ;;		 -> LIN_packet(13), 
  5429 ;; Auto vars:     Size  Location     Type
  5430 ;;  length          1    0[BANK0 ] unsigned char 
  5431 ;;  i               1    1[BANK0 ] unsigned char 
  5432 ;; Return value:  Size  Location     Type
  5433 ;;                  1    wreg      void 
  5434 ;; Registers used:
  5435 ;;		wreg, fsr1l, fsr1h, status,2, status,0, pclath, cstack
  5436 ;; Tracked objects:
  5437 ;;		On entry : 0/0
  5438 ;;		On exit  : 0/0
  5439 ;;		Unchanged: 0/0
  5440 ;; Data sizes:     COMMON   BANK0   BANK1   BANK2
  5441 ;;      Params:         3       0       0       0
  5442 ;;      Locals:         0       2       0       0
  5443 ;;      Temps:          0       0       0       0
  5444 ;;      Totals:         3       2       0       0
  5445 ;;Total ram usage:        5 bytes
  5446 ;; Hardware stack levels used: 1
  5447 ;; Hardware stack levels required when called: 5
  5448 ;; This function calls:
  5449 ;;		_EUSART1_Write
  5450 ;;		_LIN_getChecksum
  5451 ;; This function is called by:
  5452 ;;		_LIN_queuePacket
  5453 ;; This function uses a non-reentrant model
  5454 ;;
  5455                           
  5456     0408                     _LIN_sendPacket:	
  5457                           ;psect for function _LIN_sendPacket
  5458                           
  5459                           
  5460                           ;incstack = 0
  5461                           ; Regs used in _LIN_sendPacket: [wreg+fsr1l+fsr1h+status,2+status,0+pclath+cstack]
  5462                           ;LIN_sendPacket@length stored from wreg
  5463     0408  0140               	movlb	0	; select bank0
  5464     0409  00E7               	movwf	LIN_sendPacket@length
  5465     040A                     l2466:
  5466                           
  5467                           ;mcc_generated_files/LINDrivers/lin_slave.c: 174:     for(uint8_t i = 0; i < length; i++
      +                          ){
  5468     040A  01E8               	clrf	LIN_sendPacket@i
  5469     040B  2C19               	goto	l2472
  5470     040C                     l2468:
  5471                           
  5472                           ;mcc_generated_files/LINDrivers/lin_slave.c: 175:         EUSART1_Write(*(data + i));
  5473     040C  0868               	movf	LIN_sendPacket@i,w
  5474     040D  077B               	addwf	LIN_sendPacket@data,w
  5475     040E  0086               	movwf	6
  5476     040F  3000               	movlw	0
  5477     0410  3D7C               	addwfc	LIN_sendPacket@data+1,w
  5478     0411  0087               	movwf	7
  5479     0412  0801               	movf	1,w
  5480     0413  3183  23E2  3184   	fcall	_EUSART1_Write
  5481     0416                     l2470:
  5482                           
  5483                           ;mcc_generated_files/LINDrivers/lin_slave.c: 176:     }
  5484     0416  3001               	movlw	1
  5485     0417  0140               	movlb	0	; select bank0
  5486     0418  07E8               	addwf	LIN_sendPacket@i,f
  5487     0419                     l2472:
  5488     0419  0867               	movf	LIN_sendPacket@length,w
  5489     041A  0268               	subwf	LIN_sendPacket@i,w
  5490     041B  1C03               	skipc
  5491     041C  2C1E               	goto	u1701
  5492     041D  2C1F               	goto	u1700
  5493     041E                     u1701:
  5494     041E  2C0C               	goto	l2468
  5495     041F                     u1700:
  5496     041F                     l2474:
  5497                           
  5498                           ;mcc_generated_files/LINDrivers/lin_slave.c: 178:     EUSART1_Write(LIN_getChecksum(leng
      +                          th, pid, data));
  5499     041F  087A               	movf	LIN_sendPacket@pid,w
  5500     0420  00F0               	movwf	LIN_getChecksum@pid
  5501     0421  087C               	movf	LIN_sendPacket@data+1,w
  5502     0422  00F2               	movwf	LIN_getChecksum@data+1
  5503     0423  087B               	movf	LIN_sendPacket@data,w
  5504     0424  00F1               	movwf	LIN_getChecksum@data
  5505     0425  0867               	movf	LIN_sendPacket@length,w
  5506     0426  3183  23B0  3184   	fcall	_LIN_getChecksum
  5507     0429  3183  23E2  3184   	fcall	_EUSART1_Write
  5508     042C                     l138:
  5509     042C  0008               	return
  5510     042D                     __end_of_LIN_sendPacket:
  5511                           
  5512                           	psect	text42
  5513     03B0                     __ptext42:	
  5514 ;; *************** function _LIN_getChecksum *****************
  5515 ;; Defined at:
  5516 ;;		line 248 in file "mcc_generated_files/LINDrivers/lin_slave.c"
  5517 ;; Parameters:    Size  Location     Type
  5518 ;;  length          1    wreg     unsigned char 
  5519 ;;  pid             1    0[COMMON] unsigned char 
  5520 ;;  data            2    1[COMMON] PTR unsigned char 
  5521 ;;		 -> LIN_packet(13), 
  5522 ;; Auto vars:     Size  Location     Type
  5523 ;;  length          1    5[COMMON] unsigned char 
  5524 ;;  i               1    6[COMMON] unsigned char 
  5525 ;;  checksum        2    7[COMMON] unsigned short 
  5526 ;; Return value:  Size  Location     Type
  5527 ;;                  1    wreg      unsigned char 
  5528 ;; Registers used:
  5529 ;;		wreg, fsr1l, fsr1h, status,2, status,0
  5530 ;; Tracked objects:
  5531 ;;		On entry : 0/0
  5532 ;;		On exit  : 0/0
  5533 ;;		Unchanged: 0/0
  5534 ;; Data sizes:     COMMON   BANK0   BANK1   BANK2
  5535 ;;      Params:         3       0       0       0
  5536 ;;      Locals:         4       0       0       0
  5537 ;;      Temps:          2       0       0       0
  5538 ;;      Totals:         9       0       0       0
  5539 ;;Total ram usage:        9 bytes
  5540 ;; Hardware stack levels used: 1
  5541 ;; Hardware stack levels required when called: 4
  5542 ;; This function calls:
  5543 ;;		Nothing
  5544 ;; This function is called by:
  5545 ;;		_LIN_queuePacket
  5546 ;;		_LIN_handler
  5547 ;;		_LIN_sendPacket
  5548 ;; This function uses a non-reentrant model
  5549 ;;
  5550                           
  5551     03B0                     _LIN_getChecksum:	
  5552                           ;psect for function _LIN_getChecksum
  5553                           
  5554                           
  5555                           ;incstack = 0
  5556                           ; Regs used in _LIN_getChecksum: [wreg+fsr1l+fsr1h+status,2+status,0]
  5557                           ;LIN_getChecksum@length stored from wreg
  5558     03B0  00F5               	movwf	LIN_getChecksum@length
  5559     03B1                     l2410:
  5560                           
  5561                           ;mcc_generated_files/LINDrivers/lin_slave.c: 249:     uint16_t checksum = pid;
  5562     03B1  0870               	movf	LIN_getChecksum@pid,w
  5563     03B2  00F3               	movwf	??_LIN_getChecksum
  5564     03B3  01F4               	clrf	??_LIN_getChecksum+1
  5565     03B4  0873               	movf	??_LIN_getChecksum,w
  5566     03B5  00F7               	movwf	LIN_getChecksum@checksum
  5567     03B6  0874               	movf	??_LIN_getChecksum+1,w
  5568     03B7  00F8               	movwf	LIN_getChecksum@checksum+1
  5569     03B8                     l2412:
  5570                           
  5571                           ;mcc_generated_files/LINDrivers/lin_slave.c: 251:     for (uint8_t i = 0; i < length; i+
      +                          +){
  5572     03B8  01F6               	clrf	LIN_getChecksum@i
  5573     03B9  2BD8               	goto	l2424
  5574     03BA                     l2414:
  5575                           
  5576                           ;mcc_generated_files/LINDrivers/lin_slave.c: 252:         checksum = checksum + *data++;
  5577     03BA  0871               	movf	LIN_getChecksum@data,w
  5578     03BB  0086               	movwf	6
  5579     03BC  0872               	movf	LIN_getChecksum@data+1,w
  5580     03BD  0087               	movwf	7
  5581     03BE  0801               	movf	1,w
  5582     03BF  0777               	addwf	LIN_getChecksum@checksum,w
  5583     03C0  00F7               	movwf	LIN_getChecksum@checksum
  5584     03C1  0878               	movf	LIN_getChecksum@checksum+1,w
  5585     03C2  1803               	skipnc
  5586     03C3  0A78               	incf	LIN_getChecksum@checksum+1,w
  5587     03C4  00F8               	movwf	LIN_getChecksum@checksum+1
  5588     03C5                     l2416:
  5589     03C5  3001               	movlw	1
  5590     03C6  07F1               	addwf	LIN_getChecksum@data,f
  5591     03C7  3000               	movlw	0
  5592     03C8  3DF2               	addwfc	LIN_getChecksum@data+1,f
  5593     03C9                     l2418:
  5594                           
  5595                           ;mcc_generated_files/LINDrivers/lin_slave.c: 253:         if(checksum > 0xFF)
  5596     03C9  3001               	movlw	1
  5597     03CA  0278               	subwf	LIN_getChecksum@checksum+1,w
  5598     03CB  3000               	movlw	0
  5599     03CC  1903               	skipnz
  5600     03CD  0277               	subwf	LIN_getChecksum@checksum,w
  5601     03CE  1C03               	skipc
  5602     03CF  2BD1               	goto	u1641
  5603     03D0  2BD2               	goto	u1640
  5604     03D1                     u1641:
  5605     03D1  2BD6               	goto	l2422
  5606     03D2                     u1640:
  5607     03D2                     l2420:
  5608                           
  5609                           ;mcc_generated_files/LINDrivers/lin_slave.c: 254:             checksum -= 0xFF;
  5610     03D2  30FF               	movlw	255
  5611     03D3  02F7               	subwf	LIN_getChecksum@checksum,f
  5612     03D4  3000               	movlw	0
  5613     03D5  3BF8               	subwfb	LIN_getChecksum@checksum+1,f
  5614     03D6                     l2422:
  5615                           
  5616                           ;mcc_generated_files/LINDrivers/lin_slave.c: 255:     }
  5617     03D6  3001               	movlw	1
  5618     03D7  07F6               	addwf	LIN_getChecksum@i,f
  5619     03D8                     l2424:
  5620     03D8  0875               	movf	LIN_getChecksum@length,w
  5621     03D9  0276               	subwf	LIN_getChecksum@i,w
  5622     03DA  1C03               	skipc
  5623     03DB  2BDD               	goto	u1651
  5624     03DC  2BDE               	goto	u1650
  5625     03DD                     u1651:
  5626     03DD  2BBA               	goto	l2414
  5627     03DE                     u1650:
  5628     03DE                     l169:
  5629                           
  5630                           ;mcc_generated_files/LINDrivers/lin_slave.c: 256:     checksum = ~checksum;
  5631     03DE  09F7               	comf	LIN_getChecksum@checksum,f
  5632     03DF  09F8               	comf	LIN_getChecksum@checksum+1,f
  5633     03E0                     l2426:
  5634                           
  5635                           ;mcc_generated_files/LINDrivers/lin_slave.c: 258:     return (uint8_t)checksum;
  5636     03E0  0877               	movf	LIN_getChecksum@checksum,w
  5637     03E1                     l170:
  5638     03E1  0008               	return
  5639     03E2                     __end_of_LIN_getChecksum:
  5640                           
  5641                           	psect	text43
  5642     03E2                     __ptext43:	
  5643 ;; *************** function _EUSART1_Write *****************
  5644 ;; Defined at:
  5645 ;;		line 173 in file "mcc_generated_files/eusart1.c"
  5646 ;; Parameters:    Size  Location     Type
  5647 ;;  txData          1    wreg     unsigned char 
  5648 ;; Auto vars:     Size  Location     Type
  5649 ;;  txData          1    9[COMMON] unsigned char 
  5650 ;; Return value:  Size  Location     Type
  5651 ;;                  1    wreg      void 
  5652 ;; Registers used:
  5653 ;;		wreg, fsr1l, fsr1h, status,2, status,0
  5654 ;; Tracked objects:
  5655 ;;		On entry : 0/0
  5656 ;;		On exit  : 0/0
  5657 ;;		Unchanged: 0/0
  5658 ;; Data sizes:     COMMON   BANK0   BANK1   BANK2
  5659 ;;      Params:         0       0       0       0
  5660 ;;      Locals:         1       0       0       0
  5661 ;;      Temps:          0       0       0       0
  5662 ;;      Totals:         1       0       0       0
  5663 ;;Total ram usage:        1 bytes
  5664 ;; Hardware stack levels used: 1
  5665 ;; Hardware stack levels required when called: 4
  5666 ;; This function calls:
  5667 ;;		Nothing
  5668 ;; This function is called by:
  5669 ;;		_LIN_sendPacket
  5670 ;; This function uses a non-reentrant model
  5671 ;;
  5672                           
  5673     03E2                     _EUSART1_Write:	
  5674                           ;psect for function _EUSART1_Write
  5675                           
  5676                           
  5677                           ;incstack = 0
  5678                           ; Regs used in _EUSART1_Write: [wreg+fsr1l+fsr1h+status,2+status,0]
  5679                           ;EUSART1_Write@txData stored from wreg
  5680     03E2  00F9               	movwf	EUSART1_Write@txData
  5681     03E3                     l2438:
  5682     03E3                     l2440:	
  5683                           ;mcc_generated_files/eusart1.c: 173: void EUSART1_Write(uint8_t txData);mcc_generated_fi
      +                          les/eusart1.c: 174: {;mcc_generated_files/eusart1.c: 175:     while(0 == eusart1TxBuffer
      +                          Remaining)
  5684                           
  5685                           
  5686                           ;mcc_generated_files/eusart1.c: 175:     while(0 == eusart1TxBufferRemaining)
  5687     03E3  0140               	movlb	0	; select bank0
  5688     03E4  083B               	movf	_eusart1TxBufferRemaining,w	;volatile
  5689     03E5  1903               	btfsc	3,2
  5690     03E6  2BE8               	goto	u1671
  5691     03E7  2BE9               	goto	u1670
  5692     03E8                     u1671:
  5693     03E8  2BE3               	goto	l2440
  5694     03E9                     u1670:
  5695     03E9                     l292:
  5696                           
  5697                           ;mcc_generated_files/eusart1.c: 179:     if(0 == PIE1bits.TX1IE)
  5698     03E9  014E               	movlb	14	; select bank14
  5699     03EA  1997               	btfsc	23,3	;volatile
  5700     03EB  2BED               	goto	u1681
  5701     03EC  2BEE               	goto	u1680
  5702     03ED                     u1681:
  5703     03ED  2BF2               	goto	l293
  5704     03EE                     u1680:
  5705     03EE                     l2442:
  5706                           
  5707                           ;mcc_generated_files/eusart1.c: 180:     {;mcc_generated_files/eusart1.c: 181:         T
      +                          X1REG = txData;
  5708     03EE  0879               	movf	EUSART1_Write@txData,w
  5709     03EF  0142               	movlb	2	; select bank2
  5710     03F0  009A               	movwf	26	;volatile
  5711                           
  5712                           ;mcc_generated_files/eusart1.c: 182:     }
  5713     03F1  2C05               	goto	l2454
  5714     03F2                     l293:	
  5715                           ;mcc_generated_files/eusart1.c: 183:     else
  5716                           
  5717                           
  5718                           ;mcc_generated_files/eusart1.c: 184:     {;mcc_generated_files/eusart1.c: 185:         P
      +                          IE1bits.TX1IE = 0;
  5719     03F2  1197               	bcf	23,3	;volatile
  5720     03F3                     l2444:
  5721                           
  5722                           ;mcc_generated_files/eusart1.c: 186:         eusart1TxBuffer[eusart1TxHead++] = txData;
  5723     03F3  0140               	movlb	0	; select bank0
  5724     03F4  083D               	movf	_eusart1TxHead,w
  5725     03F5  3E30               	addlw	(low (_eusart1TxBuffer| 0))& (0+255)
  5726     03F6  0086               	movwf	6
  5727     03F7  0187               	clrf	7
  5728     03F8  0879               	movf	EUSART1_Write@txData,w
  5729     03F9  0081               	movwf	1
  5730     03FA                     l2446:
  5731     03FA  3001               	movlw	1
  5732     03FB  07BD               	addwf	_eusart1TxHead,f	;volatile
  5733     03FC                     l2448:
  5734                           
  5735                           ;mcc_generated_files/eusart1.c: 187:         if(sizeof(eusart1TxBuffer) <= eusart1TxHead
      +                          )
  5736     03FC  3008               	movlw	8
  5737     03FD  023D               	subwf	_eusart1TxHead,w	;volatile
  5738     03FE  1C03               	skipc
  5739     03FF  2C01               	goto	u1691
  5740     0400  2C02               	goto	u1690
  5741     0401                     u1691:
  5742     0401  2C03               	goto	l2452
  5743     0402                     u1690:
  5744     0402                     l2450:
  5745                           
  5746                           ;mcc_generated_files/eusart1.c: 188:         {;mcc_generated_files/eusart1.c: 189:      
      +                                 eusart1TxHead = 0;
  5747     0402  01BD               	clrf	_eusart1TxHead	;volatile
  5748     0403                     l2452:
  5749                           
  5750                           ;mcc_generated_files/eusart1.c: 191:         eusart1TxBufferRemaining--;
  5751     0403  3001               	movlw	1
  5752     0404  02BB               	subwf	_eusart1TxBufferRemaining,f	;volatile
  5753     0405                     l2454:
  5754                           
  5755                           ;mcc_generated_files/eusart1.c: 193:     PIE1bits.TX1IE = 1;
  5756     0405  014E               	movlb	14	; select bank14
  5757     0406  1597               	bsf	23,3	;volatile
  5758     0407                     l296:
  5759     0407  0008               	return
  5760     0408                     __end_of_EUSART1_Write:
  5761                           
  5762                           	psect	text44
  5763     05FC                     __ptext44:	
  5764 ;; *************** function _LIN_enableRx *****************
  5765 ;; Defined at:
  5766 ;;		line 288 in file "mcc_generated_files/LINDrivers/lin_slave.c"
  5767 ;; Parameters:    Size  Location     Type
  5768 ;;		None
  5769 ;; Auto vars:     Size  Location     Type
  5770 ;;		None
  5771 ;; Return value:  Size  Location     Type
  5772 ;;                  1    wreg      void 
  5773 ;; Registers used:
  5774 ;;		None
  5775 ;; Tracked objects:
  5776 ;;		On entry : 0/0
  5777 ;;		On exit  : 0/0
  5778 ;;		Unchanged: 0/0
  5779 ;; Data sizes:     COMMON   BANK0   BANK1   BANK2
  5780 ;;      Params:         0       0       0       0
  5781 ;;      Locals:         0       0       0       0
  5782 ;;      Temps:          0       0       0       0
  5783 ;;      Totals:         0       0       0       0
  5784 ;;Total ram usage:        0 bytes
  5785 ;; Hardware stack levels used: 1
  5786 ;; Hardware stack levels required when called: 4
  5787 ;; This function calls:
  5788 ;;		Nothing
  5789 ;; This function is called by:
  5790 ;;		_LIN_init
  5791 ;;		_LIN_handler
  5792 ;; This function uses a non-reentrant model
  5793 ;;
  5794                           
  5795     05FC                     _LIN_enableRx:	
  5796                           ;psect for function _LIN_enableRx
  5797                           
  5798     05FC                     l1748:	
  5799                           ;incstack = 0
  5800                           ; Regs used in _LIN_enableRx: []
  5801                           
  5802                           
  5803                           ;mcc_generated_files/LINDrivers/lin_slave.c: 289:     RC1STAbits.CREN = 1;
  5804     05FC  0142               	movlb	2	; select bank2
  5805     05FD  161D               	bsf	29,4	;volatile
  5806                           
  5807                           ;mcc_generated_files/LINDrivers/lin_slave.c: 290:     PIE1bits.RC1IE = 1;
  5808     05FE  014E               	movlb	14	; select bank14
  5809     05FF  1617               	bsf	23,4	;volatile
  5810     0600                     l186:
  5811     0600  0008               	return
  5812     0601                     __end_of_LIN_enableRx:
  5813                           
  5814                           	psect	text45
  5815     0601                     __ptext45:	
  5816 ;; *************** function _LIN_disableRx *****************
  5817 ;; Defined at:
  5818 ;;		line 293 in file "mcc_generated_files/LINDrivers/lin_slave.c"
  5819 ;; Parameters:    Size  Location     Type
  5820 ;;		None
  5821 ;; Auto vars:     Size  Location     Type
  5822 ;;		None
  5823 ;; Return value:  Size  Location     Type
  5824 ;;                  1    wreg      void 
  5825 ;; Registers used:
  5826 ;;		None
  5827 ;; Tracked objects:
  5828 ;;		On entry : 0/0
  5829 ;;		On exit  : 0/0
  5830 ;;		Unchanged: 0/0
  5831 ;; Data sizes:     COMMON   BANK0   BANK1   BANK2
  5832 ;;      Params:         0       0       0       0
  5833 ;;      Locals:         0       0       0       0
  5834 ;;      Temps:          0       0       0       0
  5835 ;;      Totals:         0       0       0       0
  5836 ;;Total ram usage:        0 bytes
  5837 ;; Hardware stack levels used: 1
  5838 ;; Hardware stack levels required when called: 4
  5839 ;; This function calls:
  5840 ;;		Nothing
  5841 ;; This function is called by:
  5842 ;;		_LIN_handler
  5843 ;; This function uses a non-reentrant model
  5844 ;;
  5845                           
  5846     0601                     _LIN_disableRx:	
  5847                           ;psect for function _LIN_disableRx
  5848                           
  5849     0601                     l2084:	
  5850                           ;incstack = 0
  5851                           ; Regs used in _LIN_disableRx: []
  5852                           
  5853                           
  5854                           ;mcc_generated_files/LINDrivers/lin_slave.c: 294:     RC1STAbits.CREN = 0;
  5855     0601  0142               	movlb	2	; select bank2
  5856     0602  121D               	bcf	29,4	;volatile
  5857                           
  5858                           ;mcc_generated_files/LINDrivers/lin_slave.c: 295:     PIE1bits.RC1IE = 0;
  5859     0603  014E               	movlb	14	; select bank14
  5860     0604  1217               	bcf	23,4	;volatile
  5861     0605                     l189:
  5862     0605  0008               	return
  5863     0606                     __end_of_LIN_disableRx:
  5864                           
  5865                           	psect	text46
  5866     04B1                     __ptext46:	
  5867 ;; *************** function _LIN_checkPID *****************
  5868 ;; Defined at:
  5869 ;;		line 220 in file "mcc_generated_files/LINDrivers/lin_slave.c"
  5870 ;; Parameters:    Size  Location     Type
  5871 ;;  pid             1    wreg     unsigned char 
  5872 ;; Auto vars:     Size  Location     Type
  5873 ;;  pid             1    7[COMMON] unsigned char 
  5874 ;; Return value:  Size  Location     Type
  5875 ;;                  1    wreg      _Bool 
  5876 ;; Registers used:
  5877 ;;		wreg, fsr0l, fsr0h, status,2, status,0, pclath, cstack
  5878 ;; Tracked objects:
  5879 ;;		On entry : 0/0
  5880 ;;		On exit  : 0/0
  5881 ;;		Unchanged: 0/0
  5882 ;; Data sizes:     COMMON   BANK0   BANK1   BANK2
  5883 ;;      Params:         0       0       0       0
  5884 ;;      Locals:         1       0       0       0
  5885 ;;      Temps:          0       0       0       0
  5886 ;;      Totals:         1       0       0       0
  5887 ;;Total ram usage:        1 bytes
  5888 ;; Hardware stack levels used: 1
  5889 ;; Hardware stack levels required when called: 5
  5890 ;; This function calls:
  5891 ;;		_LIN_calcParity
  5892 ;;		_LIN_getFromTable
  5893 ;; This function is called by:
  5894 ;;		_LIN_handler
  5895 ;; This function uses a non-reentrant model
  5896 ;;
  5897                           
  5898     04B1                     _LIN_checkPID:	
  5899                           ;psect for function _LIN_checkPID
  5900                           
  5901                           
  5902                           ;incstack = 0
  5903                           ; Regs used in _LIN_checkPID: [wreg-fsr0h+status,2+status,0+pclath+cstack]
  5904                           ;LIN_checkPID@pid stored from wreg
  5905     04B1  00F7               	movwf	LIN_checkPID@pid
  5906     04B2                     l2068:
  5907                           
  5908                           ;mcc_generated_files/LINDrivers/lin_slave.c: 221:     if(LIN_getFromTable(pid, TYPE) == 
      +                          ERROR)
  5909     04B2  01F0               	clrf	LIN_getFromTable@param
  5910     04B3  0AF0               	incf	LIN_getFromTable@param,f
  5911     04B4  0877               	movf	LIN_checkPID@pid,w
  5912     04B5  3182  22DB  3184   	fcall	_LIN_getFromTable
  5913     04B8  3A02               	xorlw	2
  5914     04B9  1D03               	skipz
  5915     04BA  2CBC               	goto	u1321
  5916     04BB  2CBD               	goto	u1320
  5917     04BC                     u1321:
  5918     04BC  2CBF               	goto	l2074
  5919     04BD                     u1320:
  5920     04BD                     l2070:
  5921                           
  5922                           ;mcc_generated_files/LINDrivers/lin_slave.c: 222:         return 0;
  5923     04BD  3000               	movlw	0
  5924     04BE  2CCA               	goto	l159
  5925     04BF                     l2074:
  5926                           
  5927                           ;mcc_generated_files/LINDrivers/lin_slave.c: 224:     if(pid == LIN_calcParity(pid & 0x3
      +                          F))
  5928     04BF  0877               	movf	LIN_checkPID@pid,w
  5929     04C0  393F               	andlw	63
  5930     04C1  3181  217E  3184   	fcall	_LIN_calcParity
  5931     04C4  0677               	xorwf	LIN_checkPID@pid,w
  5932     04C5  1D03               	skipz
  5933     04C6  2CC8               	goto	u1331
  5934     04C7  2CC9               	goto	u1330
  5935     04C8                     u1331:
  5936     04C8  2CBD               	goto	l2070
  5937     04C9                     u1330:
  5938     04C9                     l2076:
  5939                           
  5940                           ;mcc_generated_files/LINDrivers/lin_slave.c: 225:         return 1;
  5941     04C9  3001               	movlw	1
  5942     04CA                     l159:
  5943     04CA  0008               	return
  5944     04CB                     __end_of_LIN_checkPID:
  5945                           
  5946                           	psect	text47
  5947     02DB                     __ptext47:	
  5948 ;; *************** function _LIN_getFromTable *****************
  5949 ;; Defined at:
  5950 ;;		line 190 in file "mcc_generated_files/LINDrivers/lin_slave.c"
  5951 ;; Parameters:    Size  Location     Type
  5952 ;;  cmd             1    wreg     unsigned char 
  5953 ;;  param           1    0[COMMON] enum E53
  5954 ;; Auto vars:     Size  Location     Type
  5955 ;;  cmd             1    3[COMMON] unsigned char 
  5956 ;;  length          1    4[COMMON] unsigned char 
  5957 ;;  rxCommand       2    5[COMMON] PTR const struct .
  5958 ;;		 -> NULL(0), scheduleTable(5), 
  5959 ;; Return value:  Size  Location     Type
  5960 ;;                  1    wreg      unsigned char 
  5961 ;; Registers used:
  5962 ;;		wreg, fsr0l, fsr0h, status,2, status,0, pclath
  5963 ;; Tracked objects:
  5964 ;;		On entry : 0/0
  5965 ;;		On exit  : 0/0
  5966 ;;		Unchanged: 0/0
  5967 ;; Data sizes:     COMMON   BANK0   BANK1   BANK2
  5968 ;;      Params:         1       0       0       0
  5969 ;;      Locals:         4       0       0       0
  5970 ;;      Temps:          2       0       0       0
  5971 ;;      Totals:         7       0       0       0
  5972 ;;Total ram usage:        7 bytes
  5973 ;; Hardware stack levels used: 1
  5974 ;; Hardware stack levels required when called: 4
  5975 ;; This function calls:
  5976 ;;		Nothing
  5977 ;; This function is called by:
  5978 ;;		_LIN_handler
  5979 ;;		_LIN_checkPID
  5980 ;; This function uses a non-reentrant model
  5981 ;;
  5982                           
  5983     02DB                     _LIN_getFromTable:	
  5984                           ;psect for function _LIN_getFromTable
  5985                           
  5986                           
  5987                           ;incstack = 0
  5988                           ; Regs used in _LIN_getFromTable: [wreg-fsr0h+status,2+status,0+pclath]
  5989                           ;LIN_getFromTable@cmd stored from wreg
  5990     02DB  00F3               	movwf	LIN_getFromTable@cmd
  5991     02DC                     l1924:
  5992                           
  5993                           ;mcc_generated_files/LINDrivers/lin_slave.c: 191:     const lin_rx_cmd_t* rxCommand = LI
      +                          N_rxCommand;
  5994     02DC  0140               	movlb	0	; select bank0
  5995     02DD  0863               	movf	_LIN_rxCommand+1,w
  5996     02DE  00F6               	movwf	LIN_getFromTable@rxCommand+1
  5997     02DF  0862               	movf	_LIN_rxCommand,w
  5998     02E0  00F5               	movwf	LIN_getFromTable@rxCommand
  5999     02E1                     l1926:
  6000                           
  6001                           ;mcc_generated_files/LINDrivers/lin_slave.c: 193:     cmd &= 0x3F;
  6002     02E1  303F               	movlw	63
  6003     02E2  05F3               	andwf	LIN_getFromTable@cmd,f
  6004     02E3                     l1928:
  6005                           
  6006                           ;mcc_generated_files/LINDrivers/lin_slave.c: 195:     for(uint8_t length = 0; length < L
      +                          IN_rxCommandLength; length++){
  6007     02E3  01F4               	clrf	LIN_getFromTable@length
  6008     02E4  2B06               	goto	l1942
  6009     02E5                     l1930:
  6010                           
  6011                           ;mcc_generated_files/LINDrivers/lin_slave.c: 196:         if(cmd == rxCommand->cmd){
  6012     02E5  0875               	movf	LIN_getFromTable@rxCommand,w
  6013     02E6  0084               	movwf	4
  6014     02E7  0876               	movf	LIN_getFromTable@rxCommand+1,w
  6015     02E8  0085               	movwf	5
  6016     02E9  0800               	movf	0,w	;code access
  6017     02EA  0673               	xorwf	LIN_getFromTable@cmd,w
  6018     02EB  1D03               	skipz
  6019     02EC  2AEE               	goto	u951
  6020     02ED  2AEF               	goto	u950
  6021     02EE                     u951:
  6022     02EE  2AF0               	goto	l1934
  6023     02EF                     u950:
  6024     02EF  2B25               	goto	l1958
  6025     02F0                     l1934:
  6026                           
  6027                           ;mcc_generated_files/LINDrivers/lin_slave.c: 199:         rxCommand++;
  6028     02F0  3005               	movlw	5
  6029     02F1  07F5               	addwf	LIN_getFromTable@rxCommand,f
  6030     02F2  3000               	movlw	0
  6031     02F3  3DF6               	addwfc	LIN_getFromTable@rxCommand+1,f
  6032                           
  6033                           ;mcc_generated_files/LINDrivers/lin_slave.c: 201:         if(length == (LIN_rxCommandLen
      +                          gth-1)){
  6034     02F4  0866               	movf	_LIN_rxCommandLength,w
  6035     02F5  3EFF               	addlw	255
  6036     02F6  00F1               	movwf	??_LIN_getFromTable
  6037     02F7  30FF               	movlw	255
  6038     02F8  1803               	skipnc
  6039     02F9  3000               	movlw	0
  6040     02FA  00F2               	movwf	??_LIN_getFromTable+1
  6041     02FB  0874               	movf	LIN_getFromTable@length,w
  6042     02FC  0671               	xorwf	??_LIN_getFromTable,w
  6043     02FD  0472               	iorwf	??_LIN_getFromTable+1,w
  6044     02FE  1D03               	skipz
  6045     02FF  2B01               	goto	u961
  6046     0300  2B02               	goto	u960
  6047     0301                     u961:
  6048     0301  2B04               	goto	l1940
  6049     0302                     u960:
  6050     0302                     l1936:
  6051                           
  6052                           ;mcc_generated_files/LINDrivers/lin_slave.c: 202:             return ERROR;
  6053     0302  3002               	movlw	2
  6054     0303  2B38               	goto	l149
  6055     0304                     l1940:
  6056                           
  6057                           ;mcc_generated_files/LINDrivers/lin_slave.c: 204:     }
  6058     0304  3001               	movlw	1
  6059     0305  07F4               	addwf	LIN_getFromTable@length,f
  6060     0306                     l1942:
  6061     0306  0866               	movf	_LIN_rxCommandLength,w
  6062     0307  0274               	subwf	LIN_getFromTable@length,w
  6063     0308  1C03               	skipc
  6064     0309  2B0B               	goto	u971
  6065     030A  2B0C               	goto	u970
  6066     030B                     u971:
  6067     030B  2AE5               	goto	l1930
  6068     030C                     u970:
  6069     030C  2B25               	goto	l1958
  6070     030D                     l1944:
  6071                           
  6072                           ;mcc_generated_files/LINDrivers/lin_slave.c: 208:             return rxCommand->cmd;
  6073     030D  0875               	movf	LIN_getFromTable@rxCommand,w
  6074     030E  0084               	movwf	4
  6075     030F  0876               	movf	LIN_getFromTable@rxCommand+1,w
  6076     0310  0085               	movwf	5
  6077     0311  0800               	movf	0,w	;code access
  6078     0312  2B38               	goto	l149
  6079     0313                     l1948:
  6080                           
  6081                           ;mcc_generated_files/LINDrivers/lin_slave.c: 210:             return (uint8_t)rxCommand-
      +                          >type;
  6082     0313  3001               	movlw	1
  6083     0314  0775               	addwf	LIN_getFromTable@rxCommand,w
  6084     0315  0084               	movwf	4
  6085     0316  0876               	movf	LIN_getFromTable@rxCommand+1,w
  6086     0317  1803               	skipnc
  6087     0318  3E01               	addlw	1
  6088     0319  0085               	movwf	5
  6089     031A  0800               	movf	0,w	;code access
  6090     031B  2B38               	goto	l149
  6091     031C                     l1952:
  6092                           
  6093                           ;mcc_generated_files/LINDrivers/lin_slave.c: 212:             return rxCommand->length;
  6094     031C  3002               	movlw	2
  6095     031D  0775               	addwf	LIN_getFromTable@rxCommand,w
  6096     031E  0084               	movwf	4
  6097     031F  0876               	movf	LIN_getFromTable@rxCommand+1,w
  6098     0320  1803               	skipnc
  6099     0321  3E01               	addlw	1
  6100     0322  0085               	movwf	5
  6101     0323  0800               	movf	0,w	;code access
  6102     0324  2B38               	goto	l149
  6103     0325                     l1958:
  6104     0325  0870               	movf	LIN_getFromTable@param,w
  6105     0326  00F1               	movwf	??_LIN_getFromTable
  6106     0327  01F2               	clrf	??_LIN_getFromTable+1
  6107                           
  6108                           ; Switch on 2 bytes has been partitioned into a top level switch of size 1, and 1 sub-sw
      +                          itches
  6109                           ; Switch size 1, requested type "simple"
  6110                           ; Number of cases is 1, Range of values is 0 to 0
  6111                           ; switch strategies available:
  6112                           ; Name         Instructions Cycles
  6113                           ; simple_byte            4     3 (average)
  6114                           ; direct_byte            8     6 (fixed)
  6115                           ; jumptable            260     6 (fixed)
  6116                           ;	Chosen strategy is simple_byte
  6117     0328  0872               	movf	??_LIN_getFromTable+1,w
  6118     0329  3A00               	xorlw	0	; case 0
  6119     032A  1903               	skipnz
  6120     032B  2B2D               	goto	l2692
  6121     032C  2B02               	goto	l1936
  6122     032D                     l2692:
  6123                           
  6124                           ; Switch size 1, requested type "simple"
  6125                           ; Number of cases is 3, Range of values is 0 to 2
  6126                           ; switch strategies available:
  6127                           ; Name         Instructions Cycles
  6128                           ; simple_byte           10     6 (average)
  6129                           ; direct_byte           12     6 (fixed)
  6130                           ; jumptable            260     6 (fixed)
  6131                           ;	Chosen strategy is simple_byte
  6132     032D  0871               	movf	??_LIN_getFromTable,w
  6133     032E  3A00               	xorlw	0	; case 0
  6134     032F  1903               	skipnz
  6135     0330  2B0D               	goto	l1944
  6136     0331  3A01               	xorlw	1	; case 1
  6137     0332  1903               	skipnz
  6138     0333  2B13               	goto	l1948
  6139     0334  3A03               	xorlw	3	; case 2
  6140     0335  1903               	skipnz
  6141     0336  2B1C               	goto	l1952
  6142     0337  2B02               	goto	l1936
  6143     0338                     l149:
  6144     0338  0008               	return
  6145     0339                     __end_of_LIN_getFromTable:
  6146                           
  6147                           	psect	text48
  6148     017E                     __ptext48:	
  6149 ;; *************** function _LIN_calcParity *****************
  6150 ;; Defined at:
  6151 ;;		line 230 in file "mcc_generated_files/LINDrivers/lin_slave.c"
  6152 ;; Parameters:    Size  Location     Type
  6153 ;;  CMD             1    wreg     unsigned char 
  6154 ;; Auto vars:     Size  Location     Type
  6155 ;;  CMD             1    1[COMMON] unsigned char 
  6156 ;;  PID             1    2[COMMON] struct .
  6157 ;; Return value:  Size  Location     Type
  6158 ;;                  1    wreg      unsigned char 
  6159 ;; Registers used:
  6160 ;;		wreg, status,0
  6161 ;; Tracked objects:
  6162 ;;		On entry : 0/0
  6163 ;;		On exit  : 0/0
  6164 ;;		Unchanged: 0/0
  6165 ;; Data sizes:     COMMON   BANK0   BANK1   BANK2
  6166 ;;      Params:         0       0       0       0
  6167 ;;      Locals:         2       0       0       0
  6168 ;;      Temps:          1       0       0       0
  6169 ;;      Totals:         3       0       0       0
  6170 ;;Total ram usage:        3 bytes
  6171 ;; Hardware stack levels used: 1
  6172 ;; Hardware stack levels required when called: 4
  6173 ;; This function calls:
  6174 ;;		Nothing
  6175 ;; This function is called by:
  6176 ;;		_LIN_checkPID
  6177 ;; This function uses a non-reentrant model
  6178 ;;
  6179                           
  6180     017E                     _LIN_calcParity:	
  6181                           ;psect for function _LIN_calcParity
  6182                           
  6183                           
  6184                           ;incstack = 0
  6185                           ; Regs used in _LIN_calcParity: [wreg+status,0]
  6186                           ;LIN_calcParity@CMD stored from wreg
  6187     017E  00F1               	movwf	LIN_calcParity@CMD
  6188     017F                     l1972:
  6189                           
  6190                           ;mcc_generated_files/LINDrivers/lin_slave.c: 231:     lin_pid_t PID;;mcc_generated_files
      +                          /LINDrivers/lin_slave.c: 232:     PID.rawPID = CMD;
  6191     017F  0871               	movf	LIN_calcParity@CMD,w
  6192     0180  00F2               	movwf	LIN_calcParity@PID
  6193                           
  6194                           ;mcc_generated_files/LINDrivers/lin_slave.c: 237:     PID.P0 = PID.ID0 ^ PID.ID1;
  6195     0181  18F2               	btfsc	LIN_calcParity@PID,1
  6196     0182  2984               	goto	u981
  6197     0183  2986               	goto	u980
  6198     0184                     u981:
  6199     0184  3001               	movlw	1
  6200     0185  2987               	goto	u982
  6201     0186                     u980:
  6202     0186  3000               	movlw	0
  6203     0187                     u982:
  6204     0187  00F0               	movwf	??_LIN_calcParity
  6205     0188  1872               	btfsc	LIN_calcParity@PID,0
  6206     0189  298B               	goto	u991
  6207     018A  298D               	goto	u990
  6208     018B                     u991:
  6209     018B  3001               	movlw	1
  6210     018C  298E               	goto	u992
  6211     018D                     u990:
  6212     018D  3000               	movlw	0
  6213     018E                     u992:
  6214     018E  0670               	xorwf	??_LIN_calcParity,w
  6215     018F  1D03               	skipz
  6216     0190  2992               	goto	u1001
  6217     0191  2994               	goto	u1000
  6218     0192                     u1001:
  6219     0192  1772               	bsf	LIN_calcParity@PID,6
  6220     0193  2995               	goto	u1014
  6221     0194                     u1000:
  6222     0194  1372               	bcf	LIN_calcParity@PID,6
  6223     0195                     u1014:
  6224                           
  6225                           ;mcc_generated_files/LINDrivers/lin_slave.c: 238:     PID.P0 = PID.P0 ^ PID.ID2;
  6226     0195  1972               	btfsc	LIN_calcParity@PID,2
  6227     0196  2998               	goto	u1021
  6228     0197  299A               	goto	u1020
  6229     0198                     u1021:
  6230     0198  3001               	movlw	1
  6231     0199  299B               	goto	u1022
  6232     019A                     u1020:
  6233     019A  3000               	movlw	0
  6234     019B                     u1022:
  6235     019B  00F0               	movwf	??_LIN_calcParity
  6236     019C  1B72               	btfsc	LIN_calcParity@PID,6
  6237     019D  299F               	goto	u1031
  6238     019E  29A1               	goto	u1030
  6239     019F                     u1031:
  6240     019F  3001               	movlw	1
  6241     01A0  29A2               	goto	u1032
  6242     01A1                     u1030:
  6243     01A1  3000               	movlw	0
  6244     01A2                     u1032:
  6245     01A2  0670               	xorwf	??_LIN_calcParity,w
  6246     01A3  1D03               	skipz
  6247     01A4  29A6               	goto	u1041
  6248     01A5  29A8               	goto	u1040
  6249     01A6                     u1041:
  6250     01A6  1772               	bsf	LIN_calcParity@PID,6
  6251     01A7  29A9               	goto	u1054
  6252     01A8                     u1040:
  6253     01A8  1372               	bcf	LIN_calcParity@PID,6
  6254     01A9                     u1054:
  6255                           
  6256                           ;mcc_generated_files/LINDrivers/lin_slave.c: 239:     PID.P0 = PID.P0 ^ PID.ID4;
  6257     01A9  1A72               	btfsc	LIN_calcParity@PID,4
  6258     01AA  29AC               	goto	u1061
  6259     01AB  29AE               	goto	u1060
  6260     01AC                     u1061:
  6261     01AC  3001               	movlw	1
  6262     01AD  29AF               	goto	u1062
  6263     01AE                     u1060:
  6264     01AE  3000               	movlw	0
  6265     01AF                     u1062:
  6266     01AF  00F0               	movwf	??_LIN_calcParity
  6267     01B0  1B72               	btfsc	LIN_calcParity@PID,6
  6268     01B1  29B3               	goto	u1071
  6269     01B2  29B5               	goto	u1070
  6270     01B3                     u1071:
  6271     01B3  3001               	movlw	1
  6272     01B4  29B6               	goto	u1072
  6273     01B5                     u1070:
  6274     01B5  3000               	movlw	0
  6275     01B6                     u1072:
  6276     01B6  0670               	xorwf	??_LIN_calcParity,w
  6277     01B7  1D03               	skipz
  6278     01B8  29BA               	goto	u1081
  6279     01B9  29BC               	goto	u1080
  6280     01BA                     u1081:
  6281     01BA  1772               	bsf	LIN_calcParity@PID,6
  6282     01BB  29BD               	goto	u1094
  6283     01BC                     u1080:
  6284     01BC  1372               	bcf	LIN_calcParity@PID,6
  6285     01BD                     u1094:
  6286                           
  6287                           ;mcc_generated_files/LINDrivers/lin_slave.c: 240:     PID.P1 = PID.ID1 ^ PID.ID3;
  6288     01BD  19F2               	btfsc	LIN_calcParity@PID,3
  6289     01BE  29C0               	goto	u1101
  6290     01BF  29C2               	goto	u1100
  6291     01C0                     u1101:
  6292     01C0  3001               	movlw	1
  6293     01C1  29C3               	goto	u1102
  6294     01C2                     u1100:
  6295     01C2  3000               	movlw	0
  6296     01C3                     u1102:
  6297     01C3  00F0               	movwf	??_LIN_calcParity
  6298     01C4  18F2               	btfsc	LIN_calcParity@PID,1
  6299     01C5  29C7               	goto	u1111
  6300     01C6  29C9               	goto	u1110
  6301     01C7                     u1111:
  6302     01C7  3001               	movlw	1
  6303     01C8  29CA               	goto	u1112
  6304     01C9                     u1110:
  6305     01C9  3000               	movlw	0
  6306     01CA                     u1112:
  6307     01CA  0670               	xorwf	??_LIN_calcParity,w
  6308     01CB  1D03               	skipz
  6309     01CC  29CE               	goto	u1121
  6310     01CD  29D0               	goto	u1120
  6311     01CE                     u1121:
  6312     01CE  17F2               	bsf	LIN_calcParity@PID,7
  6313     01CF  29D1               	goto	u1134
  6314     01D0                     u1120:
  6315     01D0  13F2               	bcf	LIN_calcParity@PID,7
  6316     01D1                     u1134:
  6317                           
  6318                           ;mcc_generated_files/LINDrivers/lin_slave.c: 241:     PID.P1 = PID.P1 ^ PID.ID4;
  6319     01D1  1A72               	btfsc	LIN_calcParity@PID,4
  6320     01D2  29D4               	goto	u1141
  6321     01D3  29D6               	goto	u1140
  6322     01D4                     u1141:
  6323     01D4  3001               	movlw	1
  6324     01D5  29D7               	goto	u1142
  6325     01D6                     u1140:
  6326     01D6  3000               	movlw	0
  6327     01D7                     u1142:
  6328     01D7  00F0               	movwf	??_LIN_calcParity
  6329     01D8  1BF2               	btfsc	LIN_calcParity@PID,7
  6330     01D9  29DB               	goto	u1151
  6331     01DA  29DD               	goto	u1150
  6332     01DB                     u1151:
  6333     01DB  3001               	movlw	1
  6334     01DC  29DE               	goto	u1152
  6335     01DD                     u1150:
  6336     01DD  3000               	movlw	0
  6337     01DE                     u1152:
  6338     01DE  0670               	xorwf	??_LIN_calcParity,w
  6339     01DF  1D03               	skipz
  6340     01E0  29E2               	goto	u1161
  6341     01E1  29E4               	goto	u1160
  6342     01E2                     u1161:
  6343     01E2  17F2               	bsf	LIN_calcParity@PID,7
  6344     01E3  29E5               	goto	u1174
  6345     01E4                     u1160:
  6346     01E4  13F2               	bcf	LIN_calcParity@PID,7
  6347     01E5                     u1174:
  6348                           
  6349                           ;mcc_generated_files/LINDrivers/lin_slave.c: 242:     PID.P1 = PID.P1 ^ PID.ID5;
  6350     01E5  1AF2               	btfsc	LIN_calcParity@PID,5
  6351     01E6  29E8               	goto	u1181
  6352     01E7  29EA               	goto	u1180
  6353     01E8                     u1181:
  6354     01E8  3001               	movlw	1
  6355     01E9  29EB               	goto	u1182
  6356     01EA                     u1180:
  6357     01EA  3000               	movlw	0
  6358     01EB                     u1182:
  6359     01EB  00F0               	movwf	??_LIN_calcParity
  6360     01EC  1BF2               	btfsc	LIN_calcParity@PID,7
  6361     01ED  29EF               	goto	u1191
  6362     01EE  29F1               	goto	u1190
  6363     01EF                     u1191:
  6364     01EF  3001               	movlw	1
  6365     01F0  29F2               	goto	u1192
  6366     01F1                     u1190:
  6367     01F1  3000               	movlw	0
  6368     01F2                     u1192:
  6369     01F2  0670               	xorwf	??_LIN_calcParity,w
  6370     01F3  1D03               	skipz
  6371     01F4  29F6               	goto	u1201
  6372     01F5  29F8               	goto	u1200
  6373     01F6                     u1201:
  6374     01F6  17F2               	bsf	LIN_calcParity@PID,7
  6375     01F7  29F9               	goto	u1214
  6376     01F8                     u1200:
  6377     01F8  13F2               	bcf	LIN_calcParity@PID,7
  6378     01F9                     u1214:
  6379     01F9                     l1974:
  6380                           
  6381                           ;mcc_generated_files/LINDrivers/lin_slave.c: 243:     PID.P1 = ~PID.P1;
  6382     01F9  1003               	clrc
  6383     01FA  1FF2               	btfss	LIN_calcParity@PID,7
  6384     01FB  1403               	setc
  6385     01FC  1803               	btfsc	3,0
  6386     01FD  29FF               	goto	u1221
  6387     01FE  2A01               	goto	u1220
  6388     01FF                     u1221:
  6389     01FF  17F2               	bsf	LIN_calcParity@PID,7
  6390     0200  2A02               	goto	u1234
  6391     0201                     u1220:
  6392     0201  13F2               	bcf	LIN_calcParity@PID,7
  6393     0202                     u1234:
  6394     0202                     l1976:
  6395                           
  6396                           ;mcc_generated_files/LINDrivers/lin_slave.c: 245:     return PID.rawPID;
  6397     0202  0872               	movf	LIN_calcParity@PID,w
  6398     0203                     l163:
  6399     0203  0008               	return
  6400     0204                     __end_of_LIN_calcParity:
  6401                           
  6402                           	psect	text49
  6403     0533                     __ptext49:	
  6404 ;; *************** function _LIN_breakCheck *****************
  6405 ;; Defined at:
  6406 ;;		line 298 in file "mcc_generated_files/LINDrivers/lin_slave.c"
  6407 ;; Parameters:    Size  Location     Type
  6408 ;;		None
  6409 ;; Auto vars:     Size  Location     Type
  6410 ;;		None
  6411 ;; Return value:  Size  Location     Type
  6412 ;;                  1    wreg      _Bool 
  6413 ;; Registers used:
  6414 ;;		wreg, fsr1l, fsr1h, status,2, status,0, pclath, cstack
  6415 ;; Tracked objects:
  6416 ;;		On entry : 0/0
  6417 ;;		On exit  : 0/0
  6418 ;;		Unchanged: 0/0
  6419 ;; Data sizes:     COMMON   BANK0   BANK1   BANK2
  6420 ;;      Params:         0       0       0       0
  6421 ;;      Locals:         0       0       0       0
  6422 ;;      Temps:          0       0       0       0
  6423 ;;      Totals:         0       0       0       0
  6424 ;;Total ram usage:        0 bytes
  6425 ;; Hardware stack levels used: 1
  6426 ;; Hardware stack levels required when called: 5
  6427 ;; This function calls:
  6428 ;;		_EUSART1_Read
  6429 ;;		_EUSART1_get_last_status
  6430 ;; This function is called by:
  6431 ;;		_LIN_handler
  6432 ;; This function uses a non-reentrant model
  6433 ;;
  6434                           
  6435     0533                     _LIN_breakCheck:	
  6436                           ;psect for function _LIN_breakCheck
  6437                           
  6438     0533                     l2056:	
  6439                           ;incstack = 0
  6440                           ; Regs used in _LIN_breakCheck: [wreg+fsr1l+fsr1h+status,2+status,0+pclath+cstack]
  6441                           
  6442                           
  6443                           ;mcc_generated_files/LINDrivers/lin_slave.c: 300:     if((EUSART1_Read() == 0x00) && (EU
      +                          SART1_get_last_status().ferr == 1)){
  6444     0533  3184  242D  3185   	fcall	_EUSART1_Read
  6445     0536  3A00               	xorlw	0
  6446     0537  1D03               	skipz
  6447     0538  2D3A               	goto	u1301
  6448     0539  2D3B               	goto	u1300
  6449     053A                     u1301:
  6450     053A  2D44               	goto	l2064
  6451     053B                     u1300:
  6452     053B                     l2058:
  6453     053B  3186  2638  3185   	fcall	_EUSART1_get_last_status
  6454     053E  1C89               	btfss	9,1
  6455     053F  2D41               	goto	u1311
  6456     0540  2D42               	goto	u1310
  6457     0541                     u1311:
  6458     0541  2D44               	goto	l2064
  6459     0542                     u1310:
  6460     0542                     l2060:
  6461                           
  6462                           ;mcc_generated_files/LINDrivers/lin_slave.c: 301:         return 1;
  6463     0542  3001               	movlw	1
  6464     0543  2D45               	goto	l193
  6465     0544                     l2064:
  6466                           
  6467                           ;mcc_generated_files/LINDrivers/lin_slave.c: 304:     return 0;
  6468     0544  3000               	movlw	0
  6469     0545                     l193:
  6470     0545  0008               	return
  6471     0546                     __end_of_LIN_breakCheck:
  6472                           
  6473                           	psect	text50
  6474     0638                     __ptext50:	
  6475 ;; *************** function _EUSART1_get_last_status *****************
  6476 ;; Defined at:
  6477 ;;		line 147 in file "mcc_generated_files/eusart1.c"
  6478 ;; Parameters:    Size  Location     Type
  6479 ;;		None
  6480 ;; Auto vars:     Size  Location     Type
  6481 ;;		None
  6482 ;; Return value:  Size  Location     Type
  6483 ;;                  1    wreg      struct .
  6484 ;; Registers used:
  6485 ;;		wreg
  6486 ;; Tracked objects:
  6487 ;;		On entry : 0/0
  6488 ;;		On exit  : 0/0
  6489 ;;		Unchanged: 0/0
  6490 ;; Data sizes:     COMMON   BANK0   BANK1   BANK2
  6491 ;;      Params:         0       0       0       0
  6492 ;;      Locals:         0       0       0       0
  6493 ;;      Temps:          0       0       0       0
  6494 ;;      Totals:         0       0       0       0
  6495 ;;Total ram usage:        0 bytes
  6496 ;; Hardware stack levels used: 1
  6497 ;; Hardware stack levels required when called: 4
  6498 ;; This function calls:
  6499 ;;		Nothing
  6500 ;; This function is called by:
  6501 ;;		_LIN_breakCheck
  6502 ;; This function uses a non-reentrant model
  6503 ;;
  6504                           
  6505     0638                     _EUSART1_get_last_status:	
  6506                           ;psect for function _EUSART1_get_last_status
  6507                           
  6508     0638                     l1982:	
  6509                           ;incstack = 0
  6510                           ; Regs used in _EUSART1_get_last_status: [wreg]
  6511                           
  6512                           
  6513                           ;mcc_generated_files/eusart1.c: 148:     return eusart1RxLastError;
  6514     0638  0140               	movlb	0	; select bank0
  6515     0639  0838               	movf	_eusart1RxLastError,w	;volatile
  6516     063A                     l280:
  6517     063A  0008               	return
  6518     063B                     __end_of_EUSART1_get_last_status:
  6519                           
  6520                           	psect	text51
  6521     042D                     __ptext51:	
  6522 ;; *************** function _EUSART1_Read *****************
  6523 ;; Defined at:
  6524 ;;		line 151 in file "mcc_generated_files/eusart1.c"
  6525 ;; Parameters:    Size  Location     Type
  6526 ;;		None
  6527 ;; Auto vars:     Size  Location     Type
  6528 ;;  readValue       1    0[COMMON] unsigned char 
  6529 ;; Return value:  Size  Location     Type
  6530 ;;                  1    wreg      unsigned char 
  6531 ;; Registers used:
  6532 ;;		wreg, fsr1l, fsr1h, status,2, status,0
  6533 ;; Tracked objects:
  6534 ;;		On entry : 0/0
  6535 ;;		On exit  : 0/0
  6536 ;;		Unchanged: 0/0
  6537 ;; Data sizes:     COMMON   BANK0   BANK1   BANK2
  6538 ;;      Params:         0       0       0       0
  6539 ;;      Locals:         1       0       0       0
  6540 ;;      Temps:          0       0       0       0
  6541 ;;      Totals:         1       0       0       0
  6542 ;;Total ram usage:        1 bytes
  6543 ;; Hardware stack levels used: 1
  6544 ;; Hardware stack levels required when called: 4
  6545 ;; This function calls:
  6546 ;;		Nothing
  6547 ;; This function is called by:
  6548 ;;		_LIN_handler
  6549 ;;		_LIN_breakCheck
  6550 ;; This function uses a non-reentrant model
  6551 ;;
  6552                           
  6553     042D                     _EUSART1_Read:	
  6554                           ;psect for function _EUSART1_Read
  6555                           
  6556     042D                     l1902:	
  6557                           ;incstack = 0
  6558                           ; Regs used in _EUSART1_Read: [wreg+fsr1l+fsr1h+status,2+status,0]
  6559                           
  6560     042D                     l1904:	
  6561                           ;mcc_generated_files/eusart1.c: 155:     while(0 == eusart1RxCount)
  6562                           
  6563                           
  6564                           ;mcc_generated_files/eusart1.c: 155:     while(0 == eusart1RxCount)
  6565     042D  0140               	movlb	0	; select bank0
  6566     042E  0839               	movf	_eusart1RxCount,w	;volatile
  6567     042F  1903               	btfsc	3,2
  6568     0430  2C32               	goto	u931
  6569     0431  2C33               	goto	u930
  6570     0432                     u931:
  6571     0432  2C2D               	goto	l1904
  6572     0433                     u930:
  6573     0433                     l1906:
  6574                           
  6575                           ;mcc_generated_files/eusart1.c: 159:     eusart1RxLastError = eusart1RxStatusBuffer[eusa
      +                          rt1RxTail];
  6576     0433  083A               	movf	_eusart1RxTail,w	;volatile
  6577     0434  3E20               	addlw	(low (_eusart1RxStatusBuffer| 0))& (0+255)
  6578     0435  0086               	movwf	6
  6579     0436  0187               	clrf	7
  6580     0437  0801               	movf	1,w
  6581     0438  00B8               	movwf	_eusart1RxLastError	;volatile
  6582                           
  6583                           ;mcc_generated_files/eusart1.c: 161:     readValue = eusart1RxBuffer[eusart1RxTail++];
  6584     0439  083A               	movf	_eusart1RxTail,w
  6585     043A  3E28               	addlw	(low (_eusart1RxBuffer| 0))& (0+255)
  6586     043B  0086               	movwf	6
  6587     043C  0187               	clrf	7
  6588     043D  0801               	movf	1,w
  6589     043E  00F0               	movwf	EUSART1_Read@readValue
  6590     043F                     l1908:
  6591     043F  3001               	movlw	1
  6592     0440  07BA               	addwf	_eusart1RxTail,f	;volatile
  6593     0441                     l1910:
  6594                           
  6595                           ;mcc_generated_files/eusart1.c: 162:     if(sizeof(eusart1RxBuffer) <= eusart1RxTail)
  6596     0441  3008               	movlw	8
  6597     0442  023A               	subwf	_eusart1RxTail,w	;volatile
  6598     0443  1C03               	skipc
  6599     0444  2C46               	goto	u941
  6600     0445  2C47               	goto	u940
  6601     0446                     u941:
  6602     0446  2C48               	goto	l1914
  6603     0447                     u940:
  6604     0447                     l1912:
  6605                           
  6606                           ;mcc_generated_files/eusart1.c: 163:     {;mcc_generated_files/eusart1.c: 164:         e
      +                          usart1RxTail = 0;
  6607     0447  01BA               	clrf	_eusart1RxTail	;volatile
  6608     0448                     l1914:
  6609                           
  6610                           ;mcc_generated_files/eusart1.c: 166:     PIE1bits.RC1IE = 0;
  6611     0448  014E               	movlb	14	; select bank14
  6612     0449  1217               	bcf	23,4	;volatile
  6613     044A                     l1916:
  6614                           
  6615                           ;mcc_generated_files/eusart1.c: 167:     eusart1RxCount--;
  6616     044A  3001               	movlw	1
  6617     044B  0140               	movlb	0	; select bank0
  6618     044C  02B9               	subwf	_eusart1RxCount,f	;volatile
  6619     044D                     l1918:
  6620                           
  6621                           ;mcc_generated_files/eusart1.c: 168:     PIE1bits.RC1IE = 1;
  6622     044D  014E               	movlb	14	; select bank14
  6623     044E  1617               	bsf	23,4	;volatile
  6624     044F                     l1920:
  6625                           
  6626                           ;mcc_generated_files/eusart1.c: 170:     return readValue;
  6627     044F  0870               	movf	EUSART1_Read@readValue,w
  6628     0450                     l287:
  6629     0450  0008               	return
  6630     0451                     __end_of_EUSART1_Read:
  6631                           
  6632                           	psect	text52
  6633     05AC                     __ptext52:	
  6634 ;; *************** function _EUSART1_is_rx_ready *****************
  6635 ;; Defined at:
  6636 ;;		line 137 in file "mcc_generated_files/eusart1.c"
  6637 ;; Parameters:    Size  Location     Type
  6638 ;;		None
  6639 ;; Auto vars:     Size  Location     Type
  6640 ;;		None
  6641 ;; Return value:  Size  Location     Type
  6642 ;;                  1    wreg      _Bool 
  6643 ;; Registers used:
  6644 ;;		wreg, status,2, status,0
  6645 ;; Tracked objects:
  6646 ;;		On entry : 0/0
  6647 ;;		On exit  : 0/0
  6648 ;;		Unchanged: 0/0
  6649 ;; Data sizes:     COMMON   BANK0   BANK1   BANK2
  6650 ;;      Params:         0       0       0       0
  6651 ;;      Locals:         0       0       0       0
  6652 ;;      Temps:          0       0       0       0
  6653 ;;      Totals:         0       0       0       0
  6654 ;;Total ram usage:        0 bytes
  6655 ;; Hardware stack levels used: 1
  6656 ;; Hardware stack levels required when called: 4
  6657 ;; This function calls:
  6658 ;;		Nothing
  6659 ;; This function is called by:
  6660 ;;		_LIN_handler
  6661 ;; This function uses a non-reentrant model
  6662 ;;
  6663                           
  6664     05AC                     _EUSART1_is_rx_ready:	
  6665                           ;psect for function _EUSART1_is_rx_ready
  6666                           
  6667     05AC                     l2042:	
  6668                           ;incstack = 0
  6669                           ; Regs used in _EUSART1_is_rx_ready: [wreg+status,2+status,0]
  6670                           
  6671                           
  6672                           ;mcc_generated_files/eusart1.c: 139:     return (eusart1RxCount ? 1 : 0);
  6673     05AC  0140               	movlb	0	; select bank0
  6674     05AD  0839               	movf	_eusart1RxCount,w	;volatile
  6675     05AE  1D03               	btfss	3,2
  6676     05AF  2DB1               	goto	u1281
  6677     05B0  2DB3               	goto	u1280
  6678     05B1                     u1281:
  6679     05B1  3001               	movlw	1
  6680     05B2  2DB4               	goto	u1290
  6681     05B3                     u1280:
  6682     05B3  3000               	movlw	0
  6683     05B4                     u1290:
  6684     05B4                     l274:
  6685     05B4  0008               	return
  6686     05B5                     __end_of_EUSART1_is_rx_ready:
  6687                           
  6688                           	psect	intentry
  6689     0004                     __pintentry:	
  6690 ;; *************** function _INTERRUPT_InterruptManager *****************
  6691 ;; Defined at:
  6692 ;;		line 52 in file "mcc_generated_files/interrupt_manager.c"
  6693 ;; Parameters:    Size  Location     Type
  6694 ;;		None
  6695 ;; Auto vars:     Size  Location     Type
  6696 ;;		None
  6697 ;; Return value:  Size  Location     Type
  6698 ;;                  1    wreg      void 
  6699 ;; Registers used:
  6700 ;;		wreg, fsr1l, fsr1h, status,2, status,0, pclath, cstack
  6701 ;; Tracked objects:
  6702 ;;		On entry : 0/0
  6703 ;;		On exit  : 0/0
  6704 ;;		Unchanged: 0/0
  6705 ;; Data sizes:     COMMON   BANK0   BANK1   BANK2
  6706 ;;      Params:         0       0       0       0
  6707 ;;      Locals:         0       0       0       0
  6708 ;;      Temps:          0       0       0       0
  6709 ;;      Totals:         0       0       0       0
  6710 ;;Total ram usage:        0 bytes
  6711 ;; Hardware stack levels used: 1
  6712 ;; Hardware stack levels required when called: 3
  6713 ;; This function calls:
  6714 ;;		NULL
  6715 ;;		_EUSART1_Receive_ISR
  6716 ;;		_EUSART1_Transmit_ISR
  6717 ;;		_TMR0_ISR
  6718 ;; This function is called by:
  6719 ;;		Interrupt level 1
  6720 ;; This function uses a non-reentrant model
  6721 ;;
  6722                           
  6723     0004                     _INTERRUPT_InterruptManager:
  6724                           
  6725                           ;incstack = 0
  6726     0004  147E               	bsf	int$flags,0	;set compiler interrupt flag (level 1)
  6727                           
  6728                           ; Regs used in _INTERRUPT_InterruptManager: [wreg+fsr1l+fsr1h+status,2+status,0+pclath+c
      +                          stack]
  6729     0005  3180               	pagesel	$
  6730     0006  3000               	movlw	low ___int_sp
  6731     0007  0086               	movwf	6
  6732     0008  3000               	movlw	high ___int_sp
  6733     0009  0087               	movwf	7
  6734     000A                     i1l2314:
  6735                           
  6736                           ;mcc_generated_files/interrupt_manager.c: 55:     if(PIE0bits.TMR0IE == 1 && PIR0bits.TM
      +                          R0IF == 1)
  6737     000A  014E               	movlb	14	; select bank14
  6738     000B  1E96               	btfss	22,5	;volatile
  6739     000C  280E               	goto	u156_21
  6740     000D  280F               	goto	u156_20
  6741     000E                     u156_21:
  6742     000E  2817               	goto	i1l362
  6743     000F                     u156_20:
  6744     000F                     i1l2316:
  6745     000F  1E8C               	btfss	12,5	;volatile
  6746     0010  2812               	goto	u157_21
  6747     0011  2813               	goto	u157_20
  6748     0012                     u157_21:
  6749     0012  2817               	goto	i1l362
  6750     0013                     u157_20:
  6751     0013                     i1l2318:
  6752                           
  6753                           ;mcc_generated_files/interrupt_manager.c: 56:     {;mcc_generated_files/interrupt_manage
      +                          r.c: 57:         TMR0_ISR();
  6754     0013  3185  2576  3180   	fcall	_TMR0_ISR
  6755                           
  6756                           ;mcc_generated_files/interrupt_manager.c: 58:     }
  6757     0016  2838               	goto	i1l370
  6758     0017                     i1l362:	
  6759                           ;mcc_generated_files/interrupt_manager.c: 59:     else if(INTCONbits.PEIE == 1)
  6760                           
  6761     0017  1F0B               	btfss	11,6	;volatile
  6762     0018  281A               	goto	u158_21
  6763     0019  281B               	goto	u158_20
  6764     001A                     u158_21:
  6765     001A  2838               	goto	i1l370
  6766     001B                     u158_20:
  6767     001B                     i1l2320:
  6768                           
  6769                           ;mcc_generated_files/interrupt_manager.c: 60:     {;mcc_generated_files/interrupt_manage
      +                          r.c: 61:         if(PIE1bits.TX1IE == 1 && PIR1bits.TX1IF == 1)
  6770     001B  1D97               	btfss	23,3	;volatile
  6771     001C  281E               	goto	u159_21
  6772     001D  281F               	goto	u159_20
  6773     001E                     u159_21:
  6774     001E  282A               	goto	i1l365
  6775     001F                     u159_20:
  6776     001F                     i1l2322:
  6777     001F  1D8D               	btfss	13,3	;volatile
  6778     0020  2822               	goto	u160_21
  6779     0021  2823               	goto	u160_20
  6780     0022                     u160_21:
  6781     0022  282A               	goto	i1l365
  6782     0023                     u160_20:
  6783     0023                     i1l2324:
  6784                           
  6785                           ;mcc_generated_files/interrupt_manager.c: 62:         {;mcc_generated_files/interrupt_ma
      +                          nager.c: 63:             EUSART1_TxDefaultInterruptHandler();
  6786     0023  0140               	movlb	0	; select bank0
  6787     0024  0861               	movf	_EUSART1_TxDefaultInterruptHandler+1,w
  6788     0025  008A               	movwf	10
  6789     0026  0860               	movf	_EUSART1_TxDefaultInterruptHandler,w
  6790     0027  000A               	callw
  6791     0028  3180               	pagesel	$
  6792                           
  6793                           ;mcc_generated_files/interrupt_manager.c: 64:         }
  6794     0029  2838               	goto	i1l370
  6795     002A                     i1l365:	
  6796                           ;mcc_generated_files/interrupt_manager.c: 65:         else if(PIE1bits.RC1IE == 1 && PIR
      +                          1bits.RC1IF == 1)
  6797                           
  6798     002A  1E17               	btfss	23,4	;volatile
  6799     002B  282D               	goto	u161_21
  6800     002C  282E               	goto	u161_20
  6801     002D                     u161_21:
  6802     002D  2838               	goto	i1l370
  6803     002E                     u161_20:
  6804     002E                     i1l2326:
  6805     002E  1E0D               	btfss	13,4	;volatile
  6806     002F  2831               	goto	u162_21
  6807     0030  2832               	goto	u162_20
  6808     0031                     u162_21:
  6809     0031  2838               	goto	i1l370
  6810     0032                     u162_20:
  6811     0032                     i1l2328:
  6812                           
  6813                           ;mcc_generated_files/interrupt_manager.c: 66:         {;mcc_generated_files/interrupt_ma
      +                          nager.c: 67:             EUSART1_RxDefaultInterruptHandler();
  6814     0032  0140               	movlb	0	; select bank0
  6815     0033  085F               	movf	_EUSART1_RxDefaultInterruptHandler+1,w
  6816     0034  008A               	movwf	10
  6817     0035  085E               	movf	_EUSART1_RxDefaultInterruptHandler,w
  6818     0036  000A               	callw
  6819     0037  3180               	pagesel	$
  6820     0038                     i1l370:	
  6821                           ;mcc_generated_files/interrupt_manager.c: 68:         }
  6822                           
  6823     0038  107E               	bcf	int$flags,0	;clear compiler interrupt flag (level 1)
  6824     0039  0009               	retfie
  6825     003A                     __end_of_INTERRUPT_InterruptManager:
  6826                           
  6827                           	psect	text54
  6828     0576                     __ptext54:	
  6829 ;; *************** function _TMR0_ISR *****************
  6830 ;; Defined at:
  6831 ;;		line 121 in file "mcc_generated_files/tmr0.c"
  6832 ;; Parameters:    Size  Location     Type
  6833 ;;		None
  6834 ;; Auto vars:     Size  Location     Type
  6835 ;;		None
  6836 ;; Return value:  Size  Location     Type
  6837 ;;                  1    wreg      void 
  6838 ;; Registers used:
  6839 ;;		wreg, status,2, status,0, pclath, cstack
  6840 ;; Tracked objects:
  6841 ;;		On entry : 0/0
  6842 ;;		On exit  : 0/0
  6843 ;;		Unchanged: 0/0
  6844 ;; Data sizes:     COMMON   BANK0   BANK1   BANK2
  6845 ;;      Params:         0       0       0       0
  6846 ;;      Locals:         0       0       0       0
  6847 ;;      Temps:          0       0       0       0
  6848 ;;      Totals:         0       0       0       0
  6849 ;;Total ram usage:        0 bytes
  6850 ;; Hardware stack levels used: 1
  6851 ;; Hardware stack levels required when called: 1
  6852 ;; This function calls:
  6853 ;;		NULL
  6854 ;;		_LIN_timerHandler
  6855 ;;		_TMR0_DefaultInterruptHandler
  6856 ;; This function is called by:
  6857 ;;		_INTERRUPT_InterruptManager
  6858 ;; This function uses a non-reentrant model
  6859 ;;
  6860                           
  6861     0576                     _TMR0_ISR:	
  6862                           ;psect for function _TMR0_ISR
  6863                           
  6864     0576                     i1l2298:	
  6865                           ;incstack = 0
  6866                           ; Regs used in _TMR0_ISR: [wreg+status,2+status,0+pclath+cstack]
  6867                           
  6868                           
  6869                           ;mcc_generated_files/tmr0.c: 124:     PIR0bits.TMR0IF = 0;
  6870     0576  014E               	movlb	14	; select bank14
  6871     0577  128C               	bcf	12,5	;volatile
  6872     0578                     i1l2300:
  6873                           
  6874                           ;mcc_generated_files/tmr0.c: 125:     if(TMR0_InterruptHandler)
  6875     0578  0140               	movlb	0	; select bank0
  6876     0579  0858               	movf	_TMR0_InterruptHandler,w
  6877     057A  0459               	iorwf	_TMR0_InterruptHandler+1,w
  6878     057B  1903               	btfsc	3,2
  6879     057C  2D7E               	goto	u155_21
  6880     057D  2D7F               	goto	u155_20
  6881     057E                     u155_21:
  6882     057E  2D84               	goto	i1l467
  6883     057F                     u155_20:
  6884     057F                     i1l2302:
  6885                           
  6886                           ;mcc_generated_files/tmr0.c: 126:     {;mcc_generated_files/tmr0.c: 127:         TMR0_In
      +                          terruptHandler();
  6887     057F  0859               	movf	_TMR0_InterruptHandler+1,w
  6888     0580  008A               	movwf	10
  6889     0581  0858               	movf	_TMR0_InterruptHandler,w
  6890     0582  000A               	callw
  6891     0583  3185               	pagesel	$
  6892     0584                     i1l467:
  6893     0584  0008               	return
  6894     0585                     __end_of_TMR0_ISR:
  6895                           
  6896                           	psect	text55
  6897     05A0                     __ptext55:	
  6898 ;; *************** function _LIN_timerHandler *****************
  6899 ;; Defined at:
  6900 ;;		line 269 in file "mcc_generated_files/LINDrivers/lin_slave.c"
  6901 ;; Parameters:    Size  Location     Type
  6902 ;;		None
  6903 ;; Auto vars:     Size  Location     Type
  6904 ;;		None
  6905 ;; Return value:  Size  Location     Type
  6906 ;;                  1    wreg      void 
  6907 ;; Registers used:
  6908 ;;		wreg, status,2, status,0
  6909 ;; Tracked objects:
  6910 ;;		On entry : 0/0
  6911 ;;		On exit  : 0/0
  6912 ;;		Unchanged: 0/0
  6913 ;; Data sizes:     COMMON   BANK0   BANK1   BANK2
  6914 ;;      Params:         0       0       0       0
  6915 ;;      Locals:         0       0       0       0
  6916 ;;      Temps:          0       0       0       0
  6917 ;;      Totals:         0       0       0       0
  6918 ;;Total ram usage:        0 bytes
  6919 ;; Hardware stack levels used: 1
  6920 ;; This function calls:
  6921 ;;		Nothing
  6922 ;; This function is called by:
  6923 ;;		_LIN_setTimerHandler
  6924 ;;		_TMR0_ISR
  6925 ;; This function uses a non-reentrant model
  6926 ;;
  6927                           
  6928     05A0                     _LIN_timerHandler:	
  6929                           ;psect for function _LIN_timerHandler
  6930                           
  6931     05A0                     i1l2086:	
  6932                           ;incstack = 0
  6933                           ; Regs used in _LIN_timerHandler: [wreg+status,2+status,0]
  6934                           
  6935                           
  6936                           ;mcc_generated_files/LINDrivers/lin_slave.c: 271:     if (++CountCallBack >= LIN_timeout
      +                          ) {
  6937     05A0  3001               	movlw	1
  6938     05A1  0140               	movlb	0	; select bank0
  6939     05A2  07C0               	addwf	_CountCallBack,f	;volatile
  6940     05A3  086C               	movf	_LIN_timeout,w
  6941     05A4  0240               	subwf	_CountCallBack,w	;volatile
  6942     05A5  1C03               	skipc
  6943     05A6  2DA8               	goto	u134_21
  6944     05A7  2DA9               	goto	u134_20
  6945     05A8                     u134_21:
  6946     05A8  2DAB               	goto	i1l177
  6947     05A9                     u134_20:
  6948     05A9                     i1l2088:
  6949                           
  6950                           ;mcc_generated_files/LINDrivers/lin_slave.c: 275:       CountCallBack = 0;
  6951     05A9  01C0               	clrf	_CountCallBack	;volatile
  6952                           
  6953                           ;mcc_generated_files/LINDrivers/lin_slave.c: 276:       LIN_timerRunning = 0;
  6954     05AA  01C1               	clrf	_LIN_timerRunning
  6955     05AB                     i1l177:
  6956     05AB  0008               	return
  6957     05AC                     __end_of_LIN_timerHandler:
  6958                           
  6959                           	psect	text56
  6960     0640                     __ptext56:	
  6961 ;; *************** function _TMR0_DefaultInterruptHandler *****************
  6962 ;; Defined at:
  6963 ;;		line 138 in file "mcc_generated_files/tmr0.c"
  6964 ;; Parameters:    Size  Location     Type
  6965 ;;		None
  6966 ;; Auto vars:     Size  Location     Type
  6967 ;;		None
  6968 ;; Return value:  Size  Location     Type
  6969 ;;                  1    wreg      void 
  6970 ;; Registers used:
  6971 ;;		None
  6972 ;; Tracked objects:
  6973 ;;		On entry : 0/0
  6974 ;;		On exit  : 0/0
  6975 ;;		Unchanged: 0/0
  6976 ;; Data sizes:     COMMON   BANK0   BANK1   BANK2
  6977 ;;      Params:         0       0       0       0
  6978 ;;      Locals:         0       0       0       0
  6979 ;;      Temps:          0       0       0       0
  6980 ;;      Totals:         0       0       0       0
  6981 ;;Total ram usage:        0 bytes
  6982 ;; Hardware stack levels used: 1
  6983 ;; This function calls:
  6984 ;;		Nothing
  6985 ;; This function is called by:
  6986 ;;		_TMR0_Initialize
  6987 ;;		_TMR0_ISR
  6988 ;; This function uses a non-reentrant model
  6989 ;;
  6990                           
  6991     0640                     _TMR0_DefaultInterruptHandler:	
  6992                           ;psect for function _TMR0_DefaultInterruptHandler
  6993                           
  6994     0640                     i1l473:	
  6995                           ;incstack = 0
  6996                           ; Regs used in _TMR0_DefaultInterruptHandler: []
  6997                           
  6998     0640  0008               	return
  6999     0641                     __end_of_TMR0_DefaultInterruptHandler:
  7000                           
  7001                           	psect	text57
  7002     0493                     __ptext57:	
  7003 ;; *************** function _EUSART1_Transmit_ISR *****************
  7004 ;; Defined at:
  7005 ;;		line 197 in file "mcc_generated_files/eusart1.c"
  7006 ;; Parameters:    Size  Location     Type
  7007 ;;		None
  7008 ;; Auto vars:     Size  Location     Type
  7009 ;;		None
  7010 ;; Return value:  Size  Location     Type
  7011 ;;                  1    wreg      void 
  7012 ;; Registers used:
  7013 ;;		wreg, fsr1l, fsr1h, status,2, status,0
  7014 ;; Tracked objects:
  7015 ;;		On entry : 0/0
  7016 ;;		On exit  : 0/0
  7017 ;;		Unchanged: 0/0
  7018 ;; Data sizes:     COMMON   BANK0   BANK1   BANK2
  7019 ;;      Params:         0       0       0       0
  7020 ;;      Locals:         0       0       0       0
  7021 ;;      Temps:          0       0       0       0
  7022 ;;      Totals:         0       0       0       0
  7023 ;;Total ram usage:        0 bytes
  7024 ;; Hardware stack levels used: 1
  7025 ;; This function calls:
  7026 ;;		Nothing
  7027 ;; This function is called by:
  7028 ;;		_EUSART1_Initialize
  7029 ;;		_INTERRUPT_InterruptManager
  7030 ;; This function uses a non-reentrant model
  7031 ;;
  7032                           
  7033     0493                     _EUSART1_Transmit_ISR:	
  7034                           ;psect for function _EUSART1_Transmit_ISR
  7035                           
  7036     0493                     i1l2266:	
  7037                           ;incstack = 0
  7038                           ; Regs used in _EUSART1_Transmit_ISR: [wreg+fsr1l+fsr1h+status,2+status,0]
  7039                           
  7040                           
  7041                           ;mcc_generated_files/eusart1.c: 201:     if(sizeof(eusart1TxBuffer) > eusart1TxBufferRem
      +                          aining)
  7042     0493  3008               	movlw	8
  7043     0494  0140               	movlb	0	; select bank0
  7044     0495  023B               	subwf	_eusart1TxBufferRemaining,w	;volatile
  7045     0496  1803               	skipnc
  7046     0497  2C99               	goto	u150_21
  7047     0498  2C9A               	goto	u150_20
  7048     0499                     u150_21:
  7049     0499  2CAE               	goto	i1l299
  7050     049A                     u150_20:
  7051     049A                     i1l2268:
  7052                           
  7053                           ;mcc_generated_files/eusart1.c: 202:     {;mcc_generated_files/eusart1.c: 203:         T
      +                          X1REG = eusart1TxBuffer[eusart1TxTail++];
  7054     049A  083C               	movf	_eusart1TxTail,w
  7055     049B  3E30               	addlw	(low (_eusart1TxBuffer| 0))& (0+255)
  7056     049C  0086               	movwf	6
  7057     049D  0187               	clrf	7
  7058     049E  0801               	movf	1,w
  7059     049F  0142               	movlb	2	; select bank2
  7060     04A0  009A               	movwf	26	;volatile
  7061     04A1                     i1l2270:
  7062     04A1  3001               	movlw	1
  7063     04A2  0140               	movlb	0	; select bank0
  7064     04A3  07BC               	addwf	_eusart1TxTail,f	;volatile
  7065     04A4                     i1l2272:
  7066                           
  7067                           ;mcc_generated_files/eusart1.c: 204:         if(sizeof(eusart1TxBuffer) <= eusart1TxTail
      +                          )
  7068     04A4  3008               	movlw	8
  7069     04A5  023C               	subwf	_eusart1TxTail,w	;volatile
  7070     04A6  1C03               	skipc
  7071     04A7  2CA9               	goto	u151_21
  7072     04A8  2CAA               	goto	u151_20
  7073     04A9                     u151_21:
  7074     04A9  2CAB               	goto	i1l2276
  7075     04AA                     u151_20:
  7076     04AA                     i1l2274:
  7077                           
  7078                           ;mcc_generated_files/eusart1.c: 205:         {;mcc_generated_files/eusart1.c: 206:      
      +                                 eusart1TxTail = 0;
  7079     04AA  01BC               	clrf	_eusart1TxTail	;volatile
  7080     04AB                     i1l2276:
  7081                           
  7082                           ;mcc_generated_files/eusart1.c: 208:         eusart1TxBufferRemaining++;
  7083     04AB  3001               	movlw	1
  7084     04AC  07BB               	addwf	_eusart1TxBufferRemaining,f	;volatile
  7085                           
  7086                           ;mcc_generated_files/eusart1.c: 209:     }
  7087     04AD  2CB0               	goto	i1l302
  7088     04AE                     i1l299:	
  7089                           ;mcc_generated_files/eusart1.c: 210:     else
  7090                           
  7091                           
  7092                           ;mcc_generated_files/eusart1.c: 211:     {;mcc_generated_files/eusart1.c: 212:         P
      +                          IE1bits.TX1IE = 0;
  7093     04AE  014E               	movlb	14	; select bank14
  7094     04AF  1197               	bcf	23,3	;volatile
  7095     04B0                     i1l302:
  7096     04B0  0008               	return
  7097     04B1                     __end_of_EUSART1_Transmit_ISR:
  7098                           
  7099                           	psect	text58
  7100     0377                     __ptext58:	
  7101 ;; *************** function _EUSART1_Receive_ISR *****************
  7102 ;; Defined at:
  7103 ;;		line 216 in file "mcc_generated_files/eusart1.c"
  7104 ;; Parameters:    Size  Location     Type
  7105 ;;		None
  7106 ;; Auto vars:     Size  Location     Type
  7107 ;;		None
  7108 ;; Return value:  Size  Location     Type
  7109 ;;                  1    wreg      void 
  7110 ;; Registers used:
  7111 ;;		wreg, fsr1l, fsr1h, status,2, status,0, pclath, cstack
  7112 ;; Tracked objects:
  7113 ;;		On entry : 0/0
  7114 ;;		On exit  : 0/0
  7115 ;;		Unchanged: 0/0
  7116 ;; Data sizes:     COMMON   BANK0   BANK1   BANK2
  7117 ;;      Params:         0       0       0       0
  7118 ;;      Locals:         0       0       0       0
  7119 ;;      Temps:          0       0       0       0
  7120 ;;      Totals:         0       0       0       0
  7121 ;;Total ram usage:        0 bytes
  7122 ;; Hardware stack levels used: 1
  7123 ;; Hardware stack levels required when called: 2
  7124 ;; This function calls:
  7125 ;;		NULL
  7126 ;;		_EUSART1_DefaultErrorHandler
  7127 ;;		_EUSART1_DefaultFramingErrorHandler
  7128 ;;		_EUSART1_DefaultOverrunErrorHandler
  7129 ;;		_EUSART1_RxDataHandler
  7130 ;; This function is called by:
  7131 ;;		_EUSART1_Initialize
  7132 ;;		_INTERRUPT_InterruptManager
  7133 ;; This function uses a non-reentrant model
  7134 ;;
  7135                           
  7136     0377                     _EUSART1_Receive_ISR:	
  7137                           ;psect for function _EUSART1_Receive_ISR
  7138                           
  7139     0377                     i1l2278:	
  7140                           ;incstack = 0
  7141                           ; Regs used in _EUSART1_Receive_ISR: [wreg+fsr1l+fsr1h+status,2+status,0+pclath+cstack]
  7142                           
  7143                           
  7144                           ;mcc_generated_files/eusart1.c: 219:     eusart1RxStatusBuffer[eusart1RxHead].status = 0
      +                          ;
  7145     0377  087D               	movf	_eusart1RxHead,w	;volatile
  7146     0378  3E20               	addlw	(low (_eusart1RxStatusBuffer| 0))& (0+255)
  7147     0379  0086               	movwf	6
  7148     037A  0187               	clrf	7
  7149     037B  0181               	clrf	1
  7150     037C                     i1l2280:
  7151                           
  7152                           ;mcc_generated_files/eusart1.c: 221:     if(RC1STAbits.FERR){
  7153     037C  0142               	movlb	2	; select bank2
  7154     037D  1D1D               	btfss	29,2	;volatile
  7155     037E  2B80               	goto	u152_21
  7156     037F  2B81               	goto	u152_20
  7157     0380                     u152_21:
  7158     0380  2B8C               	goto	i1l2286
  7159     0381                     u152_20:
  7160     0381                     i1l2282:
  7161                           
  7162                           ;mcc_generated_files/eusart1.c: 222:         eusart1RxStatusBuffer[eusart1RxHead].ferr =
      +                           1;
  7163     0381  087D               	movf	_eusart1RxHead,w	;volatile
  7164     0382  3E20               	addlw	(low (_eusart1RxStatusBuffer| 0))& (0+255)
  7165     0383  0086               	movwf	6
  7166     0384  0187               	clrf	7
  7167     0385  1481               	bsf	1,1
  7168     0386                     i1l2284:
  7169                           
  7170                           ;mcc_generated_files/eusart1.c: 223:         EUSART1_FramingErrorHandler();
  7171     0386  0140               	movlb	0	; select bank0
  7172     0387  085D               	movf	_EUSART1_FramingErrorHandler+1,w
  7173     0388  008A               	movwf	10
  7174     0389  085C               	movf	_EUSART1_FramingErrorHandler,w
  7175     038A  000A               	callw
  7176     038B  3183               	pagesel	$
  7177     038C                     i1l2286:
  7178                           
  7179                           ;mcc_generated_files/eusart1.c: 226:     if(RC1STAbits.OERR){
  7180     038C  0142               	movlb	2	; select bank2
  7181     038D  1C9D               	btfss	29,1	;volatile
  7182     038E  2B90               	goto	u153_21
  7183     038F  2B91               	goto	u153_20
  7184     0390                     u153_21:
  7185     0390  2B9C               	goto	i1l2292
  7186     0391                     u153_20:
  7187     0391                     i1l2288:
  7188                           
  7189                           ;mcc_generated_files/eusart1.c: 227:         eusart1RxStatusBuffer[eusart1RxHead].oerr =
      +                           1;
  7190     0391  087D               	movf	_eusart1RxHead,w	;volatile
  7191     0392  3E20               	addlw	(low (_eusart1RxStatusBuffer| 0))& (0+255)
  7192     0393  0086               	movwf	6
  7193     0394  0187               	clrf	7
  7194     0395  1501               	bsf	1,2
  7195     0396                     i1l2290:
  7196                           
  7197                           ;mcc_generated_files/eusart1.c: 228:         EUSART1_OverrunErrorHandler();
  7198     0396  0140               	movlb	0	; select bank0
  7199     0397  085B               	movf	_EUSART1_OverrunErrorHandler+1,w
  7200     0398  008A               	movwf	10
  7201     0399  085A               	movf	_EUSART1_OverrunErrorHandler,w
  7202     039A  000A               	callw
  7203     039B  3183               	pagesel	$
  7204     039C                     i1l2292:
  7205                           
  7206                           ;mcc_generated_files/eusart1.c: 231:     if(eusart1RxStatusBuffer[eusart1RxHead].status)
      +                          {
  7207     039C  087D               	movf	_eusart1RxHead,w	;volatile
  7208     039D  3E20               	addlw	(low (_eusart1RxStatusBuffer| 0))& (0+255)
  7209     039E  0086               	movwf	6
  7210     039F  0187               	clrf	7
  7211     03A0  0801               	movf	1,w
  7212     03A1  1903               	btfsc	3,2
  7213     03A2  2BA4               	goto	u154_21
  7214     03A3  2BA5               	goto	u154_20
  7215     03A4                     u154_21:
  7216     03A4  2BAC               	goto	i1l2296
  7217     03A5                     u154_20:
  7218     03A5                     i1l2294:
  7219                           
  7220                           ;mcc_generated_files/eusart1.c: 232:         EUSART1_ErrorHandler();
  7221     03A5  0141               	movlb	1	; select bank1
  7222     03A6  0832               	movf	(_EUSART1_ErrorHandler+1)^(0+128),w
  7223     03A7  008A               	movwf	10
  7224     03A8  0831               	movf	_EUSART1_ErrorHandler^(0+128),w
  7225     03A9  000A               	callw
  7226     03AA  3183               	pagesel	$
  7227                           
  7228                           ;mcc_generated_files/eusart1.c: 233:     } else {
  7229     03AB  2BAF               	goto	i1l309
  7230     03AC                     i1l2296:
  7231                           
  7232                           ;mcc_generated_files/eusart1.c: 234:         EUSART1_RxDataHandler();
  7233     03AC  3185  250C  3183   	fcall	_EUSART1_RxDataHandler
  7234     03AF                     i1l309:
  7235     03AF  0008               	return
  7236     03B0                     __end_of_EUSART1_Receive_ISR:
  7237                           
  7238                           	psect	text59
  7239     061E                     __ptext59:	
  7240 ;; *************** function _EUSART1_DefaultOverrunErrorHandler *****************
  7241 ;; Defined at:
  7242 ;;		line 252 in file "mcc_generated_files/eusart1.c"
  7243 ;; Parameters:    Size  Location     Type
  7244 ;;		None
  7245 ;; Auto vars:     Size  Location     Type
  7246 ;;		None
  7247 ;; Return value:  Size  Location     Type
  7248 ;;                  1    wreg      void 
  7249 ;; Registers used:
  7250 ;;		None
  7251 ;; Tracked objects:
  7252 ;;		On entry : 0/0
  7253 ;;		On exit  : 0/0
  7254 ;;		Unchanged: 0/0
  7255 ;; Data sizes:     COMMON   BANK0   BANK1   BANK2
  7256 ;;      Params:         0       0       0       0
  7257 ;;      Locals:         0       0       0       0
  7258 ;;      Temps:          0       0       0       0
  7259 ;;      Totals:         0       0       0       0
  7260 ;;Total ram usage:        0 bytes
  7261 ;; Hardware stack levels used: 1
  7262 ;; This function calls:
  7263 ;;		Nothing
  7264 ;; This function is called by:
  7265 ;;		_EUSART1_Initialize
  7266 ;;		_EUSART1_Receive_ISR
  7267 ;; This function uses a non-reentrant model
  7268 ;;
  7269                           
  7270     061E                     _EUSART1_DefaultOverrunErrorHandler:	
  7271                           ;psect for function _EUSART1_DefaultOverrunErrorHandler
  7272                           
  7273     061E                     i1l2122:	
  7274                           ;incstack = 0
  7275                           ; Regs used in _EUSART1_DefaultOverrunErrorHandler: []
  7276                           
  7277                           
  7278                           ;mcc_generated_files/eusart1.c: 255:     RC1STAbits.CREN = 0;
  7279     061E  0142               	movlb	2	; select bank2
  7280     061F  121D               	bcf	29,4	;volatile
  7281                           
  7282                           ;mcc_generated_files/eusart1.c: 256:     RC1STAbits.CREN = 1;
  7283     0620  161D               	bsf	29,4	;volatile
  7284     0621                     i1l319:
  7285     0621  0008               	return
  7286     0622                     __end_of_EUSART1_DefaultOverrunErrorHandler:
  7287                           
  7288                           	psect	text60
  7289     0641                     __ptext60:	
  7290 ;; *************** function _EUSART1_DefaultFramingErrorHandler *****************
  7291 ;; Defined at:
  7292 ;;		line 250 in file "mcc_generated_files/eusart1.c"
  7293 ;; Parameters:    Size  Location     Type
  7294 ;;		None
  7295 ;; Auto vars:     Size  Location     Type
  7296 ;;		None
  7297 ;; Return value:  Size  Location     Type
  7298 ;;                  1    wreg      void 
  7299 ;; Registers used:
  7300 ;;		None
  7301 ;; Tracked objects:
  7302 ;;		On entry : 0/0
  7303 ;;		On exit  : 0/0
  7304 ;;		Unchanged: 0/0
  7305 ;; Data sizes:     COMMON   BANK0   BANK1   BANK2
  7306 ;;      Params:         0       0       0       0
  7307 ;;      Locals:         0       0       0       0
  7308 ;;      Temps:          0       0       0       0
  7309 ;;      Totals:         0       0       0       0
  7310 ;;Total ram usage:        0 bytes
  7311 ;; Hardware stack levels used: 1
  7312 ;; This function calls:
  7313 ;;		Nothing
  7314 ;; This function is called by:
  7315 ;;		_EUSART1_Initialize
  7316 ;;		_EUSART1_Receive_ISR
  7317 ;; This function uses a non-reentrant model
  7318 ;;
  7319                           
  7320     0641                     _EUSART1_DefaultFramingErrorHandler:	
  7321                           ;psect for function _EUSART1_DefaultFramingErrorHandler
  7322                           
  7323     0641                     i1l316:	
  7324                           ;incstack = 0
  7325                           ; Regs used in _EUSART1_DefaultFramingErrorHandler: []
  7326                           
  7327     0641  0008               	return
  7328     0642                     __end_of_EUSART1_DefaultFramingErrorHandler:
  7329                           
  7330                           	psect	text61
  7331     0622                     __ptext61:	
  7332 ;; *************** function _EUSART1_DefaultErrorHandler *****************
  7333 ;; Defined at:
  7334 ;;		line 260 in file "mcc_generated_files/eusart1.c"
  7335 ;; Parameters:    Size  Location     Type
  7336 ;;		None
  7337 ;; Auto vars:     Size  Location     Type
  7338 ;;		None
  7339 ;; Return value:  Size  Location     Type
  7340 ;;                  1    wreg      void 
  7341 ;; Registers used:
  7342 ;;		wreg, fsr1l, fsr1h, status,2, status,0, pclath, cstack
  7343 ;; Tracked objects:
  7344 ;;		On entry : 0/0
  7345 ;;		On exit  : 0/0
  7346 ;;		Unchanged: 0/0
  7347 ;; Data sizes:     COMMON   BANK0   BANK1   BANK2
  7348 ;;      Params:         0       0       0       0
  7349 ;;      Locals:         0       0       0       0
  7350 ;;      Temps:          0       0       0       0
  7351 ;;      Totals:         0       0       0       0
  7352 ;;Total ram usage:        0 bytes
  7353 ;; Hardware stack levels used: 1
  7354 ;; Hardware stack levels required when called: 1
  7355 ;; This function calls:
  7356 ;;		_EUSART1_RxDataHandler
  7357 ;; This function is called by:
  7358 ;;		_EUSART1_Initialize
  7359 ;;		_EUSART1_Receive_ISR
  7360 ;; This function uses a non-reentrant model
  7361 ;;
  7362                           
  7363     0622                     _EUSART1_DefaultErrorHandler:	
  7364                           ;psect for function _EUSART1_DefaultErrorHandler
  7365                           
  7366     0622                     i1l2124:	
  7367                           ;incstack = 0
  7368                           ; Regs used in _EUSART1_DefaultErrorHandler: [wreg+fsr1l+fsr1h+status,2+status,0+pclath+
      +                          cstack]
  7369                           
  7370                           
  7371                           ;mcc_generated_files/eusart1.c: 261:     EUSART1_RxDataHandler();
  7372     0622  3185  250C  3186   	fcall	_EUSART1_RxDataHandler
  7373     0625                     i1l322:
  7374     0625  0008               	return
  7375     0626                     __end_of_EUSART1_DefaultErrorHandler:
  7376                           
  7377                           	psect	text62
  7378     050C                     __ptext62:	
  7379 ;; *************** function _EUSART1_RxDataHandler *****************
  7380 ;; Defined at:
  7381 ;;		line 240 in file "mcc_generated_files/eusart1.c"
  7382 ;; Parameters:    Size  Location     Type
  7383 ;;		None
  7384 ;; Auto vars:     Size  Location     Type
  7385 ;;		None
  7386 ;; Return value:  Size  Location     Type
  7387 ;;                  1    wreg      void 
  7388 ;; Registers used:
  7389 ;;		wreg, fsr1l, fsr1h, status,2, status,0
  7390 ;; Tracked objects:
  7391 ;;		On entry : 0/0
  7392 ;;		On exit  : 0/0
  7393 ;;		Unchanged: 0/0
  7394 ;; Data sizes:     COMMON   BANK0   BANK1   BANK2
  7395 ;;      Params:         0       0       0       0
  7396 ;;      Locals:         0       0       0       0
  7397 ;;      Temps:          0       0       0       0
  7398 ;;      Totals:         0       0       0       0
  7399 ;;Total ram usage:        0 bytes
  7400 ;; Hardware stack levels used: 1
  7401 ;; This function calls:
  7402 ;;		Nothing
  7403 ;; This function is called by:
  7404 ;;		_EUSART1_Receive_ISR
  7405 ;;		_EUSART1_DefaultErrorHandler
  7406 ;; This function uses a non-reentrant model
  7407 ;;
  7408                           
  7409     050C                     _EUSART1_RxDataHandler:	
  7410                           ;psect for function _EUSART1_RxDataHandler
  7411                           
  7412     050C                     i1l1998:	
  7413                           ;incstack = 0
  7414                           ; Regs used in _EUSART1_RxDataHandler: [wreg+fsr1l+fsr1h+status,2+status,0]
  7415                           
  7416                           
  7417                           ;mcc_generated_files/eusart1.c: 242:     eusart1RxBuffer[eusart1RxHead++] = RC1REG;
  7418     050C  087D               	movf	_eusart1RxHead,w
  7419     050D  3E28               	addlw	(low (_eusart1RxBuffer| 0))& (0+255)
  7420     050E  0086               	movwf	6
  7421     050F  0187               	clrf	7
  7422     0510  0142               	movlb	2	; select bank2
  7423     0511  0819               	movf	25,w	;volatile
  7424     0512  0081               	movwf	1
  7425     0513                     i1l2000:
  7426     0513  3001               	movlw	1
  7427     0514  07FD               	addwf	_eusart1RxHead,f	;volatile
  7428     0515                     i1l2002:
  7429                           
  7430                           ;mcc_generated_files/eusart1.c: 243:     if(sizeof(eusart1RxBuffer) <= eusart1RxHead)
  7431     0515  3008               	movlw	8
  7432     0516  027D               	subwf	_eusart1RxHead,w	;volatile
  7433     0517  1C03               	skipc
  7434     0518  2D1A               	goto	u124_21
  7435     0519  2D1B               	goto	u124_20
  7436     051A                     u124_21:
  7437     051A  2D1C               	goto	i1l2006
  7438     051B                     u124_20:
  7439     051B                     i1l2004:
  7440                           
  7441                           ;mcc_generated_files/eusart1.c: 244:     {;mcc_generated_files/eusart1.c: 245:         e
      +                          usart1RxHead = 0;
  7442     051B  01FD               	clrf	_eusart1RxHead	;volatile
  7443     051C                     i1l2006:
  7444                           
  7445                           ;mcc_generated_files/eusart1.c: 247:     eusart1RxCount++;
  7446     051C  3001               	movlw	1
  7447     051D  0140               	movlb	0	; select bank0
  7448     051E  07B9               	addwf	_eusart1RxCount,f	;volatile
  7449     051F                     i1l313:
  7450     051F  0008               	return
  7451     0520                     __end_of_EUSART1_RxDataHandler:
  7452     0000                     ___latbits      equ	0
  7453     007E                     btemp           set	126	;btemp
  7454     007E                     int$flags       set	126
  7455     007E                     btemp0          set	126
  7456     007F                     btemp1          set	127
  7457     007E                     wtemp0          set	126
  7458     007F                     wtemp0a         set	127
  7459     007F                     ttemp0a         set	127
  7460     0080                     ltemp0a         set	128
  7461                           
  7462                           	psect	config
  7463                           
  7464                           ;Config register CONFIG1 @ 0x8007
  7465                           ;	External Oscillator Mode Selection bits
  7466                           ;	FEXTOSC = OFF, Oscillator not enabled
  7467                           ;	Power-up Default Value for COSC bits
  7468                           ;	RSTOSC = HFINTOSC_32MHZ, HFINTOSC (32 MHz)
  7469                           ;	Clock Out Enable bit
  7470                           ;	CLKOUTEN = OFF, CLKOUT function is disabled; I/O function on RA4
  7471                           ;	VDD Range Analog Calibration Selection bit
  7472                           ;	VDDAR = HI, Internal analog systems are calibrated for operation between VDD = 2.3V - 
      +                          5.5V
  7473     8007                     	org	32775
  7474     8007  3FCD               	dw	16333
  7475                           
  7476                           ;Config register CONFIG2 @ 0x8008
  7477                           ;	Master Clear Enable bit
  7478                           ;	MCLRE = EXTMCLR, If LVP = 0, MCLR pin is MCLR; If LVP = 1, RA3 pin function is MCLR
  7479                           ;	Power-up Timer Selection bits
  7480                           ;	PWRTS = PWRT_OFF, PWRT is disabled
  7481                           ;	WDT Operating Mode bits
  7482                           ;	WDTE = OFF, WDT disabled; SEN is ignored
  7483                           ;	Brown-out Reset Enable bits
  7484                           ;	BOREN = ON, Brown-out Reset Enabled, SBOREN bit is ignored
  7485                           ;	Brown-out Reset Voltage Selection bit
  7486                           ;	BORV = LO, Brown-out Reset Voltage (VBOR) set to 1.9V
  7487                           ;	PPSLOCKED One-Way Set Enable bit
  7488                           ;	PPS1WAY = ON, The PPSLOCKED bit can be set once after an unlocking sequence is execute
      +                          d; once PPSLOCKED is set, all future changes to PPS registers are prevented
  7489                           ;	Stack Overflow/Underflow Reset Enable bit
  7490                           ;	STVREN = ON, Stack Overflow or Underflow will cause a reset
  7491     8008                     	org	32776
  7492     8008  3FE7               	dw	16359
  7493                           
  7494                           ;Config register CONFIG4 @ 0x800A
  7495                           ;	Boot Block Size Selection bits
  7496                           ;	BBSIZE = BB512, 512 words boot block size
  7497                           ;	Boot Block Enable bit
  7498                           ;	BBEN = OFF, Boot Block is disabled
  7499                           ;	SAF Enable bit
  7500                           ;	SAFEN = OFF, SAF is disabled
  7501                           ;	Application Block Write Protection bit
  7502                           ;	WRTAPP = OFF, Application Block is not write-protected
  7503                           ;	Boot Block Write Protection bit
  7504                           ;	WRTB = OFF, Boot Block is not write-protected
  7505                           ;	Configuration Registers Write Protection bit
  7506                           ;	WRTC = OFF, Configuration Registers are not write-protected
  7507                           ;	Storage Area Flash (SAF) Write Protection bit
  7508                           ;	WRTSAF = OFF, SAF is not write-protected
  7509                           ;	Low Voltage Programming Enable bit
  7510                           ;	LVP = OFF, High Voltage on MCLR/Vpp must be used for programming
  7511     800A                     	org	32778
  7512     800A  1FFF               	dw	8191
  7513                           
  7514                           ;Config register CONFIG5 @ 0x800B
  7515                           ;	User Program Flash Memory Code Protection bit
  7516                           ;	CP = OFF, User Program Flash Memory code protection is disabled
  7517     800B                     	org	32779
  7518     800B  3FFF               	dw	16383

Data Sizes:
    Strings     0
    Constant    5
    Data        1
    BSS         65
    Persistent  65
    Stack       0

Auto Spaces:
    Space          Size  Autos    Used
    COMMON           14     13      14
    BANK0            80      5      77
    BANK1            80      9      19
    BANK2            80      0       0

Pointer List with Targets:

    EUSART1_ErrorHandler	PTR FTN()void  size(2) Largest target is 1
		 -> EUSART1_DefaultErrorHandler(), NULL(), 

    EUSART1_FramingErrorHandler	PTR FTN()void  size(2) Largest target is 1
		 -> EUSART1_DefaultFramingErrorHandler(), NULL(), 

    EUSART1_OverrunErrorHandler	PTR FTN()void  size(2) Largest target is 1
		 -> EUSART1_DefaultOverrunErrorHandler(), NULL(), 

    EUSART1_RxDefaultInterruptHandler	PTR FTN()void  size(2) Largest target is 1
		 -> EUSART1_Receive_ISR(), NULL(), 

    EUSART1_SetErrorHandler@interruptHandler	PTR FTN()void  size(2) Largest target is 1
		 -> EUSART1_DefaultErrorHandler(), 

    EUSART1_SetFramingErrorHandler@interruptHandler	PTR FTN()void  size(2) Largest target is 1
		 -> EUSART1_DefaultFramingErrorHandler(), 

    EUSART1_SetOverrunErrorHandler@interruptHandler	PTR FTN()void  size(2) Largest target is 1
		 -> EUSART1_DefaultOverrunErrorHandler(), 

    EUSART1_SetRxInterruptHandler@interruptHandler	PTR FTN()void  size(2) Largest target is 1
		 -> EUSART1_Receive_ISR(), 

    EUSART1_SetTxInterruptHandler@interruptHandler	PTR FTN()void  size(2) Largest target is 1
		 -> EUSART1_Transmit_ISR(), 

    EUSART1_TxDefaultInterruptHandler	PTR FTN()void  size(2) Largest target is 1
		 -> EUSART1_Transmit_ISR(), NULL(), 

    LIN_getChecksum@data	PTR unsigned char  size(2) Largest target is 13
		 -> LIN_packet(BANK0[13]), 

    LIN_getFromTable@rxCommand	PTR const struct . size(2) Largest target is 5
		 -> scheduleTable(CODE[5]), NULL(NULL[0]), 

    LIN_getFromTable@rxCommand$data	PTR unsigned char  size(2) Largest target is 8
		 -> SIGNAL_Data(BANK1[8]), 

    LIN_getPacket@data	PTR unsigned char  size(1) Largest target is 8
		 -> tempRxData(BANK0[8]), 

    LIN_init@command	const PTR const struct . size(2) Largest target is 5
		 -> scheduleTable(CODE[5]), 

    LIN_init@processData	PTR FTN()void  size(2) Largest target is 1
		 -> processLIN(), 

    LIN_processData	PTR FTN()void  size(2) Largest target is 1
		 -> processLIN(), NULL(), 

    LIN_queuePacket@tempSchedule	PTR const struct . size(2) Largest target is 5
		 -> scheduleTable(CODE[5]), NULL(NULL[0]), 

    LIN_queuePacket@tempSchedule$data	PTR unsigned char  size(2) Largest target is 8
		 -> SIGNAL_Data(BANK1[8]), 

    LIN_rxCommand	PTR const struct . size(2) Largest target is 5
		 -> scheduleTable(CODE[5]), NULL(NULL[0]), 

    LIN_rxCommand$data	PTR unsigned char  size(2) Largest target is 8
		 -> SIGNAL_Data(BANK1[8]), 

    LIN_sendPacket@data	PTR unsigned char  size(2) Largest target is 13
		 -> LIN_packet(BANK0[13]), 

    memcpy@d	PTR unsigned char  size(1) Largest target is 13
		 -> LIN_packet(BANK0[13]), tempRxData(BANK0[8]), 

    memcpy@d1	PTR void  size(2) Largest target is 13
		 -> LIN_packet(BANK0[13]), tempRxData(BANK0[8]), 

    memcpy@s	PTR const unsigned char  size(1) Largest target is 13
		 -> LIN_packet(BANK0[13]), LIN_packet$data(BANK0[8]), SIGNAL_Data(BANK1[8]), 

    memcpy@s1	PTR const void  size(2) Largest target is 13
		 -> LIN_packet(BANK0[13]), LIN_packet$data(BANK0[8]), SIGNAL_Data(BANK1[8]), 

    memset@dest	PTR void  size(2) Largest target is 13
		 -> LIN_packet(BANK0[13]), 

    memset@p	PTR unsigned char  size(1) Largest target is 13
		 -> LIN_packet(BANK0[13]), 

    S26$data	PTR unsigned char  size(2) Largest target is 8
		 -> SIGNAL_Data(BANK1[8]), 

    scheduleTable$data	PTR unsigned char  size(2) Largest target is 8
		 -> SIGNAL_Data(BANK1[8]), 

    sp__memcpy	PTR void  size(2) Largest target is 13
		 -> LIN_packet(BANK0[13]), tempRxData(BANK0[8]), 

    sp__memset	PTR void  size(2) Largest target is 13
		 -> LIN_packet(BANK0[13]), 

    TMR0_InterruptHandler	PTR FTN()void  size(2) Largest target is 1
		 -> LIN_timerHandler(), TMR0_DefaultInterruptHandler(), NULL(), 

    TMR0_SetInterruptHandler@InterruptHandler	PTR FTN()void  size(2) Largest target is 1
		 -> LIN_timerHandler(), TMR0_DefaultInterruptHandler(), 


Critical Paths under _main in COMMON

    _Clear_No_Call_Warning->_TMR0_Reload
    _Clear_No_Call_Warning->_TMR0_WriteTimer
    _TMR0_Initialize->_TMR0_SetInterruptHandler
    _LIN_Slave_Initialize->_LIN_init
    _LIN_setTimerHandler->_TMR0_SetInterruptHandler
    _EUSART1_Initialize->_EUSART1_SetErrorHandler
    _EUSART1_Initialize->_EUSART1_SetFramingErrorHandler
    _EUSART1_Initialize->_EUSART1_SetOverrunErrorHandler
    _EUSART1_Initialize->_EUSART1_SetRxInterruptHandler
    _EUSART1_Initialize->_EUSART1_SetTxInterruptHandler
    _processLIN->_LIN_getPacket
    _LIN_getPacket->_memcpy
    _LIN_startTimer->_TMR0_WriteTimer
    _LIN_queuePacket->_LIN_sendPacket
    _LIN_sendPacket->_EUSART1_Write
    _EUSART1_Write->_LIN_getChecksum
    _LIN_checkPID->_LIN_getFromTable
    _LIN_breakCheck->_EUSART1_Read

Critical Paths under _INTERRUPT_InterruptManager in COMMON

    None.

Critical Paths under _main in BANK0

    _LIN_handler->_LIN_queuePacket
    _LIN_queuePacket->_LIN_sendPacket

Critical Paths under _INTERRUPT_InterruptManager in BANK0

    None.

Critical Paths under _main in BANK1

    _main->_LIN_handler
    _LIN_handler->_LIN_queuePacket

Critical Paths under _INTERRUPT_InterruptManager in BANK1

    None.

Critical Paths under _main in BANK2

    None.

Critical Paths under _INTERRUPT_InterruptManager in BANK2

    None.

Call Graph Tables:

 ---------------------------------------------------------------------------------
 (Depth) Function   	        Calls       Base Space   Used Autos Params    Refs
 ---------------------------------------------------------------------------------
 (0) _main                                                 0     0      0    3734
                        _LIN_handler
                  _SYSTEM_Initialize
                          _func_main
                _software_Initialize
 ---------------------------------------------------------------------------------
 (1) _software_Initialize                                  0     0      0     226
              _Clear_No_Call_Warning
 ---------------------------------------------------------------------------------
 (2) _Clear_No_Call_Warning                                1     1      0     226
                 _EUSART1_is_tx_done
                _EUSART1_is_tx_ready
                    _PIN_MANAGER_IOC
                     _TMR0_ReadTimer
                        _TMR0_Reload
                    _TMR0_StartTimer
                     _TMR0_StopTimer
                    _TMR0_WriteTimer
 ---------------------------------------------------------------------------------
 (3) _TMR0_StopTimer                                       0     0      0       0
 ---------------------------------------------------------------------------------
 (3) _TMR0_StartTimer                                      0     0      0       0
 ---------------------------------------------------------------------------------
 (3) _TMR0_Reload                                          1     1      0      15
                                              0 COMMON     1     1      0
 ---------------------------------------------------------------------------------
 (3) _TMR0_ReadTimer                                       1     1      0       5
 ---------------------------------------------------------------------------------
 (3) _PIN_MANAGER_IOC                                      0     0      0       0
 ---------------------------------------------------------------------------------
 (3) _EUSART1_is_tx_ready                                  0     0      0       0
 ---------------------------------------------------------------------------------
 (3) _EUSART1_is_tx_done                                   0     0      0       0
 ---------------------------------------------------------------------------------
 (1) _func_main                                            0     0      0       0
 ---------------------------------------------------------------------------------
 (1) _SYSTEM_Initialize                                    0     0      0     238
                 _EUSART1_Initialize
               _LIN_Slave_Initialize
              _OSCILLATOR_Initialize
             _PIN_MANAGER_Initialize
                    _TMR0_Initialize
                     _WDT_Initialize
 ---------------------------------------------------------------------------------
 (2) _WDT_Initialize                                       0     0      0       0
 ---------------------------------------------------------------------------------
 (2) _TMR0_Initialize                                      0     0      0      24
           _TMR0_SetInterruptHandler
 ---------------------------------------------------------------------------------
 (2) _PIN_MANAGER_Initialize                               0     0      0       0
 ---------------------------------------------------------------------------------
 (2) _OSCILLATOR_Initialize                                0     0      0       0
 ---------------------------------------------------------------------------------
 (2) _LIN_Slave_Initialize                                 0     0      0      99
                           _LIN_init
 ---------------------------------------------------------------------------------
 (3) _LIN_init                                             5     1      4      99
                                              2 COMMON     5     1      4
                       _LIN_enableRx
                _LIN_setTimerHandler
                      _LIN_stopTimer
 ---------------------------------------------------------------------------------
 (4) _LIN_setTimerHandler                                  0     0      0      24
           _TMR0_SetInterruptHandler
 ---------------------------------------------------------------------------------
 (5) _TMR0_SetInterruptHandler                             2     0      2      24
                                              0 COMMON     2     0      2
 ---------------------------------------------------------------------------------
 (2) _EUSART1_Initialize                                   0     0      0     115
            _EUSART1_SetErrorHandler
     _EUSART1_SetFramingErrorHandler
     _EUSART1_SetOverrunErrorHandler
      _EUSART1_SetRxInterruptHandler
      _EUSART1_SetTxInterruptHandler
 ---------------------------------------------------------------------------------
 (3) _EUSART1_SetTxInterruptHandler                        2     0      2      23
                                              0 COMMON     2     0      2
 ---------------------------------------------------------------------------------
 (3) _EUSART1_SetRxInterruptHandler                        2     0      2      23
                                              0 COMMON     2     0      2
 ---------------------------------------------------------------------------------
 (3) _EUSART1_SetOverrunErrorHandler                       2     0      2      23
                                              0 COMMON     2     0      2
 ---------------------------------------------------------------------------------
 (3) _EUSART1_SetFramingErrorHandler                       2     0      2      23
                                              0 COMMON     2     0      2
 ---------------------------------------------------------------------------------
 (3) _EUSART1_SetErrorHandler                              2     0      2      23
                                              0 COMMON     2     0      2
 ---------------------------------------------------------------------------------
 (1) _LIN_handler                                          5     5      0    3270
                                              4 BANK1      5     5      0
                                NULL *
                       _EUSART1_Read
                _EUSART1_is_rx_ready
                     _LIN_breakCheck
                       _LIN_checkPID
                      _LIN_disableRx
                       _LIN_enableRx
                    _LIN_getChecksum
                   _LIN_getFromTable
                    _LIN_queuePacket
                     _LIN_startTimer
                      _LIN_stopTimer
                             _memset
                         _processLIN *
 ---------------------------------------------------------------------------------
 (2) _processLIN                                           1     1      0     483
                                             11 COMMON     1     1      0
                      _LIN_getPacket
                          _func_F150
 ---------------------------------------------------------------------------------
 (3) _func_F150                                            0     0      0       0
                             _DRL_ON
                        _DRL_POS_OFF
                         _HIBEAM_OFF
                          _HIBEAM_ON
                             _POS_ON
 ---------------------------------------------------------------------------------
 (4) _POS_ON                                               0     0      0       0
 ---------------------------------------------------------------------------------
 (4) _HIBEAM_ON                                            0     0      0       0
 ---------------------------------------------------------------------------------
 (4) _HIBEAM_OFF                                           0     0      0       0
 ---------------------------------------------------------------------------------
 (4) _DRL_POS_OFF                                          0     0      0       0
 ---------------------------------------------------------------------------------
 (4) _DRL_ON                                               0     0      0       0
 ---------------------------------------------------------------------------------
 (3) _LIN_getPacket                                        2     1      1     449
                                              9 COMMON     2     1      1
                             _memcpy
                             _memset
 ---------------------------------------------------------------------------------
 (4) _memset                                               7     1      6     155
                                              0 COMMON     7     1      6
 ---------------------------------------------------------------------------------
 (4) _LIN_stopTimer                                        0     0      0       0
 ---------------------------------------------------------------------------------
 (2) _LIN_startTimer                                       1     1      0      58
                                              1 COMMON     1     1      0
                    _TMR0_WriteTimer
 ---------------------------------------------------------------------------------
 (3) _TMR0_WriteTimer                                      1     1      0      29
                                              0 COMMON     1     1      0
 ---------------------------------------------------------------------------------
 (2) _LIN_queuePacket                                      7     7      0    1407
                                              2 BANK0      3     3      0
                                              0 BANK1      4     4      0
                    _LIN_getChecksum
                     _LIN_sendPacket
                             _memcpy
 ---------------------------------------------------------------------------------
 (4) _memcpy                                               9     3      6     226
                                              0 COMMON     9     3      6
 ---------------------------------------------------------------------------------
 (3) _LIN_sendPacket                                       5     2      3     658
                                             10 COMMON     3     0      3
                                              0 BANK0      2     2      0
                      _EUSART1_Write
                    _LIN_getChecksum
 ---------------------------------------------------------------------------------
 (4) _LIN_getChecksum                                      9     6      3     303
                                              0 COMMON     9     6      3
 ---------------------------------------------------------------------------------
 (4) _EUSART1_Write                                        1     1      0      94
                                              9 COMMON     1     1      0
                    _LIN_getChecksum (ARG)
 ---------------------------------------------------------------------------------
 (4) _LIN_enableRx                                         0     0      0       0
 ---------------------------------------------------------------------------------
 (2) _LIN_disableRx                                        0     0      0       0
 ---------------------------------------------------------------------------------
 (2) _LIN_checkPID                                         1     1      0     624
                                              7 COMMON     1     1      0
                     _LIN_calcParity
                   _LIN_getFromTable
 ---------------------------------------------------------------------------------
 (3) _LIN_getFromTable                                     7     6      1     192
                                              0 COMMON     7     6      1
 ---------------------------------------------------------------------------------
 (3) _LIN_calcParity                                       3     3      0     345
                                              0 COMMON     3     3      0
 ---------------------------------------------------------------------------------
 (2) _LIN_breakCheck                                       0     0      0      24
                       _EUSART1_Read
            _EUSART1_get_last_status
 ---------------------------------------------------------------------------------
 (3) _EUSART1_get_last_status                              0     0      0       0
 ---------------------------------------------------------------------------------
 (3) _EUSART1_Read                                         1     1      0      24
                                              0 COMMON     1     1      0
 ---------------------------------------------------------------------------------
 (2) _EUSART1_is_rx_ready                                  0     0      0       0
 ---------------------------------------------------------------------------------
 (8) NULL(Fake)                                            0     0      0       0
 ---------------------------------------------------------------------------------
 Estimated maximum stack depth 8
 ---------------------------------------------------------------------------------
 (Depth) Function   	        Calls       Base Space   Used Autos Params    Refs
 ---------------------------------------------------------------------------------
 (6) _INTERRUPT_InterruptManager                           0     0      0       0
                                NULL *
                _EUSART1_Receive_ISR *
               _EUSART1_Transmit_ISR *
                           _TMR0_ISR
 ---------------------------------------------------------------------------------
 (7) _TMR0_ISR                                             0     0      0       0
                                NULL *
                   _LIN_timerHandler *
       _TMR0_DefaultInterruptHandler *
 ---------------------------------------------------------------------------------
 (8) _TMR0_DefaultInterruptHandler                         0     0      0       0
 ---------------------------------------------------------------------------------
 (8) _LIN_timerHandler                                     0     0      0       0
 ---------------------------------------------------------------------------------
 (7) _EUSART1_Transmit_ISR                                 0     0      0       0
 ---------------------------------------------------------------------------------
 (7) _EUSART1_Receive_ISR                                  0     0      0       0
                                NULL *
        _EUSART1_DefaultErrorHandler *
 _EUSART1_DefaultFramingErrorHandler *
 _EUSART1_DefaultOverrunErrorHandler *
              _EUSART1_RxDataHandler
 ---------------------------------------------------------------------------------
 (8) _EUSART1_DefaultOverrunErrorHandler                   0     0      0       0
 ---------------------------------------------------------------------------------
 (8) _EUSART1_DefaultFramingErrorHandler                   0     0      0       0
 ---------------------------------------------------------------------------------
 (8) _EUSART1_DefaultErrorHandler                          0     0      0       0
              _EUSART1_RxDataHandler
 ---------------------------------------------------------------------------------
 (9) _EUSART1_RxDataHandler                                0     0      0       0
 ---------------------------------------------------------------------------------
 (8) NULL(Fake)                                            0     0      0       0
 ---------------------------------------------------------------------------------
 Estimated maximum stack depth 9
 ---------------------------------------------------------------------------------

 Call Graph Graphs:

 _main (ROOT)
   _LIN_handler
     NULL(Fake) *
     _EUSART1_Read *
     _EUSART1_is_rx_ready *
     _LIN_breakCheck *
       _EUSART1_Read
       _EUSART1_get_last_status
     _LIN_checkPID *
       _LIN_calcParity
       _LIN_getFromTable
     _LIN_disableRx *
     _LIN_enableRx *
     _LIN_getChecksum *
     _LIN_getFromTable *
     _LIN_queuePacket *
       _LIN_getChecksum
       _LIN_sendPacket
         _EUSART1_Write
           _LIN_getChecksum (ARG)
         _LIN_getChecksum
       _memcpy
     _LIN_startTimer *
       _TMR0_WriteTimer
     _LIN_stopTimer *
     _memset *
     _processLIN *
       _LIN_getPacket
         _memcpy
         _memset
       _func_F150
         _DRL_ON
         _DRL_POS_OFF
         _HIBEAM_OFF
         _HIBEAM_ON
         _POS_ON
   _SYSTEM_Initialize
     _EUSART1_Initialize
       _EUSART1_SetErrorHandler
       _EUSART1_SetFramingErrorHandler
       _EUSART1_SetOverrunErrorHandler
       _EUSART1_SetRxInterruptHandler
       _EUSART1_SetTxInterruptHandler
     _LIN_Slave_Initialize
       _LIN_init
         _LIN_enableRx
         _LIN_setTimerHandler
           _TMR0_SetInterruptHandler
         _LIN_stopTimer
     _OSCILLATOR_Initialize
     _PIN_MANAGER_Initialize
     _TMR0_Initialize
       _TMR0_SetInterruptHandler
     _WDT_Initialize
   _func_main
   _software_Initialize
     _Clear_No_Call_Warning
       _EUSART1_is_tx_done
       _EUSART1_is_tx_ready
       _PIN_MANAGER_IOC
       _TMR0_ReadTimer
       _TMR0_Reload
       _TMR0_StartTimer
       _TMR0_StopTimer
       _TMR0_WriteTimer

 _INTERRUPT_InterruptManager (ROOT)
   NULL(Fake) *
   _EUSART1_Receive_ISR *
     NULL(Fake) *
     _EUSART1_DefaultErrorHandler *
       _EUSART1_RxDataHandler
     _EUSART1_DefaultFramingErrorHandler *
     _EUSART1_DefaultOverrunErrorHandler *
     _EUSART1_RxDataHandler *
   _EUSART1_Transmit_ISR *
   _TMR0_ISR *
     NULL(Fake) *
     _LIN_timerHandler *
     _TMR0_DefaultInterruptHandler *

Address spaces:
Name               Size   Autos  Total    Usage
BITCOMMON           14      0       0      0.0%
BITBANK0            80      0       0      0.0%
BITBANK1            80      0       0      0.0%
BITBANK2            80      0       0      0.0%
BIGRAM             240      0       0      0.0%
COMMON              14     13      14    100.0%
BANK0               80      5      77     96.2%
BANK1               80      9      19     23.8%
BANK2               80      0       0      0.0%
STACK                0      0       0      0.0%
DATA                 0      0     104      0.0%


Microchip Technology PIC Macro Assembler V3.10 build 20250813170317 
Symbol Table                                                                                   Thu Sep  3 14:57:22 2026

                        __end_of_LIN_breakCheck 0546                           __end_of_LIN_getPacket 0473  
                         ??_LIN_setTimerHandler 0072                        _eusart1TxBufferRemaining 003B  
                         __end_of_LIN_disableRx 0606                                              l21 0575  
                                            l17 059F                                              l93 0272  
                                            l86 04F7                            TMR0_Reload@periodVal 0070  
                               ?_LIN_calcParity 0070                                    ?_DRL_POS_OFF 0070  
                                           l130 0150                                             l124 0120  
                                           l108 0087                                             l132 017D  
                                           l141 0472                                             l127 012B  
                                           l400 05C8                                             l170 03E1  
                                           l138 042C                                             l163 0203  
                                           l331 05EC                                             l403 060D  
                                           l500 0634                                             l180 05BC  
                                           l149 0338                                             l173 0592  
                                           l325 05E6                                             l334 05D4  
                                           l422 0565                                             l159 04CA  
                                           l183 061D                                             l503 0637  
                                           l271 063E                                             l280 063A  
                                           l512 0615                                             l328 05E0  
                                           l193 0545                                             l169 03DE  
                                           l337 05DA                                             l425 063D  
                                           l274 05B4                                             l186 0600  
                                           l506 0619                                             l451 062B  
                                           l292 03E9                                             l460 05FB  
                                           l268 0376                                             l189 0605  
                                           l293 03F2                                             l509 0611  
                                           l277 0631                                             l470 05CE  
                                           l454 0628                                             l287 0450  
                                           l463 05F6                                             l296 0407  
                                           l448 050B                                             l457 062E  
                                           l554 02DA                                             l397 0532  
                                           l591 0609                                             l594 063F  
                                           l588 063C                                             u900 02CE  
                                           u901 02CD                                             u910 02D4  
                                           u911 02D3                                             u930 0433  
                                           u931 0432                                             u940 0447  
                                           u941 0446                                             u950 02EF  
                                           u951 02EE                                             u960 0302  
                                           u880 027A                                             u961 0301  
                                           u881 0279                                             u970 030C  
                                           u890 02C0                                             u971 030B  
                                           u891 02BF                                             u980 0186  
                                           u981 0184                                             u990 018D  
                                           u982 0187                                             u991 018B  
                                           u992 018E                        __end_of_LIN_getFromTable 0339  
                                           wreg 0009                           __end_of_scheduleTable 05F2  
                        ?_Clear_No_Call_Warning 0070                                            l2100 0350  
                                          l2110 036E                                            l2102 0352  
                                          l1072 0492                                            l2120 0374  
                                          l2112 036F                                            l2104 0354  
                                          l2042 05AC                                            l2050 058D  
                                          l2114 0371                                            l2106 036B  
                                          l2130 04FE                                            l1330 062F  
                                          l2060 0542                                            l2052 058E  
                                          l2116 0372                                            l2108 036D  
                                          l2132 0500                                            l1069 0486  
                                          l2070 04BD                                            l2054 0590  
                                          l2046 0586                                            l1078 04E1  
                                          l2118 0373                                            l2134 0501  
                                          l2126 04F8                                            l2064 0544  
                                          l2056 0533                                            l2048 0589  
                                          l2136 0508                                            l2128 04FD  
                                          l1352 05F3                                            l1344 0629  
                                          l2312 0606                                            l2058 053B  
                                          l2074 04BF                                            l2410 03B1  
                                          l2402 0473                                            l2090 0339  
                                          l1346 0626                                            l2138 063C  
                                          l2076 04C9                                            l2068 04B2  
                                          l2084 0601                                            l2420 03D2  
                                          l2412 03B8                                            l2404 0478  
                                          l2500 0223                                            l2092 033B  
                                          l1348 062C                                            l2422 03D6  
                                          l2414 03BA                                            l2406 047D  
                                          l2502 022B                                            l2430 04CB  
                                          l2510 0053                                            l2094 0342  
                                          l2440 03E3                                            l2416 03C5  
                                          l2424 03D8                                            l2408 047F  
                                          l2504 0240                                            l2432 04CE  
                                          l2520 006D                                            l2512 0059  
                                          l2096 034B                                            l1480 0562  
                                          l1472 0556                                            l2600 0520  
                                          l2450 0402                                            l2442 03EE  
                                          l2426 03E0                                            l2418 03C9  
                                          l2506 025B                                            l2434 04D3  
                                          l1810 0616                                            l2530 008B  
                                          l2522 0070                                            l2514 005E  
                                          l2098 034E                                            l1482 05C3  
                                          l1474 0558                                            l2602 0529  
                                          l2610 0549                                            l2452 0403  
                                          l2444 03F3                                            l2508 0268  
                                          l2436 04D5                                            l2460 0463  
                                          l1812 060E                                            l2540 00AC  
                                          l2532 0093                                            l2524 0073  
                                          l2516 0061                                            l1820 04F1  
                                          l1484 05C5                                            l1476 055E  
                                          l2604 052C                                            l2612 054C  
                                          l1910 0441                                            l1902 042D  
                                          l2446 03FA                                            l2454 0405  
                                          l2438 03E3                                            l2470 0416  
                                          l2462 0471                                            l1814 0612  
                                          l1806 0632                                            l2550 00CC  
                                          l2534 009B                                            l2526 007B  
                                          l2518 0069                                            l1750 05B5  
                                          l1822 04F4                                            l1478 0560  
                                          l1486 060A                                            l2606 052F  
                                          l2614 054D                                            l1920 044F  
                                          l1912 0447                                            l1904 042D  
                                          l2448 03FC                                            l2472 0419  
                                          l2456 0451                                            l1808 0635  
                                          l2480 056C                                            l2560 00F5  
                                          l2552 00CF                                            l2544 00B6  
                                          l2536 009F                                            l2528 0083  
                                          l1744 05C9                                            l1816 04E3  
                                          l2616 054E                                            l2608 0546  
                                          l1914 0448                                            l1906 0433  
                                          l1930 02E5                                            l2474 041F  
                                          l2466 040A                                            l2490 0210  
                                          l1746 061A                                            l2458 0455  
                                          l1834 0273                                            l2562 00FE  
                                          l2554 00D2                                            l2546 00BF  
                                          l2538 00A7                                            l1818 04EE  
                                          l2618 0551                                            l1916 044A  
                                          l1908 043F                                            l1940 0304  
                                          l1924 02DC                                            l1748 05FC  
                                          l2468 040C                                            l2492 0212  
                                          l2484 0572                                            l2580 0136  
                                          l2572 0123                                            l2564 00FF  
                                          l2556 00D6                                            l2548 00C4  
                                          l2476 0593                                            l1918 044D  
                                          l1934 02F0                                            l1942 0306  
                                          l1926 02E1                                            l2486 0206  
                                          l1846 027F                                            l1838 027B  
                                          l2478 0566                                            l2582 0137  
                                          l2574 0128                                            l2566 0102  
                                          l2558 00DE                                            l1952 031C  
                                          l1944 030D                                            l1936 0302  
                                          l1928 02E3                                            l2496 021D  
                                          l2488 020E                                            l1856 0283  
                                          l1872 0287                                            l1880 02C8  
                                          l2584 0145                                            l2576 0131  
                                          l2568 010A                                            l2592 0154  
                                          l2498 0221                                            l1882 02CE  
                                          l1874 02B9                                            l2690 015D  
                                          l2586 014A                                            l2578 0134  
                                          l1972 017F                                            l2692 032D  
                                          l1948 0313                                            l1980 05F8  
                                          l1884 02D4                                            l1876 02C0  
                                          l2588 014D                                            l1982 0638  
                                          l1974 01F9                                            l1958 0325  
                                          l1878 02C4                                            l1990 05E1  
                                          l1976 0202                                            l1992 05DB  
                                          l1994 05E7                                            l1986 05D5  
                                          l1988 05CF                                            l1996 063E  
                                          u1000 0194                                            u1001 0192  
                                          u1100 01C2                                            u1020 019A  
                                          u1101 01C0                                            u1021 0198  
                                          u1110 01C9                                            u1102 01C3  
                                          u1030 01A1                                            u1022 019B  
                                          u1014 0195                                            u1111 01C7  
                                          u1031 019F                                            u1200 01F8  
                                          u1120 01D0                                            u1112 01CA  
                                          u1040 01A8                                            u1032 01A2  
                                          u1201 01F6                                            u1121 01CE  
                                          u1041 01A6                                            u1300 053B  
                                          u1220 0201                                            u1140 01D6  
                                          u1060 01AE                                            u1301 053A  
                                          u1221 01FF                                            u1141 01D4  
                                          u1061 01AC                                            u1310 0542  
                                          u1214 01F9                                            u1150 01DD  
                                          u1142 01D7                                            u1134 01D1  
                                          u1070 01B5                                            u1062 01AF  
                                          u1054 01A9                                            u1311 0541  
                                          u1151 01DB                                            u1071 01B3  
                                          u1160 01E4                                            u1152 01DE  
                                          u1080 01BC                                            u1072 01B6  
                                          u1320 04BD                                            u1161 01E2  
                                          u1081 01BA                                            u1321 04BC  
                                          u1234 0202                                            u1330 04C9  
                                          u1331 04C8                                            u1180 01EA  
                                          u1181 01E8                                            _LATA 0018  
                                          u1190 01F1                                            u1182 01EB  
                                          u1174 01E5                                            u1094 01BD  
                                          u1191 01EF                                            u1280 05B3  
                                          u1192 01F2                                            u1281 05B1  
                                          u1290 05B4                                            u1700 041F  
                                          u1701 041E                                            u1630 0492  
                                          u1710 0571                                            u1631 0491  
                                          u1711 0570                                            u1640 03D2  
                                          u1720 021C                                            u1800 009B  
                                          u1641 03D1                                            u1721 021B  
                                          u1801 009A                                            u1650 03DE  
                                          u1730 022B                                            u1810 00A7  
                                          u1651 03DD                                            u1731 022A  
                                          u1811 00A6                                            u1660 04E1  
                                          u1820 00B5                                            u1740 0059  
                                          u1661 04E0                                            u1821 00B4  
                                          u1741 0058                                            u1670 03E9  
                                          u1830 00C4                                            u1750 005E  
                                          u1671 03E8                                            u1831 00C3  
                                          u1751 005D                                            u1680 03EE  
                                          u1840 00DE                                            u1760 0069  
                                          u1681 03ED                                            u1841 00DD  
                                          u1761 0068                                            u1690 0402  
                                          u1850 00FE                                            u1770 007B  
                                          u1691 0401                                            u1851 00FD  
                                          u1771 007A                                            u1860 010A  
                                          u1780 0083                                            u1861 0109  
                                          u1781 0082                                            u1870 011F  
                                          u1790 0093                                            u1871 011E  
                                          u1791 0092                                            u1880 014A  
                                          u1881 0149                                            _WPUA 1F39  
                                _LIN_sendPacket 0408                                   _EUSART1_Write 03E2  
                                          _main 0546                                   ?_EUSART1_Read 0070  
                               _TMR0_StartTimer 0629                                            fsr0h 0005  
                                          fsr1h 0007                                            indf0 0000  
                                          fsr0l 0004                                            indf1 0001  
                                          fsr1l 0006                                            btemp 007E  
                                          start 003A                                   processLIN@cmd 007B  
                               ?_LIN_breakCheck 0070                         __end_of_TMR0_Initialize 050C  
                ??_TMR0_DefaultInterruptHandler 0070                   __end_of_OSCILLATOR_Initialize 05C9  
                             LIN_sendPacket@pid 007A                           _eusart1RxStatusBuffer 0020  
                                         ?_main 0070                                 LIN_init@command 0072  
                                         i1l302 04B0                                           i1l313 051F  
                                         i1l322 0625                                           i1l316 0641  
                                         i1l309 03AF                                           i1l319 0621  
                                         i1l177 05AB                                           i1l370 0038  
                                         i1l362 0017                                           i1l365 002A  
                                         i1l473 0640                                           i1l299 04AE  
                                         i1l467 0584                                 _TMR0_WriteTimer 05F7  
                                         _OSCEN 0891                                           _TMR0H 059D  
                                         _TMR0L 059C                                           _TRISA 0012  
                              __end_of_LIN_init 04F8                           __end_of_LIN_stopTimer 061E  
                     ?_TMR0_SetInterruptHandler 0070                            _EUSART1_Transmit_ISR 0493  
                              __end_of_TMR0_ISR 0585                         __end_of_PIN_MANAGER_IOC 063E  
                                _WDT_Initialize 060A                          __end_of_LIN_sendPacket 042D  
                                         btemp0 007E                                           btemp1 007F  
                                ?_EUSART1_Write 0070                                           pclath 000A  
                                _LIN_startTimer 0585                                  ??_EUSART1_Read 0070  
                                         status 0003                                           wtemp0 007E  
    __end_of_EUSART1_DefaultFramingErrorHandler 0642            ??_EUSART1_DefaultFramingErrorHandler 0070  
           ?_EUSART1_DefaultFramingErrorHandler 0070              _EUSART1_DefaultFramingErrorHandler 0641  
                              ?_LIN_getChecksum 0070                               __end_of_HIBEAM_ON 0635  
                   LIN_queuePacket@tempSchedule 00A2                                 __initialization 003B  
                                  ?_LIN_handler 0070                      __end_of_EUSART1_Initialize 0377  
                                  __end_of_main 0556                     ?_INTERRUPT_InterruptManager 0070  
                                        ??_main 007D                           ?_EUSART1_Transmit_ISR 0070  
                        __end_of_WDT_Initialize 060E                              LIN_sendPacket@data 007B  
                       __end_of_TMR0_StartTimer 062C                          __end_of_LIN_startTimer 0593  
                               ?_LIN_sendPacket 007A                                          _ANSELA 1F38  
                                        _T0CON0 059E                                          _T0CON1 059F  
                                        _RC1REG 0119                                          _RC1STA 011D  
                                        i1l2000 0513                                          i1l2002 0515  
                                        i1l2004 051B                                          i1l2006 051C  
                                        i1l2122 061E                                          i1l2124 0622  
                                        i1l2300 0578                                          i1l2302 057F  
                                        i1l2320 001B                                          _ODCONA 1F3A  
                                        i1l2322 001F                                          i1l2314 000A  
                                        i1l2324 0023                                          i1l2316 000F  
                                        i1l2270 04A1                                          i1l2086 05A0  
                                        i1l2326 002E                                          i1l2318 0013  
                                        i1l2280 037C                                          i1l2272 04A4  
                                        i1l2088 05A9                                          i1l2328 0032  
                                        i1l2290 0396                                          i1l2282 0381  
                                        i1l2274 04AA                                          i1l2266 0493  
                                        i1l2292 039C                                          i1l2284 0386  
                                        i1l2276 04AB                                          i1l2268 049A  
                                        i1l2294 03A5                                          i1l2286 038C  
                                        i1l2278 0377                                          i1l2296 03AC  
                                        i1l2288 0391                                          i1l2298 0576  
                                        _DRL_ON 0616                                          u124_20 051B  
                                        u124_21 051A                                          i1l1998 050C  
                                        u150_20 049A                                          u134_20 05A9  
                                        u150_21 0499                                          u134_21 05A8  
                                        u151_20 04AA                                          u151_21 04A9  
                                        u152_20 0381                                          u160_20 0023  
                                        u152_21 0380                                          u160_21 0022  
                                        _INLVLA 1F3C                                          u153_20 0391  
                                        u161_20 002E                                          u153_21 0390  
                                        u161_21 002D                                          u154_20 03A5  
                                        u162_20 0032                                          u154_21 03A4  
                                        u162_21 0031                                          u155_20 057F  
                                        u155_21 057E                                          u156_20 000F  
                                        u156_21 000E                                          u157_20 0013  
                                        u157_21 0012                                          u158_20 001B  
                                        u158_21 001A                                          u159_20 001F  
                                        u159_21 001E                                          _OSCFRQ 0893  
                                        _RX1PPS 1ECB                                          _TX1REG 011A  
                                        _WDTCON 080C                                          _TX1STA 011E  
                                        _POS_ON 060E                                 _LIN_processData 0064  
                           _software_Initialize 0606                                    ?_TMR0_Reload 0070  
                               _LIN_queuePacket 0204                         __end_of_TMR0_WriteTimer 05FC  
                      ?_EUSART1_SetErrorHandler 0070                                          _memcpy 0473  
                              ?_TMR0_Initialize 0070                                          _memset 04CB  
                                  ??_HIBEAM_OFF 0070                ??_EUSART1_SetOverrunErrorHandler 0072  
               ?_EUSART1_SetOverrunErrorHandler 0070                                          ltemp0a 0080  
                               ?_WDT_Initialize 0070                            ?_software_Initialize 0070  
                              _LIN_rxInProgress 0042                                          ttemp0a 007F  
                               ??_EUSART1_Write 0079        TMR0_SetInterruptHandler@InterruptHandler 0070  
                              ?_PIN_MANAGER_IOC 0070                                          wtemp0a 007F  
                               ?_LIN_startTimer 0070                                 _eusart1RxBuffer 0028  
                               _eusart1TxBuffer 0030                               _SYSTEM_Initialize 0520  
                       __end_of__initialization 0050                              ?_SYSTEM_Initialize 0070  
                            __end_of_HIBEAM_OFF 0638                                   ?_LIN_checkPID 0070  
                 __end_of_EUSART1_RxDataHandler 0520                                       ?_LIN_init 0072  
                                __pcstackCOMMON 0070                                   ?_LIN_enableRx 0070  
                              ??_LIN_calcParity 0070                                 LIN_sendPacket@i 0068  
                                  __pidataBANK0 063B                             ??_SYSTEM_Initialize 0077  
                                     ?_TMR0_ISR 0070                            __end_of_EUSART1_Read 0451  
                        LIN_handler@rxDataIndex 003E                          ??_EUSART1_Transmit_ISR 0070  
                         ??_software_Initialize 0071                         ??_Clear_No_Call_Warning 0071  
                             ?_LIN_getFromTable 0070                     __end_of_EUSART1_Receive_ISR 03B0  
                        LIN_handler@LIN_rxState 003F                              ??_LIN_getFromTable 0071  
                              ?_TMR0_StartTimer 0070                       __end_of_SYSTEM_Initialize 0533  
                                 _eusart1RxHead 007D                                   _eusart1TxHead 003D  
                                 _eusart1RxTail 003A                                      __pbssBANK0 0020  
                                    __pbssBANK1 00A9                                   _eusart1TxTail 003C  
             _EUSART1_TxDefaultInterruptHandler 0060                                         ?_DRL_ON 0070  
               ??_EUSART1_SetRxInterruptHandler 0072                                         ?_POS_ON 0070  
                      ?_EUSART1_get_last_status 0070                                ??_LIN_breakCheck 0071  
                                ??_LIN_checkPID 0077                     __end_of_LIN_setTimerHandler 05BD  
                       __end_of_LIN_queuePacket 0273                 __end_of_EUSART1_SetErrorHandler 05ED  
                                ??_LIN_enableRx 0070                                      __pmaintext 0546  
                              _LIN_timerHandler 05A0                                      ??_LIN_init 0076  
                           LIN_getChecksum@data 0071                __end_of_TMR0_SetInterruptHandler 05CF  
                                    ??_TMR0_ISR 0070                                      __pintentry 0004  
                              ?_TMR0_WriteTimer 0070                                         ?_memcpy 0070  
                                       ?_memset 0070                           LIN_getChecksum@length 0075  
        __end_of_EUSART1_SetFramingErrorHandler 05E7                  _EUSART1_SetFramingErrorHandler 05E1  
                              _LIN_timerRunning 0041                    ?_EUSART1_DefaultErrorHandler 0070  
                                       _SP1BRGH 011C                                         _SP1BRGL 011B  
                                       _OSCTUNE 0892                                         _SLRCONA 1F3B  
                       LIN_getChecksum@checksum 0077                    __end_of_LIN_Slave_Initialize 05A0  
                                     _HIBEAM_ON 0632                             _EUSART1_is_rx_ready 05AC  
                             __end_of_func_F150 02DB                      __end_of_EUSART1_is_tx_done 0632  
                           _EUSART1_is_tx_ready 063E                                         __ptext1 0606  
                                       __ptext2 063C                                         __ptext3 0626  
                                       __ptext4 0629                                         __ptext5 05F2  
                                       __ptext6 062C                                         __ptext7 063D  
                                       __ptext8 063E                                         __ptext9 062F  
                             __end_of_func_main 0640                           _OSCILLATOR_Initialize 05C3  
                              ??_LIN_sendPacket 007D                              _EUSART1_Initialize 0339  
                      ??_PIN_MANAGER_Initialize 0070                   ??_EUSART1_DefaultErrorHandler 0070  
                                       clrloop0 05BE                 __end_of_EUSART1_get_last_status 063B  
                     LIN_getFromTable@rxCommand 0075                            end_of_initialization 0050  
                          ?_EUSART1_is_rx_ready 0070                             ?_EUSART1_Initialize 0070  
                          ?_EUSART1_is_tx_ready 0070                                         memcpy@d 0077  
                                       memcpy@n 0074                                         memcpy@s 0078  
                                       memset@c 0072                                         memset@n 0074  
                                       memset@p 0076                     _EUSART1_OverrunErrorHandler 005A  
                              ?_LIN_queuePacket 0070           __end_of_EUSART1_SetRxInterruptHandler 05DB  
                 _EUSART1_SetRxInterruptHandler 05D5                                      _tempRxData 0050  
                                 _LIN_getPacket 0451                                      ?_HIBEAM_ON 0070  
                                _TMR0_ReadTimer 062C                                   _LIN_disableRx 0601  
                          ??_EUSART1_Initialize 0072                                ??_WDT_Initialize 0070  
                             LIN_getPacket@data 0079                        _TMR0_SetInterruptHandler 05C9  
                                    _processLIN 0566                            __end_of_LIN_checkPID 04CB  
                           LIN_init@tableLength 0076                                ??_LIN_startTimer 0071  
                          __end_of_LIN_enableRx 0601                                   _scheduleTable 05ED  
                           EUSART1_Write@txData 0079                           ??_EUSART1_is_rx_ready 0070  
                         ??_EUSART1_is_tx_ready 0070                                  __end_of_DRL_ON 061A  
                                  _EUSART1_Read 042D                                  __end_of_POS_ON 0612  
                                 _LIN_rxCommand 0062                                  _TMR0_StopTimer 0626  
                        __end_of_TMR0_ReadTimer 062F                                  ?_LIN_getPacket 0079  
                                ?_LIN_disableRx 0070                                   ??_DRL_POS_OFF 0070  
                                __end_of_memcpy 0493                          ?_OSCILLATOR_Initialize 0070  
                                __end_of_memset 04E2                             start_initialization 003B  
                                 _LIN_stopTimer 061A                        __end_of_LIN_timerHandler 05AC  
                          _LIN_Slave_Initialize 0593                   __end_of_Clear_No_Call_Warning 063D  
 EUSART1_SetRxInterruptHandler@interruptHandler 0070   EUSART1_SetTxInterruptHandler@interruptHandler 0070  
                         __end_of_EUSART1_Write 0408                                        ??_DRL_ON 0070  
                         LIN_startTimer@timeout 0071                                        ??_POS_ON 0070  
                        __end_of_TMR0_StopTimer 0629                               LIN_calcParity@CMD 0071  
                             LIN_calcParity@PID 0072                                 ?_TMR0_ReadTimer 0070  
                         _EUSART1_RxDataHandler 050C                                     ??_HIBEAM_ON 0070  
                ?_EUSART1_SetRxInterruptHandler 0070                                     __pdataBANK0 006C  
                                      ??_memcpy 0076                                        ??_memset 0076  
                   __end_of_software_Initialize 060A                                      memset@dest 0070  
                                   ?_processLIN 0070                                  _eusart1RxCount 0039  
                           LIN_init@processData 0074                                  ?_LIN_stopTimer 0070  
                                   __pbssCOMMON 007D               _EUSART1_RxDefaultInterruptHandler 005E  
                                     ___latbits 0000                                   __pcstackBANK0 0067  
                                 __pcstackBANK1 00A0                               ??_LIN_getChecksum 0073  
                         ?_LIN_Slave_Initialize 0070                             __end_of_DRL_POS_OFF 0616  
               ??_EUSART1_SetTxInterruptHandler 0072                ??_EUSART1_SetFramingErrorHandler 0072  
               ?_EUSART1_SetFramingErrorHandler 0070                           _TMR0_InterruptHandler 0058  
                                     __pnvBANK0 0058                                       __pnvBANK1 00B1  
                               ?_TMR0_StopTimer 0070                                 ??_LIN_getPacket 007A  
                        _PIN_MANAGER_Initialize 0556                                   ??_LIN_handler 00A4  
                              LIN_getChecksum@i 0076                                 ??_LIN_disableRx 0070  
                            LIN_getChecksum@pid 0070                            LIN_sendPacket@length 0067  
                  ??_INTERRUPT_InterruptManager 0070                                        _BAUD1CON 011F  
    __end_of_EUSART1_DefaultOverrunErrorHandler 0622            ??_EUSART1_DefaultOverrunErrorHandler 0070  
           ?_EUSART1_DefaultOverrunErrorHandler 0070              _EUSART1_DefaultOverrunErrorHandler 061E  
                                     _func_F150 0273                            _EUSART1_ErrorHandler 00B1  
                       _EUSART1_SetErrorHandler 05E7                                       _func_main 063F  
                            _EUSART1_is_tx_done 062F                                 LIN_checkPID@pid 0077  
                             ??_TMR0_Initialize 0072                                        _LATAbits 0018  
       EUSART1_SetErrorHandler@interruptHandler 0070                             ?_EUSART1_is_tx_done 0070  
                                     clear_ram0 05BD                                        _PIE0bits 0716  
                                      _PIE1bits 0717                                    _LIN_checkPID 04B1  
                    ??_TMR0_SetInterruptHandler 0072                                        _PIR0bits 070C  
                                      _PIR1bits 070D                                   ??_TMR0_Reload 0070  
                                      _LIN_init 04E2                          ?_EUSART1_RxDataHandler 0070  
                                  _LIN_enableRx 05FC                                        _TMR0_ISR 0576  
                              LIN_getPacket@cmd 007A                               ??_PIN_MANAGER_IOC 0070  
                           __end_of_LIN_handler 017E                                 ??_LIN_stopTimer 0070  
                                   _DRL_POS_OFF 0612                            ??_EUSART1_is_tx_done 0070  
                                    ?_func_F150 0070                          ??_LIN_Slave_Initialize 0077  
                                    ?_func_main 0070                           EUSART1_Read@readValue 0070  
                              _LIN_getFromTable 02DB           __end_of_EUSART1_SetTxInterruptHandler 05D5  
                 _EUSART1_SetTxInterruptHandler 05CF                                       memcpy@tmp 0076  
                       ??_OSCILLATOR_Initialize 0070                         _EUSART1_get_last_status 0638  
                             ??_TMR0_StartTimer 0070                                      _HIBEAM_OFF 0635  
                                      ___int_sp 0000                             __end_of_TMR0_Reload 05F7  
                     ??_EUSART1_SetErrorHandler 0072             __end_of_EUSART1_DefaultErrorHandler 0626  
                   _EUSART1_DefaultErrorHandler 0622                     __end_of_EUSART1_is_rx_ready 05B5  
                                    _T0CON0bits 059E                     __end_of_EUSART1_is_tx_ready 063F  
                                      __ptext10 063F                                        __ptext11 0520  
                                      __ptext20 0339                                        __ptext12 060A  
                                      __ptext21 05CF                                        __ptext13 04F8  
                                      __ptext30 0632                                        __ptext22 05D5  
                                      __ptext14 0556                                        __ptext31 0635  
                                      __ptext23 05DB                                        __ptext15 05C3  
                                      __ptext40 0473                                        __ptext32 0612  
                                      __ptext24 05E1                                        __ptext16 0593  
                                      __ptext41 0408                                        __ptext33 0616  
                                      __ptext25 05E7                                        __ptext17 04E2  
                                      __ptext50 0638                                        __ptext42 03B0  
                                      __ptext34 0451                                        __ptext26 0053  
                                      __ptext18 05B5                                        __ptext51 042D  
                                      __ptext43 03E2                                        __ptext35 04CB  
                                      __ptext27 0566                                        __ptext19 05C9  
                                      __ptext60 0641                                        __ptext52 05AC  
                                      __ptext44 05FC                                        __ptext36 061A  
                                      __ptext28 0273                                        __ptext61 0622  
                                      __ptext45 0601                                        __ptext37 0585  
                                      __ptext29 060E                                        __ptext62 050C  
                                      __ptext54 0576                                        __ptext46 04B1  
                                      __ptext38 05F7                                        __ptext55 05A0  
                                      __ptext47 02DB                                        __ptext39 0204  
                                      __ptext56 0640                                        __ptext48 017E  
                                      __ptext57 0493                                        __ptext49 0533  
                                      __ptext58 0377                                        __ptext59 061E  
                             ?_LIN_timerHandler 0070                         TMR0_WriteTimer@timerVal 0070  
                            ??_LIN_timerHandler 0070                               ??_TMR0_WriteTimer 0070  
                        LIN_getFromTable@length 0074                                ??_TMR0_ReadTimer 0070  
          __end_of_TMR0_DefaultInterruptHandler 0641                    _TMR0_DefaultInterruptHandler 0640  
                                   _SIGNAL_Data 00A9                                      _RC1STAbits 011D  
                           _LIN_rxCommandLength 0066  EUSART1_SetOverrunErrorHandler@interruptHandler 0070  
                                   _LIN_handler 0053                                        int$flags 007E  
                               _LIN_getChecksum 03B0              __end_of_INTERRUPT_InterruptManager 003A  
                    _INTERRUPT_InterruptManager 0004                     _EUSART1_FramingErrorHandler 005C  
                           _EUSART1_Receive_ISR 0377                                    ??_processLIN 007B  
                                   _LIN_timeout 006C                                  _LIN_calcParity 017E  
                                   ??_func_F150 0070                                      _INTCONbits 000B  
                                      memcpy@d1 0070                                        memcpy@s1 0072  
                                   ??_func_main 0070                             _LIN_setTimerHandler 05B5  
                                      intlevel1 0000                                ??_TMR0_StopTimer 0070  
                                 _CountCallBack 0040                           _Clear_No_Call_Warning 063C  
                          ?_EUSART1_Receive_ISR 0070                         ?_PIN_MANAGER_Initialize 0070  
        __end_of_EUSART1_SetOverrunErrorHandler 05E1                  _EUSART1_SetOverrunErrorHandler 05DB  
                         LIN_getFromTable@param 0070                    __end_of_EUSART1_Transmit_ISR 04B1  
                            __end_of_processLIN 0576                   ?_TMR0_DefaultInterruptHandler 0070  
                     ??_EUSART1_get_last_status 0070                                     _TMR0_Reload 05F2  
                                    _LIN_packet 0043                            ?_LIN_setTimerHandler 0070  
EUSART1_SetFramingErrorHandler@interruptHandler 0070                  ?_EUSART1_SetTxInterruptHandler 0070  
                                _LIN_breakCheck 0533                                     ?_HIBEAM_OFF 0070  
                            _eusart1RxLastError 0038                          __end_of_LIN_calcParity 0204  
                                 __pstringtext1 05ED                              LIN_queuePacket@cmd 00A0  
                               _TMR0_Initialize 04F8                               ??_LIN_queuePacket 0069  
                                    _TX1STAbits 011E                           ??_EUSART1_Receive_ISR 0070  
                __end_of_PIN_MANAGER_Initialize 0566                             LIN_getFromTable@cmd 0073  
                               _PIN_MANAGER_IOC 063D                                LIN_queuePacket@i 00A1  
                       ??_EUSART1_RxDataHandler 0070                         __end_of_LIN_getChecksum 03E2  
