

Microchip MPLAB XC8 Assembler V3.00 build 20241204225717 
                                                                                               Fri Mar 20 16:08:00 2026

Microchip MPLAB XC8 C Compiler v3.00 (Free license) build 20241204225717 Og1 
     1                           	processor	16F15213
     2                           	pagewidth 120
     3                           	opt	flic
     4                           	psect	idataBANK0,global,class=CODE,space=0,delta=2,noexec
     5                           	psect	stringtext1,global,class=STRCODE,space=0,delta=2,noexec
     6                           	psect	nvBANK0,global,class=BANK0,space=1,delta=1,noexec
     7                           	psect	nvBANK1,global,class=BANK1,space=1,delta=1,noexec
     8                           	psect	cinit,global,class=CODE,space=0,merge=1,delta=2
     9                           	psect	bssBANK0,global,class=BANK0,space=1,delta=1,noexec
    10                           	psect	dataBANK0,global,class=BANK0,space=1,delta=1,noexec
    11                           	psect	bssBANK1,global,class=BANK1,space=1,delta=1,noexec
    12                           	psect	clrtext,global,class=CODE,space=0,delta=2
    13                           	psect	cstackBANK1,global,class=BANK1,space=1,delta=1,noexec
    14                           	psect	cstackCOMMON,global,class=COMMON,space=1,delta=1,noexec
    15                           	psect	cstackBANK0,global,class=BANK0,space=1,delta=1,noexec
    16                           	psect	maintext,global,class=CODE,space=0,merge=1,split=1,delta=2
    17                           	psect	text1,local,class=CODE,space=0,merge=1,delta=2
    18                           	psect	text2,local,class=CODE,space=0,merge=1,delta=2
    19                           	psect	text3,local,class=CODE,space=0,merge=1,delta=2
    20                           	psect	text4,local,class=CODE,space=0,merge=1,delta=2
    21                           	psect	text5,local,class=CODE,space=0,merge=1,delta=2
    22                           	psect	text6,local,class=CODE,space=0,merge=1,delta=2
    23                           	psect	text7,local,class=CODE,space=0,merge=1,delta=2
    24                           	psect	text8,local,class=CODE,space=0,merge=1,delta=2
    25                           	psect	text9,local,class=CODE,space=0,merge=1,delta=2
    26                           	psect	text10,local,class=CODE,space=0,merge=1,delta=2
    27                           	psect	text11,local,class=CODE,space=0,merge=1,delta=2
    28                           	psect	text12,local,class=CODE,space=0,merge=1,delta=2
    29                           	psect	text13,local,class=CODE,space=0,merge=1,delta=2
    30                           	psect	text14,local,class=CODE,space=0,merge=1,delta=2
    31                           	psect	text15,local,class=CODE,space=0,merge=1,delta=2
    32                           	psect	text16,local,class=CODE,space=0,merge=1,delta=2
    33                           	psect	text17,local,class=CODE,space=0,merge=1,delta=2
    34                           	psect	text18,local,class=CODE,space=0,merge=1,delta=2
    35                           	psect	text19,local,class=CODE,space=0,merge=1,delta=2
    36                           	psect	text20,local,class=CODE,space=0,merge=1,delta=2
    37                           	psect	text21,local,class=CODE,space=0,merge=1,delta=2
    38                           	psect	text22,local,class=CODE,space=0,merge=1,delta=2
    39                           	psect	text23,local,class=CODE,space=0,merge=1,delta=2
    40                           	psect	text24,local,class=CODE,space=0,merge=1,delta=2
    41                           	psect	text25,local,class=CODE,space=0,merge=1,delta=2
    42                           	psect	text26,local,class=CODE,space=0,merge=1,delta=2
    43                           	psect	text27,local,class=CODE,space=0,merge=1,delta=2
    44                           	psect	text28,local,class=CODE,space=0,merge=1,delta=2
    45                           	psect	text29,local,class=CODE,space=0,merge=1,delta=2
    46                           	psect	text30,local,class=CODE,space=0,merge=1,delta=2
    47                           	psect	text31,local,class=CODE,space=0,merge=1,delta=2
    48                           	psect	text32,local,class=CODE,space=0,merge=1,delta=2
    49                           	psect	text33,local,class=CODE,space=0,merge=1,delta=2
    50                           	psect	text34,local,class=CODE,space=0,merge=1,delta=2
    51                           	psect	text35,local,class=CODE,space=0,merge=1,delta=2
    52                           	psect	text36,local,class=CODE,space=0,merge=1,delta=2,group=2
    53                           	psect	text37,local,class=CODE,space=0,merge=1,delta=2
    54                           	psect	text38,local,class=CODE,space=0,merge=1,delta=2
    55                           	psect	text39,local,class=CODE,space=0,merge=1,delta=2
    56                           	psect	text40,local,class=CODE,space=0,merge=1,delta=2
    57                           	psect	text41,local,class=CODE,space=0,merge=1,delta=2,group=2
    58                           	psect	text42,local,class=CODE,space=0,merge=1,delta=2
    59                           	psect	text43,local,class=CODE,space=0,merge=1,delta=2
    60                           	psect	text44,local,class=CODE,space=0,merge=1,delta=2
    61                           	psect	text45,local,class=CODE,space=0,merge=1,delta=2
    62                           	psect	text46,local,class=CODE,space=0,merge=1,delta=2
    63                           	psect	text47,local,class=CODE,space=0,merge=1,delta=2
    64                           	psect	text48,local,class=CODE,space=0,merge=1,delta=2
    65                           	psect	text49,local,class=CODE,space=0,merge=1,delta=2
    66                           	psect	text50,local,class=CODE,space=0,merge=1,delta=2
    67                           	psect	text51,local,class=CODE,space=0,merge=1,delta=2
    68                           	psect	text52,local,class=CODE,space=0,merge=1,delta=2
    69                           	psect	text53,local,class=CODE,space=0,merge=1,delta=2
    70                           	psect	intentry,global,class=CODE,space=0,delta=2
    71                           	psect	text55,local,class=CODE,space=0,merge=1,delta=2
    72                           	psect	text56,local,class=CODE,space=0,merge=1,delta=2
    73                           	psect	text57,local,class=CODE,space=0,merge=1,delta=2
    74                           	psect	text58,local,class=CODE,space=0,merge=1,delta=2
    75                           	psect	text59,local,class=CODE,space=0,merge=1,delta=2
    76                           	psect	text60,local,class=CODE,space=0,merge=1,delta=2
    77                           	psect	text61,local,class=CODE,space=0,merge=1,delta=2
    78                           	psect	text62,local,class=CODE,space=0,merge=1,delta=2
    79                           	psect	text63,local,class=CODE,space=0,merge=1,delta=2
    80                           	psect	config,global,abs,ovrld,class=CONFIG,space=4,delta=2,noexec
    81                           	dabs	1,0x7E,2
    82     0000                     
    83                           ; Version 2.30
    84                           ; Generated 15/09/2020 GMT
    85                           ; 
    86                           ; Copyright © 2020, Microchip Technology Inc. and its subsidiaries ("Microchip")
    87                           ; All rights reserved.
    88                           ; 
    89                           ; This software is developed by Microchip Technology Inc. and its subsidiaries ("Microch
      +                          ip").
    90                           ; 
    91                           ; Redistribution and use in source and binary forms, with or without modification, are
    92                           ; permitted provided that the following conditions are met:
    93                           ; 
    94                           ;     1. Redistributions of source code must retain the above copyright notice, this lis
      +                          t of
    95                           ;        conditions and the following disclaimer.
    96                           ; 
    97                           ;     2. Redistributions in binary form must reproduce the above copyright notice, this 
      +                          list
    98                           ;        of conditions and the following disclaimer in the documentation and/or other
    99                           ;        materials provided with the distribution. Publication is not required when
   100                           ;        this file is used in an embedded application.
   101                           ; 
   102                           ;     3. Microchip's name may not be used to endorse or promote products derived from th
      +                          is
   103                           ;        software without specific prior written permission.
   104                           ; 
   105                           ; THIS SOFTWARE IS PROVIDED BY MICROCHIP "AS IS" AND ANY EXPRESS OR IMPLIED WARRANTIES,
   106                           ; INCLUDING, BUT NOT LIMITED TO, THE IMPLIED WARRANTIES OF MERCHANTABILITY AND FITNESS F
      +                          OR
   107                           ; PURPOSE ARE DISCLAIMED.  IN NO EVENT SHALL MICROCHIP BE LIABLE FOR ANY DIRECT, INDIREC
      +                          T,
   108                           ; INCIDENTAL, SPECIAL, EXEMPLARY, OR CONSEQUENTIAL DAMAGES (INCLUDING BUT NOT LIMITED TO
   109                           ; PROCUREMENT OF SUBSTITUTE GOODS OR SERVICES; LOSS OF USE, DATA OR PROFITS; OR BUSINESS
   110                           ; INTERRUPTION) HOWSOEVER CAUSED AND ON ANY THEORY OF LIABILITY, WHETHER IN CONTRACT, ST
      +                          RICT
   111                           ; LIABILITY, OR TORT (INCLUDING NEGLIGENCE OR OTHERWISE) ARISING IN ANY WAY OUT OF THE U
      +                          SE OF
   112                           ; THIS SOFTWARE, EVEN IF ADVISED OF THE POSSIBILITY OF SUCH DAMAGE.
   113                           ; 
   114                           ; 
   115                           ; Code-generator required, PIC16F15213 Definitions
   116                           ; 
   117                           ; SFR Addresses
   118     0008                     bsr             equ	8
   119     0005                     fsr0h           equ	5
   120     0004                     fsr0l           equ	4
   121     0007                     fsr1h           equ	7
   122     0006                     fsr1l           equ	6
   123     0000                     indf            equ	0
   124     0000                     indf0           equ	0
   125     0001                     indf1           equ	1
   126     000B                     intcon          equ	11
   127     0002                     pc              equ	2
   128     0002                     pcl             equ	2
   129     000A                     pclath          equ	10
   130     0003                     status          equ	3
   131     0009                     wreg            equ	9
   132     0000                     INDF0           equ	0	;# 
   133     0001                     INDF1           equ	1	;# 
   134     0002                     PCL             equ	2	;# 
   135     0003                     STATUS          equ	3	;# 
   136     0004                     FSR0L           equ	4	;# 
   137     0005                     FSR0H           equ	5	;# 
   138     0006                     FSR1L           equ	6	;# 
   139     0007                     FSR1H           equ	7	;# 
   140     0008                     BSR             equ	8	;# 
   141     0009                     WREG            equ	9	;# 
   142     000A                     PCLATH          equ	10	;# 
   143     000B                     INTCON          equ	11	;# 
   144     000C                     PORTA           equ	12	;# 
   145     0012                     TRISA           equ	18	;# 
   146     0018                     LATA            equ	24	;# 
   147     009A                     CPCON           equ	154	;# 
   148     009B                     ADRES           equ	155	;# 
   149     009B                     ADRESL          equ	155	;# 
   150     009C                     ADRESH          equ	156	;# 
   151     009D                     ADCON0          equ	157	;# 
   152     009E                     ADCON1          equ	158	;# 
   153     009F                     ADACT           equ	159	;# 
   154     0119                     RC1REG          equ	281	;# 
   155     011A                     TX1REG          equ	282	;# 
   156     011B                     SP1BRG          equ	283	;# 
   157     011B                     SP1BRGL         equ	283	;# 
   158     011C                     SP1BRGH         equ	284	;# 
   159     011D                     RC1STA          equ	285	;# 
   160     011E                     TX1STA          equ	286	;# 
   161     011F                     BAUD1CON        equ	287	;# 
   162     018C                     SSP1BUF         equ	396	;# 
   163     018D                     SSP1ADD         equ	397	;# 
   164     018E                     SSP1MSK         equ	398	;# 
   165     018F                     SSP1STAT        equ	399	;# 
   166     0190                     SSP1CON1        equ	400	;# 
   167     0191                     SSP1CON2        equ	401	;# 
   168     0192                     SSP1CON3        equ	402	;# 
   169     020C                     TMR1L           equ	524	;# 
   170     020D                     TMR1H           equ	525	;# 
   171     020E                     T1CON           equ	526	;# 
   172     020E                     TMR1CON         equ	526	;# 
   173     020F                     T1GCON          equ	527	;# 
   174     020F                     TMR1GCON        equ	527	;# 
   175     0210                     T1GATE          equ	528	;# 
   176     0210                     TMR1GATE        equ	528	;# 
   177     0211                     T1CLK           equ	529	;# 
   178     0211                     TMR1CLK         equ	529	;# 
   179     028C                     T2TMR           equ	652	;# 
   180     028C                     TMR2            equ	652	;# 
   181     028D                     T2PR            equ	653	;# 
   182     028D                     PR2             equ	653	;# 
   183     028E                     T2CON           equ	654	;# 
   184     028F                     T2HLT           equ	655	;# 
   185     0290                     T2CLKCON        equ	656	;# 
   186     0291                     T2RST           equ	657	;# 
   187     030C                     CCPR1           equ	780	;# 
   188     030C                     CCPR1L          equ	780	;# 
   189     030D                     CCPR1H          equ	781	;# 
   190     030E                     CCP1CON         equ	782	;# 
   191     030F                     CCP1CAP         equ	783	;# 
   192     0310                     CCPR2           equ	784	;# 
   193     0310                     CCPR2L          equ	784	;# 
   194     0311                     CCPR2H          equ	785	;# 
   195     0312                     CCP2CON         equ	786	;# 
   196     0313                     CCP2CAP         equ	787	;# 
   197     0314                     PWM3DC          equ	788	;# 
   198     0314                     PWM3DCL         equ	788	;# 
   199     0315                     PWM3DCH         equ	789	;# 
   200     0316                     PWM3CON         equ	790	;# 
   201     0318                     PWM4DC          equ	792	;# 
   202     0318                     PWM4DCL         equ	792	;# 
   203     0319                     PWM4DCH         equ	793	;# 
   204     031A                     PWM4CON         equ	794	;# 
   205     059C                     TMR0L           equ	1436	;# 
   206     059C                     TMR0            equ	1436	;# 
   207     059D                     TMR0H           equ	1437	;# 
   208     059D                     PR0             equ	1437	;# 
   209     059E                     T0CON0          equ	1438	;# 
   210     059F                     T0CON1          equ	1439	;# 
   211     070C                     PIR0            equ	1804	;# 
   212     070D                     PIR1            equ	1805	;# 
   213     070E                     PIR2            equ	1806	;# 
   214     0716                     PIE0            equ	1814	;# 
   215     0717                     PIE1            equ	1815	;# 
   216     0718                     PIE2            equ	1816	;# 
   217     080C                     WDTCON          equ	2060	;# 
   218     0811                     BORCON          equ	2065	;# 
   219     0813                     PCON0           equ	2067	;# 
   220     0814                     PCON1           equ	2068	;# 
   221     081A                     NVMADR          equ	2074	;# 
   222     081A                     NVMADRL         equ	2074	;# 
   223     081B                     NVMADRH         equ	2075	;# 
   224     081C                     NVMDAT          equ	2076	;# 
   225     081C                     NVMDATL         equ	2076	;# 
   226     081D                     NVMDATH         equ	2077	;# 
   227     081E                     NVMCON1         equ	2078	;# 
   228     081F                     NVMCON2         equ	2079	;# 
   229     088E                     OSCCON          equ	2190	;# 
   230     0890                     OSCSTAT         equ	2192	;# 
   231     0891                     OSCEN           equ	2193	;# 
   232     0892                     OSCTUNE         equ	2194	;# 
   233     0893                     OSCFRQ          equ	2195	;# 
   234     090C                     FVRCON          equ	2316	;# 
   235     1E8F                     PPSLOCK         equ	7823	;# 
   236     1E90                     INTPPS          equ	7824	;# 
   237     1E91                     T0CKIPPS        equ	7825	;# 
   238     1E92                     T1CKIPPS        equ	7826	;# 
   239     1E93                     T1GPPS          equ	7827	;# 
   240     1E9C                     T2INPPS         equ	7836	;# 
   241     1EA1                     CCP1PPS         equ	7841	;# 
   242     1EA2                     CCP2PPS         equ	7842	;# 
   243     1EC3                     ADACTPPS        equ	7875	;# 
   244     1EC5                     SSP1CLKPPS      equ	7877	;# 
   245     1EC6                     SSP1DATPPS      equ	7878	;# 
   246     1EC7                     SSP1SSPPS       equ	7879	;# 
   247     1ECB                     RX1PPS          equ	7883	;# 
   248     1ECB                     RX1DTPPS        equ	7883	;# 
   249     1ECB                     RXPPS           equ	7883	;# 
   250     1ECC                     CK1PPS          equ	7884	;# 
   251     1ECC                     TX1CKPPS        equ	7884	;# 
   252     1ECC                     CKPPS           equ	7884	;# 
   253     1F10                     RA0PPS          equ	7952	;# 
   254     1F11                     RA1PPS          equ	7953	;# 
   255     1F12                     RA2PPS          equ	7954	;# 
   256     1F14                     RA4PPS          equ	7956	;# 
   257     1F15                     RA5PPS          equ	7957	;# 
   258     1F38                     ANSELA          equ	7992	;# 
   259     1F39                     WPUA            equ	7993	;# 
   260     1F3A                     ODCONA          equ	7994	;# 
   261     1F3B                     SLRCONA         equ	7995	;# 
   262     1F3C                     INLVLA          equ	7996	;# 
   263     1F3D                     IOCAP           equ	7997	;# 
   264     1F3E                     IOCAN           equ	7998	;# 
   265     1F3F                     IOCAF           equ	7999	;# 
   266     1FE4                     STATUS_SHAD     equ	8164	;# 
   267     1FE5                     WREG_SHAD       equ	8165	;# 
   268     1FE6                     BSR_SHAD        equ	8166	;# 
   269     1FE7                     PCLATH_SHAD     equ	8167	;# 
   270     1FE8                     FSR0_SHAD       equ	8168	;# 
   271     1FE8                     FSR0L_SHAD      equ	8168	;# 
   272     1FE9                     FSR0H_SHAD      equ	8169	;# 
   273     1FEA                     FSR1L_SHAD      equ	8170	;# 
   274     1FEB                     FSR1H_SHAD      equ	8171	;# 
   275     1FED                     STKPTR          equ	8173	;# 
   276     1FEE                     TOSL            equ	8174	;# 
   277     1FEF                     TOSH            equ	8175	;# 
   278     0000                     INDF0           equ	0	;# 
   279     0001                     INDF1           equ	1	;# 
   280     0002                     PCL             equ	2	;# 
   281     0003                     STATUS          equ	3	;# 
   282     0004                     FSR0L           equ	4	;# 
   283     0005                     FSR0H           equ	5	;# 
   284     0006                     FSR1L           equ	6	;# 
   285     0007                     FSR1H           equ	7	;# 
   286     0008                     BSR             equ	8	;# 
   287     0009                     WREG            equ	9	;# 
   288     000A                     PCLATH          equ	10	;# 
   289     000B                     INTCON          equ	11	;# 
   290     000C                     PORTA           equ	12	;# 
   291     0012                     TRISA           equ	18	;# 
   292     0018                     LATA            equ	24	;# 
   293     009A                     CPCON           equ	154	;# 
   294     009B                     ADRES           equ	155	;# 
   295     009B                     ADRESL          equ	155	;# 
   296     009C                     ADRESH          equ	156	;# 
   297     009D                     ADCON0          equ	157	;# 
   298     009E                     ADCON1          equ	158	;# 
   299     009F                     ADACT           equ	159	;# 
   300     0119                     RC1REG          equ	281	;# 
   301     011A                     TX1REG          equ	282	;# 
   302     011B                     SP1BRG          equ	283	;# 
   303     011B                     SP1BRGL         equ	283	;# 
   304     011C                     SP1BRGH         equ	284	;# 
   305     011D                     RC1STA          equ	285	;# 
   306     011E                     TX1STA          equ	286	;# 
   307     011F                     BAUD1CON        equ	287	;# 
   308     018C                     SSP1BUF         equ	396	;# 
   309     018D                     SSP1ADD         equ	397	;# 
   310     018E                     SSP1MSK         equ	398	;# 
   311     018F                     SSP1STAT        equ	399	;# 
   312     0190                     SSP1CON1        equ	400	;# 
   313     0191                     SSP1CON2        equ	401	;# 
   314     0192                     SSP1CON3        equ	402	;# 
   315     020C                     TMR1L           equ	524	;# 
   316     020D                     TMR1H           equ	525	;# 
   317     020E                     T1CON           equ	526	;# 
   318     020E                     TMR1CON         equ	526	;# 
   319     020F                     T1GCON          equ	527	;# 
   320     020F                     TMR1GCON        equ	527	;# 
   321     0210                     T1GATE          equ	528	;# 
   322     0210                     TMR1GATE        equ	528	;# 
   323     0211                     T1CLK           equ	529	;# 
   324     0211                     TMR1CLK         equ	529	;# 
   325     028C                     T2TMR           equ	652	;# 
   326     028C                     TMR2            equ	652	;# 
   327     028D                     T2PR            equ	653	;# 
   328     028D                     PR2             equ	653	;# 
   329     028E                     T2CON           equ	654	;# 
   330     028F                     T2HLT           equ	655	;# 
   331     0290                     T2CLKCON        equ	656	;# 
   332     0291                     T2RST           equ	657	;# 
   333     030C                     CCPR1           equ	780	;# 
   334     030C                     CCPR1L          equ	780	;# 
   335     030D                     CCPR1H          equ	781	;# 
   336     030E                     CCP1CON         equ	782	;# 
   337     030F                     CCP1CAP         equ	783	;# 
   338     0310                     CCPR2           equ	784	;# 
   339     0310                     CCPR2L          equ	784	;# 
   340     0311                     CCPR2H          equ	785	;# 
   341     0312                     CCP2CON         equ	786	;# 
   342     0313                     CCP2CAP         equ	787	;# 
   343     0314                     PWM3DC          equ	788	;# 
   344     0314                     PWM3DCL         equ	788	;# 
   345     0315                     PWM3DCH         equ	789	;# 
   346     0316                     PWM3CON         equ	790	;# 
   347     0318                     PWM4DC          equ	792	;# 
   348     0318                     PWM4DCL         equ	792	;# 
   349     0319                     PWM4DCH         equ	793	;# 
   350     031A                     PWM4CON         equ	794	;# 
   351     059C                     TMR0L           equ	1436	;# 
   352     059C                     TMR0            equ	1436	;# 
   353     059D                     TMR0H           equ	1437	;# 
   354     059D                     PR0             equ	1437	;# 
   355     059E                     T0CON0          equ	1438	;# 
   356     059F                     T0CON1          equ	1439	;# 
   357     070C                     PIR0            equ	1804	;# 
   358     070D                     PIR1            equ	1805	;# 
   359     070E                     PIR2            equ	1806	;# 
   360     0716                     PIE0            equ	1814	;# 
   361     0717                     PIE1            equ	1815	;# 
   362     0718                     PIE2            equ	1816	;# 
   363     080C                     WDTCON          equ	2060	;# 
   364     0811                     BORCON          equ	2065	;# 
   365     0813                     PCON0           equ	2067	;# 
   366     0814                     PCON1           equ	2068	;# 
   367     081A                     NVMADR          equ	2074	;# 
   368     081A                     NVMADRL         equ	2074	;# 
   369     081B                     NVMADRH         equ	2075	;# 
   370     081C                     NVMDAT          equ	2076	;# 
   371     081C                     NVMDATL         equ	2076	;# 
   372     081D                     NVMDATH         equ	2077	;# 
   373     081E                     NVMCON1         equ	2078	;# 
   374     081F                     NVMCON2         equ	2079	;# 
   375     088E                     OSCCON          equ	2190	;# 
   376     0890                     OSCSTAT         equ	2192	;# 
   377     0891                     OSCEN           equ	2193	;# 
   378     0892                     OSCTUNE         equ	2194	;# 
   379     0893                     OSCFRQ          equ	2195	;# 
   380     090C                     FVRCON          equ	2316	;# 
   381     1E8F                     PPSLOCK         equ	7823	;# 
   382     1E90                     INTPPS          equ	7824	;# 
   383     1E91                     T0CKIPPS        equ	7825	;# 
   384     1E92                     T1CKIPPS        equ	7826	;# 
   385     1E93                     T1GPPS          equ	7827	;# 
   386     1E9C                     T2INPPS         equ	7836	;# 
   387     1EA1                     CCP1PPS         equ	7841	;# 
   388     1EA2                     CCP2PPS         equ	7842	;# 
   389     1EC3                     ADACTPPS        equ	7875	;# 
   390     1EC5                     SSP1CLKPPS      equ	7877	;# 
   391     1EC6                     SSP1DATPPS      equ	7878	;# 
   392     1EC7                     SSP1SSPPS       equ	7879	;# 
   393     1ECB                     RX1PPS          equ	7883	;# 
   394     1ECB                     RX1DTPPS        equ	7883	;# 
   395     1ECB                     RXPPS           equ	7883	;# 
   396     1ECC                     CK1PPS          equ	7884	;# 
   397     1ECC                     TX1CKPPS        equ	7884	;# 
   398     1ECC                     CKPPS           equ	7884	;# 
   399     1F10                     RA0PPS          equ	7952	;# 
   400     1F11                     RA1PPS          equ	7953	;# 
   401     1F12                     RA2PPS          equ	7954	;# 
   402     1F14                     RA4PPS          equ	7956	;# 
   403     1F15                     RA5PPS          equ	7957	;# 
   404     1F38                     ANSELA          equ	7992	;# 
   405     1F39                     WPUA            equ	7993	;# 
   406     1F3A                     ODCONA          equ	7994	;# 
   407     1F3B                     SLRCONA         equ	7995	;# 
   408     1F3C                     INLVLA          equ	7996	;# 
   409     1F3D                     IOCAP           equ	7997	;# 
   410     1F3E                     IOCAN           equ	7998	;# 
   411     1F3F                     IOCAF           equ	7999	;# 
   412     1FE4                     STATUS_SHAD     equ	8164	;# 
   413     1FE5                     WREG_SHAD       equ	8165	;# 
   414     1FE6                     BSR_SHAD        equ	8166	;# 
   415     1FE7                     PCLATH_SHAD     equ	8167	;# 
   416     1FE8                     FSR0_SHAD       equ	8168	;# 
   417     1FE8                     FSR0L_SHAD      equ	8168	;# 
   418     1FE9                     FSR0H_SHAD      equ	8169	;# 
   419     1FEA                     FSR1L_SHAD      equ	8170	;# 
   420     1FEB                     FSR1H_SHAD      equ	8171	;# 
   421     1FED                     STKPTR          equ	8173	;# 
   422     1FEE                     TOSL            equ	8174	;# 
   423     1FEF                     TOSH            equ	8175	;# 
   424     0000                     INDF0           equ	0	;# 
   425     0001                     INDF1           equ	1	;# 
   426     0002                     PCL             equ	2	;# 
   427     0003                     STATUS          equ	3	;# 
   428     0004                     FSR0L           equ	4	;# 
   429     0005                     FSR0H           equ	5	;# 
   430     0006                     FSR1L           equ	6	;# 
   431     0007                     FSR1H           equ	7	;# 
   432     0008                     BSR             equ	8	;# 
   433     0009                     WREG            equ	9	;# 
   434     000A                     PCLATH          equ	10	;# 
   435     000B                     INTCON          equ	11	;# 
   436     000C                     PORTA           equ	12	;# 
   437     0012                     TRISA           equ	18	;# 
   438     0018                     LATA            equ	24	;# 
   439     009A                     CPCON           equ	154	;# 
   440     009B                     ADRES           equ	155	;# 
   441     009B                     ADRESL          equ	155	;# 
   442     009C                     ADRESH          equ	156	;# 
   443     009D                     ADCON0          equ	157	;# 
   444     009E                     ADCON1          equ	158	;# 
   445     009F                     ADACT           equ	159	;# 
   446     0119                     RC1REG          equ	281	;# 
   447     011A                     TX1REG          equ	282	;# 
   448     011B                     SP1BRG          equ	283	;# 
   449     011B                     SP1BRGL         equ	283	;# 
   450     011C                     SP1BRGH         equ	284	;# 
   451     011D                     RC1STA          equ	285	;# 
   452     011E                     TX1STA          equ	286	;# 
   453     011F                     BAUD1CON        equ	287	;# 
   454     018C                     SSP1BUF         equ	396	;# 
   455     018D                     SSP1ADD         equ	397	;# 
   456     018E                     SSP1MSK         equ	398	;# 
   457     018F                     SSP1STAT        equ	399	;# 
   458     0190                     SSP1CON1        equ	400	;# 
   459     0191                     SSP1CON2        equ	401	;# 
   460     0192                     SSP1CON3        equ	402	;# 
   461     020C                     TMR1L           equ	524	;# 
   462     020D                     TMR1H           equ	525	;# 
   463     020E                     T1CON           equ	526	;# 
   464     020E                     TMR1CON         equ	526	;# 
   465     020F                     T1GCON          equ	527	;# 
   466     020F                     TMR1GCON        equ	527	;# 
   467     0210                     T1GATE          equ	528	;# 
   468     0210                     TMR1GATE        equ	528	;# 
   469     0211                     T1CLK           equ	529	;# 
   470     0211                     TMR1CLK         equ	529	;# 
   471     028C                     T2TMR           equ	652	;# 
   472     028C                     TMR2            equ	652	;# 
   473     028D                     T2PR            equ	653	;# 
   474     028D                     PR2             equ	653	;# 
   475     028E                     T2CON           equ	654	;# 
   476     028F                     T2HLT           equ	655	;# 
   477     0290                     T2CLKCON        equ	656	;# 
   478     0291                     T2RST           equ	657	;# 
   479     030C                     CCPR1           equ	780	;# 
   480     030C                     CCPR1L          equ	780	;# 
   481     030D                     CCPR1H          equ	781	;# 
   482     030E                     CCP1CON         equ	782	;# 
   483     030F                     CCP1CAP         equ	783	;# 
   484     0310                     CCPR2           equ	784	;# 
   485     0310                     CCPR2L          equ	784	;# 
   486     0311                     CCPR2H          equ	785	;# 
   487     0312                     CCP2CON         equ	786	;# 
   488     0313                     CCP2CAP         equ	787	;# 
   489     0314                     PWM3DC          equ	788	;# 
   490     0314                     PWM3DCL         equ	788	;# 
   491     0315                     PWM3DCH         equ	789	;# 
   492     0316                     PWM3CON         equ	790	;# 
   493     0318                     PWM4DC          equ	792	;# 
   494     0318                     PWM4DCL         equ	792	;# 
   495     0319                     PWM4DCH         equ	793	;# 
   496     031A                     PWM4CON         equ	794	;# 
   497     059C                     TMR0L           equ	1436	;# 
   498     059C                     TMR0            equ	1436	;# 
   499     059D                     TMR0H           equ	1437	;# 
   500     059D                     PR0             equ	1437	;# 
   501     059E                     T0CON0          equ	1438	;# 
   502     059F                     T0CON1          equ	1439	;# 
   503     070C                     PIR0            equ	1804	;# 
   504     070D                     PIR1            equ	1805	;# 
   505     070E                     PIR2            equ	1806	;# 
   506     0716                     PIE0            equ	1814	;# 
   507     0717                     PIE1            equ	1815	;# 
   508     0718                     PIE2            equ	1816	;# 
   509     080C                     WDTCON          equ	2060	;# 
   510     0811                     BORCON          equ	2065	;# 
   511     0813                     PCON0           equ	2067	;# 
   512     0814                     PCON1           equ	2068	;# 
   513     081A                     NVMADR          equ	2074	;# 
   514     081A                     NVMADRL         equ	2074	;# 
   515     081B                     NVMADRH         equ	2075	;# 
   516     081C                     NVMDAT          equ	2076	;# 
   517     081C                     NVMDATL         equ	2076	;# 
   518     081D                     NVMDATH         equ	2077	;# 
   519     081E                     NVMCON1         equ	2078	;# 
   520     081F                     NVMCON2         equ	2079	;# 
   521     088E                     OSCCON          equ	2190	;# 
   522     0890                     OSCSTAT         equ	2192	;# 
   523     0891                     OSCEN           equ	2193	;# 
   524     0892                     OSCTUNE         equ	2194	;# 
   525     0893                     OSCFRQ          equ	2195	;# 
   526     090C                     FVRCON          equ	2316	;# 
   527     1E8F                     PPSLOCK         equ	7823	;# 
   528     1E90                     INTPPS          equ	7824	;# 
   529     1E91                     T0CKIPPS        equ	7825	;# 
   530     1E92                     T1CKIPPS        equ	7826	;# 
   531     1E93                     T1GPPS          equ	7827	;# 
   532     1E9C                     T2INPPS         equ	7836	;# 
   533     1EA1                     CCP1PPS         equ	7841	;# 
   534     1EA2                     CCP2PPS         equ	7842	;# 
   535     1EC3                     ADACTPPS        equ	7875	;# 
   536     1EC5                     SSP1CLKPPS      equ	7877	;# 
   537     1EC6                     SSP1DATPPS      equ	7878	;# 
   538     1EC7                     SSP1SSPPS       equ	7879	;# 
   539     1ECB                     RX1PPS          equ	7883	;# 
   540     1ECB                     RX1DTPPS        equ	7883	;# 
   541     1ECB                     RXPPS           equ	7883	;# 
   542     1ECC                     CK1PPS          equ	7884	;# 
   543     1ECC                     TX1CKPPS        equ	7884	;# 
   544     1ECC                     CKPPS           equ	7884	;# 
   545     1F10                     RA0PPS          equ	7952	;# 
   546     1F11                     RA1PPS          equ	7953	;# 
   547     1F12                     RA2PPS          equ	7954	;# 
   548     1F14                     RA4PPS          equ	7956	;# 
   549     1F15                     RA5PPS          equ	7957	;# 
   550     1F38                     ANSELA          equ	7992	;# 
   551     1F39                     WPUA            equ	7993	;# 
   552     1F3A                     ODCONA          equ	7994	;# 
   553     1F3B                     SLRCONA         equ	7995	;# 
   554     1F3C                     INLVLA          equ	7996	;# 
   555     1F3D                     IOCAP           equ	7997	;# 
   556     1F3E                     IOCAN           equ	7998	;# 
   557     1F3F                     IOCAF           equ	7999	;# 
   558     1FE4                     STATUS_SHAD     equ	8164	;# 
   559     1FE5                     WREG_SHAD       equ	8165	;# 
   560     1FE6                     BSR_SHAD        equ	8166	;# 
   561     1FE7                     PCLATH_SHAD     equ	8167	;# 
   562     1FE8                     FSR0_SHAD       equ	8168	;# 
   563     1FE8                     FSR0L_SHAD      equ	8168	;# 
   564     1FE9                     FSR0H_SHAD      equ	8169	;# 
   565     1FEA                     FSR1L_SHAD      equ	8170	;# 
   566     1FEB                     FSR1H_SHAD      equ	8171	;# 
   567     1FED                     STKPTR          equ	8173	;# 
   568     1FEE                     TOSL            equ	8174	;# 
   569     1FEF                     TOSH            equ	8175	;# 
   570     0000                     INDF0           equ	0	;# 
   571     0001                     INDF1           equ	1	;# 
   572     0002                     PCL             equ	2	;# 
   573     0003                     STATUS          equ	3	;# 
   574     0004                     FSR0L           equ	4	;# 
   575     0005                     FSR0H           equ	5	;# 
   576     0006                     FSR1L           equ	6	;# 
   577     0007                     FSR1H           equ	7	;# 
   578     0008                     BSR             equ	8	;# 
   579     0009                     WREG            equ	9	;# 
   580     000A                     PCLATH          equ	10	;# 
   581     000B                     INTCON          equ	11	;# 
   582     000C                     PORTA           equ	12	;# 
   583     0012                     TRISA           equ	18	;# 
   584     0018                     LATA            equ	24	;# 
   585     009A                     CPCON           equ	154	;# 
   586     009B                     ADRES           equ	155	;# 
   587     009B                     ADRESL          equ	155	;# 
   588     009C                     ADRESH          equ	156	;# 
   589     009D                     ADCON0          equ	157	;# 
   590     009E                     ADCON1          equ	158	;# 
   591     009F                     ADACT           equ	159	;# 
   592     0119                     RC1REG          equ	281	;# 
   593     011A                     TX1REG          equ	282	;# 
   594     011B                     SP1BRG          equ	283	;# 
   595     011B                     SP1BRGL         equ	283	;# 
   596     011C                     SP1BRGH         equ	284	;# 
   597     011D                     RC1STA          equ	285	;# 
   598     011E                     TX1STA          equ	286	;# 
   599     011F                     BAUD1CON        equ	287	;# 
   600     018C                     SSP1BUF         equ	396	;# 
   601     018D                     SSP1ADD         equ	397	;# 
   602     018E                     SSP1MSK         equ	398	;# 
   603     018F                     SSP1STAT        equ	399	;# 
   604     0190                     SSP1CON1        equ	400	;# 
   605     0191                     SSP1CON2        equ	401	;# 
   606     0192                     SSP1CON3        equ	402	;# 
   607     020C                     TMR1L           equ	524	;# 
   608     020D                     TMR1H           equ	525	;# 
   609     020E                     T1CON           equ	526	;# 
   610     020E                     TMR1CON         equ	526	;# 
   611     020F                     T1GCON          equ	527	;# 
   612     020F                     TMR1GCON        equ	527	;# 
   613     0210                     T1GATE          equ	528	;# 
   614     0210                     TMR1GATE        equ	528	;# 
   615     0211                     T1CLK           equ	529	;# 
   616     0211                     TMR1CLK         equ	529	;# 
   617     028C                     T2TMR           equ	652	;# 
   618     028C                     TMR2            equ	652	;# 
   619     028D                     T2PR            equ	653	;# 
   620     028D                     PR2             equ	653	;# 
   621     028E                     T2CON           equ	654	;# 
   622     028F                     T2HLT           equ	655	;# 
   623     0290                     T2CLKCON        equ	656	;# 
   624     0291                     T2RST           equ	657	;# 
   625     030C                     CCPR1           equ	780	;# 
   626     030C                     CCPR1L          equ	780	;# 
   627     030D                     CCPR1H          equ	781	;# 
   628     030E                     CCP1CON         equ	782	;# 
   629     030F                     CCP1CAP         equ	783	;# 
   630     0310                     CCPR2           equ	784	;# 
   631     0310                     CCPR2L          equ	784	;# 
   632     0311                     CCPR2H          equ	785	;# 
   633     0312                     CCP2CON         equ	786	;# 
   634     0313                     CCP2CAP         equ	787	;# 
   635     0314                     PWM3DC          equ	788	;# 
   636     0314                     PWM3DCL         equ	788	;# 
   637     0315                     PWM3DCH         equ	789	;# 
   638     0316                     PWM3CON         equ	790	;# 
   639     0318                     PWM4DC          equ	792	;# 
   640     0318                     PWM4DCL         equ	792	;# 
   641     0319                     PWM4DCH         equ	793	;# 
   642     031A                     PWM4CON         equ	794	;# 
   643     059C                     TMR0L           equ	1436	;# 
   644     059C                     TMR0            equ	1436	;# 
   645     059D                     TMR0H           equ	1437	;# 
   646     059D                     PR0             equ	1437	;# 
   647     059E                     T0CON0          equ	1438	;# 
   648     059F                     T0CON1          equ	1439	;# 
   649     070C                     PIR0            equ	1804	;# 
   650     070D                     PIR1            equ	1805	;# 
   651     070E                     PIR2            equ	1806	;# 
   652     0716                     PIE0            equ	1814	;# 
   653     0717                     PIE1            equ	1815	;# 
   654     0718                     PIE2            equ	1816	;# 
   655     080C                     WDTCON          equ	2060	;# 
   656     0811                     BORCON          equ	2065	;# 
   657     0813                     PCON0           equ	2067	;# 
   658     0814                     PCON1           equ	2068	;# 
   659     081A                     NVMADR          equ	2074	;# 
   660     081A                     NVMADRL         equ	2074	;# 
   661     081B                     NVMADRH         equ	2075	;# 
   662     081C                     NVMDAT          equ	2076	;# 
   663     081C                     NVMDATL         equ	2076	;# 
   664     081D                     NVMDATH         equ	2077	;# 
   665     081E                     NVMCON1         equ	2078	;# 
   666     081F                     NVMCON2         equ	2079	;# 
   667     088E                     OSCCON          equ	2190	;# 
   668     0890                     OSCSTAT         equ	2192	;# 
   669     0891                     OSCEN           equ	2193	;# 
   670     0892                     OSCTUNE         equ	2194	;# 
   671     0893                     OSCFRQ          equ	2195	;# 
   672     090C                     FVRCON          equ	2316	;# 
   673     1E8F                     PPSLOCK         equ	7823	;# 
   674     1E90                     INTPPS          equ	7824	;# 
   675     1E91                     T0CKIPPS        equ	7825	;# 
   676     1E92                     T1CKIPPS        equ	7826	;# 
   677     1E93                     T1GPPS          equ	7827	;# 
   678     1E9C                     T2INPPS         equ	7836	;# 
   679     1EA1                     CCP1PPS         equ	7841	;# 
   680     1EA2                     CCP2PPS         equ	7842	;# 
   681     1EC3                     ADACTPPS        equ	7875	;# 
   682     1EC5                     SSP1CLKPPS      equ	7877	;# 
   683     1EC6                     SSP1DATPPS      equ	7878	;# 
   684     1EC7                     SSP1SSPPS       equ	7879	;# 
   685     1ECB                     RX1PPS          equ	7883	;# 
   686     1ECB                     RX1DTPPS        equ	7883	;# 
   687     1ECB                     RXPPS           equ	7883	;# 
   688     1ECC                     CK1PPS          equ	7884	;# 
   689     1ECC                     TX1CKPPS        equ	7884	;# 
   690     1ECC                     CKPPS           equ	7884	;# 
   691     1F10                     RA0PPS          equ	7952	;# 
   692     1F11                     RA1PPS          equ	7953	;# 
   693     1F12                     RA2PPS          equ	7954	;# 
   694     1F14                     RA4PPS          equ	7956	;# 
   695     1F15                     RA5PPS          equ	7957	;# 
   696     1F38                     ANSELA          equ	7992	;# 
   697     1F39                     WPUA            equ	7993	;# 
   698     1F3A                     ODCONA          equ	7994	;# 
   699     1F3B                     SLRCONA         equ	7995	;# 
   700     1F3C                     INLVLA          equ	7996	;# 
   701     1F3D                     IOCAP           equ	7997	;# 
   702     1F3E                     IOCAN           equ	7998	;# 
   703     1F3F                     IOCAF           equ	7999	;# 
   704     1FE4                     STATUS_SHAD     equ	8164	;# 
   705     1FE5                     WREG_SHAD       equ	8165	;# 
   706     1FE6                     BSR_SHAD        equ	8166	;# 
   707     1FE7                     PCLATH_SHAD     equ	8167	;# 
   708     1FE8                     FSR0_SHAD       equ	8168	;# 
   709     1FE8                     FSR0L_SHAD      equ	8168	;# 
   710     1FE9                     FSR0H_SHAD      equ	8169	;# 
   711     1FEA                     FSR1L_SHAD      equ	8170	;# 
   712     1FEB                     FSR1H_SHAD      equ	8171	;# 
   713     1FED                     STKPTR          equ	8173	;# 
   714     1FEE                     TOSL            equ	8174	;# 
   715     1FEF                     TOSH            equ	8175	;# 
   716     0000                     INDF0           equ	0	;# 
   717     0001                     INDF1           equ	1	;# 
   718     0002                     PCL             equ	2	;# 
   719     0003                     STATUS          equ	3	;# 
   720     0004                     FSR0L           equ	4	;# 
   721     0005                     FSR0H           equ	5	;# 
   722     0006                     FSR1L           equ	6	;# 
   723     0007                     FSR1H           equ	7	;# 
   724     0008                     BSR             equ	8	;# 
   725     0009                     WREG            equ	9	;# 
   726     000A                     PCLATH          equ	10	;# 
   727     000B                     INTCON          equ	11	;# 
   728     000C                     PORTA           equ	12	;# 
   729     0012                     TRISA           equ	18	;# 
   730     0018                     LATA            equ	24	;# 
   731     009A                     CPCON           equ	154	;# 
   732     009B                     ADRES           equ	155	;# 
   733     009B                     ADRESL          equ	155	;# 
   734     009C                     ADRESH          equ	156	;# 
   735     009D                     ADCON0          equ	157	;# 
   736     009E                     ADCON1          equ	158	;# 
   737     009F                     ADACT           equ	159	;# 
   738     0119                     RC1REG          equ	281	;# 
   739     011A                     TX1REG          equ	282	;# 
   740     011B                     SP1BRG          equ	283	;# 
   741     011B                     SP1BRGL         equ	283	;# 
   742     011C                     SP1BRGH         equ	284	;# 
   743     011D                     RC1STA          equ	285	;# 
   744     011E                     TX1STA          equ	286	;# 
   745     011F                     BAUD1CON        equ	287	;# 
   746     018C                     SSP1BUF         equ	396	;# 
   747     018D                     SSP1ADD         equ	397	;# 
   748     018E                     SSP1MSK         equ	398	;# 
   749     018F                     SSP1STAT        equ	399	;# 
   750     0190                     SSP1CON1        equ	400	;# 
   751     0191                     SSP1CON2        equ	401	;# 
   752     0192                     SSP1CON3        equ	402	;# 
   753     020C                     TMR1L           equ	524	;# 
   754     020D                     TMR1H           equ	525	;# 
   755     020E                     T1CON           equ	526	;# 
   756     020E                     TMR1CON         equ	526	;# 
   757     020F                     T1GCON          equ	527	;# 
   758     020F                     TMR1GCON        equ	527	;# 
   759     0210                     T1GATE          equ	528	;# 
   760     0210                     TMR1GATE        equ	528	;# 
   761     0211                     T1CLK           equ	529	;# 
   762     0211                     TMR1CLK         equ	529	;# 
   763     028C                     T2TMR           equ	652	;# 
   764     028C                     TMR2            equ	652	;# 
   765     028D                     T2PR            equ	653	;# 
   766     028D                     PR2             equ	653	;# 
   767     028E                     T2CON           equ	654	;# 
   768     028F                     T2HLT           equ	655	;# 
   769     0290                     T2CLKCON        equ	656	;# 
   770     0291                     T2RST           equ	657	;# 
   771     030C                     CCPR1           equ	780	;# 
   772     030C                     CCPR1L          equ	780	;# 
   773     030D                     CCPR1H          equ	781	;# 
   774     030E                     CCP1CON         equ	782	;# 
   775     030F                     CCP1CAP         equ	783	;# 
   776     0310                     CCPR2           equ	784	;# 
   777     0310                     CCPR2L          equ	784	;# 
   778     0311                     CCPR2H          equ	785	;# 
   779     0312                     CCP2CON         equ	786	;# 
   780     0313                     CCP2CAP         equ	787	;# 
   781     0314                     PWM3DC          equ	788	;# 
   782     0314                     PWM3DCL         equ	788	;# 
   783     0315                     PWM3DCH         equ	789	;# 
   784     0316                     PWM3CON         equ	790	;# 
   785     0318                     PWM4DC          equ	792	;# 
   786     0318                     PWM4DCL         equ	792	;# 
   787     0319                     PWM4DCH         equ	793	;# 
   788     031A                     PWM4CON         equ	794	;# 
   789     059C                     TMR0L           equ	1436	;# 
   790     059C                     TMR0            equ	1436	;# 
   791     059D                     TMR0H           equ	1437	;# 
   792     059D                     PR0             equ	1437	;# 
   793     059E                     T0CON0          equ	1438	;# 
   794     059F                     T0CON1          equ	1439	;# 
   795     070C                     PIR0            equ	1804	;# 
   796     070D                     PIR1            equ	1805	;# 
   797     070E                     PIR2            equ	1806	;# 
   798     0716                     PIE0            equ	1814	;# 
   799     0717                     PIE1            equ	1815	;# 
   800     0718                     PIE2            equ	1816	;# 
   801     080C                     WDTCON          equ	2060	;# 
   802     0811                     BORCON          equ	2065	;# 
   803     0813                     PCON0           equ	2067	;# 
   804     0814                     PCON1           equ	2068	;# 
   805     081A                     NVMADR          equ	2074	;# 
   806     081A                     NVMADRL         equ	2074	;# 
   807     081B                     NVMADRH         equ	2075	;# 
   808     081C                     NVMDAT          equ	2076	;# 
   809     081C                     NVMDATL         equ	2076	;# 
   810     081D                     NVMDATH         equ	2077	;# 
   811     081E                     NVMCON1         equ	2078	;# 
   812     081F                     NVMCON2         equ	2079	;# 
   813     088E                     OSCCON          equ	2190	;# 
   814     0890                     OSCSTAT         equ	2192	;# 
   815     0891                     OSCEN           equ	2193	;# 
   816     0892                     OSCTUNE         equ	2194	;# 
   817     0893                     OSCFRQ          equ	2195	;# 
   818     090C                     FVRCON          equ	2316	;# 
   819     1E8F                     PPSLOCK         equ	7823	;# 
   820     1E90                     INTPPS          equ	7824	;# 
   821     1E91                     T0CKIPPS        equ	7825	;# 
   822     1E92                     T1CKIPPS        equ	7826	;# 
   823     1E93                     T1GPPS          equ	7827	;# 
   824     1E9C                     T2INPPS         equ	7836	;# 
   825     1EA1                     CCP1PPS         equ	7841	;# 
   826     1EA2                     CCP2PPS         equ	7842	;# 
   827     1EC3                     ADACTPPS        equ	7875	;# 
   828     1EC5                     SSP1CLKPPS      equ	7877	;# 
   829     1EC6                     SSP1DATPPS      equ	7878	;# 
   830     1EC7                     SSP1SSPPS       equ	7879	;# 
   831     1ECB                     RX1PPS          equ	7883	;# 
   832     1ECB                     RX1DTPPS        equ	7883	;# 
   833     1ECB                     RXPPS           equ	7883	;# 
   834     1ECC                     CK1PPS          equ	7884	;# 
   835     1ECC                     TX1CKPPS        equ	7884	;# 
   836     1ECC                     CKPPS           equ	7884	;# 
   837     1F10                     RA0PPS          equ	7952	;# 
   838     1F11                     RA1PPS          equ	7953	;# 
   839     1F12                     RA2PPS          equ	7954	;# 
   840     1F14                     RA4PPS          equ	7956	;# 
   841     1F15                     RA5PPS          equ	7957	;# 
   842     1F38                     ANSELA          equ	7992	;# 
   843     1F39                     WPUA            equ	7993	;# 
   844     1F3A                     ODCONA          equ	7994	;# 
   845     1F3B                     SLRCONA         equ	7995	;# 
   846     1F3C                     INLVLA          equ	7996	;# 
   847     1F3D                     IOCAP           equ	7997	;# 
   848     1F3E                     IOCAN           equ	7998	;# 
   849     1F3F                     IOCAF           equ	7999	;# 
   850     1FE4                     STATUS_SHAD     equ	8164	;# 
   851     1FE5                     WREG_SHAD       equ	8165	;# 
   852     1FE6                     BSR_SHAD        equ	8166	;# 
   853     1FE7                     PCLATH_SHAD     equ	8167	;# 
   854     1FE8                     FSR0_SHAD       equ	8168	;# 
   855     1FE8                     FSR0L_SHAD      equ	8168	;# 
   856     1FE9                     FSR0H_SHAD      equ	8169	;# 
   857     1FEA                     FSR1L_SHAD      equ	8170	;# 
   858     1FEB                     FSR1H_SHAD      equ	8171	;# 
   859     1FED                     STKPTR          equ	8173	;# 
   860     1FEE                     TOSL            equ	8174	;# 
   861     1FEF                     TOSH            equ	8175	;# 
   862     0000                     INDF0           equ	0	;# 
   863     0001                     INDF1           equ	1	;# 
   864     0002                     PCL             equ	2	;# 
   865     0003                     STATUS          equ	3	;# 
   866     0004                     FSR0L           equ	4	;# 
   867     0005                     FSR0H           equ	5	;# 
   868     0006                     FSR1L           equ	6	;# 
   869     0007                     FSR1H           equ	7	;# 
   870     0008                     BSR             equ	8	;# 
   871     0009                     WREG            equ	9	;# 
   872     000A                     PCLATH          equ	10	;# 
   873     000B                     INTCON          equ	11	;# 
   874     000C                     PORTA           equ	12	;# 
   875     0012                     TRISA           equ	18	;# 
   876     0018                     LATA            equ	24	;# 
   877     009A                     CPCON           equ	154	;# 
   878     009B                     ADRES           equ	155	;# 
   879     009B                     ADRESL          equ	155	;# 
   880     009C                     ADRESH          equ	156	;# 
   881     009D                     ADCON0          equ	157	;# 
   882     009E                     ADCON1          equ	158	;# 
   883     009F                     ADACT           equ	159	;# 
   884     0119                     RC1REG          equ	281	;# 
   885     011A                     TX1REG          equ	282	;# 
   886     011B                     SP1BRG          equ	283	;# 
   887     011B                     SP1BRGL         equ	283	;# 
   888     011C                     SP1BRGH         equ	284	;# 
   889     011D                     RC1STA          equ	285	;# 
   890     011E                     TX1STA          equ	286	;# 
   891     011F                     BAUD1CON        equ	287	;# 
   892     018C                     SSP1BUF         equ	396	;# 
   893     018D                     SSP1ADD         equ	397	;# 
   894     018E                     SSP1MSK         equ	398	;# 
   895     018F                     SSP1STAT        equ	399	;# 
   896     0190                     SSP1CON1        equ	400	;# 
   897     0191                     SSP1CON2        equ	401	;# 
   898     0192                     SSP1CON3        equ	402	;# 
   899     020C                     TMR1L           equ	524	;# 
   900     020D                     TMR1H           equ	525	;# 
   901     020E                     T1CON           equ	526	;# 
   902     020E                     TMR1CON         equ	526	;# 
   903     020F                     T1GCON          equ	527	;# 
   904     020F                     TMR1GCON        equ	527	;# 
   905     0210                     T1GATE          equ	528	;# 
   906     0210                     TMR1GATE        equ	528	;# 
   907     0211                     T1CLK           equ	529	;# 
   908     0211                     TMR1CLK         equ	529	;# 
   909     028C                     T2TMR           equ	652	;# 
   910     028C                     TMR2            equ	652	;# 
   911     028D                     T2PR            equ	653	;# 
   912     028D                     PR2             equ	653	;# 
   913     028E                     T2CON           equ	654	;# 
   914     028F                     T2HLT           equ	655	;# 
   915     0290                     T2CLKCON        equ	656	;# 
   916     0291                     T2RST           equ	657	;# 
   917     030C                     CCPR1           equ	780	;# 
   918     030C                     CCPR1L          equ	780	;# 
   919     030D                     CCPR1H          equ	781	;# 
   920     030E                     CCP1CON         equ	782	;# 
   921     030F                     CCP1CAP         equ	783	;# 
   922     0310                     CCPR2           equ	784	;# 
   923     0310                     CCPR2L          equ	784	;# 
   924     0311                     CCPR2H          equ	785	;# 
   925     0312                     CCP2CON         equ	786	;# 
   926     0313                     CCP2CAP         equ	787	;# 
   927     0314                     PWM3DC          equ	788	;# 
   928     0314                     PWM3DCL         equ	788	;# 
   929     0315                     PWM3DCH         equ	789	;# 
   930     0316                     PWM3CON         equ	790	;# 
   931     0318                     PWM4DC          equ	792	;# 
   932     0318                     PWM4DCL         equ	792	;# 
   933     0319                     PWM4DCH         equ	793	;# 
   934     031A                     PWM4CON         equ	794	;# 
   935     059C                     TMR0L           equ	1436	;# 
   936     059C                     TMR0            equ	1436	;# 
   937     059D                     TMR0H           equ	1437	;# 
   938     059D                     PR0             equ	1437	;# 
   939     059E                     T0CON0          equ	1438	;# 
   940     059F                     T0CON1          equ	1439	;# 
   941     070C                     PIR0            equ	1804	;# 
   942     070D                     PIR1            equ	1805	;# 
   943     070E                     PIR2            equ	1806	;# 
   944     0716                     PIE0            equ	1814	;# 
   945     0717                     PIE1            equ	1815	;# 
   946     0718                     PIE2            equ	1816	;# 
   947     080C                     WDTCON          equ	2060	;# 
   948     0811                     BORCON          equ	2065	;# 
   949     0813                     PCON0           equ	2067	;# 
   950     0814                     PCON1           equ	2068	;# 
   951     081A                     NVMADR          equ	2074	;# 
   952     081A                     NVMADRL         equ	2074	;# 
   953     081B                     NVMADRH         equ	2075	;# 
   954     081C                     NVMDAT          equ	2076	;# 
   955     081C                     NVMDATL         equ	2076	;# 
   956     081D                     NVMDATH         equ	2077	;# 
   957     081E                     NVMCON1         equ	2078	;# 
   958     081F                     NVMCON2         equ	2079	;# 
   959     088E                     OSCCON          equ	2190	;# 
   960     0890                     OSCSTAT         equ	2192	;# 
   961     0891                     OSCEN           equ	2193	;# 
   962     0892                     OSCTUNE         equ	2194	;# 
   963     0893                     OSCFRQ          equ	2195	;# 
   964     090C                     FVRCON          equ	2316	;# 
   965     1E8F                     PPSLOCK         equ	7823	;# 
   966     1E90                     INTPPS          equ	7824	;# 
   967     1E91                     T0CKIPPS        equ	7825	;# 
   968     1E92                     T1CKIPPS        equ	7826	;# 
   969     1E93                     T1GPPS          equ	7827	;# 
   970     1E9C                     T2INPPS         equ	7836	;# 
   971     1EA1                     CCP1PPS         equ	7841	;# 
   972     1EA2                     CCP2PPS         equ	7842	;# 
   973     1EC3                     ADACTPPS        equ	7875	;# 
   974     1EC5                     SSP1CLKPPS      equ	7877	;# 
   975     1EC6                     SSP1DATPPS      equ	7878	;# 
   976     1EC7                     SSP1SSPPS       equ	7879	;# 
   977     1ECB                     RX1PPS          equ	7883	;# 
   978     1ECB                     RX1DTPPS        equ	7883	;# 
   979     1ECB                     RXPPS           equ	7883	;# 
   980     1ECC                     CK1PPS          equ	7884	;# 
   981     1ECC                     TX1CKPPS        equ	7884	;# 
   982     1ECC                     CKPPS           equ	7884	;# 
   983     1F10                     RA0PPS          equ	7952	;# 
   984     1F11                     RA1PPS          equ	7953	;# 
   985     1F12                     RA2PPS          equ	7954	;# 
   986     1F14                     RA4PPS          equ	7956	;# 
   987     1F15                     RA5PPS          equ	7957	;# 
   988     1F38                     ANSELA          equ	7992	;# 
   989     1F39                     WPUA            equ	7993	;# 
   990     1F3A                     ODCONA          equ	7994	;# 
   991     1F3B                     SLRCONA         equ	7995	;# 
   992     1F3C                     INLVLA          equ	7996	;# 
   993     1F3D                     IOCAP           equ	7997	;# 
   994     1F3E                     IOCAN           equ	7998	;# 
   995     1F3F                     IOCAF           equ	7999	;# 
   996     1FE4                     STATUS_SHAD     equ	8164	;# 
   997     1FE5                     WREG_SHAD       equ	8165	;# 
   998     1FE6                     BSR_SHAD        equ	8166	;# 
   999     1FE7                     PCLATH_SHAD     equ	8167	;# 
  1000     1FE8                     FSR0_SHAD       equ	8168	;# 
  1001     1FE8                     FSR0L_SHAD      equ	8168	;# 
  1002     1FE9                     FSR0H_SHAD      equ	8169	;# 
  1003     1FEA                     FSR1L_SHAD      equ	8170	;# 
  1004     1FEB                     FSR1H_SHAD      equ	8171	;# 
  1005     1FED                     STKPTR          equ	8173	;# 
  1006     1FEE                     TOSL            equ	8174	;# 
  1007     1FEF                     TOSH            equ	8175	;# 
  1008     0000                     INDF0           equ	0	;# 
  1009     0001                     INDF1           equ	1	;# 
  1010     0002                     PCL             equ	2	;# 
  1011     0003                     STATUS          equ	3	;# 
  1012     0004                     FSR0L           equ	4	;# 
  1013     0005                     FSR0H           equ	5	;# 
  1014     0006                     FSR1L           equ	6	;# 
  1015     0007                     FSR1H           equ	7	;# 
  1016     0008                     BSR             equ	8	;# 
  1017     0009                     WREG            equ	9	;# 
  1018     000A                     PCLATH          equ	10	;# 
  1019     000B                     INTCON          equ	11	;# 
  1020     000C                     PORTA           equ	12	;# 
  1021     0012                     TRISA           equ	18	;# 
  1022     0018                     LATA            equ	24	;# 
  1023     009A                     CPCON           equ	154	;# 
  1024     009B                     ADRES           equ	155	;# 
  1025     009B                     ADRESL          equ	155	;# 
  1026     009C                     ADRESH          equ	156	;# 
  1027     009D                     ADCON0          equ	157	;# 
  1028     009E                     ADCON1          equ	158	;# 
  1029     009F                     ADACT           equ	159	;# 
  1030     0119                     RC1REG          equ	281	;# 
  1031     011A                     TX1REG          equ	282	;# 
  1032     011B                     SP1BRG          equ	283	;# 
  1033     011B                     SP1BRGL         equ	283	;# 
  1034     011C                     SP1BRGH         equ	284	;# 
  1035     011D                     RC1STA          equ	285	;# 
  1036     011E                     TX1STA          equ	286	;# 
  1037     011F                     BAUD1CON        equ	287	;# 
  1038     018C                     SSP1BUF         equ	396	;# 
  1039     018D                     SSP1ADD         equ	397	;# 
  1040     018E                     SSP1MSK         equ	398	;# 
  1041     018F                     SSP1STAT        equ	399	;# 
  1042     0190                     SSP1CON1        equ	400	;# 
  1043     0191                     SSP1CON2        equ	401	;# 
  1044     0192                     SSP1CON3        equ	402	;# 
  1045     020C                     TMR1L           equ	524	;# 
  1046     020D                     TMR1H           equ	525	;# 
  1047     020E                     T1CON           equ	526	;# 
  1048     020E                     TMR1CON         equ	526	;# 
  1049     020F                     T1GCON          equ	527	;# 
  1050     020F                     TMR1GCON        equ	527	;# 
  1051     0210                     T1GATE          equ	528	;# 
  1052     0210                     TMR1GATE        equ	528	;# 
  1053     0211                     T1CLK           equ	529	;# 
  1054     0211                     TMR1CLK         equ	529	;# 
  1055     028C                     T2TMR           equ	652	;# 
  1056     028C                     TMR2            equ	652	;# 
  1057     028D                     T2PR            equ	653	;# 
  1058     028D                     PR2             equ	653	;# 
  1059     028E                     T2CON           equ	654	;# 
  1060     028F                     T2HLT           equ	655	;# 
  1061     0290                     T2CLKCON        equ	656	;# 
  1062     0291                     T2RST           equ	657	;# 
  1063     030C                     CCPR1           equ	780	;# 
  1064     030C                     CCPR1L          equ	780	;# 
  1065     030D                     CCPR1H          equ	781	;# 
  1066     030E                     CCP1CON         equ	782	;# 
  1067     030F                     CCP1CAP         equ	783	;# 
  1068     0310                     CCPR2           equ	784	;# 
  1069     0310                     CCPR2L          equ	784	;# 
  1070     0311                     CCPR2H          equ	785	;# 
  1071     0312                     CCP2CON         equ	786	;# 
  1072     0313                     CCP2CAP         equ	787	;# 
  1073     0314                     PWM3DC          equ	788	;# 
  1074     0314                     PWM3DCL         equ	788	;# 
  1075     0315                     PWM3DCH         equ	789	;# 
  1076     0316                     PWM3CON         equ	790	;# 
  1077     0318                     PWM4DC          equ	792	;# 
  1078     0318                     PWM4DCL         equ	792	;# 
  1079     0319                     PWM4DCH         equ	793	;# 
  1080     031A                     PWM4CON         equ	794	;# 
  1081     059C                     TMR0L           equ	1436	;# 
  1082     059C                     TMR0            equ	1436	;# 
  1083     059D                     TMR0H           equ	1437	;# 
  1084     059D                     PR0             equ	1437	;# 
  1085     059E                     T0CON0          equ	1438	;# 
  1086     059F                     T0CON1          equ	1439	;# 
  1087     070C                     PIR0            equ	1804	;# 
  1088     070D                     PIR1            equ	1805	;# 
  1089     070E                     PIR2            equ	1806	;# 
  1090     0716                     PIE0            equ	1814	;# 
  1091     0717                     PIE1            equ	1815	;# 
  1092     0718                     PIE2            equ	1816	;# 
  1093     080C                     WDTCON          equ	2060	;# 
  1094     0811                     BORCON          equ	2065	;# 
  1095     0813                     PCON0           equ	2067	;# 
  1096     0814                     PCON1           equ	2068	;# 
  1097     081A                     NVMADR          equ	2074	;# 
  1098     081A                     NVMADRL         equ	2074	;# 
  1099     081B                     NVMADRH         equ	2075	;# 
  1100     081C                     NVMDAT          equ	2076	;# 
  1101     081C                     NVMDATL         equ	2076	;# 
  1102     081D                     NVMDATH         equ	2077	;# 
  1103     081E                     NVMCON1         equ	2078	;# 
  1104     081F                     NVMCON2         equ	2079	;# 
  1105     088E                     OSCCON          equ	2190	;# 
  1106     0890                     OSCSTAT         equ	2192	;# 
  1107     0891                     OSCEN           equ	2193	;# 
  1108     0892                     OSCTUNE         equ	2194	;# 
  1109     0893                     OSCFRQ          equ	2195	;# 
  1110     090C                     FVRCON          equ	2316	;# 
  1111     1E8F                     PPSLOCK         equ	7823	;# 
  1112     1E90                     INTPPS          equ	7824	;# 
  1113     1E91                     T0CKIPPS        equ	7825	;# 
  1114     1E92                     T1CKIPPS        equ	7826	;# 
  1115     1E93                     T1GPPS          equ	7827	;# 
  1116     1E9C                     T2INPPS         equ	7836	;# 
  1117     1EA1                     CCP1PPS         equ	7841	;# 
  1118     1EA2                     CCP2PPS         equ	7842	;# 
  1119     1EC3                     ADACTPPS        equ	7875	;# 
  1120     1EC5                     SSP1CLKPPS      equ	7877	;# 
  1121     1EC6                     SSP1DATPPS      equ	7878	;# 
  1122     1EC7                     SSP1SSPPS       equ	7879	;# 
  1123     1ECB                     RX1PPS          equ	7883	;# 
  1124     1ECB                     RX1DTPPS        equ	7883	;# 
  1125     1ECB                     RXPPS           equ	7883	;# 
  1126     1ECC                     CK1PPS          equ	7884	;# 
  1127     1ECC                     TX1CKPPS        equ	7884	;# 
  1128     1ECC                     CKPPS           equ	7884	;# 
  1129     1F10                     RA0PPS          equ	7952	;# 
  1130     1F11                     RA1PPS          equ	7953	;# 
  1131     1F12                     RA2PPS          equ	7954	;# 
  1132     1F14                     RA4PPS          equ	7956	;# 
  1133     1F15                     RA5PPS          equ	7957	;# 
  1134     1F38                     ANSELA          equ	7992	;# 
  1135     1F39                     WPUA            equ	7993	;# 
  1136     1F3A                     ODCONA          equ	7994	;# 
  1137     1F3B                     SLRCONA         equ	7995	;# 
  1138     1F3C                     INLVLA          equ	7996	;# 
  1139     1F3D                     IOCAP           equ	7997	;# 
  1140     1F3E                     IOCAN           equ	7998	;# 
  1141     1F3F                     IOCAF           equ	7999	;# 
  1142     1FE4                     STATUS_SHAD     equ	8164	;# 
  1143     1FE5                     WREG_SHAD       equ	8165	;# 
  1144     1FE6                     BSR_SHAD        equ	8166	;# 
  1145     1FE7                     PCLATH_SHAD     equ	8167	;# 
  1146     1FE8                     FSR0_SHAD       equ	8168	;# 
  1147     1FE8                     FSR0L_SHAD      equ	8168	;# 
  1148     1FE9                     FSR0H_SHAD      equ	8169	;# 
  1149     1FEA                     FSR1L_SHAD      equ	8170	;# 
  1150     1FEB                     FSR1H_SHAD      equ	8171	;# 
  1151     1FED                     STKPTR          equ	8173	;# 
  1152     1FEE                     TOSL            equ	8174	;# 
  1153     1FEF                     TOSH            equ	8175	;# 
  1154     0000                     INDF0           equ	0	;# 
  1155     0001                     INDF1           equ	1	;# 
  1156     0002                     PCL             equ	2	;# 
  1157     0003                     STATUS          equ	3	;# 
  1158     0004                     FSR0L           equ	4	;# 
  1159     0005                     FSR0H           equ	5	;# 
  1160     0006                     FSR1L           equ	6	;# 
  1161     0007                     FSR1H           equ	7	;# 
  1162     0008                     BSR             equ	8	;# 
  1163     0009                     WREG            equ	9	;# 
  1164     000A                     PCLATH          equ	10	;# 
  1165     000B                     INTCON          equ	11	;# 
  1166     000C                     PORTA           equ	12	;# 
  1167     0012                     TRISA           equ	18	;# 
  1168     0018                     LATA            equ	24	;# 
  1169     009A                     CPCON           equ	154	;# 
  1170     009B                     ADRES           equ	155	;# 
  1171     009B                     ADRESL          equ	155	;# 
  1172     009C                     ADRESH          equ	156	;# 
  1173     009D                     ADCON0          equ	157	;# 
  1174     009E                     ADCON1          equ	158	;# 
  1175     009F                     ADACT           equ	159	;# 
  1176     0119                     RC1REG          equ	281	;# 
  1177     011A                     TX1REG          equ	282	;# 
  1178     011B                     SP1BRG          equ	283	;# 
  1179     011B                     SP1BRGL         equ	283	;# 
  1180     011C                     SP1BRGH         equ	284	;# 
  1181     011D                     RC1STA          equ	285	;# 
  1182     011E                     TX1STA          equ	286	;# 
  1183     011F                     BAUD1CON        equ	287	;# 
  1184     018C                     SSP1BUF         equ	396	;# 
  1185     018D                     SSP1ADD         equ	397	;# 
  1186     018E                     SSP1MSK         equ	398	;# 
  1187     018F                     SSP1STAT        equ	399	;# 
  1188     0190                     SSP1CON1        equ	400	;# 
  1189     0191                     SSP1CON2        equ	401	;# 
  1190     0192                     SSP1CON3        equ	402	;# 
  1191     020C                     TMR1L           equ	524	;# 
  1192     020D                     TMR1H           equ	525	;# 
  1193     020E                     T1CON           equ	526	;# 
  1194     020E                     TMR1CON         equ	526	;# 
  1195     020F                     T1GCON          equ	527	;# 
  1196     020F                     TMR1GCON        equ	527	;# 
  1197     0210                     T1GATE          equ	528	;# 
  1198     0210                     TMR1GATE        equ	528	;# 
  1199     0211                     T1CLK           equ	529	;# 
  1200     0211                     TMR1CLK         equ	529	;# 
  1201     028C                     T2TMR           equ	652	;# 
  1202     028C                     TMR2            equ	652	;# 
  1203     028D                     T2PR            equ	653	;# 
  1204     028D                     PR2             equ	653	;# 
  1205     028E                     T2CON           equ	654	;# 
  1206     028F                     T2HLT           equ	655	;# 
  1207     0290                     T2CLKCON        equ	656	;# 
  1208     0291                     T2RST           equ	657	;# 
  1209     030C                     CCPR1           equ	780	;# 
  1210     030C                     CCPR1L          equ	780	;# 
  1211     030D                     CCPR1H          equ	781	;# 
  1212     030E                     CCP1CON         equ	782	;# 
  1213     030F                     CCP1CAP         equ	783	;# 
  1214     0310                     CCPR2           equ	784	;# 
  1215     0310                     CCPR2L          equ	784	;# 
  1216     0311                     CCPR2H          equ	785	;# 
  1217     0312                     CCP2CON         equ	786	;# 
  1218     0313                     CCP2CAP         equ	787	;# 
  1219     0314                     PWM3DC          equ	788	;# 
  1220     0314                     PWM3DCL         equ	788	;# 
  1221     0315                     PWM3DCH         equ	789	;# 
  1222     0316                     PWM3CON         equ	790	;# 
  1223     0318                     PWM4DC          equ	792	;# 
  1224     0318                     PWM4DCL         equ	792	;# 
  1225     0319                     PWM4DCH         equ	793	;# 
  1226     031A                     PWM4CON         equ	794	;# 
  1227     059C                     TMR0L           equ	1436	;# 
  1228     059C                     TMR0            equ	1436	;# 
  1229     059D                     TMR0H           equ	1437	;# 
  1230     059D                     PR0             equ	1437	;# 
  1231     059E                     T0CON0          equ	1438	;# 
  1232     059F                     T0CON1          equ	1439	;# 
  1233     070C                     PIR0            equ	1804	;# 
  1234     070D                     PIR1            equ	1805	;# 
  1235     070E                     PIR2            equ	1806	;# 
  1236     0716                     PIE0            equ	1814	;# 
  1237     0717                     PIE1            equ	1815	;# 
  1238     0718                     PIE2            equ	1816	;# 
  1239     080C                     WDTCON          equ	2060	;# 
  1240     0811                     BORCON          equ	2065	;# 
  1241     0813                     PCON0           equ	2067	;# 
  1242     0814                     PCON1           equ	2068	;# 
  1243     081A                     NVMADR          equ	2074	;# 
  1244     081A                     NVMADRL         equ	2074	;# 
  1245     081B                     NVMADRH         equ	2075	;# 
  1246     081C                     NVMDAT          equ	2076	;# 
  1247     081C                     NVMDATL         equ	2076	;# 
  1248     081D                     NVMDATH         equ	2077	;# 
  1249     081E                     NVMCON1         equ	2078	;# 
  1250     081F                     NVMCON2         equ	2079	;# 
  1251     088E                     OSCCON          equ	2190	;# 
  1252     0890                     OSCSTAT         equ	2192	;# 
  1253     0891                     OSCEN           equ	2193	;# 
  1254     0892                     OSCTUNE         equ	2194	;# 
  1255     0893                     OSCFRQ          equ	2195	;# 
  1256     090C                     FVRCON          equ	2316	;# 
  1257     1E8F                     PPSLOCK         equ	7823	;# 
  1258     1E90                     INTPPS          equ	7824	;# 
  1259     1E91                     T0CKIPPS        equ	7825	;# 
  1260     1E92                     T1CKIPPS        equ	7826	;# 
  1261     1E93                     T1GPPS          equ	7827	;# 
  1262     1E9C                     T2INPPS         equ	7836	;# 
  1263     1EA1                     CCP1PPS         equ	7841	;# 
  1264     1EA2                     CCP2PPS         equ	7842	;# 
  1265     1EC3                     ADACTPPS        equ	7875	;# 
  1266     1EC5                     SSP1CLKPPS      equ	7877	;# 
  1267     1EC6                     SSP1DATPPS      equ	7878	;# 
  1268     1EC7                     SSP1SSPPS       equ	7879	;# 
  1269     1ECB                     RX1PPS          equ	7883	;# 
  1270     1ECB                     RX1DTPPS        equ	7883	;# 
  1271     1ECB                     RXPPS           equ	7883	;# 
  1272     1ECC                     CK1PPS          equ	7884	;# 
  1273     1ECC                     TX1CKPPS        equ	7884	;# 
  1274     1ECC                     CKPPS           equ	7884	;# 
  1275     1F10                     RA0PPS          equ	7952	;# 
  1276     1F11                     RA1PPS          equ	7953	;# 
  1277     1F12                     RA2PPS          equ	7954	;# 
  1278     1F14                     RA4PPS          equ	7956	;# 
  1279     1F15                     RA5PPS          equ	7957	;# 
  1280     1F38                     ANSELA          equ	7992	;# 
  1281     1F39                     WPUA            equ	7993	;# 
  1282     1F3A                     ODCONA          equ	7994	;# 
  1283     1F3B                     SLRCONA         equ	7995	;# 
  1284     1F3C                     INLVLA          equ	7996	;# 
  1285     1F3D                     IOCAP           equ	7997	;# 
  1286     1F3E                     IOCAN           equ	7998	;# 
  1287     1F3F                     IOCAF           equ	7999	;# 
  1288     1FE4                     STATUS_SHAD     equ	8164	;# 
  1289     1FE5                     WREG_SHAD       equ	8165	;# 
  1290     1FE6                     BSR_SHAD        equ	8166	;# 
  1291     1FE7                     PCLATH_SHAD     equ	8167	;# 
  1292     1FE8                     FSR0_SHAD       equ	8168	;# 
  1293     1FE8                     FSR0L_SHAD      equ	8168	;# 
  1294     1FE9                     FSR0H_SHAD      equ	8169	;# 
  1295     1FEA                     FSR1L_SHAD      equ	8170	;# 
  1296     1FEB                     FSR1H_SHAD      equ	8171	;# 
  1297     1FED                     STKPTR          equ	8173	;# 
  1298     1FEE                     TOSL            equ	8174	;# 
  1299     1FEF                     TOSH            equ	8175	;# 
  1300     0000                     INDF0           equ	0	;# 
  1301     0001                     INDF1           equ	1	;# 
  1302     0002                     PCL             equ	2	;# 
  1303     0003                     STATUS          equ	3	;# 
  1304     0004                     FSR0L           equ	4	;# 
  1305     0005                     FSR0H           equ	5	;# 
  1306     0006                     FSR1L           equ	6	;# 
  1307     0007                     FSR1H           equ	7	;# 
  1308     0008                     BSR             equ	8	;# 
  1309     0009                     WREG            equ	9	;# 
  1310     000A                     PCLATH          equ	10	;# 
  1311     000B                     INTCON          equ	11	;# 
  1312     000C                     PORTA           equ	12	;# 
  1313     0012                     TRISA           equ	18	;# 
  1314     0018                     LATA            equ	24	;# 
  1315     009A                     CPCON           equ	154	;# 
  1316     009B                     ADRES           equ	155	;# 
  1317     009B                     ADRESL          equ	155	;# 
  1318     009C                     ADRESH          equ	156	;# 
  1319     009D                     ADCON0          equ	157	;# 
  1320     009E                     ADCON1          equ	158	;# 
  1321     009F                     ADACT           equ	159	;# 
  1322     0119                     RC1REG          equ	281	;# 
  1323     011A                     TX1REG          equ	282	;# 
  1324     011B                     SP1BRG          equ	283	;# 
  1325     011B                     SP1BRGL         equ	283	;# 
  1326     011C                     SP1BRGH         equ	284	;# 
  1327     011D                     RC1STA          equ	285	;# 
  1328     011E                     TX1STA          equ	286	;# 
  1329     011F                     BAUD1CON        equ	287	;# 
  1330     018C                     SSP1BUF         equ	396	;# 
  1331     018D                     SSP1ADD         equ	397	;# 
  1332     018E                     SSP1MSK         equ	398	;# 
  1333     018F                     SSP1STAT        equ	399	;# 
  1334     0190                     SSP1CON1        equ	400	;# 
  1335     0191                     SSP1CON2        equ	401	;# 
  1336     0192                     SSP1CON3        equ	402	;# 
  1337     020C                     TMR1L           equ	524	;# 
  1338     020D                     TMR1H           equ	525	;# 
  1339     020E                     T1CON           equ	526	;# 
  1340     020E                     TMR1CON         equ	526	;# 
  1341     020F                     T1GCON          equ	527	;# 
  1342     020F                     TMR1GCON        equ	527	;# 
  1343     0210                     T1GATE          equ	528	;# 
  1344     0210                     TMR1GATE        equ	528	;# 
  1345     0211                     T1CLK           equ	529	;# 
  1346     0211                     TMR1CLK         equ	529	;# 
  1347     028C                     T2TMR           equ	652	;# 
  1348     028C                     TMR2            equ	652	;# 
  1349     028D                     T2PR            equ	653	;# 
  1350     028D                     PR2             equ	653	;# 
  1351     028E                     T2CON           equ	654	;# 
  1352     028F                     T2HLT           equ	655	;# 
  1353     0290                     T2CLKCON        equ	656	;# 
  1354     0291                     T2RST           equ	657	;# 
  1355     030C                     CCPR1           equ	780	;# 
  1356     030C                     CCPR1L          equ	780	;# 
  1357     030D                     CCPR1H          equ	781	;# 
  1358     030E                     CCP1CON         equ	782	;# 
  1359     030F                     CCP1CAP         equ	783	;# 
  1360     0310                     CCPR2           equ	784	;# 
  1361     0310                     CCPR2L          equ	784	;# 
  1362     0311                     CCPR2H          equ	785	;# 
  1363     0312                     CCP2CON         equ	786	;# 
  1364     0313                     CCP2CAP         equ	787	;# 
  1365     0314                     PWM3DC          equ	788	;# 
  1366     0314                     PWM3DCL         equ	788	;# 
  1367     0315                     PWM3DCH         equ	789	;# 
  1368     0316                     PWM3CON         equ	790	;# 
  1369     0318                     PWM4DC          equ	792	;# 
  1370     0318                     PWM4DCL         equ	792	;# 
  1371     0319                     PWM4DCH         equ	793	;# 
  1372     031A                     PWM4CON         equ	794	;# 
  1373     059C                     TMR0L           equ	1436	;# 
  1374     059C                     TMR0            equ	1436	;# 
  1375     059D                     TMR0H           equ	1437	;# 
  1376     059D                     PR0             equ	1437	;# 
  1377     059E                     T0CON0          equ	1438	;# 
  1378     059F                     T0CON1          equ	1439	;# 
  1379     070C                     PIR0            equ	1804	;# 
  1380     070D                     PIR1            equ	1805	;# 
  1381     070E                     PIR2            equ	1806	;# 
  1382     0716                     PIE0            equ	1814	;# 
  1383     0717                     PIE1            equ	1815	;# 
  1384     0718                     PIE2            equ	1816	;# 
  1385     080C                     WDTCON          equ	2060	;# 
  1386     0811                     BORCON          equ	2065	;# 
  1387     0813                     PCON0           equ	2067	;# 
  1388     0814                     PCON1           equ	2068	;# 
  1389     081A                     NVMADR          equ	2074	;# 
  1390     081A                     NVMADRL         equ	2074	;# 
  1391     081B                     NVMADRH         equ	2075	;# 
  1392     081C                     NVMDAT          equ	2076	;# 
  1393     081C                     NVMDATL         equ	2076	;# 
  1394     081D                     NVMDATH         equ	2077	;# 
  1395     081E                     NVMCON1         equ	2078	;# 
  1396     081F                     NVMCON2         equ	2079	;# 
  1397     088E                     OSCCON          equ	2190	;# 
  1398     0890                     OSCSTAT         equ	2192	;# 
  1399     0891                     OSCEN           equ	2193	;# 
  1400     0892                     OSCTUNE         equ	2194	;# 
  1401     0893                     OSCFRQ          equ	2195	;# 
  1402     090C                     FVRCON          equ	2316	;# 
  1403     1E8F                     PPSLOCK         equ	7823	;# 
  1404     1E90                     INTPPS          equ	7824	;# 
  1405     1E91                     T0CKIPPS        equ	7825	;# 
  1406     1E92                     T1CKIPPS        equ	7826	;# 
  1407     1E93                     T1GPPS          equ	7827	;# 
  1408     1E9C                     T2INPPS         equ	7836	;# 
  1409     1EA1                     CCP1PPS         equ	7841	;# 
  1410     1EA2                     CCP2PPS         equ	7842	;# 
  1411     1EC3                     ADACTPPS        equ	7875	;# 
  1412     1EC5                     SSP1CLKPPS      equ	7877	;# 
  1413     1EC6                     SSP1DATPPS      equ	7878	;# 
  1414     1EC7                     SSP1SSPPS       equ	7879	;# 
  1415     1ECB                     RX1PPS          equ	7883	;# 
  1416     1ECB                     RX1DTPPS        equ	7883	;# 
  1417     1ECB                     RXPPS           equ	7883	;# 
  1418     1ECC                     CK1PPS          equ	7884	;# 
  1419     1ECC                     TX1CKPPS        equ	7884	;# 
  1420     1ECC                     CKPPS           equ	7884	;# 
  1421     1F10                     RA0PPS          equ	7952	;# 
  1422     1F11                     RA1PPS          equ	7953	;# 
  1423     1F12                     RA2PPS          equ	7954	;# 
  1424     1F14                     RA4PPS          equ	7956	;# 
  1425     1F15                     RA5PPS          equ	7957	;# 
  1426     1F38                     ANSELA          equ	7992	;# 
  1427     1F39                     WPUA            equ	7993	;# 
  1428     1F3A                     ODCONA          equ	7994	;# 
  1429     1F3B                     SLRCONA         equ	7995	;# 
  1430     1F3C                     INLVLA          equ	7996	;# 
  1431     1F3D                     IOCAP           equ	7997	;# 
  1432     1F3E                     IOCAN           equ	7998	;# 
  1433     1F3F                     IOCAF           equ	7999	;# 
  1434     1FE4                     STATUS_SHAD     equ	8164	;# 
  1435     1FE5                     WREG_SHAD       equ	8165	;# 
  1436     1FE6                     BSR_SHAD        equ	8166	;# 
  1437     1FE7                     PCLATH_SHAD     equ	8167	;# 
  1438     1FE8                     FSR0_SHAD       equ	8168	;# 
  1439     1FE8                     FSR0L_SHAD      equ	8168	;# 
  1440     1FE9                     FSR0H_SHAD      equ	8169	;# 
  1441     1FEA                     FSR1L_SHAD      equ	8170	;# 
  1442     1FEB                     FSR1H_SHAD      equ	8171	;# 
  1443     1FED                     STKPTR          equ	8173	;# 
  1444     1FEE                     TOSL            equ	8174	;# 
  1445     1FEF                     TOSH            equ	8175	;# 
  1446     0000                     INDF0           equ	0	;# 
  1447     0001                     INDF1           equ	1	;# 
  1448     0002                     PCL             equ	2	;# 
  1449     0003                     STATUS          equ	3	;# 
  1450     0004                     FSR0L           equ	4	;# 
  1451     0005                     FSR0H           equ	5	;# 
  1452     0006                     FSR1L           equ	6	;# 
  1453     0007                     FSR1H           equ	7	;# 
  1454     0008                     BSR             equ	8	;# 
  1455     0009                     WREG            equ	9	;# 
  1456     000A                     PCLATH          equ	10	;# 
  1457     000B                     INTCON          equ	11	;# 
  1458     000C                     PORTA           equ	12	;# 
  1459     0012                     TRISA           equ	18	;# 
  1460     0018                     LATA            equ	24	;# 
  1461     009A                     CPCON           equ	154	;# 
  1462     009B                     ADRES           equ	155	;# 
  1463     009B                     ADRESL          equ	155	;# 
  1464     009C                     ADRESH          equ	156	;# 
  1465     009D                     ADCON0          equ	157	;# 
  1466     009E                     ADCON1          equ	158	;# 
  1467     009F                     ADACT           equ	159	;# 
  1468     0119                     RC1REG          equ	281	;# 
  1469     011A                     TX1REG          equ	282	;# 
  1470     011B                     SP1BRG          equ	283	;# 
  1471     011B                     SP1BRGL         equ	283	;# 
  1472     011C                     SP1BRGH         equ	284	;# 
  1473     011D                     RC1STA          equ	285	;# 
  1474     011E                     TX1STA          equ	286	;# 
  1475     011F                     BAUD1CON        equ	287	;# 
  1476     018C                     SSP1BUF         equ	396	;# 
  1477     018D                     SSP1ADD         equ	397	;# 
  1478     018E                     SSP1MSK         equ	398	;# 
  1479     018F                     SSP1STAT        equ	399	;# 
  1480     0190                     SSP1CON1        equ	400	;# 
  1481     0191                     SSP1CON2        equ	401	;# 
  1482     0192                     SSP1CON3        equ	402	;# 
  1483     020C                     TMR1L           equ	524	;# 
  1484     020D                     TMR1H           equ	525	;# 
  1485     020E                     T1CON           equ	526	;# 
  1486     020E                     TMR1CON         equ	526	;# 
  1487     020F                     T1GCON          equ	527	;# 
  1488     020F                     TMR1GCON        equ	527	;# 
  1489     0210                     T1GATE          equ	528	;# 
  1490     0210                     TMR1GATE        equ	528	;# 
  1491     0211                     T1CLK           equ	529	;# 
  1492     0211                     TMR1CLK         equ	529	;# 
  1493     028C                     T2TMR           equ	652	;# 
  1494     028C                     TMR2            equ	652	;# 
  1495     028D                     T2PR            equ	653	;# 
  1496     028D                     PR2             equ	653	;# 
  1497     028E                     T2CON           equ	654	;# 
  1498     028F                     T2HLT           equ	655	;# 
  1499     0290                     T2CLKCON        equ	656	;# 
  1500     0291                     T2RST           equ	657	;# 
  1501     030C                     CCPR1           equ	780	;# 
  1502     030C                     CCPR1L          equ	780	;# 
  1503     030D                     CCPR1H          equ	781	;# 
  1504     030E                     CCP1CON         equ	782	;# 
  1505     030F                     CCP1CAP         equ	783	;# 
  1506     0310                     CCPR2           equ	784	;# 
  1507     0310                     CCPR2L          equ	784	;# 
  1508     0311                     CCPR2H          equ	785	;# 
  1509     0312                     CCP2CON         equ	786	;# 
  1510     0313                     CCP2CAP         equ	787	;# 
  1511     0314                     PWM3DC          equ	788	;# 
  1512     0314                     PWM3DCL         equ	788	;# 
  1513     0315                     PWM3DCH         equ	789	;# 
  1514     0316                     PWM3CON         equ	790	;# 
  1515     0318                     PWM4DC          equ	792	;# 
  1516     0318                     PWM4DCL         equ	792	;# 
  1517     0319                     PWM4DCH         equ	793	;# 
  1518     031A                     PWM4CON         equ	794	;# 
  1519     059C                     TMR0L           equ	1436	;# 
  1520     059C                     TMR0            equ	1436	;# 
  1521     059D                     TMR0H           equ	1437	;# 
  1522     059D                     PR0             equ	1437	;# 
  1523     059E                     T0CON0          equ	1438	;# 
  1524     059F                     T0CON1          equ	1439	;# 
  1525     070C                     PIR0            equ	1804	;# 
  1526     070D                     PIR1            equ	1805	;# 
  1527     070E                     PIR2            equ	1806	;# 
  1528     0716                     PIE0            equ	1814	;# 
  1529     0717                     PIE1            equ	1815	;# 
  1530     0718                     PIE2            equ	1816	;# 
  1531     080C                     WDTCON          equ	2060	;# 
  1532     0811                     BORCON          equ	2065	;# 
  1533     0813                     PCON0           equ	2067	;# 
  1534     0814                     PCON1           equ	2068	;# 
  1535     081A                     NVMADR          equ	2074	;# 
  1536     081A                     NVMADRL         equ	2074	;# 
  1537     081B                     NVMADRH         equ	2075	;# 
  1538     081C                     NVMDAT          equ	2076	;# 
  1539     081C                     NVMDATL         equ	2076	;# 
  1540     081D                     NVMDATH         equ	2077	;# 
  1541     081E                     NVMCON1         equ	2078	;# 
  1542     081F                     NVMCON2         equ	2079	;# 
  1543     088E                     OSCCON          equ	2190	;# 
  1544     0890                     OSCSTAT         equ	2192	;# 
  1545     0891                     OSCEN           equ	2193	;# 
  1546     0892                     OSCTUNE         equ	2194	;# 
  1547     0893                     OSCFRQ          equ	2195	;# 
  1548     090C                     FVRCON          equ	2316	;# 
  1549     1E8F                     PPSLOCK         equ	7823	;# 
  1550     1E90                     INTPPS          equ	7824	;# 
  1551     1E91                     T0CKIPPS        equ	7825	;# 
  1552     1E92                     T1CKIPPS        equ	7826	;# 
  1553     1E93                     T1GPPS          equ	7827	;# 
  1554     1E9C                     T2INPPS         equ	7836	;# 
  1555     1EA1                     CCP1PPS         equ	7841	;# 
  1556     1EA2                     CCP2PPS         equ	7842	;# 
  1557     1EC3                     ADACTPPS        equ	7875	;# 
  1558     1EC5                     SSP1CLKPPS      equ	7877	;# 
  1559     1EC6                     SSP1DATPPS      equ	7878	;# 
  1560     1EC7                     SSP1SSPPS       equ	7879	;# 
  1561     1ECB                     RX1PPS          equ	7883	;# 
  1562     1ECB                     RX1DTPPS        equ	7883	;# 
  1563     1ECB                     RXPPS           equ	7883	;# 
  1564     1ECC                     CK1PPS          equ	7884	;# 
  1565     1ECC                     TX1CKPPS        equ	7884	;# 
  1566     1ECC                     CKPPS           equ	7884	;# 
  1567     1F10                     RA0PPS          equ	7952	;# 
  1568     1F11                     RA1PPS          equ	7953	;# 
  1569     1F12                     RA2PPS          equ	7954	;# 
  1570     1F14                     RA4PPS          equ	7956	;# 
  1571     1F15                     RA5PPS          equ	7957	;# 
  1572     1F38                     ANSELA          equ	7992	;# 
  1573     1F39                     WPUA            equ	7993	;# 
  1574     1F3A                     ODCONA          equ	7994	;# 
  1575     1F3B                     SLRCONA         equ	7995	;# 
  1576     1F3C                     INLVLA          equ	7996	;# 
  1577     1F3D                     IOCAP           equ	7997	;# 
  1578     1F3E                     IOCAN           equ	7998	;# 
  1579     1F3F                     IOCAF           equ	7999	;# 
  1580     1FE4                     STATUS_SHAD     equ	8164	;# 
  1581     1FE5                     WREG_SHAD       equ	8165	;# 
  1582     1FE6                     BSR_SHAD        equ	8166	;# 
  1583     1FE7                     PCLATH_SHAD     equ	8167	;# 
  1584     1FE8                     FSR0_SHAD       equ	8168	;# 
  1585     1FE8                     FSR0L_SHAD      equ	8168	;# 
  1586     1FE9                     FSR0H_SHAD      equ	8169	;# 
  1587     1FEA                     FSR1L_SHAD      equ	8170	;# 
  1588     1FEB                     FSR1H_SHAD      equ	8171	;# 
  1589     1FED                     STKPTR          equ	8173	;# 
  1590     1FEE                     TOSL            equ	8174	;# 
  1591     1FEF                     TOSH            equ	8175	;# 
  1592                           
  1593                           	psect	idataBANK0
  1594     0671                     __pidataBANK0:
  1595                           
  1596                           ;initializer for _LIN_timeout
  1597     0671  3414               	retlw	20
  1598                           
  1599                           	psect	stringtext1
  1600     0623                     __pstringtext1:
  1601     0623                     _scheduleTable:
  1602     0623  3401               	retlw	1
  1603     0624  3401               	retlw	1
  1604     0625  3408               	retlw	8
  1605     0626  34A0               	retlw	low (_SIGNAL_Data| 0)
  1606     0627  3400               	retlw	high (_SIGNAL_Data| 0)
  1607     0628                     __end_of_scheduleTable:
  1608                           
  1609                           	psect	nvBANK0
  1610     005B                     __pnvBANK0:
  1611     005B                     _TMR0_InterruptHandler:
  1612     005B                     	ds	2
  1613     005D                     _EUSART1_FramingErrorHandler:
  1614     005D                     	ds	2
  1615     005F                     _EUSART1_RxDefaultInterruptHandler:
  1616     005F                     	ds	2
  1617     0061                     _EUSART1_TxDefaultInterruptHandler:
  1618     0061                     	ds	2
  1619     0063                     _LIN_rxCommand:
  1620     0063                     	ds	2
  1621     0065                     _LIN_processData:
  1622     0065                     	ds	2
  1623     0067                     _LIN_rxCommandLength:
  1624     0067                     	ds	1
  1625                           
  1626                           	psect	nvBANK1
  1627     00AD                     __pnvBANK1:
  1628     00AD                     _EUSART1_ErrorHandler:
  1629     00AD                     	ds	2
  1630     00AF                     _EUSART1_OverrunErrorHandler:
  1631     00AF                     	ds	2
  1632     0018                     _LATAbits       set	24
  1633     0012                     _TRISA          set	18
  1634     0018                     _LATA           set	24
  1635     000B                     _INTCONbits     set	11
  1636     0119                     _RC1REG         set	281
  1637     011A                     _TX1REG         set	282
  1638     011C                     _SP1BRGH        set	284
  1639     011B                     _SP1BRGL        set	283
  1640     011E                     _TX1STA         set	286
  1641     011D                     _RC1STA         set	285
  1642     011F                     _BAUD1CON       set	287
  1643     011D                     _RC1STAbits     set	285
  1644     011E                     _TX1STAbits     set	286
  1645     059E                     _T0CON0bits     set	1438
  1646     059E                     _T0CON0         set	1438
  1647     059C                     _TMR0L          set	1436
  1648     059D                     _TMR0H          set	1437
  1649     059F                     _T0CON1         set	1439
  1650     070D                     _PIR1bits       set	1805
  1651     070C                     _PIR0bits       set	1804
  1652     0716                     _PIE0bits       set	1814
  1653     0717                     _PIE1bits       set	1815
  1654     080C                     _WDTCON         set	2060
  1655     0892                     _OSCTUNE        set	2194
  1656     0893                     _OSCFRQ         set	2195
  1657     0891                     _OSCEN          set	2193
  1658     1ECB                     _RX1PPS         set	7883
  1659     1F3C                     _INLVLA         set	7996
  1660     1F3B                     _SLRCONA        set	7995
  1661     1F3A                     _ODCONA         set	7994
  1662     1F39                     _WPUA           set	7993
  1663     1F38                     _ANSELA         set	7992
  1664                           
  1665                           	psect	cinit
  1666     0038                     start_initialization:	
  1667                           ; #config settings
  1668                           
  1669     0038                     __initialization:
  1670                           
  1671                           ; Initialize objects allocated to BANK0
  1672     0038  3186  2671  3180   	fcall	__pidataBANK0	;fetch initializer
  1673     003B  00EF               	movwf	__pdataBANK0& (0+127)
  1674                           
  1675                           ; Clear objects allocated to BANK0
  1676     003C  3020               	movlw	low __pbssBANK0
  1677     003D  0084               	movwf	4
  1678     003E  3000               	movlw	high __pbssBANK0
  1679     003F  0085               	movwf	5
  1680     0040  303B               	movlw	59
  1681     0041  3185  25F3  3180   	fcall	clear_ram0
  1682                           
  1683                           ; Clear objects allocated to BANK1
  1684     0044  30A0               	movlw	low __pbssBANK1
  1685     0045  0084               	movwf	4
  1686     0046  3000               	movlw	high __pbssBANK1
  1687     0047  0085               	movwf	5
  1688     0048  3008               	movlw	8
  1689     0049  3185  25F3  3180   	fcall	clear_ram0
  1690     004C                     end_of_initialization:	
  1691                           ;End of C runtime variable initialization code
  1692                           
  1693     004C                     __end_of__initialization:
  1694     004C  107E               	bcf	int$flags,0	;clear compiler interrupt flag (level 1)
  1695     004D  0140               	movlb	0
  1696     004E  2D8C               	ljmp	_main	;jump to C main() function
  1697                           
  1698                           	psect	bssBANK0
  1699     0020                     __pbssBANK0:
  1700     0020                     _eusart1RxStatusBuffer:
  1701     0020                     	ds	8
  1702     0028                     _eusart1RxBuffer:
  1703     0028                     	ds	8
  1704     0030                     _eusart1TxBuffer:
  1705     0030                     	ds	8
  1706     0038                     _lampFlags:
  1707     0038                     	ds	1
  1708     0039                     _lampState:
  1709     0039                     	ds	1
  1710     003A                     _eusart1RxLastError:
  1711     003A                     	ds	1
  1712     003B                     _eusart1RxCount:
  1713     003B                     	ds	1
  1714     003C                     _eusart1RxTail:
  1715     003C                     	ds	1
  1716     003D                     _eusart1RxHead:
  1717     003D                     	ds	1
  1718     003E                     _eusart1TxBufferRemaining:
  1719     003E                     	ds	1
  1720     003F                     _eusart1TxTail:
  1721     003F                     	ds	1
  1722     0040                     _eusart1TxHead:
  1723     0040                     	ds	1
  1724     0041                     LIN_handler@rxDataIndex:
  1725     0041                     	ds	1
  1726     0042                     LIN_handler@LIN_rxState:
  1727     0042                     	ds	1
  1728     0043                     _CountCallBack:
  1729     0043                     	ds	1
  1730     0044                     _LIN_timerRunning:
  1731     0044                     	ds	1
  1732     0045                     _LIN_rxInProgress:
  1733     0045                     	ds	1
  1734     0046                     _LIN_packet:
  1735     0046                     	ds	13
  1736     0053                     _tempRxData:
  1737     0053                     	ds	8
  1738                           
  1739                           	psect	dataBANK0
  1740     006F                     __pdataBANK0:
  1741     006F                     _LIN_timeout:
  1742     006F                     	ds	1
  1743                           
  1744                           	psect	bssBANK1
  1745     00A0                     __pbssBANK1:
  1746     00A0                     _SIGNAL_Data:
  1747     00A0                     	ds	8
  1748                           
  1749                           	psect	clrtext
  1750     05F3                     clear_ram0:	
  1751                           ;	Called with FSR0 containing the base address, and
  1752                           ;	WREG with the size to clear
  1753                           
  1754     05F3  0064               	clrwdt	;clear the watchdog before getting into this loop
  1755     05F4                     clrloop0:
  1756     05F4  0180               	clrf	0	;clear RAM location pointed to by FSR
  1757     05F5  3101               	addfsr 0,1
  1758     05F6  0B89               	decfsz	9,f	;Have we reached the end of clearing yet?
  1759     05F7  2DF4               	goto	clrloop0	;have we reached the end yet?
  1760     05F8  3400               	retlw	0	;all done for this memory range, return
  1761                           
  1762                           	psect	cstackBANK1
  1763     00A8                     __pcstackBANK1:
  1764     00A8                     ??_LIN_handler:
  1765                           
  1766                           ; 1 bytes @ 0x0
  1767     00A8                     	ds	5
  1768                           
  1769                           	psect	cstackCOMMON
  1770     0070                     __pcstackCOMMON:
  1771     0070                     ?_processLIN:
  1772     0070                     ?_func_F150:	
  1773                           ; 1 bytes @ 0x0
  1774                           
  1775     0070                     ?_LIN_stopTimer:	
  1776                           ; 1 bytes @ 0x0
  1777                           
  1778     0070                     ?_LIN_enableRx:	
  1779                           ; 1 bytes @ 0x0
  1780                           
  1781     0070                     ?_LIN_setTimerHandler:	
  1782                           ; 1 bytes @ 0x0
  1783                           
  1784     0070                     ?_LIN_getChecksum:	
  1785                           ; 1 bytes @ 0x0
  1786                           
  1787     0070                     ?_EUSART1_is_rx_ready:	
  1788                           ; 1 bytes @ 0x0
  1789                           
  1790     0070                     ?_LIN_startTimer:	
  1791                           ; 1 bytes @ 0x0
  1792                           
  1793     0070                     ?_LIN_breakCheck:	
  1794                           ; 1 bytes @ 0x0
  1795                           
  1796     0070                     ?_EUSART1_Read:	
  1797                           ; 1 bytes @ 0x0
  1798                           
  1799     0070                     ?_LIN_checkPID:	
  1800                           ; 1 bytes @ 0x0
  1801                           
  1802     0070                     ?_LIN_getFromTable:	
  1803                           ; 1 bytes @ 0x0
  1804                           
  1805     0070                     ?_LIN_disableRx:	
  1806                           ; 1 bytes @ 0x0
  1807                           
  1808     0070                     ?_EUSART1_Write:	
  1809                           ; 1 bytes @ 0x0
  1810                           
  1811     0070                     ?_LIN_calcParity:	
  1812                           ; 1 bytes @ 0x0
  1813                           
  1814     0070                     ?_TMR0_WriteTimer:	
  1815                           ; 1 bytes @ 0x0
  1816                           
  1817     0070                     ?_TMR0_SetInterruptHandler:	
  1818                           ; 1 bytes @ 0x0
  1819                           
  1820     0070                     ?_EUSART1_get_last_status:	
  1821                           ; 1 bytes @ 0x0
  1822                           
  1823     0070                     ?_EUSART1_SetRxInterruptHandler:	
  1824                           ; 1 bytes @ 0x0
  1825                           
  1826     0070                     ?_EUSART1_Receive_ISR:	
  1827                           ; 1 bytes @ 0x0
  1828                           
  1829     0070                     ?_EUSART1_SetTxInterruptHandler:	
  1830                           ; 1 bytes @ 0x0
  1831                           
  1832     0070                     ?_EUSART1_Transmit_ISR:	
  1833                           ; 1 bytes @ 0x0
  1834                           
  1835     0070                     ?_EUSART1_SetFramingErrorHandler:	
  1836                           ; 1 bytes @ 0x0
  1837                           
  1838     0070                     ?_EUSART1_DefaultFramingErrorHandler:	
  1839                           ; 1 bytes @ 0x0
  1840                           
  1841     0070                     ?_EUSART1_SetOverrunErrorHandler:	
  1842                           ; 1 bytes @ 0x0
  1843                           
  1844     0070                     ?_EUSART1_DefaultOverrunErrorHandler:	
  1845                           ; 1 bytes @ 0x0
  1846                           
  1847     0070                     ?_EUSART1_SetErrorHandler:	
  1848                           ; 1 bytes @ 0x0
  1849                           
  1850     0070                     ?_EUSART1_DefaultErrorHandler:	
  1851                           ; 1 bytes @ 0x0
  1852                           
  1853     0070                     ?_EUSART1_RxDataHandler:	
  1854                           ; 1 bytes @ 0x0
  1855                           
  1856     0070                     ?_TMR0_ISR:	
  1857                           ; 1 bytes @ 0x0
  1858                           
  1859     0070                     ?_PIN_MANAGER_Initialize:	
  1860                           ; 1 bytes @ 0x0
  1861                           
  1862     0070                     ?_OSCILLATOR_Initialize:	
  1863                           ; 1 bytes @ 0x0
  1864                           
  1865     0070                     ?_WDT_Initialize:	
  1866                           ; 1 bytes @ 0x0
  1867                           
  1868     0070                     ?_TMR0_Initialize:	
  1869                           ; 1 bytes @ 0x0
  1870                           
  1871     0070                     ?_TMR0_DefaultInterruptHandler:	
  1872                           ; 1 bytes @ 0x0
  1873                           
  1874     0070                     ?_software_Initialize:	
  1875                           ; 1 bytes @ 0x0
  1876                           
  1877     0070                     ?_func_main:	
  1878                           ; 1 bytes @ 0x0
  1879                           
  1880     0070                     ?_LIN_Slave_Initialize:	
  1881                           ; 1 bytes @ 0x0
  1882                           
  1883     0070                     ?_LIN_queuePacket:	
  1884                           ; 1 bytes @ 0x0
  1885                           
  1886     0070                     ?_LIN_handler:	
  1887                           ; 1 bytes @ 0x0
  1888                           
  1889     0070                     ?_LIN_timerHandler:	
  1890                           ; 1 bytes @ 0x0
  1891                           
  1892     0070                     ?_EUSART1_Initialize:	
  1893                           ; 1 bytes @ 0x0
  1894                           
  1895     0070                     ?_EUSART1_is_tx_ready:	
  1896                           ; 1 bytes @ 0x0
  1897                           
  1898     0070                     ?_EUSART1_is_tx_done:	
  1899                           ; 1 bytes @ 0x0
  1900                           
  1901     0070                     ?_INTERRUPT_InterruptManager:	
  1902                           ; 1 bytes @ 0x0
  1903                           
  1904     0070                     ?_SYSTEM_Initialize:	
  1905                           ; 1 bytes @ 0x0
  1906                           
  1907     0070                     ?_PIN_MANAGER_IOC:	
  1908                           ; 1 bytes @ 0x0
  1909                           
  1910     0070                     ?_TMR0_StartTimer:	
  1911                           ; 1 bytes @ 0x0
  1912                           
  1913     0070                     ?_TMR0_StopTimer:	
  1914                           ; 1 bytes @ 0x0
  1915                           
  1916     0070                     ?_TMR0_ReadTimer:	
  1917                           ; 1 bytes @ 0x0
  1918                           
  1919     0070                     ?_TMR0_Reload:	
  1920                           ; 1 bytes @ 0x0
  1921                           
  1922     0070                     ?_HiBeam_ON:	
  1923                           ; 1 bytes @ 0x0
  1924                           
  1925     0070                     ?_HiBeam_OFF:	
  1926                           ; 1 bytes @ 0x0
  1927                           
  1928     0070                     ?_DRL_ON:	
  1929                           ; 1 bytes @ 0x0
  1930                           
  1931     0070                     ?_DRL_OFF:	
  1932                           ; 1 bytes @ 0x0
  1933                           
  1934     0070                     ?_POS_ON:	
  1935                           ; 1 bytes @ 0x0
  1936                           
  1937     0070                     ?_POS_OFF:	
  1938                           ; 1 bytes @ 0x0
  1939                           
  1940     0070                     ?_Clear_No_Call_Warning:	
  1941                           ; 1 bytes @ 0x0
  1942                           
  1943     0070                     ?_memcpy:	
  1944                           ; 1 bytes @ 0x0
  1945                           
  1946     0070                     ?_memset:	
  1947                           ; 2 bytes @ 0x0
  1948                           
  1949     0070                     ?_main:	
  1950                           ; 2 bytes @ 0x0
  1951                           
  1952     0070                     LIN_getFromTable@param:	
  1953                           ; 2 bytes @ 0x0
  1954                           
  1955     0070                     LIN_getChecksum@pid:	
  1956                           ; 1 bytes @ 0x0
  1957                           
  1958     0070                     EUSART1_Read@readValue:	
  1959                           ; 1 bytes @ 0x0
  1960                           
  1961     0070                     EUSART1_Write@txData:	
  1962                           ; 1 bytes @ 0x0
  1963                           
  1964     0070                     TMR0_WriteTimer@timerVal:	
  1965                           ; 1 bytes @ 0x0
  1966                           
  1967     0070                     TMR0_Reload@periodVal:	
  1968                           ; 1 bytes @ 0x0
  1969                           
  1970     0070                     EUSART1_SetFramingErrorHandler@interruptHandler:	
  1971                           ; 1 bytes @ 0x0
  1972                           
  1973     0070                     EUSART1_SetOverrunErrorHandler@interruptHandler:	
  1974                           ; 2 bytes @ 0x0
  1975                           
  1976     0070                     EUSART1_SetErrorHandler@interruptHandler:	
  1977                           ; 2 bytes @ 0x0
  1978                           
  1979     0070                     EUSART1_SetTxInterruptHandler@interruptHandler:	
  1980                           ; 2 bytes @ 0x0
  1981                           
  1982     0070                     EUSART1_SetRxInterruptHandler@interruptHandler:	
  1983                           ; 2 bytes @ 0x0
  1984                           
  1985     0070                     TMR0_SetInterruptHandler@InterruptHandler:	
  1986                           ; 2 bytes @ 0x0
  1987                           
  1988     0070                     memcpy@d1:	
  1989                           ; 2 bytes @ 0x0
  1990                           
  1991     0070                     memset@dest:	
  1992                           ; 2 bytes @ 0x0
  1993                           
  1994     0070                     ??_func_F150:	
  1995                           ; 2 bytes @ 0x0
  1996                           
  1997     0070                     ??_LIN_stopTimer:	
  1998                           ; 1 bytes @ 0x0
  1999                           
  2000     0070                     ??_LIN_enableRx:	
  2001                           ; 1 bytes @ 0x0
  2002                           
  2003     0070                     ??_EUSART1_is_rx_ready:	
  2004                           ; 1 bytes @ 0x0
  2005                           
  2006     0070                     ??_EUSART1_Read:	
  2007                           ; 1 bytes @ 0x0
  2008                           
  2009     0070                     ??_LIN_disableRx:	
  2010                           ; 1 bytes @ 0x0
  2011                           
  2012     0070                     ??_EUSART1_Write:	
  2013                           ; 1 bytes @ 0x0
  2014                           
  2015     0070                     ??_LIN_calcParity:	
  2016                           ; 1 bytes @ 0x0
  2017                           
  2018     0070                     ??_TMR0_WriteTimer:	
  2019                           ; 1 bytes @ 0x0
  2020                           
  2021     0070                     ??_EUSART1_get_last_status:	
  2022                           ; 1 bytes @ 0x0
  2023                           
  2024     0070                     ??_EUSART1_Receive_ISR:	
  2025                           ; 1 bytes @ 0x0
  2026                           
  2027     0070                     ??_EUSART1_Transmit_ISR:	
  2028                           ; 1 bytes @ 0x0
  2029                           
  2030     0070                     ??_EUSART1_DefaultFramingErrorHandler:	
  2031                           ; 1 bytes @ 0x0
  2032                           
  2033     0070                     ??_EUSART1_DefaultOverrunErrorHandler:	
  2034                           ; 1 bytes @ 0x0
  2035                           
  2036     0070                     ??_EUSART1_DefaultErrorHandler:	
  2037                           ; 1 bytes @ 0x0
  2038                           
  2039     0070                     ??_EUSART1_RxDataHandler:	
  2040                           ; 1 bytes @ 0x0
  2041                           
  2042     0070                     ??_TMR0_ISR:	
  2043                           ; 1 bytes @ 0x0
  2044                           
  2045     0070                     ??_PIN_MANAGER_Initialize:	
  2046                           ; 1 bytes @ 0x0
  2047                           
  2048     0070                     ??_OSCILLATOR_Initialize:	
  2049                           ; 1 bytes @ 0x0
  2050                           
  2051     0070                     ??_WDT_Initialize:	
  2052                           ; 1 bytes @ 0x0
  2053                           
  2054     0070                     ??_TMR0_DefaultInterruptHandler:	
  2055                           ; 1 bytes @ 0x0
  2056                           
  2057     0070                     ??_func_main:	
  2058                           ; 1 bytes @ 0x0
  2059                           
  2060     0070                     ??_LIN_timerHandler:	
  2061                           ; 1 bytes @ 0x0
  2062                           
  2063     0070                     ??_EUSART1_is_tx_ready:	
  2064                           ; 1 bytes @ 0x0
  2065                           
  2066     0070                     ??_EUSART1_is_tx_done:	
  2067                           ; 1 bytes @ 0x0
  2068                           
  2069     0070                     ??_INTERRUPT_InterruptManager:	
  2070                           ; 1 bytes @ 0x0
  2071                           
  2072     0070                     ??_PIN_MANAGER_IOC:	
  2073                           ; 1 bytes @ 0x0
  2074                           
  2075     0070                     ??_TMR0_StartTimer:	
  2076                           ; 1 bytes @ 0x0
  2077                           
  2078     0070                     ??_TMR0_StopTimer:	
  2079                           ; 1 bytes @ 0x0
  2080                           
  2081     0070                     ??_TMR0_ReadTimer:	
  2082                           ; 1 bytes @ 0x0
  2083                           
  2084     0070                     ??_TMR0_Reload:	
  2085                           ; 1 bytes @ 0x0
  2086                           
  2087     0070                     ??_HiBeam_ON:	
  2088                           ; 1 bytes @ 0x0
  2089                           
  2090     0070                     ??_HiBeam_OFF:	
  2091                           ; 1 bytes @ 0x0
  2092                           
  2093     0070                     ??_DRL_ON:	
  2094                           ; 1 bytes @ 0x0
  2095                           
  2096     0070                     ??_DRL_OFF:	
  2097                           ; 1 bytes @ 0x0
  2098                           
  2099     0070                     ??_POS_ON:	
  2100                           ; 1 bytes @ 0x0
  2101                           
  2102     0070                     ??_POS_OFF:	
  2103                           ; 1 bytes @ 0x0
  2104                           
  2105                           
  2106                           ; 1 bytes @ 0x0
  2107     0070                     	ds	1
  2108     0071                     LIN_calcParity@CMD:
  2109     0071                     LIN_startTimer@timeout:	
  2110                           ; 1 bytes @ 0x1
  2111                           
  2112     0071                     LIN_getChecksum@data:	
  2113                           ; 1 bytes @ 0x1
  2114                           
  2115     0071                     ??_LIN_startTimer:	
  2116                           ; 2 bytes @ 0x1
  2117                           
  2118     0071                     ??_LIN_breakCheck:	
  2119                           ; 1 bytes @ 0x1
  2120                           
  2121     0071                     ??_LIN_getFromTable:	
  2122                           ; 1 bytes @ 0x1
  2123                           
  2124     0071                     ??_software_Initialize:	
  2125                           ; 1 bytes @ 0x1
  2126                           
  2127     0071                     ??_Clear_No_Call_Warning:	
  2128                           ; 1 bytes @ 0x1
  2129                           
  2130                           
  2131                           ; 1 bytes @ 0x1
  2132     0071                     	ds	1
  2133     0072                     ?_LIN_init:
  2134     0072                     LIN_calcParity@PID:	
  2135                           ; 1 bytes @ 0x2
  2136                           
  2137     0072                     LIN_init@command:	
  2138                           ; 1 bytes @ 0x2
  2139                           
  2140     0072                     memcpy@s1:	
  2141                           ; 2 bytes @ 0x2
  2142                           
  2143     0072                     memset@c:	
  2144                           ; 2 bytes @ 0x2
  2145                           
  2146     0072                     ??_LIN_setTimerHandler:	
  2147                           ; 2 bytes @ 0x2
  2148                           
  2149     0072                     ??_TMR0_SetInterruptHandler:	
  2150                           ; 1 bytes @ 0x2
  2151                           
  2152     0072                     ??_EUSART1_SetRxInterruptHandler:	
  2153                           ; 1 bytes @ 0x2
  2154                           
  2155     0072                     ??_EUSART1_SetTxInterruptHandler:	
  2156                           ; 1 bytes @ 0x2
  2157                           
  2158     0072                     ??_EUSART1_SetFramingErrorHandler:	
  2159                           ; 1 bytes @ 0x2
  2160                           
  2161     0072                     ??_EUSART1_SetOverrunErrorHandler:	
  2162                           ; 1 bytes @ 0x2
  2163                           
  2164     0072                     ??_EUSART1_SetErrorHandler:	
  2165                           ; 1 bytes @ 0x2
  2166                           
  2167     0072                     ??_TMR0_Initialize:	
  2168                           ; 1 bytes @ 0x2
  2169                           
  2170     0072                     ??_EUSART1_Initialize:	
  2171                           ; 1 bytes @ 0x2
  2172                           
  2173                           
  2174                           ; 1 bytes @ 0x2
  2175     0072                     	ds	1
  2176     0073                     LIN_getFromTable@cmd:
  2177     0073                     ??_LIN_getChecksum:	
  2178                           ; 1 bytes @ 0x3
  2179                           
  2180                           
  2181                           ; 1 bytes @ 0x3
  2182     0073                     	ds	1
  2183     0074                     LIN_getFromTable@length:
  2184     0074                     LIN_init@processData:	
  2185                           ; 1 bytes @ 0x4
  2186                           
  2187     0074                     memcpy@n:	
  2188                           ; 2 bytes @ 0x4
  2189                           
  2190     0074                     memset@n:	
  2191                           ; 2 bytes @ 0x4
  2192                           
  2193                           
  2194                           ; 2 bytes @ 0x4
  2195     0074                     	ds	1
  2196     0075                     LIN_getChecksum@length:
  2197     0075                     LIN_getFromTable@rxCommand:	
  2198                           ; 1 bytes @ 0x5
  2199                           
  2200                           
  2201                           ; 2 bytes @ 0x5
  2202     0075                     	ds	1
  2203     0076                     LIN_init@tableLength:
  2204     0076                     LIN_getChecksum@i:	
  2205                           ; 1 bytes @ 0x6
  2206                           
  2207     0076                     memcpy@tmp:	
  2208                           ; 1 bytes @ 0x6
  2209                           
  2210     0076                     memset@p:	
  2211                           ; 1 bytes @ 0x6
  2212                           
  2213     0076                     ??_LIN_init:	
  2214                           ; 1 bytes @ 0x6
  2215                           
  2216     0076                     ??_memcpy:	
  2217                           ; 1 bytes @ 0x6
  2218                           
  2219     0076                     ??_memset:	
  2220                           ; 1 bytes @ 0x6
  2221                           
  2222                           
  2223                           ; 1 bytes @ 0x6
  2224     0076                     	ds	1
  2225     0077                     LIN_checkPID@pid:
  2226     0077                     memcpy@d:	
  2227                           ; 1 bytes @ 0x7
  2228                           
  2229     0077                     LIN_getChecksum@checksum:	
  2230                           ; 1 bytes @ 0x7
  2231                           
  2232     0077                     ??_LIN_checkPID:	
  2233                           ; 2 bytes @ 0x7
  2234                           
  2235     0077                     ??_LIN_Slave_Initialize:	
  2236                           ; 1 bytes @ 0x7
  2237                           
  2238     0077                     ??_SYSTEM_Initialize:	
  2239                           ; 1 bytes @ 0x7
  2240                           
  2241                           
  2242                           ; 1 bytes @ 0x7
  2243     0077                     	ds	1
  2244     0078                     memcpy@s:
  2245                           
  2246                           ; 1 bytes @ 0x8
  2247     0078                     	ds	1
  2248     0079                     ?_LIN_getPacket:
  2249     0079                     ?_LIN_sendPacket:	
  2250                           ; 1 bytes @ 0x9
  2251                           
  2252     0079                     LIN_sendPacket@pid:	
  2253                           ; 1 bytes @ 0x9
  2254                           
  2255     0079                     LIN_getPacket@data:	
  2256                           ; 1 bytes @ 0x9
  2257                           
  2258                           
  2259                           ; 1 bytes @ 0x9
  2260     0079                     	ds	1
  2261     007A                     LIN_getPacket@cmd:
  2262     007A                     LIN_sendPacket@data:	
  2263                           ; 1 bytes @ 0xA
  2264                           
  2265     007A                     ??_LIN_getPacket:	
  2266                           ; 2 bytes @ 0xA
  2267                           
  2268                           
  2269                           ; 1 bytes @ 0xA
  2270     007A                     	ds	1
  2271     007B                     processLIN@cmd:
  2272     007B                     ??_processLIN:	
  2273                           ; 1 bytes @ 0xB
  2274                           
  2275                           
  2276                           ; 1 bytes @ 0xB
  2277     007B                     	ds	1
  2278     007C                     LIN_sendPacket@length:
  2279     007C                     ??_LIN_sendPacket:	
  2280                           ; 1 bytes @ 0xC
  2281                           
  2282                           
  2283                           ; 1 bytes @ 0xC
  2284     007C                     	ds	1
  2285     007D                     LIN_sendPacket@i:
  2286                           
  2287                           ; 1 bytes @ 0xD
  2288     007D                     	ds	1
  2289     007E                     ??_main:
  2290                           
  2291                           	psect	cstackBANK0
  2292     0068                     __pcstackBANK0:	
  2293                           ; 1 bytes @ 0xE
  2294                           
  2295     0068                     ??_LIN_queuePacket:
  2296                           
  2297                           ; 1 bytes @ 0x0
  2298     0068                     	ds	3
  2299     006B                     LIN_queuePacket@cmd:
  2300                           
  2301                           ; 1 bytes @ 0x3
  2302     006B                     	ds	1
  2303     006C                     LIN_queuePacket@i:
  2304                           
  2305                           ; 1 bytes @ 0x4
  2306     006C                     	ds	1
  2307     006D                     LIN_queuePacket@tempSchedule:
  2308                           
  2309                           ; 2 bytes @ 0x5
  2310     006D                     	ds	2
  2311                           
  2312                           	psect	maintext
  2313     058C                     __pmaintext:	
  2314 ;;
  2315 ;;Main: autosize = 0, tempsize = 0, incstack = 0, save=0
  2316 ;;
  2317 ;; *************** function _main *****************
  2318 ;; Defined at:
  2319 ;;		line 48 in file "main.c"
  2320 ;; Parameters:    Size  Location     Type
  2321 ;;		None
  2322 ;; Auto vars:     Size  Location     Type
  2323 ;;		None
  2324 ;; Return value:  Size  Location     Type
  2325 ;;                  2  494[None  ] int 
  2326 ;; Registers used:
  2327 ;;		wreg, fsr0l, fsr0h, fsr1l, fsr1h, status,2, status,0, pclath, cstack
  2328 ;; Tracked objects:
  2329 ;;		On entry : B3F/0
  2330 ;;		On exit  : 0/0
  2331 ;;		Unchanged: 0/0
  2332 ;; Data sizes:     COMMON   BANK0   BANK1   BANK2
  2333 ;;      Params:         0       0       0       0
  2334 ;;      Locals:         0       0       0       0
  2335 ;;      Temps:          0       0       0       0
  2336 ;;      Totals:         0       0       0       0
  2337 ;;Total ram usage:        0 bytes
  2338 ;; Hardware stack levels required when called: 9
  2339 ;; This function calls:
  2340 ;;		_LIN_handler
  2341 ;;		_SYSTEM_Initialize
  2342 ;;		_func_main
  2343 ;;		_software_Initialize
  2344 ;; This function is called by:
  2345 ;;		Startup code after reset
  2346 ;; This function uses a non-reentrant model
  2347 ;;
  2348                           
  2349     058C                     _main:	
  2350                           ;psect for function _main
  2351                           
  2352     058C                     l2648:	
  2353                           ;incstack = 0
  2354                           ; Regs used in _main: [wreg-fsr1h+status,2+status,0+pclath+cstack]
  2355                           
  2356                           
  2357                           ;main.c: 50:   SYSTEM_Initialize();
  2358     058C  3185  2555  3185   	fcall	_SYSTEM_Initialize
  2359     058F                     l2650:
  2360                           
  2361                           ;main.c: 51:   software_Initialize();
  2362     058F  3186  263C  3185   	fcall	_software_Initialize
  2363     0592                     l2652:
  2364                           
  2365                           ;main.c: 57:   (INTCONbits.GIE = 1);
  2366     0592  178B               	bsf	11,7	;volatile
  2367     0593                     l2654:
  2368                           
  2369                           ;main.c: 60:   (INTCONbits.PEIE = 1);
  2370     0593  170B               	bsf	11,6	;volatile
  2371     0594                     l2656:
  2372                           
  2373                           ;main.c: 64:     LIN_handler();
  2374     0594  3180  204F  3185   	fcall	_LIN_handler
  2375     0597                     l2658:
  2376                           
  2377                           ;main.c: 65:     func_main();
  2378     0597  3186  2675  3185   	fcall	_func_main
  2379     059A  2D94               	goto	l2656
  2380     059B  2837               	ljmp	start
  2381     059C                     __end_of_main:
  2382                           
  2383                           	psect	text1
  2384     063C                     __ptext1:	
  2385 ;; *************** function _software_Initialize *****************
  2386 ;; Defined at:
  2387 ;;		line 40 in file "func_main.c"
  2388 ;; Parameters:    Size  Location     Type
  2389 ;;		None
  2390 ;; Auto vars:     Size  Location     Type
  2391 ;;		None
  2392 ;; Return value:  Size  Location     Type
  2393 ;;                  1    wreg      void 
  2394 ;; Registers used:
  2395 ;;		status,2, status,0, pclath, cstack
  2396 ;; Tracked objects:
  2397 ;;		On entry : 0/0
  2398 ;;		On exit  : 0/0
  2399 ;;		Unchanged: 0/0
  2400 ;; Data sizes:     COMMON   BANK0   BANK1   BANK2
  2401 ;;      Params:         0       0       0       0
  2402 ;;      Locals:         0       0       0       0
  2403 ;;      Temps:          0       0       0       0
  2404 ;;      Totals:         0       0       0       0
  2405 ;;Total ram usage:        0 bytes
  2406 ;; Hardware stack levels used: 1
  2407 ;; Hardware stack levels required when called: 6
  2408 ;; This function calls:
  2409 ;;		_Clear_No_Call_Warning
  2410 ;; This function is called by:
  2411 ;;		_main
  2412 ;; This function uses a non-reentrant model
  2413 ;;
  2414                           
  2415     063C                     _software_Initialize:	
  2416                           ;psect for function _software_Initialize
  2417                           
  2418     063C                     l2444:	
  2419                           ;incstack = 0
  2420                           ; Regs used in _software_Initialize: [status,2+status,0+pclath+cstack]
  2421                           
  2422                           
  2423                           ;func_main.c: 41:   Clear_No_Call_Warning();
  2424     063C  3186  2672  3186   	fcall	_Clear_No_Call_Warning
  2425     063F                     l607:
  2426     063F  0008               	return
  2427     0640                     __end_of_software_Initialize:
  2428                           
  2429                           	psect	text2
  2430     0672                     __ptext2:	
  2431 ;; *************** function _Clear_No_Call_Warning *****************
  2432 ;; Defined at:
  2433 ;;		line 18 in file "func_main.c"
  2434 ;; Parameters:    Size  Location     Type
  2435 ;;		None
  2436 ;; Auto vars:     Size  Location     Type
  2437 ;;  i               1    0        unsigned char 
  2438 ;; Return value:  Size  Location     Type
  2439 ;;                  1    wreg      void 
  2440 ;; Registers used:
  2441 ;;		status,2
  2442 ;; Tracked objects:
  2443 ;;		On entry : 0/0
  2444 ;;		On exit  : 0/0
  2445 ;;		Unchanged: 0/0
  2446 ;; Data sizes:     COMMON   BANK0   BANK1   BANK2
  2447 ;;      Params:         0       0       0       0
  2448 ;;      Locals:         0       0       0       0
  2449 ;;      Temps:          0       0       0       0
  2450 ;;      Totals:         0       0       0       0
  2451 ;;Total ram usage:        0 bytes
  2452 ;; Hardware stack levels used: 1
  2453 ;; Hardware stack levels required when called: 5
  2454 ;; This function calls:
  2455 ;;		_EUSART1_is_tx_done
  2456 ;;		_EUSART1_is_tx_ready
  2457 ;;		_PIN_MANAGER_IOC
  2458 ;;		_TMR0_ReadTimer
  2459 ;;		_TMR0_Reload
  2460 ;;		_TMR0_StartTimer
  2461 ;;		_TMR0_StopTimer
  2462 ;;		_TMR0_WriteTimer
  2463 ;; This function is called by:
  2464 ;;		_software_Initialize
  2465 ;; This function uses a non-reentrant model
  2466 ;;
  2467                           
  2468     0672                     _Clear_No_Call_Warning:	
  2469                           ;psect for function _Clear_No_Call_Warning
  2470                           
  2471     0672                     l2270:	
  2472                           ;incstack = 0
  2473                           ; Regs used in _Clear_No_Call_Warning: [status,2]
  2474                           
  2475     0672                     l604:
  2476     0672  0008               	return
  2477     0673                     __end_of_Clear_No_Call_Warning:
  2478                           
  2479                           	psect	text3
  2480     0650                     __ptext3:	
  2481 ;; *************** function _TMR0_StopTimer *****************
  2482 ;; Defined at:
  2483 ;;		line 93 in file "mcc_generated_files/tmr0.c"
  2484 ;; Parameters:    Size  Location     Type
  2485 ;;		None
  2486 ;; Auto vars:     Size  Location     Type
  2487 ;;		None
  2488 ;; Return value:  Size  Location     Type
  2489 ;;                  1    wreg      void 
  2490 ;; Registers used:
  2491 ;;		None
  2492 ;; Tracked objects:
  2493 ;;		On entry : 0/0
  2494 ;;		On exit  : 0/0
  2495 ;;		Unchanged: 0/0
  2496 ;; Data sizes:     COMMON   BANK0   BANK1   BANK2
  2497 ;;      Params:         0       0       0       0
  2498 ;;      Locals:         0       0       0       0
  2499 ;;      Temps:          0       0       0       0
  2500 ;;      Totals:         0       0       0       0
  2501 ;;Total ram usage:        0 bytes
  2502 ;; Hardware stack levels used: 1
  2503 ;; Hardware stack levels required when called: 4
  2504 ;; This function calls:
  2505 ;;		Nothing
  2506 ;; This function is called by:
  2507 ;;		_Clear_No_Call_Warning
  2508 ;; This function uses a non-reentrant model
  2509 ;;
  2510                           
  2511     0650                     _TMR0_StopTimer:	
  2512                           ;psect for function _TMR0_StopTimer
  2513                           
  2514     0650                     l1446:	
  2515                           ;incstack = 0
  2516                           ; Regs used in _TMR0_StopTimer: []
  2517                           
  2518                           
  2519                           ;mcc_generated_files/tmr0.c: 96:     T0CON0bits.T0EN = 0;
  2520     0650  014B               	movlb	11	; select bank11
  2521     0651  139E               	bcf	30,7	;volatile
  2522     0652                     l457:
  2523     0652  0008               	return
  2524     0653                     __end_of_TMR0_StopTimer:
  2525                           
  2526                           	psect	text4
  2527     0653                     __ptext4:	
  2528 ;; *************** function _TMR0_StartTimer *****************
  2529 ;; Defined at:
  2530 ;;		line 87 in file "mcc_generated_files/tmr0.c"
  2531 ;; Parameters:    Size  Location     Type
  2532 ;;		None
  2533 ;; Auto vars:     Size  Location     Type
  2534 ;;		None
  2535 ;; Return value:  Size  Location     Type
  2536 ;;                  1    wreg      void 
  2537 ;; Registers used:
  2538 ;;		None
  2539 ;; Tracked objects:
  2540 ;;		On entry : 0/0
  2541 ;;		On exit  : 0/0
  2542 ;;		Unchanged: 0/0
  2543 ;; Data sizes:     COMMON   BANK0   BANK1   BANK2
  2544 ;;      Params:         0       0       0       0
  2545 ;;      Locals:         0       0       0       0
  2546 ;;      Temps:          0       0       0       0
  2547 ;;      Totals:         0       0       0       0
  2548 ;;Total ram usage:        0 bytes
  2549 ;; Hardware stack levels used: 1
  2550 ;; Hardware stack levels required when called: 4
  2551 ;; This function calls:
  2552 ;;		Nothing
  2553 ;; This function is called by:
  2554 ;;		_Clear_No_Call_Warning
  2555 ;; This function uses a non-reentrant model
  2556 ;;
  2557                           
  2558     0653                     _TMR0_StartTimer:	
  2559                           ;psect for function _TMR0_StartTimer
  2560                           
  2561     0653                     l1444:	
  2562                           ;incstack = 0
  2563                           ; Regs used in _TMR0_StartTimer: []
  2564                           
  2565                           
  2566                           ;mcc_generated_files/tmr0.c: 90:     T0CON0bits.T0EN = 1;
  2567     0653  014B               	movlb	11	; select bank11
  2568     0654  179E               	bsf	30,7	;volatile
  2569     0655                     l454:
  2570     0655  0008               	return
  2571     0656                     __end_of_TMR0_StartTimer:
  2572                           
  2573                           	psect	text5
  2574     0628                     __ptext5:	
  2575 ;; *************** function _TMR0_Reload *****************
  2576 ;; Defined at:
  2577 ;;		line 115 in file "mcc_generated_files/tmr0.c"
  2578 ;; Parameters:    Size  Location     Type
  2579 ;;  periodVal       1    wreg     unsigned char 
  2580 ;; Auto vars:     Size  Location     Type
  2581 ;;  periodVal       1    0[COMMON] unsigned char 
  2582 ;; Return value:  Size  Location     Type
  2583 ;;                  1    wreg      void 
  2584 ;; Registers used:
  2585 ;;		wreg
  2586 ;; Tracked objects:
  2587 ;;		On entry : 0/0
  2588 ;;		On exit  : 0/0
  2589 ;;		Unchanged: 0/0
  2590 ;; Data sizes:     COMMON   BANK0   BANK1   BANK2
  2591 ;;      Params:         0       0       0       0
  2592 ;;      Locals:         1       0       0       0
  2593 ;;      Temps:          0       0       0       0
  2594 ;;      Totals:         1       0       0       0
  2595 ;;Total ram usage:        1 bytes
  2596 ;; Hardware stack levels used: 1
  2597 ;; Hardware stack levels required when called: 4
  2598 ;; This function calls:
  2599 ;;		Nothing
  2600 ;; This function is called by:
  2601 ;;		_Clear_No_Call_Warning
  2602 ;; This function uses a non-reentrant model
  2603 ;;
  2604                           
  2605     0628                     _TMR0_Reload:	
  2606                           ;psect for function _TMR0_Reload
  2607                           
  2608                           
  2609                           ;incstack = 0
  2610                           ; Regs used in _TMR0_Reload: [wreg]
  2611                           ;TMR0_Reload@periodVal stored from wreg
  2612     0628  00F0               	movwf	TMR0_Reload@periodVal
  2613     0629                     l1452:
  2614                           
  2615                           ;mcc_generated_files/tmr0.c: 115: void TMR0_Reload(uint8_t periodVal);mcc_generated_file
      +                          s/tmr0.c: 116: {;mcc_generated_files/tmr0.c: 118:    TMR0H = periodVal;
  2616     0629  0870               	movf	TMR0_Reload@periodVal,w
  2617     062A  014B               	movlb	11	; select bank11
  2618     062B  009D               	movwf	29	;volatile
  2619     062C                     l466:
  2620     062C  0008               	return
  2621     062D                     __end_of_TMR0_Reload:
  2622                           
  2623                           	psect	text6
  2624     0656                     __ptext6:	
  2625 ;; *************** function _TMR0_ReadTimer *****************
  2626 ;; Defined at:
  2627 ;;		line 99 in file "mcc_generated_files/tmr0.c"
  2628 ;; Parameters:    Size  Location     Type
  2629 ;;		None
  2630 ;; Auto vars:     Size  Location     Type
  2631 ;;  readVal         1    0        unsigned char 
  2632 ;; Return value:  Size  Location     Type
  2633 ;;                  1    wreg      unsigned char 
  2634 ;; Registers used:
  2635 ;;		wreg
  2636 ;; Tracked objects:
  2637 ;;		On entry : 0/0
  2638 ;;		On exit  : 0/0
  2639 ;;		Unchanged: 0/0
  2640 ;; Data sizes:     COMMON   BANK0   BANK1   BANK2
  2641 ;;      Params:         0       0       0       0
  2642 ;;      Locals:         0       0       0       0
  2643 ;;      Temps:          0       0       0       0
  2644 ;;      Totals:         0       0       0       0
  2645 ;;Total ram usage:        0 bytes
  2646 ;; Hardware stack levels used: 1
  2647 ;; Hardware stack levels required when called: 4
  2648 ;; This function calls:
  2649 ;;		Nothing
  2650 ;; This function is called by:
  2651 ;;		_Clear_No_Call_Warning
  2652 ;; This function uses a non-reentrant model
  2653 ;;
  2654                           
  2655     0656                     _TMR0_ReadTimer:	
  2656                           ;psect for function _TMR0_ReadTimer
  2657                           
  2658     0656                     l1448:	
  2659                           ;incstack = 0
  2660                           ; Regs used in _TMR0_ReadTimer: [wreg]
  2661                           
  2662     0656  014B               	movlb	11	; select bank11
  2663     0657  081C               	movf	28,w	;volatile
  2664     0658                     l460:
  2665     0658  0008               	return
  2666     0659                     __end_of_TMR0_ReadTimer:
  2667                           
  2668                           	psect	text7
  2669     0673                     __ptext7:	
  2670 ;; *************** function _PIN_MANAGER_IOC *****************
  2671 ;; Defined at:
  2672 ;;		line 102 in file "mcc_generated_files/pin_manager.c"
  2673 ;; Parameters:    Size  Location     Type
  2674 ;;		None
  2675 ;; Auto vars:     Size  Location     Type
  2676 ;;		None
  2677 ;; Return value:  Size  Location     Type
  2678 ;;                  1    wreg      void 
  2679 ;; Registers used:
  2680 ;;		None
  2681 ;; Tracked objects:
  2682 ;;		On entry : 0/0
  2683 ;;		On exit  : 0/0
  2684 ;;		Unchanged: 0/0
  2685 ;; Data sizes:     COMMON   BANK0   BANK1   BANK2
  2686 ;;      Params:         0       0       0       0
  2687 ;;      Locals:         0       0       0       0
  2688 ;;      Temps:          0       0       0       0
  2689 ;;      Totals:         0       0       0       0
  2690 ;;Total ram usage:        0 bytes
  2691 ;; Hardware stack levels used: 1
  2692 ;; Hardware stack levels required when called: 4
  2693 ;; This function calls:
  2694 ;;		Nothing
  2695 ;; This function is called by:
  2696 ;;		_Clear_No_Call_Warning
  2697 ;; This function uses a non-reentrant model
  2698 ;;
  2699                           
  2700     0673                     _PIN_MANAGER_IOC:	
  2701                           ;psect for function _PIN_MANAGER_IOC
  2702                           
  2703     0673                     l428:	
  2704                           ;incstack = 0
  2705                           ; Regs used in _PIN_MANAGER_IOC: []
  2706                           
  2707     0673  0008               	return
  2708     0674                     __end_of_PIN_MANAGER_IOC:
  2709                           
  2710                           	psect	text8
  2711     0674                     __ptext8:	
  2712 ;; *************** function _EUSART1_is_tx_ready *****************
  2713 ;; Defined at:
  2714 ;;		line 132 in file "mcc_generated_files/eusart1.c"
  2715 ;; Parameters:    Size  Location     Type
  2716 ;;		None
  2717 ;; Auto vars:     Size  Location     Type
  2718 ;;		None
  2719 ;; Return value:  Size  Location     Type
  2720 ;;                  1    wreg      _Bool 
  2721 ;; Registers used:
  2722 ;;		None
  2723 ;; Tracked objects:
  2724 ;;		On entry : 0/0
  2725 ;;		On exit  : 0/0
  2726 ;;		Unchanged: 0/0
  2727 ;; Data sizes:     COMMON   BANK0   BANK1   BANK2
  2728 ;;      Params:         0       0       0       0
  2729 ;;      Locals:         0       0       0       0
  2730 ;;      Temps:          0       0       0       0
  2731 ;;      Totals:         0       0       0       0
  2732 ;;Total ram usage:        0 bytes
  2733 ;; Hardware stack levels used: 1
  2734 ;; Hardware stack levels required when called: 4
  2735 ;; This function calls:
  2736 ;;		Nothing
  2737 ;; This function is called by:
  2738 ;;		_Clear_No_Call_Warning
  2739 ;; This function uses a non-reentrant model
  2740 ;;
  2741                           
  2742     0674                     _EUSART1_is_tx_ready:	
  2743                           ;psect for function _EUSART1_is_tx_ready
  2744                           
  2745     0674                     l2128:	
  2746                           ;incstack = 0
  2747                           ; Regs used in _EUSART1_is_tx_ready: []
  2748                           
  2749     0674                     l274:	
  2750                           ;mcc_generated_files/eusart1.c: 134:     return (eusart1TxBufferRemaining ? 1 : 0);;	Ret
      +                          urn value of _EUSART1_is_tx_ready is never used
  2751                           
  2752     0674  0008               	return
  2753     0675                     __end_of_EUSART1_is_tx_ready:
  2754                           
  2755                           	psect	text9
  2756     0659                     __ptext9:	
  2757 ;; *************** function _EUSART1_is_tx_done *****************
  2758 ;; Defined at:
  2759 ;;		line 142 in file "mcc_generated_files/eusart1.c"
  2760 ;; Parameters:    Size  Location     Type
  2761 ;;		None
  2762 ;; Auto vars:     Size  Location     Type
  2763 ;;		None
  2764 ;; Return value:  Size  Location     Type
  2765 ;;                  1    wreg      _Bool 
  2766 ;; Registers used:
  2767 ;;		wreg
  2768 ;; Tracked objects:
  2769 ;;		On entry : 0/0
  2770 ;;		On exit  : 0/0
  2771 ;;		Unchanged: 0/0
  2772 ;; Data sizes:     COMMON   BANK0   BANK1   BANK2
  2773 ;;      Params:         0       0       0       0
  2774 ;;      Locals:         0       0       0       0
  2775 ;;      Temps:          0       0       0       0
  2776 ;;      Totals:         0       0       0       0
  2777 ;;Total ram usage:        0 bytes
  2778 ;; Hardware stack levels used: 1
  2779 ;; Hardware stack levels required when called: 4
  2780 ;; This function calls:
  2781 ;;		Nothing
  2782 ;; This function is called by:
  2783 ;;		_Clear_No_Call_Warning
  2784 ;; This function uses a non-reentrant model
  2785 ;;
  2786                           
  2787     0659                     _EUSART1_is_tx_done:	
  2788                           ;psect for function _EUSART1_is_tx_done
  2789                           
  2790     0659                     l1430:	
  2791                           ;incstack = 0
  2792                           ; Regs used in _EUSART1_is_tx_done: [wreg]
  2793                           
  2794                           
  2795                           ;mcc_generated_files/eusart1.c: 144:     return TX1STAbits.TRMT;;	Return value of _EUSAR
      +                          T1_is_tx_done is never used
  2796     0659  0142               	movlb	2	; select bank2
  2797     065A  081E               	movf	30,w	;volatile
  2798     065B                     l280:
  2799     065B  0008               	return
  2800     065C                     __end_of_EUSART1_is_tx_done:
  2801                           
  2802                           	psect	text10
  2803     0675                     __ptext10:	
  2804 ;; *************** function _func_main *****************
  2805 ;; Defined at:
  2806 ;;		line 44 in file "func_main.c"
  2807 ;; Parameters:    Size  Location     Type
  2808 ;;		None
  2809 ;; Auto vars:     Size  Location     Type
  2810 ;;		None
  2811 ;; Return value:  Size  Location     Type
  2812 ;;                  1    wreg      void 
  2813 ;; Registers used:
  2814 ;;		None
  2815 ;; Tracked objects:
  2816 ;;		On entry : 0/0
  2817 ;;		On exit  : 0/0
  2818 ;;		Unchanged: 0/0
  2819 ;; Data sizes:     COMMON   BANK0   BANK1   BANK2
  2820 ;;      Params:         0       0       0       0
  2821 ;;      Locals:         0       0       0       0
  2822 ;;      Temps:          0       0       0       0
  2823 ;;      Totals:         0       0       0       0
  2824 ;;Total ram usage:        0 bytes
  2825 ;; Hardware stack levels used: 1
  2826 ;; Hardware stack levels required when called: 4
  2827 ;; This function calls:
  2828 ;;		Nothing
  2829 ;; This function is called by:
  2830 ;;		_main
  2831 ;; This function uses a non-reentrant model
  2832 ;;
  2833                           
  2834     0675                     _func_main:	
  2835                           ;psect for function _func_main
  2836                           
  2837     0675                     l610:	
  2838                           ;incstack = 0
  2839                           ; Regs used in _func_main: []
  2840                           
  2841     0675  0008               	return
  2842     0676                     __end_of_func_main:
  2843                           
  2844                           	psect	text11
  2845     0555                     __ptext11:	
  2846 ;; *************** function _SYSTEM_Initialize *****************
  2847 ;; Defined at:
  2848 ;;		line 50 in file "mcc_generated_files/mcc.c"
  2849 ;; Parameters:    Size  Location     Type
  2850 ;;		None
  2851 ;; Auto vars:     Size  Location     Type
  2852 ;;		None
  2853 ;; Return value:  Size  Location     Type
  2854 ;;                  1    wreg      void 
  2855 ;; Registers used:
  2856 ;;		wreg, status,2, status,0, pclath, cstack
  2857 ;; Tracked objects:
  2858 ;;		On entry : 0/0
  2859 ;;		On exit  : 0/0
  2860 ;;		Unchanged: 0/0
  2861 ;; Data sizes:     COMMON   BANK0   BANK1   BANK2
  2862 ;;      Params:         0       0       0       0
  2863 ;;      Locals:         0       0       0       0
  2864 ;;      Temps:          0       0       0       0
  2865 ;;      Totals:         0       0       0       0
  2866 ;;Total ram usage:        0 bytes
  2867 ;; Hardware stack levels used: 1
  2868 ;; Hardware stack levels required when called: 8
  2869 ;; This function calls:
  2870 ;;		_EUSART1_Initialize
  2871 ;;		_LIN_Slave_Initialize
  2872 ;;		_OSCILLATOR_Initialize
  2873 ;;		_PIN_MANAGER_Initialize
  2874 ;;		_TMR0_Initialize
  2875 ;;		_WDT_Initialize
  2876 ;; This function is called by:
  2877 ;;		_main
  2878 ;; This function uses a non-reentrant model
  2879 ;;
  2880                           
  2881     0555                     _SYSTEM_Initialize:	
  2882                           ;psect for function _SYSTEM_Initialize
  2883                           
  2884     0555                     l2436:	
  2885                           ;incstack = 0
  2886                           ; Regs used in _SYSTEM_Initialize: [wreg+status,2+status,0+pclath+cstack]
  2887                           
  2888                           
  2889                           ;mcc_generated_files/mcc.c: 53:     PIN_MANAGER_Initialize();
  2890     0555  3185  259C  3185   	fcall	_PIN_MANAGER_Initialize
  2891                           
  2892                           ;mcc_generated_files/mcc.c: 54:     OSCILLATOR_Initialize();
  2893     0558  3185  25F9  3185   	fcall	_OSCILLATOR_Initialize
  2894                           
  2895                           ;mcc_generated_files/mcc.c: 55:     WDT_Initialize();
  2896     055B  3186  2640  3185   	fcall	_WDT_Initialize
  2897     055E                     l2438:
  2898                           
  2899                           ;mcc_generated_files/mcc.c: 56:     TMR0_Initialize();
  2900     055E  3185  2541  3185   	fcall	_TMR0_Initialize
  2901     0561                     l2440:
  2902                           
  2903                           ;mcc_generated_files/mcc.c: 57:     EUSART1_Initialize();
  2904     0561  3183  236C  3185   	fcall	_EUSART1_Initialize
  2905     0564                     l2442:
  2906                           
  2907                           ;mcc_generated_files/mcc.c: 58:     LIN_Slave_Initialize();
  2908     0564  3185  25C9  3185   	fcall	_LIN_Slave_Initialize
  2909     0567                     l400:
  2910     0567  0008               	return
  2911     0568                     __end_of_SYSTEM_Initialize:
  2912                           
  2913                           	psect	text12
  2914     0640                     __ptext12:	
  2915 ;; *************** function _WDT_Initialize *****************
  2916 ;; Defined at:
  2917 ;;		line 71 in file "mcc_generated_files/mcc.c"
  2918 ;; Parameters:    Size  Location     Type
  2919 ;;		None
  2920 ;; Auto vars:     Size  Location     Type
  2921 ;;		None
  2922 ;; Return value:  Size  Location     Type
  2923 ;;                  1    wreg      void 
  2924 ;; Registers used:
  2925 ;;		None
  2926 ;; Tracked objects:
  2927 ;;		On entry : 0/0
  2928 ;;		On exit  : 0/0
  2929 ;;		Unchanged: 0/0
  2930 ;; Data sizes:     COMMON   BANK0   BANK1   BANK2
  2931 ;;      Params:         0       0       0       0
  2932 ;;      Locals:         0       0       0       0
  2933 ;;      Temps:          0       0       0       0
  2934 ;;      Totals:         0       0       0       0
  2935 ;;Total ram usage:        0 bytes
  2936 ;; Hardware stack levels used: 1
  2937 ;; Hardware stack levels required when called: 4
  2938 ;; This function calls:
  2939 ;;		Nothing
  2940 ;; This function is called by:
  2941 ;;		_SYSTEM_Initialize
  2942 ;; This function uses a non-reentrant model
  2943 ;;
  2944                           
  2945     0640                     _WDT_Initialize:	
  2946                           ;psect for function _WDT_Initialize
  2947                           
  2948     0640                     l1586:	
  2949                           ;incstack = 0
  2950                           ; Regs used in _WDT_Initialize: []
  2951                           
  2952                           
  2953                           ;mcc_generated_files/mcc.c: 74:     WDTCON = 0x16;
  2954     0640  3016               	movlw	22
  2955     0641  0150               	movlb	16	; select bank16
  2956     0642  008C               	movwf	12	;volatile
  2957     0643                     l406:
  2958     0643  0008               	return
  2959     0644                     __end_of_WDT_Initialize:
  2960                           
  2961                           	psect	text13
  2962     0541                     __ptext13:	
  2963 ;; *************** function _TMR0_Initialize *****************
  2964 ;; Defined at:
  2965 ;;		line 61 in file "mcc_generated_files/tmr0.c"
  2966 ;; Parameters:    Size  Location     Type
  2967 ;;		None
  2968 ;; Auto vars:     Size  Location     Type
  2969 ;;		None
  2970 ;; Return value:  Size  Location     Type
  2971 ;;                  1    wreg      void 
  2972 ;; Registers used:
  2973 ;;		wreg, status,2, status,0, pclath, cstack
  2974 ;; Tracked objects:
  2975 ;;		On entry : 0/0
  2976 ;;		On exit  : 0/0
  2977 ;;		Unchanged: 0/0
  2978 ;; Data sizes:     COMMON   BANK0   BANK1   BANK2
  2979 ;;      Params:         0       0       0       0
  2980 ;;      Locals:         0       0       0       0
  2981 ;;      Temps:          0       0       0       0
  2982 ;;      Totals:         0       0       0       0
  2983 ;;Total ram usage:        0 bytes
  2984 ;; Hardware stack levels used: 1
  2985 ;; Hardware stack levels required when called: 5
  2986 ;; This function calls:
  2987 ;;		_TMR0_SetInterruptHandler
  2988 ;; This function is called by:
  2989 ;;		_SYSTEM_Initialize
  2990 ;; This function uses a non-reentrant model
  2991 ;;
  2992                           
  2993     0541                     _TMR0_Initialize:	
  2994                           ;psect for function _TMR0_Initialize
  2995                           
  2996     0541                     l2258:	
  2997                           ;incstack = 0
  2998                           ; Regs used in _TMR0_Initialize: [wreg+status,2+status,0+pclath+cstack]
  2999                           
  3000                           
  3001                           ;mcc_generated_files/tmr0.c: 66:     T0CON1 = 0x45;
  3002     0541  3045               	movlw	69
  3003     0542  014B               	movlb	11	; select bank11
  3004     0543  009F               	movwf	31	;volatile
  3005                           
  3006                           ;mcc_generated_files/tmr0.c: 69:     TMR0H = 0xF9;
  3007     0544  30F9               	movlw	249
  3008     0545  009D               	movwf	29	;volatile
  3009     0546                     l2260:
  3010                           
  3011                           ;mcc_generated_files/tmr0.c: 72:     TMR0L = 0x00;
  3012     0546  019C               	clrf	28	;volatile
  3013     0547                     l2262:
  3014                           
  3015                           ;mcc_generated_files/tmr0.c: 75:     PIR0bits.TMR0IF = 0;
  3016     0547  014E               	movlb	14	; select bank14
  3017     0548  128C               	bcf	12,5	;volatile
  3018     0549                     l2264:
  3019                           
  3020                           ;mcc_generated_files/tmr0.c: 78:     PIE0bits.TMR0IE = 1;
  3021     0549  1696               	bsf	22,5	;volatile
  3022     054A                     l2266:
  3023                           
  3024                           ;mcc_generated_files/tmr0.c: 81:     TMR0_SetInterruptHandler(TMR0_DefaultInterruptHandl
      +                          er);
  3025     054A  3076               	movlw	low _TMR0_DefaultInterruptHandler
  3026     054B  00F0               	movwf	TMR0_SetInterruptHandler@InterruptHandler
  3027     054C  3006               	movlw	high _TMR0_DefaultInterruptHandler
  3028     054D  00F1               	movwf	TMR0_SetInterruptHandler@InterruptHandler+1
  3029     054E  3185  25FF  3185   	fcall	_TMR0_SetInterruptHandler
  3030     0551                     l2268:
  3031                           
  3032                           ;mcc_generated_files/tmr0.c: 84:     T0CON0 = 0x80;
  3033     0551  3080               	movlw	128
  3034     0552  014B               	movlb	11	; select bank11
  3035     0553  009E               	movwf	30	;volatile
  3036     0554                     l451:
  3037     0554  0008               	return
  3038     0555                     __end_of_TMR0_Initialize:
  3039                           
  3040                           	psect	text14
  3041     059C                     __ptext14:	
  3042 ;; *************** function _PIN_MANAGER_Initialize *****************
  3043 ;; Defined at:
  3044 ;;		line 55 in file "mcc_generated_files/pin_manager.c"
  3045 ;; Parameters:    Size  Location     Type
  3046 ;;		None
  3047 ;; Auto vars:     Size  Location     Type
  3048 ;;		None
  3049 ;; Return value:  Size  Location     Type
  3050 ;;                  1    wreg      void 
  3051 ;; Registers used:
  3052 ;;		status,2
  3053 ;; Tracked objects:
  3054 ;;		On entry : 0/0
  3055 ;;		On exit  : 0/0
  3056 ;;		Unchanged: 0/0
  3057 ;; Data sizes:     COMMON   BANK0   BANK1   BANK2
  3058 ;;      Params:         0       0       0       0
  3059 ;;      Locals:         0       0       0       0
  3060 ;;      Temps:          0       0       0       0
  3061 ;;      Totals:         0       0       0       0
  3062 ;;Total ram usage:        0 bytes
  3063 ;; Hardware stack levels used: 1
  3064 ;; Hardware stack levels required when called: 4
  3065 ;; This function calls:
  3066 ;;		Nothing
  3067 ;; This function is called by:
  3068 ;;		_SYSTEM_Initialize
  3069 ;; This function uses a non-reentrant model
  3070 ;;
  3071                           
  3072     059C                     _PIN_MANAGER_Initialize:	
  3073                           ;psect for function _PIN_MANAGER_Initialize
  3074                           
  3075     059C                     l1572:	
  3076                           ;incstack = 0
  3077                           ; Regs used in _PIN_MANAGER_Initialize: [status,2]
  3078                           
  3079                           
  3080                           ;mcc_generated_files/pin_manager.c: 60:     LATA = 0x00;
  3081     059C  0140               	movlb	0	; select bank0
  3082     059D  0198               	clrf	24	;volatile
  3083     059E                     l1574:
  3084                           
  3085                           ;mcc_generated_files/pin_manager.c: 65:     TRISA = 0x0C;
  3086     059E  300C               	movlw	12
  3087     059F  0092               	movwf	18	;volatile
  3088                           
  3089                           ;mcc_generated_files/pin_manager.c: 70:     ANSELA = 0x00;
  3090     05A0  017E               	movlb	62	; select bank62
  3091     05A1  01B8               	clrf	56	;volatile
  3092                           
  3093                           ;mcc_generated_files/pin_manager.c: 75:     WPUA = 0x00;
  3094     05A2  01B9               	clrf	57	;volatile
  3095                           
  3096                           ;mcc_generated_files/pin_manager.c: 80:     ODCONA = 0x00;
  3097     05A3  01BA               	clrf	58	;volatile
  3098     05A4                     l1576:
  3099                           
  3100                           ;mcc_generated_files/pin_manager.c: 85:     SLRCONA = 0x37;
  3101     05A4  3037               	movlw	55
  3102     05A5  00BB               	movwf	59	;volatile
  3103     05A6                     l1578:
  3104                           
  3105                           ;mcc_generated_files/pin_manager.c: 90:     INLVLA = 0x3F;
  3106     05A6  303F               	movlw	63
  3107     05A7  00BC               	movwf	60	;volatile
  3108     05A8                     l1580:
  3109                           
  3110                           ;mcc_generated_files/pin_manager.c: 99:     RX1PPS = 0x02;
  3111     05A8  3002               	movlw	2
  3112     05A9  017D               	movlb	61	; select bank61
  3113     05AA  00CB               	movwf	75	;volatile
  3114     05AB                     l425:
  3115     05AB  0008               	return
  3116     05AC                     __end_of_PIN_MANAGER_Initialize:
  3117                           
  3118                           	psect	text15
  3119     05F9                     __ptext15:	
  3120 ;; *************** function _OSCILLATOR_Initialize *****************
  3121 ;; Defined at:
  3122 ;;		line 61 in file "mcc_generated_files/mcc.c"
  3123 ;; Parameters:    Size  Location     Type
  3124 ;;		None
  3125 ;; Auto vars:     Size  Location     Type
  3126 ;;		None
  3127 ;; Return value:  Size  Location     Type
  3128 ;;                  1    wreg      void 
  3129 ;; Registers used:
  3130 ;;		status,2
  3131 ;; Tracked objects:
  3132 ;;		On entry : 0/0
  3133 ;;		On exit  : 0/0
  3134 ;;		Unchanged: 0/0
  3135 ;; Data sizes:     COMMON   BANK0   BANK1   BANK2
  3136 ;;      Params:         0       0       0       0
  3137 ;;      Locals:         0       0       0       0
  3138 ;;      Temps:          0       0       0       0
  3139 ;;      Totals:         0       0       0       0
  3140 ;;Total ram usage:        0 bytes
  3141 ;; Hardware stack levels used: 1
  3142 ;; Hardware stack levels required when called: 4
  3143 ;; This function calls:
  3144 ;;		Nothing
  3145 ;; This function is called by:
  3146 ;;		_SYSTEM_Initialize
  3147 ;; This function uses a non-reentrant model
  3148 ;;
  3149                           
  3150     05F9                     _OSCILLATOR_Initialize:	
  3151                           ;psect for function _OSCILLATOR_Initialize
  3152                           
  3153     05F9                     l1582:	
  3154                           ;incstack = 0
  3155                           ; Regs used in _OSCILLATOR_Initialize: [status,2]
  3156                           
  3157                           
  3158                           ;mcc_generated_files/mcc.c: 64:     OSCEN = 0x00;
  3159     05F9  0151               	movlb	17	; select bank17
  3160     05FA  0191               	clrf	17	;volatile
  3161     05FB                     l1584:
  3162                           
  3163                           ;mcc_generated_files/mcc.c: 66:     OSCFRQ = 0x05;
  3164     05FB  3005               	movlw	5
  3165     05FC  0093               	movwf	19	;volatile
  3166                           
  3167                           ;mcc_generated_files/mcc.c: 68:     OSCTUNE = 0x00;
  3168     05FD  0192               	clrf	18	;volatile
  3169     05FE                     l403:
  3170     05FE  0008               	return
  3171     05FF                     __end_of_OSCILLATOR_Initialize:
  3172                           
  3173                           	psect	text16
  3174     05C9                     __ptext16:	
  3175 ;; *************** function _LIN_Slave_Initialize *****************
  3176 ;; Defined at:
  3177 ;;		line 45 in file "mcc_generated_files/LINDrivers/lin_app.c"
  3178 ;; Parameters:    Size  Location     Type
  3179 ;;		None
  3180 ;; Auto vars:     Size  Location     Type
  3181 ;;		None
  3182 ;; Return value:  Size  Location     Type
  3183 ;;                  1    wreg      void 
  3184 ;; Registers used:
  3185 ;;		wreg, status,2, status,0, pclath, cstack
  3186 ;; Tracked objects:
  3187 ;;		On entry : 0/0
  3188 ;;		On exit  : 0/0
  3189 ;;		Unchanged: 0/0
  3190 ;; Data sizes:     COMMON   BANK0   BANK1   BANK2
  3191 ;;      Params:         0       0       0       0
  3192 ;;      Locals:         0       0       0       0
  3193 ;;      Temps:          0       0       0       0
  3194 ;;      Totals:         0       0       0       0
  3195 ;;Total ram usage:        0 bytes
  3196 ;; Hardware stack levels used: 1
  3197 ;; Hardware stack levels required when called: 7
  3198 ;; This function calls:
  3199 ;;		_LIN_init
  3200 ;; This function is called by:
  3201 ;;		_SYSTEM_Initialize
  3202 ;; This function uses a non-reentrant model
  3203 ;;
  3204                           
  3205     05C9                     _LIN_Slave_Initialize:	
  3206                           ;psect for function _LIN_Slave_Initialize
  3207                           
  3208     05C9                     l2140:	
  3209                           ;incstack = 0
  3210                           ; Regs used in _LIN_Slave_Initialize: [wreg+status,2+status,0+pclath+cstack]
  3211                           
  3212                           
  3213                           ;mcc_generated_files/LINDrivers/lin_app.c: 46:   LIN_init((sizeof(scheduleTable)/sizeof(
      +                          lin_rx_cmd_t)), scheduleTable, processLIN);
  3214     05C9  3023               	movlw	low (_scheduleTable| (0+32768))
  3215     05CA  00F2               	movwf	LIN_init@command
  3216     05CB  3086               	movlw	high (_scheduleTable| (0+32768))
  3217     05CC  00F3               	movwf	LIN_init@command+1
  3218     05CD  307B               	movlw	low _processLIN
  3219     05CE  00F4               	movwf	LIN_init@processData
  3220     05CF  3005               	movlw	high _processLIN
  3221     05D0  00F5               	movwf	LIN_init@processData+1
  3222     05D1  3001               	movlw	1
  3223     05D2  3185  2516  3185   	fcall	_LIN_init
  3224     05D5                     l17:
  3225     05D5  0008               	return
  3226     05D6                     __end_of_LIN_Slave_Initialize:
  3227                           
  3228                           	psect	text17
  3229     0516                     __ptext17:	
  3230 ;; *************** function _LIN_init *****************
  3231 ;; Defined at:
  3232 ;;		line 37 in file "mcc_generated_files/LINDrivers/lin_slave.c"
  3233 ;; Parameters:    Size  Location     Type
  3234 ;;  tableLength     1    wreg     unsigned char 
  3235 ;;  command         2    2[COMMON] const PTR const struct .
  3236 ;;		 -> scheduleTable(5), 
  3237 ;;  processData     2    4[COMMON] PTR FTN()void 
  3238 ;;		 -> processLIN(1), 
  3239 ;; Auto vars:     Size  Location     Type
  3240 ;;  tableLength     1    6[COMMON] unsigned char 
  3241 ;; Return value:  Size  Location     Type
  3242 ;;                  1    wreg      void 
  3243 ;; Registers used:
  3244 ;;		wreg, status,2, status,0, pclath, cstack
  3245 ;; Tracked objects:
  3246 ;;		On entry : 0/0
  3247 ;;		On exit  : 0/0
  3248 ;;		Unchanged: 0/0
  3249 ;; Data sizes:     COMMON   BANK0   BANK1   BANK2
  3250 ;;      Params:         4       0       0       0
  3251 ;;      Locals:         1       0       0       0
  3252 ;;      Temps:          0       0       0       0
  3253 ;;      Totals:         5       0       0       0
  3254 ;;Total ram usage:        5 bytes
  3255 ;; Hardware stack levels used: 1
  3256 ;; Hardware stack levels required when called: 6
  3257 ;; This function calls:
  3258 ;;		_LIN_enableRx
  3259 ;;		_LIN_setTimerHandler
  3260 ;;		_LIN_stopTimer
  3261 ;; This function is called by:
  3262 ;;		_LIN_Slave_Initialize
  3263 ;; This function uses a non-reentrant model
  3264 ;;
  3265                           
  3266     0516                     _LIN_init:	
  3267                           ;psect for function _LIN_init
  3268                           
  3269                           
  3270                           ;incstack = 0
  3271                           ; Regs used in _LIN_init: [wreg+status,2+status,0+pclath+cstack]
  3272                           ;LIN_init@tableLength stored from wreg
  3273     0516  00F6               	movwf	LIN_init@tableLength
  3274     0517                     l1918:
  3275                           
  3276                           ;mcc_generated_files/LINDrivers/lin_slave.c: 38:     LIN_rxCommand = command;
  3277     0517  0873               	movf	LIN_init@command+1,w
  3278     0518  0140               	movlb	0	; select bank0
  3279     0519  00E4               	movwf	_LIN_rxCommand+1
  3280     051A  0872               	movf	LIN_init@command,w
  3281     051B  00E3               	movwf	_LIN_rxCommand
  3282                           
  3283                           ;mcc_generated_files/LINDrivers/lin_slave.c: 39:     LIN_rxCommandLength = tableLength;
  3284     051C  0876               	movf	LIN_init@tableLength,w
  3285     051D  00E7               	movwf	_LIN_rxCommandLength
  3286                           
  3287                           ;mcc_generated_files/LINDrivers/lin_slave.c: 40:     LIN_processData = processData;
  3288     051E  0875               	movf	LIN_init@processData+1,w
  3289     051F  00E6               	movwf	_LIN_processData+1
  3290     0520  0874               	movf	LIN_init@processData,w
  3291     0521  00E5               	movwf	_LIN_processData
  3292     0522                     l1920:
  3293                           
  3294                           ;mcc_generated_files/LINDrivers/lin_slave.c: 41:     LIN_stopTimer();
  3295     0522  3186  2644  3185   	fcall	_LIN_stopTimer
  3296     0525                     l1922:
  3297                           
  3298                           ;mcc_generated_files/LINDrivers/lin_slave.c: 42:     LIN_enableRx();
  3299     0525  3186  2632  3185   	fcall	_LIN_enableRx
  3300     0528                     l1924:
  3301                           
  3302                           ;mcc_generated_files/LINDrivers/lin_slave.c: 43:     LIN_setTimerHandler();
  3303     0528  3185  25EB  3185   	fcall	_LIN_setTimerHandler
  3304     052B                     l89:
  3305     052B  0008               	return
  3306     052C                     __end_of_LIN_init:
  3307                           
  3308                           	psect	text18
  3309     05EB                     __ptext18:	
  3310 ;; *************** function _LIN_setTimerHandler *****************
  3311 ;; Defined at:
  3312 ;;		line 280 in file "mcc_generated_files/LINDrivers/lin_slave.c"
  3313 ;; Parameters:    Size  Location     Type
  3314 ;;		None
  3315 ;; Auto vars:     Size  Location     Type
  3316 ;;		None
  3317 ;; Return value:  Size  Location     Type
  3318 ;;                  1    wreg      void 
  3319 ;; Registers used:
  3320 ;;		wreg, status,2, status,0, pclath, cstack
  3321 ;; Tracked objects:
  3322 ;;		On entry : 0/0
  3323 ;;		On exit  : 0/0
  3324 ;;		Unchanged: 0/0
  3325 ;; Data sizes:     COMMON   BANK0   BANK1   BANK2
  3326 ;;      Params:         0       0       0       0
  3327 ;;      Locals:         0       0       0       0
  3328 ;;      Temps:          0       0       0       0
  3329 ;;      Totals:         0       0       0       0
  3330 ;;Total ram usage:        0 bytes
  3331 ;; Hardware stack levels used: 1
  3332 ;; Hardware stack levels required when called: 5
  3333 ;; This function calls:
  3334 ;;		_TMR0_SetInterruptHandler
  3335 ;; This function is called by:
  3336 ;;		_LIN_init
  3337 ;; This function uses a non-reentrant model
  3338 ;;
  3339                           
  3340     05EB                     _LIN_setTimerHandler:	
  3341                           ;psect for function _LIN_setTimerHandler
  3342                           
  3343     05EB                     l1850:	
  3344                           ;incstack = 0
  3345                           ; Regs used in _LIN_setTimerHandler: [wreg+status,2+status,0+pclath+cstack]
  3346                           
  3347     05EB  30D6               	movlw	low _LIN_timerHandler
  3348     05EC  00F0               	movwf	TMR0_SetInterruptHandler@InterruptHandler
  3349     05ED  3005               	movlw	high _LIN_timerHandler
  3350     05EE  00F1               	movwf	TMR0_SetInterruptHandler@InterruptHandler+1
  3351     05EF  3185  25FF  3185   	fcall	_TMR0_SetInterruptHandler
  3352     05F2                     l183:
  3353     05F2  0008               	return
  3354     05F3                     __end_of_LIN_setTimerHandler:
  3355                           
  3356                           	psect	text19
  3357     05FF                     __ptext19:	
  3358 ;; *************** function _TMR0_SetInterruptHandler *****************
  3359 ;; Defined at:
  3360 ;;		line 134 in file "mcc_generated_files/tmr0.c"
  3361 ;; Parameters:    Size  Location     Type
  3362 ;;  InterruptHan    2    0[COMMON] PTR FTN()void 
  3363 ;;		 -> TMR0_DefaultInterruptHandler(1), LIN_timerHandler(1), 
  3364 ;; Auto vars:     Size  Location     Type
  3365 ;;		None
  3366 ;; Return value:  Size  Location     Type
  3367 ;;                  1    wreg      void 
  3368 ;; Registers used:
  3369 ;;		wreg
  3370 ;; Tracked objects:
  3371 ;;		On entry : 0/0
  3372 ;;		On exit  : 0/0
  3373 ;;		Unchanged: 0/0
  3374 ;; Data sizes:     COMMON   BANK0   BANK1   BANK2
  3375 ;;      Params:         2       0       0       0
  3376 ;;      Locals:         0       0       0       0
  3377 ;;      Temps:          0       0       0       0
  3378 ;;      Totals:         2       0       0       0
  3379 ;;Total ram usage:        2 bytes
  3380 ;; Hardware stack levels used: 1
  3381 ;; Hardware stack levels required when called: 4
  3382 ;; This function calls:
  3383 ;;		Nothing
  3384 ;; This function is called by:
  3385 ;;		_LIN_setTimerHandler
  3386 ;;		_TMR0_Initialize
  3387 ;; This function uses a non-reentrant model
  3388 ;;
  3389                           
  3390     05FF                     _TMR0_SetInterruptHandler:	
  3391                           ;psect for function _TMR0_SetInterruptHandler
  3392                           
  3393     05FF                     l1844:	
  3394                           ;incstack = 0
  3395                           ; Regs used in _TMR0_SetInterruptHandler: [wreg]
  3396                           
  3397                           
  3398                           ;mcc_generated_files/tmr0.c: 135:     TMR0_InterruptHandler = InterruptHandler;
  3399     05FF  0871               	movf	TMR0_SetInterruptHandler@InterruptHandler+1,w
  3400     0600  0140               	movlb	0	; select bank0
  3401     0601  00DC               	movwf	_TMR0_InterruptHandler+1
  3402     0602  0870               	movf	TMR0_SetInterruptHandler@InterruptHandler,w
  3403     0603  00DB               	movwf	_TMR0_InterruptHandler
  3404     0604                     l473:
  3405     0604  0008               	return
  3406     0605                     __end_of_TMR0_SetInterruptHandler:
  3407                           
  3408                           	psect	text20
  3409     036C                     __ptext20:	
  3410 ;; *************** function _EUSART1_Initialize *****************
  3411 ;; Defined at:
  3412 ;;		line 88 in file "mcc_generated_files/eusart1.c"
  3413 ;; Parameters:    Size  Location     Type
  3414 ;;		None
  3415 ;; Auto vars:     Size  Location     Type
  3416 ;;		None
  3417 ;; Return value:  Size  Location     Type
  3418 ;;                  1    wreg      void 
  3419 ;; Registers used:
  3420 ;;		wreg, status,2, status,0, pclath, cstack
  3421 ;; Tracked objects:
  3422 ;;		On entry : 0/0
  3423 ;;		On exit  : 0/0
  3424 ;;		Unchanged: 0/0
  3425 ;; Data sizes:     COMMON   BANK0   BANK1   BANK2
  3426 ;;      Params:         0       0       0       0
  3427 ;;      Locals:         0       0       0       0
  3428 ;;      Temps:          0       0       0       0
  3429 ;;      Totals:         0       0       0       0
  3430 ;;Total ram usage:        0 bytes
  3431 ;; Hardware stack levels used: 1
  3432 ;; Hardware stack levels required when called: 5
  3433 ;; This function calls:
  3434 ;;		_EUSART1_SetErrorHandler
  3435 ;;		_EUSART1_SetFramingErrorHandler
  3436 ;;		_EUSART1_SetOverrunErrorHandler
  3437 ;;		_EUSART1_SetRxInterruptHandler
  3438 ;;		_EUSART1_SetTxInterruptHandler
  3439 ;; This function is called by:
  3440 ;;		_SYSTEM_Initialize
  3441 ;; This function uses a non-reentrant model
  3442 ;;
  3443                           
  3444     036C                     _EUSART1_Initialize:	
  3445                           ;psect for function _EUSART1_Initialize
  3446                           
  3447     036C                     l2222:	
  3448                           ;incstack = 0
  3449                           ; Regs used in _EUSART1_Initialize: [wreg+status,2+status,0+pclath+cstack]
  3450                           
  3451                           
  3452                           ;mcc_generated_files/eusart1.c: 91:     PIE1bits.RC1IE = 0;
  3453     036C  014E               	movlb	14	; select bank14
  3454     036D  1217               	bcf	23,4	;volatile
  3455     036E                     l2224:
  3456                           
  3457                           ;mcc_generated_files/eusart1.c: 92:     EUSART1_SetRxInterruptHandler(EUSART1_Receive_IS
      +                          R);
  3458     036E  30AA               	movlw	low _EUSART1_Receive_ISR
  3459     036F  00F0               	movwf	EUSART1_SetRxInterruptHandler@interruptHandler
  3460     0370  3003               	movlw	high _EUSART1_Receive_ISR
  3461     0371  00F1               	movwf	EUSART1_SetRxInterruptHandler@interruptHandler+1
  3462     0372  3186  260B  3183   	fcall	_EUSART1_SetRxInterruptHandler
  3463     0375                     l2226:
  3464                           
  3465                           ;mcc_generated_files/eusart1.c: 93:     PIE1bits.TX1IE = 0;
  3466     0375  014E               	movlb	14	; select bank14
  3467     0376  1197               	bcf	23,3	;volatile
  3468                           
  3469                           ;mcc_generated_files/eusart1.c: 94:     EUSART1_SetTxInterruptHandler(EUSART1_Transmit_I
      +                          SR);
  3470     0377  30C7               	movlw	low _EUSART1_Transmit_ISR
  3471     0378  00F0               	movwf	EUSART1_SetTxInterruptHandler@interruptHandler
  3472     0379  3004               	movlw	high _EUSART1_Transmit_ISR
  3473     037A  00F1               	movwf	EUSART1_SetTxInterruptHandler@interruptHandler+1
  3474     037B  3186  2605  3183   	fcall	_EUSART1_SetTxInterruptHandler
  3475     037E                     l2228:
  3476                           
  3477                           ;mcc_generated_files/eusart1.c: 98:     BAUD1CON = 0x08;
  3478     037E  3008               	movlw	8
  3479     037F  0142               	movlb	2	; select bank2
  3480     0380  009F               	movwf	31	;volatile
  3481     0381                     l2230:
  3482                           
  3483                           ;mcc_generated_files/eusart1.c: 101:     RC1STA = 0x90;
  3484     0381  3090               	movlw	144
  3485     0382  009D               	movwf	29	;volatile
  3486     0383                     l2232:
  3487                           
  3488                           ;mcc_generated_files/eusart1.c: 104:     TX1STA = 0x24;
  3489     0383  3024               	movlw	36
  3490     0384  009E               	movwf	30	;volatile
  3491     0385                     l2234:
  3492                           
  3493                           ;mcc_generated_files/eusart1.c: 107:     SP1BRGL = 0xFF;
  3494     0385  30FF               	movlw	255
  3495     0386  009B               	movwf	27	;volatile
  3496     0387                     l2236:
  3497                           
  3498                           ;mcc_generated_files/eusart1.c: 110:     SP1BRGH = 0x02;
  3499     0387  3002               	movlw	2
  3500     0388  009C               	movwf	28	;volatile
  3501                           
  3502                           ;mcc_generated_files/eusart1.c: 113:     EUSART1_SetFramingErrorHandler(EUSART1_DefaultF
      +                          ramingErrorHandler);
  3503     0389  3077               	movlw	low _EUSART1_DefaultFramingErrorHandler
  3504     038A  00F0               	movwf	EUSART1_SetFramingErrorHandler@interruptHandler
  3505     038B  3006               	movlw	high _EUSART1_DefaultFramingErrorHandler
  3506     038C  00F1               	movwf	EUSART1_SetFramingErrorHandler@interruptHandler+1
  3507     038D  3186  2617  3183   	fcall	_EUSART1_SetFramingErrorHandler
  3508                           
  3509                           ;mcc_generated_files/eusart1.c: 114:     EUSART1_SetOverrunErrorHandler(EUSART1_DefaultO
      +                          verrunErrorHandler);
  3510     0390  3048               	movlw	low _EUSART1_DefaultOverrunErrorHandler
  3511     0391  00F0               	movwf	EUSART1_SetOverrunErrorHandler@interruptHandler
  3512     0392  3006               	movlw	high _EUSART1_DefaultOverrunErrorHandler
  3513     0393  00F1               	movwf	EUSART1_SetOverrunErrorHandler@interruptHandler+1
  3514     0394  3186  2611  3183   	fcall	_EUSART1_SetOverrunErrorHandler
  3515                           
  3516                           ;mcc_generated_files/eusart1.c: 115:     EUSART1_SetErrorHandler(EUSART1_DefaultErrorHan
      +                          dler);
  3517     0397  304C               	movlw	low _EUSART1_DefaultErrorHandler
  3518     0398  00F0               	movwf	EUSART1_SetErrorHandler@interruptHandler
  3519     0399  3006               	movlw	high _EUSART1_DefaultErrorHandler
  3520     039A  00F1               	movwf	EUSART1_SetErrorHandler@interruptHandler+1
  3521     039B  3186  261D  3183   	fcall	_EUSART1_SetErrorHandler
  3522     039E                     l2238:
  3523                           
  3524                           ;mcc_generated_files/eusart1.c: 117:     eusart1RxLastError.status = 0;
  3525     039E  0140               	movlb	0	; select bank0
  3526     039F  01BA               	clrf	_eusart1RxLastError	;volatile
  3527     03A0                     l2240:
  3528                           
  3529                           ;mcc_generated_files/eusart1.c: 120:     eusart1TxHead = 0;
  3530     03A0  01C0               	clrf	_eusart1TxHead	;volatile
  3531     03A1                     l2242:
  3532                           
  3533                           ;mcc_generated_files/eusart1.c: 121:     eusart1TxTail = 0;
  3534     03A1  01BF               	clrf	_eusart1TxTail	;volatile
  3535     03A2                     l2244:
  3536                           
  3537                           ;mcc_generated_files/eusart1.c: 122:     eusart1TxBufferRemaining = sizeof(eusart1TxBuff
      +                          er);
  3538     03A2  3008               	movlw	8
  3539     03A3  00BE               	movwf	_eusart1TxBufferRemaining	;volatile
  3540     03A4                     l2246:
  3541                           
  3542                           ;mcc_generated_files/eusart1.c: 124:     eusart1RxHead = 0;
  3543     03A4  01BD               	clrf	_eusart1RxHead	;volatile
  3544     03A5                     l2248:
  3545                           
  3546                           ;mcc_generated_files/eusart1.c: 125:     eusart1RxTail = 0;
  3547     03A5  01BC               	clrf	_eusart1RxTail	;volatile
  3548     03A6                     l2250:
  3549                           
  3550                           ;mcc_generated_files/eusart1.c: 126:     eusart1RxCount = 0;
  3551     03A6  01BB               	clrf	_eusart1RxCount	;volatile
  3552     03A7                     l2252:
  3553                           
  3554                           ;mcc_generated_files/eusart1.c: 129:     PIE1bits.RC1IE = 1;
  3555     03A7  014E               	movlb	14	; select bank14
  3556     03A8  1617               	bsf	23,4	;volatile
  3557     03A9                     l271:
  3558     03A9  0008               	return
  3559     03AA                     __end_of_EUSART1_Initialize:
  3560                           
  3561                           	psect	text21
  3562     0605                     __ptext21:	
  3563 ;; *************** function _EUSART1_SetTxInterruptHandler *****************
  3564 ;; Defined at:
  3565 ;;		line 276 in file "mcc_generated_files/eusart1.c"
  3566 ;; Parameters:    Size  Location     Type
  3567 ;;  interruptHan    2    0[COMMON] PTR FTN()void 
  3568 ;;		 -> EUSART1_Transmit_ISR(1), 
  3569 ;; Auto vars:     Size  Location     Type
  3570 ;;		None
  3571 ;; Return value:  Size  Location     Type
  3572 ;;                  1    wreg      void 
  3573 ;; Registers used:
  3574 ;;		wreg
  3575 ;; Tracked objects:
  3576 ;;		On entry : 0/0
  3577 ;;		On exit  : 0/0
  3578 ;;		Unchanged: 0/0
  3579 ;; Data sizes:     COMMON   BANK0   BANK1   BANK2
  3580 ;;      Params:         2       0       0       0
  3581 ;;      Locals:         0       0       0       0
  3582 ;;      Temps:          0       0       0       0
  3583 ;;      Totals:         2       0       0       0
  3584 ;;Total ram usage:        2 bytes
  3585 ;; Hardware stack levels used: 1
  3586 ;; Hardware stack levels required when called: 4
  3587 ;; This function calls:
  3588 ;;		Nothing
  3589 ;; This function is called by:
  3590 ;;		_EUSART1_Initialize
  3591 ;; This function uses a non-reentrant model
  3592 ;;
  3593                           
  3594     0605                     _EUSART1_SetTxInterruptHandler:	
  3595                           ;psect for function _EUSART1_SetTxInterruptHandler
  3596                           
  3597     0605                     l2120:	
  3598                           ;incstack = 0
  3599                           ; Regs used in _EUSART1_SetTxInterruptHandler: [wreg]
  3600                           
  3601                           
  3602                           ;mcc_generated_files/eusart1.c: 277:     EUSART1_TxDefaultInterruptHandler = interruptHa
      +                          ndler;
  3603     0605  0871               	movf	EUSART1_SetTxInterruptHandler@interruptHandler+1,w
  3604     0606  0140               	movlb	0	; select bank0
  3605     0607  00E2               	movwf	_EUSART1_TxDefaultInterruptHandler+1
  3606     0608  0870               	movf	EUSART1_SetTxInterruptHandler@interruptHandler,w
  3607     0609  00E1               	movwf	_EUSART1_TxDefaultInterruptHandler
  3608     060A                     l337:
  3609     060A  0008               	return
  3610     060B                     __end_of_EUSART1_SetTxInterruptHandler:
  3611                           
  3612                           	psect	text22
  3613     060B                     __ptext22:	
  3614 ;; *************** function _EUSART1_SetRxInterruptHandler *****************
  3615 ;; Defined at:
  3616 ;;		line 280 in file "mcc_generated_files/eusart1.c"
  3617 ;; Parameters:    Size  Location     Type
  3618 ;;  interruptHan    2    0[COMMON] PTR FTN()void 
  3619 ;;		 -> EUSART1_Receive_ISR(1), 
  3620 ;; Auto vars:     Size  Location     Type
  3621 ;;		None
  3622 ;; Return value:  Size  Location     Type
  3623 ;;                  1    wreg      void 
  3624 ;; Registers used:
  3625 ;;		wreg
  3626 ;; Tracked objects:
  3627 ;;		On entry : 0/0
  3628 ;;		On exit  : 0/0
  3629 ;;		Unchanged: 0/0
  3630 ;; Data sizes:     COMMON   BANK0   BANK1   BANK2
  3631 ;;      Params:         2       0       0       0
  3632 ;;      Locals:         0       0       0       0
  3633 ;;      Temps:          0       0       0       0
  3634 ;;      Totals:         2       0       0       0
  3635 ;;Total ram usage:        2 bytes
  3636 ;; Hardware stack levels used: 1
  3637 ;; Hardware stack levels required when called: 4
  3638 ;; This function calls:
  3639 ;;		Nothing
  3640 ;; This function is called by:
  3641 ;;		_EUSART1_Initialize
  3642 ;; This function uses a non-reentrant model
  3643 ;;
  3644                           
  3645     060B                     _EUSART1_SetRxInterruptHandler:	
  3646                           ;psect for function _EUSART1_SetRxInterruptHandler
  3647                           
  3648     060B                     l2118:	
  3649                           ;incstack = 0
  3650                           ; Regs used in _EUSART1_SetRxInterruptHandler: [wreg]
  3651                           
  3652                           
  3653                           ;mcc_generated_files/eusart1.c: 281:     EUSART1_RxDefaultInterruptHandler = interruptHa
      +                          ndler;
  3654     060B  0871               	movf	EUSART1_SetRxInterruptHandler@interruptHandler+1,w
  3655     060C  0140               	movlb	0	; select bank0
  3656     060D  00E0               	movwf	_EUSART1_RxDefaultInterruptHandler+1
  3657     060E  0870               	movf	EUSART1_SetRxInterruptHandler@interruptHandler,w
  3658     060F  00DF               	movwf	_EUSART1_RxDefaultInterruptHandler
  3659     0610                     l340:
  3660     0610  0008               	return
  3661     0611                     __end_of_EUSART1_SetRxInterruptHandler:
  3662                           
  3663                           	psect	text23
  3664     0611                     __ptext23:	
  3665 ;; *************** function _EUSART1_SetOverrunErrorHandler *****************
  3666 ;; Defined at:
  3667 ;;		line 268 in file "mcc_generated_files/eusart1.c"
  3668 ;; Parameters:    Size  Location     Type
  3669 ;;  interruptHan    2    0[COMMON] PTR FTN()void 
  3670 ;;		 -> EUSART1_DefaultOverrunErrorHandler(1), 
  3671 ;; Auto vars:     Size  Location     Type
  3672 ;;		None
  3673 ;; Return value:  Size  Location     Type
  3674 ;;                  1    wreg      void 
  3675 ;; Registers used:
  3676 ;;		wreg
  3677 ;; Tracked objects:
  3678 ;;		On entry : 0/0
  3679 ;;		On exit  : 0/0
  3680 ;;		Unchanged: 0/0
  3681 ;; Data sizes:     COMMON   BANK0   BANK1   BANK2
  3682 ;;      Params:         2       0       0       0
  3683 ;;      Locals:         0       0       0       0
  3684 ;;      Temps:          0       0       0       0
  3685 ;;      Totals:         2       0       0       0
  3686 ;;Total ram usage:        2 bytes
  3687 ;; Hardware stack levels used: 1
  3688 ;; Hardware stack levels required when called: 4
  3689 ;; This function calls:
  3690 ;;		Nothing
  3691 ;; This function is called by:
  3692 ;;		_EUSART1_Initialize
  3693 ;; This function uses a non-reentrant model
  3694 ;;
  3695                           
  3696     0611                     _EUSART1_SetOverrunErrorHandler:	
  3697                           ;psect for function _EUSART1_SetOverrunErrorHandler
  3698                           
  3699     0611                     l2124:	
  3700                           ;incstack = 0
  3701                           ; Regs used in _EUSART1_SetOverrunErrorHandler: [wreg]
  3702                           
  3703                           
  3704                           ;mcc_generated_files/eusart1.c: 269:     EUSART1_OverrunErrorHandler = interruptHandler;
  3705     0611  0871               	movf	EUSART1_SetOverrunErrorHandler@interruptHandler+1,w
  3706     0612  0141               	movlb	1	; select bank1
  3707     0613  00B0               	movwf	(_EUSART1_OverrunErrorHandler+1)^(0+128)
  3708     0614  0870               	movf	EUSART1_SetOverrunErrorHandler@interruptHandler,w
  3709     0615  00AF               	movwf	_EUSART1_OverrunErrorHandler^(0+128)
  3710     0616                     l331:
  3711     0616  0008               	return
  3712     0617                     __end_of_EUSART1_SetOverrunErrorHandler:
  3713                           
  3714                           	psect	text24
  3715     0617                     __ptext24:	
  3716 ;; *************** function _EUSART1_SetFramingErrorHandler *****************
  3717 ;; Defined at:
  3718 ;;		line 264 in file "mcc_generated_files/eusart1.c"
  3719 ;; Parameters:    Size  Location     Type
  3720 ;;  interruptHan    2    0[COMMON] PTR FTN()void 
  3721 ;;		 -> EUSART1_DefaultFramingErrorHandler(1), 
  3722 ;; Auto vars:     Size  Location     Type
  3723 ;;		None
  3724 ;; Return value:  Size  Location     Type
  3725 ;;                  1    wreg      void 
  3726 ;; Registers used:
  3727 ;;		wreg
  3728 ;; Tracked objects:
  3729 ;;		On entry : 0/0
  3730 ;;		On exit  : 0/0
  3731 ;;		Unchanged: 0/0
  3732 ;; Data sizes:     COMMON   BANK0   BANK1   BANK2
  3733 ;;      Params:         2       0       0       0
  3734 ;;      Locals:         0       0       0       0
  3735 ;;      Temps:          0       0       0       0
  3736 ;;      Totals:         2       0       0       0
  3737 ;;Total ram usage:        2 bytes
  3738 ;; Hardware stack levels used: 1
  3739 ;; Hardware stack levels required when called: 4
  3740 ;; This function calls:
  3741 ;;		Nothing
  3742 ;; This function is called by:
  3743 ;;		_EUSART1_Initialize
  3744 ;; This function uses a non-reentrant model
  3745 ;;
  3746                           
  3747     0617                     _EUSART1_SetFramingErrorHandler:	
  3748                           ;psect for function _EUSART1_SetFramingErrorHandler
  3749                           
  3750     0617                     l2122:	
  3751                           ;incstack = 0
  3752                           ; Regs used in _EUSART1_SetFramingErrorHandler: [wreg]
  3753                           
  3754                           
  3755                           ;mcc_generated_files/eusart1.c: 265:     EUSART1_FramingErrorHandler = interruptHandler;
  3756     0617  0871               	movf	EUSART1_SetFramingErrorHandler@interruptHandler+1,w
  3757     0618  0140               	movlb	0	; select bank0
  3758     0619  00DE               	movwf	_EUSART1_FramingErrorHandler+1
  3759     061A  0870               	movf	EUSART1_SetFramingErrorHandler@interruptHandler,w
  3760     061B  00DD               	movwf	_EUSART1_FramingErrorHandler
  3761     061C                     l328:
  3762     061C  0008               	return
  3763     061D                     __end_of_EUSART1_SetFramingErrorHandler:
  3764                           
  3765                           	psect	text25
  3766     061D                     __ptext25:	
  3767 ;; *************** function _EUSART1_SetErrorHandler *****************
  3768 ;; Defined at:
  3769 ;;		line 272 in file "mcc_generated_files/eusart1.c"
  3770 ;; Parameters:    Size  Location     Type
  3771 ;;  interruptHan    2    0[COMMON] PTR FTN()void 
  3772 ;;		 -> EUSART1_DefaultErrorHandler(1), 
  3773 ;; Auto vars:     Size  Location     Type
  3774 ;;		None
  3775 ;; Return value:  Size  Location     Type
  3776 ;;                  1    wreg      void 
  3777 ;; Registers used:
  3778 ;;		wreg
  3779 ;; Tracked objects:
  3780 ;;		On entry : 0/0
  3781 ;;		On exit  : 0/0
  3782 ;;		Unchanged: 0/0
  3783 ;; Data sizes:     COMMON   BANK0   BANK1   BANK2
  3784 ;;      Params:         2       0       0       0
  3785 ;;      Locals:         0       0       0       0
  3786 ;;      Temps:          0       0       0       0
  3787 ;;      Totals:         2       0       0       0
  3788 ;;Total ram usage:        2 bytes
  3789 ;; Hardware stack levels used: 1
  3790 ;; Hardware stack levels required when called: 4
  3791 ;; This function calls:
  3792 ;;		Nothing
  3793 ;; This function is called by:
  3794 ;;		_EUSART1_Initialize
  3795 ;; This function uses a non-reentrant model
  3796 ;;
  3797                           
  3798     061D                     _EUSART1_SetErrorHandler:	
  3799                           ;psect for function _EUSART1_SetErrorHandler
  3800                           
  3801     061D                     l2126:	
  3802                           ;incstack = 0
  3803                           ; Regs used in _EUSART1_SetErrorHandler: [wreg]
  3804                           
  3805                           
  3806                           ;mcc_generated_files/eusart1.c: 273:     EUSART1_ErrorHandler = interruptHandler;
  3807     061D  0871               	movf	EUSART1_SetErrorHandler@interruptHandler+1,w
  3808     061E  0141               	movlb	1	; select bank1
  3809     061F  00AE               	movwf	(_EUSART1_ErrorHandler+1)^(0+128)
  3810     0620  0870               	movf	EUSART1_SetErrorHandler@interruptHandler,w
  3811     0621  00AD               	movwf	_EUSART1_ErrorHandler^(0+128)
  3812     0622                     l334:
  3813     0622  0008               	return
  3814     0623                     __end_of_EUSART1_SetErrorHandler:
  3815                           
  3816                           	psect	text26
  3817     004F                     __ptext26:	
  3818 ;; *************** function _LIN_handler *****************
  3819 ;; Defined at:
  3820 ;;		line 69 in file "mcc_generated_files/LINDrivers/lin_slave.c"
  3821 ;; Parameters:    Size  Location     Type
  3822 ;;		None
  3823 ;; Auto vars:     Size  Location     Type
  3824 ;;		None
  3825 ;; Return value:  Size  Location     Type
  3826 ;;                  1    wreg      enum E36
  3827 ;; Registers used:
  3828 ;;		wreg, fsr0l, fsr0h, fsr1l, fsr1h, status,2, status,0, pclath, cstack
  3829 ;; Tracked objects:
  3830 ;;		On entry : 0/0
  3831 ;;		On exit  : 0/0
  3832 ;;		Unchanged: 0/0
  3833 ;; Data sizes:     COMMON   BANK0   BANK1   BANK2
  3834 ;;      Params:         0       0       0       0
  3835 ;;      Locals:         0       0       0       0
  3836 ;;      Temps:          0       0       5       0
  3837 ;;      Totals:         0       0       5       0
  3838 ;;Total ram usage:        5 bytes
  3839 ;; Hardware stack levels used: 1
  3840 ;; Hardware stack levels required when called: 7
  3841 ;; This function calls:
  3842 ;;		NULL
  3843 ;;		_EUSART1_Read
  3844 ;;		_EUSART1_is_rx_ready
  3845 ;;		_LIN_breakCheck
  3846 ;;		_LIN_checkPID
  3847 ;;		_LIN_disableRx
  3848 ;;		_LIN_enableRx
  3849 ;;		_LIN_getChecksum
  3850 ;;		_LIN_getFromTable
  3851 ;;		_LIN_queuePacket
  3852 ;;		_LIN_startTimer
  3853 ;;		_LIN_stopTimer
  3854 ;;		_memset
  3855 ;;		_processLIN
  3856 ;; This function is called by:
  3857 ;;		_main
  3858 ;; This function uses a non-reentrant model
  3859 ;;
  3860                           
  3861     004F                     _LIN_handler:	
  3862                           ;psect for function _LIN_handler
  3863                           
  3864     004F                     l2558:	
  3865                           ;incstack = 0
  3866                           ; Regs used in _LIN_handler: [wreg-fsr1h+status,2+status,0+pclath+cstack]
  3867                           
  3868                           
  3869                           ;mcc_generated_files/LINDrivers/lin_slave.c: 70:     static lin_rx_state_t LIN_rxState =
      +                           LIN_RX_IDLE;;mcc_generated_files/LINDrivers/lin_slave.c: 71:     static uint8_t rxDataI
      +                          ndex = 0;;mcc_generated_files/LINDrivers/lin_slave.c: 73:     if(LIN_rxInProgress == 1){
  3870     004F  0140               	movlb	0	; select bank0
  3871     0050  0345               	decf	_LIN_rxInProgress,w
  3872     0051  1D03               	btfss	3,2
  3873     0052  2854               	goto	u1781
  3874     0053  2855               	goto	u1780
  3875     0054                     u1781:
  3876     0054  2950               	goto	l2640
  3877     0055                     u1780:
  3878     0055                     l2560:
  3879                           
  3880                           ;mcc_generated_files/LINDrivers/lin_slave.c: 74:         if(LIN_timerRunning == 0){
  3881     0055  0844               	movf	_LIN_timerRunning,w
  3882     0056  1D03               	btfss	3,2
  3883     0057  2859               	goto	u1791
  3884     0058  285A               	goto	u1790
  3885     0059                     u1791:
  3886     0059  2950               	goto	l2640
  3887     005A                     u1790:
  3888     005A                     l2562:
  3889                           
  3890                           ;mcc_generated_files/LINDrivers/lin_slave.c: 76:             LIN_rxState = LIN_RX_ERROR;
  3891     005A  3008               	movlw	8
  3892     005B  00C2               	movwf	LIN_handler@LIN_rxState
  3893     005C  2950               	goto	l2640
  3894     005D                     l2564:
  3895                           
  3896                           ;mcc_generated_files/LINDrivers/lin_slave.c: 82:             if(EUSART1_is_rx_ready() > 
      +                          0){
  3897     005D  3185  25E2  3180   	fcall	_EUSART1_is_rx_ready
  3898     0060  3A00               	xorlw	0
  3899     0061  1903               	skipnz
  3900     0062  2864               	goto	u1801
  3901     0063  2865               	goto	u1800
  3902     0064                     u1801:
  3903     0064  2979               	goto	l135
  3904     0065                     u1800:
  3905     0065                     l2566:
  3906                           
  3907                           ;mcc_generated_files/LINDrivers/lin_slave.c: 84:                 LIN_startTimer(20);
  3908     0065  3014               	movlw	20
  3909     0066  3185  25BB  3180   	fcall	_LIN_startTimer
  3910     0069                     l2568:
  3911                           
  3912                           ;mcc_generated_files/LINDrivers/lin_slave.c: 85:                 LIN_rxInProgress = 1;
  3913     0069  3001               	movlw	1
  3914     006A  0140               	movlb	0	; select bank0
  3915     006B  00C5               	movwf	_LIN_rxInProgress
  3916     006C                     l2570:
  3917                           
  3918                           ;mcc_generated_files/LINDrivers/lin_slave.c: 86:                 LIN_rxState = LIN_RX_BR
      +                          EAK;
  3919     006C  3001               	movlw	1
  3920     006D  00C2               	movwf	LIN_handler@LIN_rxState
  3921     006E  2979               	goto	l135
  3922     006F                     l2572:
  3923                           
  3924                           ;mcc_generated_files/LINDrivers/lin_slave.c: 90:             if(EUSART1_is_rx_ready() > 
      +                          0){
  3925     006F  3185  25E2  3180   	fcall	_EUSART1_is_rx_ready
  3926     0072  3A00               	xorlw	0
  3927     0073  1903               	skipnz
  3928     0074  2876               	goto	u1811
  3929     0075  2877               	goto	u1810
  3930     0076                     u1811:
  3931     0076  2979               	goto	l135
  3932     0077                     u1810:
  3933     0077                     l2574:
  3934                           
  3935                           ;mcc_generated_files/LINDrivers/lin_slave.c: 91:                 if(LIN_breakCheck() == 
      +                          1){
  3936     0077  3185  2568  3180   	fcall	_LIN_breakCheck
  3937     007A  3A01               	xorlw	1
  3938     007B  1D03               	skipz
  3939     007C  287E               	goto	u1821
  3940     007D  287F               	goto	u1820
  3941     007E                     u1821:
  3942     007E  2883               	goto	l111
  3943     007F                     u1820:
  3944     007F                     l2576:
  3945                           
  3946                           ;mcc_generated_files/LINDrivers/lin_slave.c: 92:                     LIN_rxState = LIN_R
      +                          X_SYNC;
  3947     007F  3002               	movlw	2
  3948     0080  0140               	movlb	0	; select bank0
  3949     0081  00C2               	movwf	LIN_handler@LIN_rxState
  3950                           
  3951                           ;mcc_generated_files/LINDrivers/lin_slave.c: 93:                 } else {
  3952     0082  2979               	goto	l135
  3953     0083                     l111:
  3954                           
  3955                           ;mcc_generated_files/LINDrivers/lin_slave.c: 94:                     LIN_rxState = LIN_R
      +                          X_ERROR;
  3956     0083  3008               	movlw	8
  3957     0084  0140               	movlb	0	; select bank0
  3958     0085  00C2               	movwf	LIN_handler@LIN_rxState
  3959     0086  2979               	goto	l135
  3960     0087                     l2578:
  3961                           
  3962                           ;mcc_generated_files/LINDrivers/lin_slave.c: 99:             if(EUSART1_is_rx_ready() > 
      +                          0){
  3963     0087  3185  25E2  3180   	fcall	_EUSART1_is_rx_ready
  3964     008A  3A00               	xorlw	0
  3965     008B  1903               	skipnz
  3966     008C  288E               	goto	u1831
  3967     008D  288F               	goto	u1830
  3968     008E                     u1831:
  3969     008E  2979               	goto	l135
  3970     008F                     u1830:
  3971     008F                     l2580:
  3972                           
  3973                           ;mcc_generated_files/LINDrivers/lin_slave.c: 100:                 if(EUSART1_Read() == 0
      +                          x55){
  3974     008F  3184  243E  3180   	fcall	_EUSART1_Read
  3975     0092  3A55               	xorlw	85
  3976     0093  1D03               	skipz
  3977     0094  2896               	goto	u1841
  3978     0095  2897               	goto	u1840
  3979     0096                     u1841:
  3980     0096  2883               	goto	l111
  3981     0097                     u1840:
  3982     0097                     l2582:
  3983                           
  3984                           ;mcc_generated_files/LINDrivers/lin_slave.c: 101:                     LIN_rxState = LIN_
      +                          RX_PID;
  3985     0097  3003               	movlw	3
  3986     0098  0140               	movlb	0	; select bank0
  3987     0099  00C2               	movwf	LIN_handler@LIN_rxState
  3988                           
  3989                           ;mcc_generated_files/LINDrivers/lin_slave.c: 103:                 } else {
  3990     009A  2979               	goto	l135
  3991     009B                     l2584:
  3992                           
  3993                           ;mcc_generated_files/LINDrivers/lin_slave.c: 109:             if(EUSART1_is_rx_ready() >
      +                           0){
  3994     009B  3185  25E2  3180   	fcall	_EUSART1_is_rx_ready
  3995     009E  3A00               	xorlw	0
  3996     009F  1903               	skipnz
  3997     00A0  28A2               	goto	u1851
  3998     00A1  28A3               	goto	u1850
  3999     00A2                     u1851:
  4000     00A2  2979               	goto	l135
  4001     00A3                     u1850:
  4002     00A3                     l2586:
  4003                           
  4004                           ;mcc_generated_files/LINDrivers/lin_slave.c: 110:                 LIN_packet.PID = EUSAR
      +                          T1_Read();
  4005     00A3  3184  243E  3180   	fcall	_EUSART1_Read
  4006     00A6  0140               	movlb	0	; select bank0
  4007     00A7  00C6               	movwf	_LIN_packet
  4008     00A8                     l2588:
  4009                           
  4010                           ;mcc_generated_files/LINDrivers/lin_slave.c: 113:                 if(LIN_checkPID(LIN_pa
      +                          cket.PID) == 0){
  4011     00A8  0846               	movf	_LIN_packet,w
  4012     00A9  3184  24E5  3180   	fcall	_LIN_checkPID
  4013     00AC  3A00               	xorlw	0
  4014     00AD  1D03               	skipz
  4015     00AE  28B0               	goto	u1861
  4016     00AF  28B1               	goto	u1860
  4017     00B0                     u1861:
  4018     00B0  28B2               	goto	l2592
  4019     00B1                     u1860:
  4020     00B1  2883               	goto	l111
  4021     00B2                     l2592:
  4022                           
  4023                           ;mcc_generated_files/LINDrivers/lin_slave.c: 117:                 LIN_packet.type = LIN_
      +                          getFromTable(LIN_packet.PID, TYPE);
  4024     00B2  01F0               	clrf	LIN_getFromTable@param
  4025     00B3  0AF0               	incf	LIN_getFromTable@param,f
  4026     00B4  0140               	movlb	0	; select bank0
  4027     00B5  0846               	movf	_LIN_packet,w
  4028     00B6  3183  230E  3180   	fcall	_LIN_getFromTable
  4029     00B9  0140               	movlb	0	; select bank0
  4030     00BA  00D0               	movwf	_LIN_packet+10
  4031     00BB                     l2594:
  4032                           
  4033                           ;mcc_generated_files/LINDrivers/lin_slave.c: 118:                 if(LIN_packet.type == 
      +                          RECEIVE){
  4034     00BB  0350               	decf	_LIN_packet+10,w
  4035     00BC  1D03               	btfss	3,2
  4036     00BD  28BF               	goto	u1871
  4037     00BE  28C0               	goto	u1870
  4038     00BF                     u1871:
  4039     00BF  28CB               	goto	l2600
  4040     00C0                     u1870:
  4041     00C0                     l2596:
  4042                           
  4043                           ;mcc_generated_files/LINDrivers/lin_slave.c: 119:                     LIN_packet.length 
      +                          = LIN_getFromTable(LIN_packet.PID, LENGTH);
  4044     00C0  3002               	movlw	2
  4045     00C1  00F0               	movwf	LIN_getFromTable@param
  4046     00C2  0846               	movf	_LIN_packet,w
  4047     00C3  3183  230E  3180   	fcall	_LIN_getFromTable
  4048     00C6  0140               	movlb	0	; select bank0
  4049     00C7  00D1               	movwf	_LIN_packet+11
  4050     00C8                     l2598:
  4051                           
  4052                           ;mcc_generated_files/LINDrivers/lin_slave.c: 120:                     LIN_rxState = LIN_
      +                          RX_DATA;
  4053     00C8  3004               	movlw	4
  4054     00C9  00C2               	movwf	LIN_handler@LIN_rxState
  4055                           
  4056                           ;mcc_generated_files/LINDrivers/lin_slave.c: 121:                 }
  4057     00CA  2979               	goto	l135
  4058     00CB                     l2600:
  4059                           
  4060                           ;mcc_generated_files/LINDrivers/lin_slave.c: 123:                     LIN_disableRx();
  4061     00CB  3186  2637  3180   	fcall	_LIN_disableRx
  4062     00CE                     l2602:
  4063                           
  4064                           ;mcc_generated_files/LINDrivers/lin_slave.c: 124:                     LIN_rxState = LIN_
      +                          RX_TX_DATA;
  4065     00CE  3006               	movlw	6
  4066     00CF  0140               	movlb	0	; select bank0
  4067     00D0  00C2               	movwf	LIN_handler@LIN_rxState
  4068     00D1  2979               	goto	l135
  4069     00D2                     l2604:
  4070                           
  4071                           ;mcc_generated_files/LINDrivers/lin_slave.c: 129:             if(EUSART1_is_rx_ready() >
      +                           0){
  4072     00D2  3185  25E2  3180   	fcall	_EUSART1_is_rx_ready
  4073     00D5  3A00               	xorlw	0
  4074     00D6  1903               	skipnz
  4075     00D7  28D9               	goto	u1881
  4076     00D8  28DA               	goto	u1880
  4077     00D9                     u1881:
  4078     00D9  2979               	goto	l135
  4079     00DA                     u1880:
  4080     00DA                     l2606:
  4081                           
  4082                           ;mcc_generated_files/LINDrivers/lin_slave.c: 130:                 LIN_packet.data[rxData
      +                          Index] = EUSART1_Read();
  4083     00DA  3184  243E  3180   	fcall	_EUSART1_Read
  4084     00DD  0141               	movlb	1	; select bank1
  4085     00DE  00A8               	movwf	??_LIN_handler^(0+128)
  4086     00DF  3047               	movlw	low (_LIN_packet+1)
  4087     00E0  00A9               	movwf	(??_LIN_handler+1)^(0+128)
  4088     00E1  3000               	movlw	high (_LIN_packet+1)
  4089     00E2  00AA               	movwf	((??_LIN_handler+1)^(0+128)+1)
  4090     00E3  0140               	movlb	0	; select bank0
  4091     00E4  0841               	movf	LIN_handler@rxDataIndex,w
  4092     00E5  0141               	movlb	1	; select bank1
  4093     00E6  0729               	addwf	(??_LIN_handler+1)^(0+128),w
  4094     00E7  00AB               	movwf	(??_LIN_handler+3)^(0+128)
  4095     00E8  3000               	movlw	0
  4096     00E9  3D2A               	addwfc	(??_LIN_handler+2)^(0+128),w
  4097     00EA  00AC               	movwf	(??_LIN_handler+4)^(0+128)
  4098     00EB  082B               	movf	(??_LIN_handler+3)^(0+128),w
  4099     00EC  0086               	movwf	6
  4100     00ED  082C               	movf	(??_LIN_handler+4)^(0+128),w
  4101     00EE  0087               	movwf	7
  4102     00EF  0828               	movf	??_LIN_handler^(0+128),w
  4103     00F0  0081               	movwf	1
  4104     00F1                     l2608:
  4105                           
  4106                           ;mcc_generated_files/LINDrivers/lin_slave.c: 131:                 if(++rxDataIndex >= LI
      +                          N_packet.length){
  4107     00F1  3001               	movlw	1
  4108     00F2  0140               	movlb	0	; select bank0
  4109     00F3  07C1               	addwf	LIN_handler@rxDataIndex,f
  4110     00F4  0851               	movf	_LIN_packet+11,w
  4111     00F5  0241               	subwf	LIN_handler@rxDataIndex,w
  4112     00F6  1C03               	skipc
  4113     00F7  28F9               	goto	u1891
  4114     00F8  28FA               	goto	u1890
  4115     00F9                     u1891:
  4116     00F9  2979               	goto	l135
  4117     00FA                     u1890:
  4118     00FA                     l2610:
  4119                           
  4120                           ;mcc_generated_files/LINDrivers/lin_slave.c: 133:                     rxDataIndex = 0;
  4121     00FA  01C1               	clrf	LIN_handler@rxDataIndex
  4122     00FB                     l2612:
  4123                           
  4124                           ;mcc_generated_files/LINDrivers/lin_slave.c: 134:                     LIN_rxState = LIN_
      +                          RX_CHECKSUM;
  4125     00FB  3005               	movlw	5
  4126     00FC  00C2               	movwf	LIN_handler@LIN_rxState
  4127     00FD  2979               	goto	l135
  4128     00FE                     l2614:
  4129                           
  4130                           ;mcc_generated_files/LINDrivers/lin_slave.c: 139:             if(EUSART1_is_rx_ready() >
      +                           0){
  4131     00FE  3185  25E2  3180   	fcall	_EUSART1_is_rx_ready
  4132     0101  3A00               	xorlw	0
  4133     0102  1903               	skipnz
  4134     0103  2905               	goto	u1901
  4135     0104  2906               	goto	u1900
  4136     0105                     u1901:
  4137     0105  2979               	goto	l135
  4138     0106                     u1900:
  4139     0106                     l2616:
  4140                           
  4141                           ;mcc_generated_files/LINDrivers/lin_slave.c: 140:                 LIN_packet.checksum = 
      +                          EUSART1_Read();
  4142     0106  3184  243E  3180   	fcall	_EUSART1_Read
  4143     0109  0140               	movlb	0	; select bank0
  4144     010A  00CF               	movwf	_LIN_packet+9
  4145                           
  4146                           ;mcc_generated_files/LINDrivers/lin_slave.c: 141:                 if(LIN_packet.checksum
      +                           != LIN_getChecksum(LIN_packet.length, LIN_packet.PID, LIN_packet.data)) {
  4147     010B  0846               	movf	_LIN_packet,w
  4148     010C  00F0               	movwf	LIN_getChecksum@pid
  4149     010D  3047               	movlw	low (_LIN_packet+1)
  4150     010E  00F1               	movwf	LIN_getChecksum@data
  4151     010F  3000               	movlw	high (_LIN_packet+1)
  4152     0110  00F2               	movwf	LIN_getChecksum@data+1
  4153     0111  0851               	movf	_LIN_packet+11,w
  4154     0112  3183  23E6  3180   	fcall	_LIN_getChecksum
  4155     0115  0140               	movlb	0	; select bank0
  4156     0116  064F               	xorwf	_LIN_packet+9,w
  4157     0117  1903               	skipnz
  4158     0118  291A               	goto	u1911
  4159     0119  291B               	goto	u1910
  4160     011A                     u1911:
  4161     011A  291C               	goto	l127
  4162     011B                     u1910:
  4163     011B  2883               	goto	l111
  4164     011C                     l127:	
  4165                           ;mcc_generated_files/LINDrivers/lin_slave.c: 144:                 else {
  4166                           
  4167                           
  4168                           ;mcc_generated_files/LINDrivers/lin_slave.c: 145:                     LIN_rxState = LIN_
      +                          RX_RDY;
  4169     011C  3007               	movlw	7
  4170     011D  00C2               	movwf	LIN_handler@LIN_rxState
  4171     011E  2979               	goto	l135
  4172     011F                     l2620:
  4173                           
  4174                           ;mcc_generated_files/LINDrivers/lin_slave.c: 150:             LIN_queuePacket(LIN_packet
      +                          .PID);
  4175     011F  0140               	movlb	0	; select bank0
  4176     0120  0846               	movf	_LIN_packet,w
  4177     0121  3182  22AA  3180   	fcall	_LIN_queuePacket
  4178     0124                     l2622:
  4179                           
  4180                           ;mcc_generated_files/LINDrivers/lin_slave.c: 151:             LIN_rxState = LIN_RX_RDY;
  4181     0124  3007               	movlw	7
  4182     0125  0140               	movlb	0	; select bank0
  4183     0126  00C2               	movwf	LIN_handler@LIN_rxState
  4184     0127                     l130:	
  4185                           ;mcc_generated_files/LINDrivers/lin_slave.c: 152:         case LIN_RX_RDY:
  4186                           
  4187                           
  4188                           ;mcc_generated_files/LINDrivers/lin_slave.c: 153:             LIN_processData();
  4189     0127  0140               	movlb	0	; select bank0
  4190     0128  0866               	movf	_LIN_processData+1,w
  4191     0129  008A               	movwf	10
  4192     012A  0865               	movf	_LIN_processData,w
  4193     012B  000A               	callw
  4194     012C  3180               	pagesel	$
  4195     012D                     l2624:
  4196                           
  4197                           ;mcc_generated_files/LINDrivers/lin_slave.c: 155:             LIN_stopTimer();
  4198     012D  3186  2644  3180   	fcall	_LIN_stopTimer
  4199     0130                     l2626:
  4200                           
  4201                           ;mcc_generated_files/LINDrivers/lin_slave.c: 156:             rxDataIndex = 0;
  4202     0130  0140               	movlb	0	; select bank0
  4203     0131  01C1               	clrf	LIN_handler@rxDataIndex
  4204     0132                     l2628:
  4205                           
  4206                           ;mcc_generated_files/LINDrivers/lin_slave.c: 157:             LIN_rxInProgress = 0;
  4207     0132  01C5               	clrf	_LIN_rxInProgress
  4208     0133                     l2630:
  4209                           
  4210                           ;mcc_generated_files/LINDrivers/lin_slave.c: 158:             memset(LIN_packet.rawPacke
      +                          t, 0, sizeof(LIN_packet.rawPacket));
  4211     0133  3046               	movlw	low _LIN_packet
  4212     0134  00F0               	movwf	memset@dest
  4213     0135  3000               	movlw	high _LIN_packet
  4214     0136  00F1               	movwf	memset@dest+1
  4215     0137  3000               	movlw	0
  4216     0138  00F2               	movwf	memset@c
  4217     0139  00F3               	movwf	memset@c+1
  4218     013A  300D               	movlw	13
  4219     013B  00F4               	movwf	memset@n
  4220     013C  3000               	movlw	0
  4221     013D  00F5               	movwf	memset@n+1
  4222     013E  3184  24FF  3180   	fcall	_memset
  4223     0141                     l2632:
  4224                           
  4225                           ;mcc_generated_files/LINDrivers/lin_slave.c: 160:             if(TX1STAbits.TRMT){
  4226     0141  0142               	movlb	2	; select bank2
  4227     0142  1C9E               	btfss	30,1	;volatile
  4228     0143  2945               	goto	u1921
  4229     0144  2946               	goto	u1920
  4230     0145                     u1921:
  4231     0145  294C               	goto	l133
  4232     0146                     u1920:
  4233     0146                     l2634:
  4234                           
  4235                           ;mcc_generated_files/LINDrivers/lin_slave.c: 161:                 LIN_enableRx();
  4236     0146  3186  2632  3180   	fcall	_LIN_enableRx
  4237     0149                     l2636:
  4238                           
  4239                           ;mcc_generated_files/LINDrivers/lin_slave.c: 162:                 LIN_rxState = LIN_RX_I
      +                          DLE;
  4240     0149  0140               	movlb	0	; select bank0
  4241     014A  01C2               	clrf	LIN_handler@LIN_rxState
  4242                           
  4243                           ;mcc_generated_files/LINDrivers/lin_slave.c: 163:             } else {
  4244     014B  2979               	goto	l135
  4245     014C                     l133:
  4246                           
  4247                           ;mcc_generated_files/LINDrivers/lin_slave.c: 164:                 LIN_rxState = LIN_RX_W
      +                          AIT;
  4248     014C  3009               	movlw	9
  4249     014D  0140               	movlb	0	; select bank0
  4250     014E  00C2               	movwf	LIN_handler@LIN_rxState
  4251     014F  2979               	goto	l135
  4252     0150                     l2640:
  4253     0150  0842               	movf	LIN_handler@LIN_rxState,w
  4254     0151  0141               	movlb	1	; select bank1
  4255     0152  00A8               	movwf	??_LIN_handler^(0+128)
  4256     0153  01A9               	clrf	(??_LIN_handler^(0+128)+1)
  4257                           
  4258                           ; Switch on 2 bytes has been partitioned into a top level switch of size 1, and 1 sub-sw
      +                          itches
  4259                           ; Switch size 1, requested type "simple"
  4260                           ; Number of cases is 1, Range of values is 0 to 0
  4261                           ; switch strategies available:
  4262                           ; Name         Instructions Cycles
  4263                           ; simple_byte            4     3 (average)
  4264                           ; direct_byte            8     6 (fixed)
  4265                           ; jumptable            260     6 (fixed)
  4266                           ;	Chosen strategy is simple_byte
  4267     0154  0829               	movf	(??_LIN_handler+1)^(0+128),w
  4268     0155  3A00               	xorlw	0	; case 0
  4269     0156  1903               	skipnz
  4270     0157  2959               	goto	l2730
  4271     0158  2979               	goto	l135
  4272     0159                     l2730:
  4273                           
  4274                           ; Switch size 1, requested type "simple"
  4275                           ; Number of cases is 10, Range of values is 0 to 9
  4276                           ; switch strategies available:
  4277                           ; Name         Instructions Cycles
  4278                           ; direct_byte           26     6 (fixed)
  4279                           ; simple_byte           31    16 (average)
  4280                           ; jumptable            260     6 (fixed)
  4281                           ;	Chosen strategy is simple_byte
  4282     0159  0828               	movf	??_LIN_handler^(0+128),w
  4283     015A  3A00               	xorlw	0	; case 0
  4284     015B  1903               	skipnz
  4285     015C  285D               	goto	l2564
  4286     015D  3A01               	xorlw	1	; case 1
  4287     015E  1903               	skipnz
  4288     015F  286F               	goto	l2572
  4289     0160  3A03               	xorlw	3	; case 2
  4290     0161  1903               	skipnz
  4291     0162  2887               	goto	l2578
  4292     0163  3A01               	xorlw	1	; case 3
  4293     0164  1903               	skipnz
  4294     0165  289B               	goto	l2584
  4295     0166  3A07               	xorlw	7	; case 4
  4296     0167  1903               	skipnz
  4297     0168  28D2               	goto	l2604
  4298     0169  3A01               	xorlw	1	; case 5
  4299     016A  1903               	skipnz
  4300     016B  28FE               	goto	l2614
  4301     016C  3A03               	xorlw	3	; case 6
  4302     016D  1903               	skipnz
  4303     016E  291F               	goto	l2620
  4304     016F  3A01               	xorlw	1	; case 7
  4305     0170  1903               	skipnz
  4306     0171  2927               	goto	l130
  4307     0172  3A0F               	xorlw	15	; case 8
  4308     0173  1903               	skipnz
  4309     0174  292D               	goto	l2624
  4310     0175  3A01               	xorlw	1	; case 9
  4311     0176  1903               	skipnz
  4312     0177  2941               	goto	l2632
  4313     0178  2979               	goto	l135
  4314     0179                     l135:
  4315     0179  0008               	return
  4316     017A                     __end_of_LIN_handler:
  4317                           
  4318                           	psect	text27
  4319     057B                     __ptext27:	
  4320 ;; *************** function _processLIN *****************
  4321 ;; Defined at:
  4322 ;;		line 49 in file "mcc_generated_files/LINDrivers/lin_app.c"
  4323 ;; Parameters:    Size  Location     Type
  4324 ;;		None
  4325 ;; Auto vars:     Size  Location     Type
  4326 ;;  cmd             1   11[COMMON] unsigned char 
  4327 ;; Return value:  Size  Location     Type
  4328 ;;                  1    wreg      void 
  4329 ;; Registers used:
  4330 ;;		wreg, fsr0l, fsr0h, fsr1l, fsr1h, status,2, status,0, pclath, cstack
  4331 ;; Tracked objects:
  4332 ;;		On entry : 0/0
  4333 ;;		On exit  : 0/0
  4334 ;;		Unchanged: 0/0
  4335 ;; Data sizes:     COMMON   BANK0   BANK1   BANK2
  4336 ;;      Params:         0       0       0       0
  4337 ;;      Locals:         1       0       0       0
  4338 ;;      Temps:          0       0       0       0
  4339 ;;      Totals:         1       0       0       0
  4340 ;;Total ram usage:        1 bytes
  4341 ;; Hardware stack levels used: 1
  4342 ;; Hardware stack levels required when called: 6
  4343 ;; This function calls:
  4344 ;;		_LIN_getPacket
  4345 ;;		_func_F150
  4346 ;; This function is called by:
  4347 ;;		_LIN_Slave_Initialize
  4348 ;;		_LIN_handler
  4349 ;; This function uses a non-reentrant model
  4350 ;;
  4351                           
  4352     057B                     _processLIN:	
  4353                           ;psect for function _processLIN
  4354                           
  4355     057B                     l2142:	
  4356                           ;incstack = 0
  4357                           ; Regs used in _processLIN: [wreg-fsr1h+status,2+status,0+pclath+cstack]
  4358                           
  4359                           
  4360                           ;mcc_generated_files/LINDrivers/lin_app.c: 51:   uint8_t cmd;;mcc_generated_files/LINDri
      +                          vers/lin_app.c: 53:   cmd = LIN_getPacket(tempRxData);
  4361     057B  3053               	movlw	(low (_tempRxData| 0))& (0+255)
  4362     057C  00F9               	movwf	LIN_getPacket@data
  4363     057D  3184  2485  3185   	fcall	_LIN_getPacket
  4364     0580  00FB               	movwf	processLIN@cmd
  4365                           
  4366                           ;mcc_generated_files/LINDrivers/lin_app.c: 54:   switch (cmd) {
  4367     0581  2D86               	goto	l2148
  4368     0582                     l2144:
  4369                           
  4370                           ;mcc_generated_files/LINDrivers/lin_app.c: 56:       func_F150();
  4371     0582  3181  217A  3185   	fcall	_func_F150
  4372                           
  4373                           ;mcc_generated_files/LINDrivers/lin_app.c: 57:     break;
  4374     0585  2D8B               	goto	l24
  4375     0586                     l2148:
  4376     0586  087B               	movf	processLIN@cmd,w
  4377                           
  4378                           ; Switch size 1, requested type "simple"
  4379                           ; Number of cases is 1, Range of values is 1 to 1
  4380                           ; switch strategies available:
  4381                           ; Name         Instructions Cycles
  4382                           ; simple_byte            4     3 (average)
  4383                           ; direct_byte           11     9 (fixed)
  4384                           ; jumptable            263     9 (fixed)
  4385                           ;	Chosen strategy is simple_byte
  4386     0587  3A01               	xorlw	1	; case 1
  4387     0588  1903               	skipnz
  4388     0589  2D82               	goto	l2144
  4389     058A  2D8B               	goto	l24
  4390     058B                     l24:
  4391     058B  0008               	return
  4392     058C                     __end_of_processLIN:
  4393                           
  4394                           	psect	text28
  4395     017A                     __ptext28:	
  4396 ;; *************** function _func_F150 *****************
  4397 ;; Defined at:
  4398 ;;		line 82 in file "F150.c"
  4399 ;; Parameters:    Size  Location     Type
  4400 ;;		None
  4401 ;; Auto vars:     Size  Location     Type
  4402 ;;		None
  4403 ;; Return value:  Size  Location     Type
  4404 ;;                  1    wreg      void 
  4405 ;; Registers used:
  4406 ;;		wreg, fsr0l, fsr0h, status,2, status,0, pclath, cstack
  4407 ;; Tracked objects:
  4408 ;;		On entry : 0/0
  4409 ;;		On exit  : 0/0
  4410 ;;		Unchanged: 0/0
  4411 ;; Data sizes:     COMMON   BANK0   BANK1   BANK2
  4412 ;;      Params:         0       0       0       0
  4413 ;;      Locals:         0       0       0       0
  4414 ;;      Temps:          1       0       0       0
  4415 ;;      Totals:         1       0       0       0
  4416 ;;Total ram usage:        1 bytes
  4417 ;; Hardware stack levels used: 1
  4418 ;; Hardware stack levels required when called: 5
  4419 ;; This function calls:
  4420 ;;		_DRL_OFF
  4421 ;;		_DRL_ON
  4422 ;;		_HiBeam_OFF
  4423 ;;		_HiBeam_ON
  4424 ;;		_POS_OFF
  4425 ;;		_POS_ON
  4426 ;; This function is called by:
  4427 ;;		_processLIN
  4428 ;; This function uses a non-reentrant model
  4429 ;;
  4430                           
  4431     017A                     _func_F150:	
  4432                           ;psect for function _func_F150
  4433                           
  4434     017A                     l1936:	
  4435                           ;incstack = 0
  4436                           ; Regs used in _func_F150: [wreg-fsr0h+status,2+status,0+pclath+cstack]
  4437                           
  4438                           
  4439                           ;F150.c: 85:   if (tempRxData[0] == 0x24) {
  4440     017A  3024               	movlw	36
  4441     017B  0140               	movlb	0	; select bank0
  4442     017C  0653               	xorwf	_tempRxData,w
  4443     017D  1D03               	btfss	3,2
  4444     017E  2980               	goto	u941
  4445     017F  2981               	goto	u940
  4446     0180                     u941:
  4447     0180  29D8               	goto	l1990
  4448     0181                     u940:
  4449     0181  29A7               	goto	l1982
  4450     0182                     l1940:
  4451                           
  4452                           ;F150.c: 88:       lampState.mode = eOFF_DRL;
  4453     0182  30F8               	movlw	-8
  4454     0183  05B9               	andwf	_lampState,f
  4455     0184                     l1942:
  4456                           
  4457                           ;F150.c: 89:       lampFlags.all_flags = 0;
  4458     0184  01B8               	clrf	_lampFlags
  4459                           
  4460                           ;F150.c: 90:       break;
  4461     0185  29C7               	goto	l1984
  4462     0186                     l1944:
  4463                           
  4464                           ;F150.c: 93:       lampState.mode = eOFF_DRL;
  4465     0186  30F8               	movlw	-8
  4466     0187  05B9               	andwf	_lampState,f
  4467     0188                     l1946:
  4468                           
  4469                           ;F150.c: 94:       lampFlags.fDRL = 1;
  4470     0188  1438               	bsf	_lampFlags,0
  4471     0189                     l1948:
  4472                           
  4473                           ;F150.c: 95:       lampFlags.fPOS = 0;
  4474     0189  10B8               	bcf	_lampFlags,1
  4475                           
  4476                           ;F150.c: 96:       break;
  4477     018A  29C7               	goto	l1984
  4478     018B                     l1950:
  4479                           
  4480                           ;F150.c: 99:       lampState.mode = ePOS;
  4481     018B  0839               	movf	_lampState,w
  4482     018C  39F8               	andlw	-8
  4483     018D  3801               	iorlw	1
  4484     018E  00B9               	movwf	_lampState
  4485     018F                     l1952:
  4486                           
  4487                           ;F150.c: 100:       lampFlags.fPOS = 1;
  4488     018F  14B8               	bsf	_lampFlags,1
  4489     0190                     l1954:
  4490                           
  4491                           ;F150.c: 101:       lampFlags.fDRL = 0;
  4492     0190  1038               	bcf	_lampFlags,0
  4493                           
  4494                           ;F150.c: 102:       break;
  4495     0191  29C7               	goto	l1984
  4496     0192                     l1956:
  4497                           
  4498                           ;F150.c: 104:       lampState.mode = eAUTO_DRL;
  4499     0192  0839               	movf	_lampState,w
  4500     0193  39F8               	andlw	-8
  4501     0194  3802               	iorlw	2
  4502     0195  00B9               	movwf	_lampState
  4503     0196  2988               	goto	l1946
  4504     0197                     l1962:
  4505                           
  4506                           ;F150.c: 110:       lampState.mode = eAUTO_LOBEAM_POS;
  4507     0197  0839               	movf	_lampState,w
  4508     0198  39F8               	andlw	-8
  4509     0199  3803               	iorlw	3
  4510     019A  00B9               	movwf	_lampState
  4511     019B                     l1964:
  4512                           
  4513                           ;F150.c: 111:       lampFlags.fLOBEAM = 1;
  4514     019B  1538               	bsf	_lampFlags,2
  4515     019C  298F               	goto	l1952
  4516     019D                     l1970:
  4517                           
  4518                           ;F150.c: 117:       lampState.mode = eLOBEAM;
  4519     019D  0839               	movf	_lampState,w
  4520     019E  39F8               	andlw	-8
  4521     019F  3804               	iorlw	4
  4522     01A0  00B9               	movwf	_lampState
  4523     01A1  299B               	goto	l1964
  4524     01A2                     l1978:
  4525                           
  4526                           ;F150.c: 123:       lampState.mode = eUndefined;
  4527     01A2  0839               	movf	_lampState,w
  4528     01A3  39F8               	andlw	-8
  4529     01A4  3805               	iorlw	5
  4530     01A5  00B9               	movwf	_lampState
  4531                           
  4532                           ;F150.c: 124:       break;
  4533     01A6  29C7               	goto	l1984
  4534     01A7                     l1982:
  4535     01A7  0855               	movf	_tempRxData+2,w
  4536                           
  4537                           ; Switch size 1, requested type "simple"
  4538                           ; Number of cases is 10, Range of values is 10 to 148
  4539                           ; switch strategies available:
  4540                           ; Name         Instructions Cycles
  4541                           ; simple_byte           31    16 (average)
  4542                           ; jumptable            263     9 (fixed)
  4543                           ;	Chosen strategy is simple_byte
  4544     01A8  3A0A               	xorlw	10	; case 10
  4545     01A9  1903               	skipnz
  4546     01AA  298B               	goto	l1950
  4547     01AB  3A01               	xorlw	1	; case 11
  4548     01AC  1903               	skipnz
  4549     01AD  299D               	goto	l1970
  4550     01AE  3A1A               	xorlw	26	; case 17
  4551     01AF  1903               	skipnz
  4552     01B0  2982               	goto	l1940
  4553     01B1  3A03               	xorlw	3	; case 18
  4554     01B2  1903               	skipnz
  4555     01B3  298B               	goto	l1950
  4556     01B4  3A01               	xorlw	1	; case 19
  4557     01B5  1903               	skipnz
  4558     01B6  299D               	goto	l1970
  4559     01B7  3A5A               	xorlw	90	; case 73
  4560     01B8  1903               	skipnz
  4561     01B9  2986               	goto	l1944
  4562     01BA  3A05               	xorlw	5	; case 76
  4563     01BB  1903               	skipnz
  4564     01BC  2992               	goto	l1956
  4565     01BD  3A1D               	xorlw	29	; case 81
  4566     01BE  1903               	skipnz
  4567     01BF  2986               	goto	l1944
  4568     01C0  3ADD               	xorlw	221	; case 140
  4569     01C1  1903               	skipnz
  4570     01C2  2997               	goto	l1962
  4571     01C3  3A18               	xorlw	24	; case 148
  4572     01C4  1903               	skipnz
  4573     01C5  2997               	goto	l1962
  4574     01C6  29A2               	goto	l1978
  4575     01C7                     l1984:
  4576                           
  4577                           ;F150.c: 128:     if (lampState.mode != eUndefined) {
  4578     01C7  0839               	movf	_lampState,w
  4579     01C8  3907               	andlw	7
  4580     01C9  3A05               	xorlw	5
  4581     01CA  1903               	skipnz
  4582     01CB  29CD               	goto	u951
  4583     01CC  29CE               	goto	u950
  4584     01CD                     u951:
  4585     01CD  2A00               	goto	l2006
  4586     01CE                     u950:
  4587     01CE                     l1986:
  4588                           
  4589                           ;F150.c: 129:       if ((tempRxData[1] & 0B11000000) != 0) {
  4590     01CE  0854               	movf	_tempRxData+1,w
  4591     01CF  39C0               	andlw	192
  4592     01D0  1903               	btfsc	3,2
  4593     01D1  29D3               	goto	u961
  4594     01D2  29D4               	goto	u960
  4595     01D3                     u961:
  4596     01D3  29D6               	goto	l554
  4597     01D4                     u960:
  4598     01D4                     l1988:
  4599                           
  4600                           ;F150.c: 130:         lampFlags.fHIBEAM = 1;
  4601     01D4  15B8               	bsf	_lampFlags,3
  4602                           
  4603                           ;F150.c: 131:       } else {
  4604     01D5  2A00               	goto	l2006
  4605     01D6                     l554:
  4606                           
  4607                           ;F150.c: 132:         lampFlags.fHIBEAM = 0;
  4608     01D6  11B8               	bcf	_lampFlags,3
  4609     01D7  2A00               	goto	l2006
  4610     01D8                     l1990:
  4611     01D8  0353               	decf	_tempRxData,w
  4612     01D9  1D03               	btfss	3,2
  4613     01DA  29DC               	goto	u971
  4614     01DB  29DD               	goto	u970
  4615     01DC                     u971:
  4616     01DC  29EA               	goto	l1998
  4617     01DD                     u970:
  4618     01DD                     l1992:
  4619                           
  4620                           ;F150.c: 137:     if (tempRxData[2] == 0x0C) {
  4621     01DD  300C               	movlw	12
  4622     01DE  0655               	xorwf	_tempRxData+2,w
  4623     01DF  1D03               	btfss	3,2
  4624     01E0  29E2               	goto	u981
  4625     01E1  29E3               	goto	u980
  4626     01E2                     u981:
  4627     01E2  2A00               	goto	l2006
  4628     01E3                     u980:
  4629     01E3                     l1994:
  4630                           
  4631                           ;F150.c: 138:       if ((tempRxData[4] & 0B00000100) == 0x04) {
  4632     01E3  1D57               	btfss	_tempRxData+4,2
  4633     01E4  29E6               	goto	u991
  4634     01E5  29E7               	goto	u990
  4635     01E6                     u991:
  4636     01E6  2A00               	goto	l2006
  4637     01E7                     u990:
  4638     01E7                     l1996:
  4639                           
  4640                           ;F150.c: 139:         lampState.all_flags = 0;
  4641     01E7  01B9               	clrf	_lampState
  4642                           
  4643                           ;F150.c: 140:         lampFlags.all_flags = 0;
  4644     01E8  01B8               	clrf	_lampFlags
  4645     01E9  2A00               	goto	l2006
  4646     01EA                     l1998:
  4647     01EA  3011               	movlw	17
  4648     01EB  0653               	xorwf	_tempRxData,w
  4649     01EC  1D03               	btfss	3,2
  4650     01ED  29EF               	goto	u1001
  4651     01EE  29F0               	goto	u1000
  4652     01EF                     u1001:
  4653     01EF  2A00               	goto	l2006
  4654     01F0                     u1000:
  4655     01F0                     l2000:
  4656                           
  4657                           ;F150.c: 144:     if (tempRxData[2] == 0x0C) {
  4658     01F0  300C               	movlw	12
  4659     01F1  0655               	xorwf	_tempRxData+2,w
  4660     01F2  1D03               	btfss	3,2
  4661     01F3  29F5               	goto	u1011
  4662     01F4  29F6               	goto	u1010
  4663     01F5                     u1011:
  4664     01F5  2A00               	goto	l2006
  4665     01F6                     u1010:
  4666     01F6                     l2002:
  4667                           
  4668                           ;F150.c: 145:       if ((tempRxData[4] & 0B00000111) == 0x07) {
  4669     01F6  3007               	movlw	7
  4670     01F7  0557               	andwf	_tempRxData+4,w
  4671     01F8  00F0               	movwf	??_func_F150
  4672     01F9  3007               	movlw	7
  4673     01FA  0670               	xorwf	??_func_F150,w
  4674     01FB  1D03               	btfss	3,2
  4675     01FC  29FE               	goto	u1021
  4676     01FD  29FF               	goto	u1020
  4677     01FE                     u1021:
  4678     01FE  2A00               	goto	l2006
  4679     01FF                     u1020:
  4680     01FF  29E7               	goto	l1996
  4681     0200                     l2006:
  4682                           
  4683                           ;F150.c: 154:   if (lampFlags.fDRL) {
  4684     0200  1C38               	btfss	_lampFlags,0
  4685     0201  2A03               	goto	u1031
  4686     0202  2A04               	goto	u1030
  4687     0203                     u1031:
  4688     0203  2A08               	goto	l2010
  4689     0204                     u1030:
  4690     0204                     l2008:
  4691                           
  4692                           ;F150.c: 155:     DRL_ON();
  4693     0204  3186  2668  3181   	fcall	_DRL_ON
  4694                           
  4695                           ;F150.c: 156:   } else {
  4696     0207  2A0B               	goto	l2012
  4697     0208                     l2010:
  4698                           
  4699                           ;F150.c: 157:     DRL_OFF();
  4700     0208  3186  266B  3181   	fcall	_DRL_OFF
  4701     020B                     l2012:
  4702                           
  4703                           ;F150.c: 160:   if (lampFlags.fPOS) {
  4704     020B  0140               	movlb	0	; select bank0
  4705     020C  1CB8               	btfss	_lampFlags,1
  4706     020D  2A0F               	goto	u1041
  4707     020E  2A10               	goto	u1040
  4708     020F                     u1041:
  4709     020F  2A14               	goto	l2016
  4710     0210                     u1040:
  4711     0210                     l2014:
  4712                           
  4713                           ;F150.c: 161:     POS_ON();
  4714     0210  3186  265C  3181   	fcall	_POS_ON
  4715                           
  4716                           ;F150.c: 162:   } else {
  4717     0213  2A17               	goto	l2018
  4718     0214                     l2016:
  4719                           
  4720                           ;F150.c: 163:     POS_OFF();
  4721     0214  3186  265F  3181   	fcall	_POS_OFF
  4722     0217                     l2018:
  4723                           
  4724                           ;F150.c: 167:   if (lampFlags.fHIBEAM) {
  4725     0217  0140               	movlb	0	; select bank0
  4726     0218  1DB8               	btfss	_lampFlags,3
  4727     0219  2A1B               	goto	u1051
  4728     021A  2A1C               	goto	u1050
  4729     021B                     u1051:
  4730     021B  2A20               	goto	l2022
  4731     021C                     u1050:
  4732     021C                     l2020:
  4733                           
  4734                           ;F150.c: 168:     HiBeam_ON();
  4735     021C  3186  2662  3181   	fcall	_HiBeam_ON
  4736                           
  4737                           ;F150.c: 169:   } else {
  4738     021F  2A23               	goto	l570
  4739     0220                     l2022:
  4740                           
  4741                           ;F150.c: 170:     HiBeam_OFF();
  4742     0220  3186  2665  3181   	fcall	_HiBeam_OFF
  4743     0223                     l570:
  4744     0223  0008               	return
  4745     0224                     __end_of_func_F150:
  4746                           
  4747                           	psect	text29
  4748     065C                     __ptext29:	
  4749 ;; *************** function _POS_ON *****************
  4750 ;; Defined at:
  4751 ;;		line 35 in file "gpio.c"
  4752 ;; Parameters:    Size  Location     Type
  4753 ;;		None
  4754 ;; Auto vars:     Size  Location     Type
  4755 ;;		None
  4756 ;; Return value:  Size  Location     Type
  4757 ;;                  1    wreg      void 
  4758 ;; Registers used:
  4759 ;;		None
  4760 ;; Tracked objects:
  4761 ;;		On entry : 0/0
  4762 ;;		On exit  : 0/0
  4763 ;;		Unchanged: 0/0
  4764 ;; Data sizes:     COMMON   BANK0   BANK1   BANK2
  4765 ;;      Params:         0       0       0       0
  4766 ;;      Locals:         0       0       0       0
  4767 ;;      Temps:          0       0       0       0
  4768 ;;      Totals:         0       0       0       0
  4769 ;;Total ram usage:        0 bytes
  4770 ;; Hardware stack levels used: 1
  4771 ;; Hardware stack levels required when called: 4
  4772 ;; This function calls:
  4773 ;;		Nothing
  4774 ;; This function is called by:
  4775 ;;		_func_F150
  4776 ;; This function uses a non-reentrant model
  4777 ;;
  4778                           
  4779     065C                     _POS_ON:	
  4780                           ;psect for function _POS_ON
  4781                           
  4782     065C                     l1914:	
  4783                           ;incstack = 0
  4784                           ; Regs used in _POS_ON: []
  4785                           
  4786     065C  0140               	movlb	0	; select bank0
  4787     065D  1698               	bsf	24,5	;volatile
  4788     065E                     l515:
  4789     065E  0008               	return
  4790     065F                     __end_of_POS_ON:
  4791                           
  4792                           	psect	text30
  4793     065F                     __ptext30:	
  4794 ;; *************** function _POS_OFF *****************
  4795 ;; Defined at:
  4796 ;;		line 36 in file "gpio.c"
  4797 ;; Parameters:    Size  Location     Type
  4798 ;;		None
  4799 ;; Auto vars:     Size  Location     Type
  4800 ;;		None
  4801 ;; Return value:  Size  Location     Type
  4802 ;;                  1    wreg      void 
  4803 ;; Registers used:
  4804 ;;		None
  4805 ;; Tracked objects:
  4806 ;;		On entry : 0/0
  4807 ;;		On exit  : 0/0
  4808 ;;		Unchanged: 0/0
  4809 ;; Data sizes:     COMMON   BANK0   BANK1   BANK2
  4810 ;;      Params:         0       0       0       0
  4811 ;;      Locals:         0       0       0       0
  4812 ;;      Temps:          0       0       0       0
  4813 ;;      Totals:         0       0       0       0
  4814 ;;Total ram usage:        0 bytes
  4815 ;; Hardware stack levels used: 1
  4816 ;; Hardware stack levels required when called: 4
  4817 ;; This function calls:
  4818 ;;		Nothing
  4819 ;; This function is called by:
  4820 ;;		_func_F150
  4821 ;; This function uses a non-reentrant model
  4822 ;;
  4823                           
  4824     065F                     _POS_OFF:	
  4825                           ;psect for function _POS_OFF
  4826                           
  4827     065F                     l1916:	
  4828                           ;incstack = 0
  4829                           ; Regs used in _POS_OFF: []
  4830                           
  4831     065F  0140               	movlb	0	; select bank0
  4832     0660  1298               	bcf	24,5	;volatile
  4833     0661                     l518:
  4834     0661  0008               	return
  4835     0662                     __end_of_POS_OFF:
  4836                           
  4837                           	psect	text31
  4838     0662                     __ptext31:	
  4839 ;; *************** function _HiBeam_ON *****************
  4840 ;; Defined at:
  4841 ;;		line 31 in file "gpio.c"
  4842 ;; Parameters:    Size  Location     Type
  4843 ;;		None
  4844 ;; Auto vars:     Size  Location     Type
  4845 ;;		None
  4846 ;; Return value:  Size  Location     Type
  4847 ;;                  1    wreg      void 
  4848 ;; Registers used:
  4849 ;;		None
  4850 ;; Tracked objects:
  4851 ;;		On entry : 0/0
  4852 ;;		On exit  : 0/0
  4853 ;;		Unchanged: 0/0
  4854 ;; Data sizes:     COMMON   BANK0   BANK1   BANK2
  4855 ;;      Params:         0       0       0       0
  4856 ;;      Locals:         0       0       0       0
  4857 ;;      Temps:          0       0       0       0
  4858 ;;      Totals:         0       0       0       0
  4859 ;;Total ram usage:        0 bytes
  4860 ;; Hardware stack levels used: 1
  4861 ;; Hardware stack levels required when called: 4
  4862 ;; This function calls:
  4863 ;;		Nothing
  4864 ;; This function is called by:
  4865 ;;		_func_F150
  4866 ;; This function uses a non-reentrant model
  4867 ;;
  4868                           
  4869     0662                     _HiBeam_ON:	
  4870                           ;psect for function _HiBeam_ON
  4871                           
  4872     0662                     l1906:	
  4873                           ;incstack = 0
  4874                           ; Regs used in _HiBeam_ON: []
  4875                           
  4876     0662  0140               	movlb	0	; select bank0
  4877     0663  1618               	bsf	24,4	;volatile
  4878     0664                     l503:
  4879     0664  0008               	return
  4880     0665                     __end_of_HiBeam_ON:
  4881                           
  4882                           	psect	text32
  4883     0665                     __ptext32:	
  4884 ;; *************** function _HiBeam_OFF *****************
  4885 ;; Defined at:
  4886 ;;		line 32 in file "gpio.c"
  4887 ;; Parameters:    Size  Location     Type
  4888 ;;		None
  4889 ;; Auto vars:     Size  Location     Type
  4890 ;;		None
  4891 ;; Return value:  Size  Location     Type
  4892 ;;                  1    wreg      void 
  4893 ;; Registers used:
  4894 ;;		None
  4895 ;; Tracked objects:
  4896 ;;		On entry : 0/0
  4897 ;;		On exit  : 0/0
  4898 ;;		Unchanged: 0/0
  4899 ;; Data sizes:     COMMON   BANK0   BANK1   BANK2
  4900 ;;      Params:         0       0       0       0
  4901 ;;      Locals:         0       0       0       0
  4902 ;;      Temps:          0       0       0       0
  4903 ;;      Totals:         0       0       0       0
  4904 ;;Total ram usage:        0 bytes
  4905 ;; Hardware stack levels used: 1
  4906 ;; Hardware stack levels required when called: 4
  4907 ;; This function calls:
  4908 ;;		Nothing
  4909 ;; This function is called by:
  4910 ;;		_func_F150
  4911 ;; This function uses a non-reentrant model
  4912 ;;
  4913                           
  4914     0665                     _HiBeam_OFF:	
  4915                           ;psect for function _HiBeam_OFF
  4916                           
  4917     0665                     l1908:	
  4918                           ;incstack = 0
  4919                           ; Regs used in _HiBeam_OFF: []
  4920                           
  4921     0665  0140               	movlb	0	; select bank0
  4922     0666  1218               	bcf	24,4	;volatile
  4923     0667                     l506:
  4924     0667  0008               	return
  4925     0668                     __end_of_HiBeam_OFF:
  4926                           
  4927                           	psect	text33
  4928     0668                     __ptext33:	
  4929 ;; *************** function _DRL_ON *****************
  4930 ;; Defined at:
  4931 ;;		line 33 in file "gpio.c"
  4932 ;; Parameters:    Size  Location     Type
  4933 ;;		None
  4934 ;; Auto vars:     Size  Location     Type
  4935 ;;		None
  4936 ;; Return value:  Size  Location     Type
  4937 ;;                  1    wreg      void 
  4938 ;; Registers used:
  4939 ;;		None
  4940 ;; Tracked objects:
  4941 ;;		On entry : 0/0
  4942 ;;		On exit  : 0/0
  4943 ;;		Unchanged: 0/0
  4944 ;; Data sizes:     COMMON   BANK0   BANK1   BANK2
  4945 ;;      Params:         0       0       0       0
  4946 ;;      Locals:         0       0       0       0
  4947 ;;      Temps:          0       0       0       0
  4948 ;;      Totals:         0       0       0       0
  4949 ;;Total ram usage:        0 bytes
  4950 ;; Hardware stack levels used: 1
  4951 ;; Hardware stack levels required when called: 4
  4952 ;; This function calls:
  4953 ;;		Nothing
  4954 ;; This function is called by:
  4955 ;;		_func_F150
  4956 ;; This function uses a non-reentrant model
  4957 ;;
  4958                           
  4959     0668                     _DRL_ON:	
  4960                           ;psect for function _DRL_ON
  4961                           
  4962     0668                     l1910:	
  4963                           ;incstack = 0
  4964                           ; Regs used in _DRL_ON: []
  4965                           
  4966     0668  0140               	movlb	0	; select bank0
  4967     0669  1498               	bsf	24,1	;volatile
  4968     066A                     l509:
  4969     066A  0008               	return
  4970     066B                     __end_of_DRL_ON:
  4971                           
  4972                           	psect	text34
  4973     066B                     __ptext34:	
  4974 ;; *************** function _DRL_OFF *****************
  4975 ;; Defined at:
  4976 ;;		line 34 in file "gpio.c"
  4977 ;; Parameters:    Size  Location     Type
  4978 ;;		None
  4979 ;; Auto vars:     Size  Location     Type
  4980 ;;		None
  4981 ;; Return value:  Size  Location     Type
  4982 ;;                  1    wreg      void 
  4983 ;; Registers used:
  4984 ;;		None
  4985 ;; Tracked objects:
  4986 ;;		On entry : 0/0
  4987 ;;		On exit  : 0/0
  4988 ;;		Unchanged: 0/0
  4989 ;; Data sizes:     COMMON   BANK0   BANK1   BANK2
  4990 ;;      Params:         0       0       0       0
  4991 ;;      Locals:         0       0       0       0
  4992 ;;      Temps:          0       0       0       0
  4993 ;;      Totals:         0       0       0       0
  4994 ;;Total ram usage:        0 bytes
  4995 ;; Hardware stack levels used: 1
  4996 ;; Hardware stack levels required when called: 4
  4997 ;; This function calls:
  4998 ;;		Nothing
  4999 ;; This function is called by:
  5000 ;;		_func_F150
  5001 ;; This function uses a non-reentrant model
  5002 ;;
  5003                           
  5004     066B                     _DRL_OFF:	
  5005                           ;psect for function _DRL_OFF
  5006                           
  5007     066B                     l1912:	
  5008                           ;incstack = 0
  5009                           ; Regs used in _DRL_OFF: []
  5010                           
  5011     066B  0140               	movlb	0	; select bank0
  5012     066C  1098               	bcf	24,1	;volatile
  5013     066D                     l512:
  5014     066D  0008               	return
  5015     066E                     __end_of_DRL_OFF:
  5016                           
  5017                           	psect	text35
  5018     0485                     __ptext35:	
  5019 ;; *************** function _LIN_getPacket *****************
  5020 ;; Defined at:
  5021 ;;		line 181 in file "mcc_generated_files/LINDrivers/lin_slave.c"
  5022 ;; Parameters:    Size  Location     Type
  5023 ;;  data            1    9[COMMON] PTR unsigned char 
  5024 ;;		 -> tempRxData(8), 
  5025 ;; Auto vars:     Size  Location     Type
  5026 ;;  cmd             1   10[COMMON] unsigned char 
  5027 ;; Return value:  Size  Location     Type
  5028 ;;                  1    wreg      unsigned char 
  5029 ;; Registers used:
  5030 ;;		wreg, fsr1l, fsr1h, status,2, status,0, pclath, cstack
  5031 ;; Tracked objects:
  5032 ;;		On entry : 0/0
  5033 ;;		On exit  : 0/0
  5034 ;;		Unchanged: 0/0
  5035 ;; Data sizes:     COMMON   BANK0   BANK1   BANK2
  5036 ;;      Params:         1       0       0       0
  5037 ;;      Locals:         1       0       0       0
  5038 ;;      Temps:          0       0       0       0
  5039 ;;      Totals:         2       0       0       0
  5040 ;;Total ram usage:        2 bytes
  5041 ;; Hardware stack levels used: 1
  5042 ;; Hardware stack levels required when called: 5
  5043 ;; This function calls:
  5044 ;;		_memcpy
  5045 ;;		_memset
  5046 ;; This function is called by:
  5047 ;;		_processLIN
  5048 ;; This function uses a non-reentrant model
  5049 ;;
  5050                           
  5051     0485                     _LIN_getPacket:	
  5052                           ;psect for function _LIN_getPacket
  5053                           
  5054     0485                     l1926:	
  5055                           ;incstack = 0
  5056                           ; Regs used in _LIN_getPacket: [wreg+fsr1l+fsr1h+status,2+status,0+pclath+cstack]
  5057                           
  5058                           
  5059                           ;mcc_generated_files/LINDrivers/lin_slave.c: 182:     uint8_t cmd = LIN_packet.PID & 0x3
      +                          F;
  5060     0485  0140               	movlb	0	; select bank0
  5061     0486  0846               	movf	_LIN_packet,w
  5062     0487  393F               	andlw	63
  5063     0488  00FA               	movwf	LIN_getPacket@cmd
  5064     0489                     l1928:
  5065                           
  5066                           ;mcc_generated_files/LINDrivers/lin_slave.c: 184:     memcpy(data, LIN_packet.data, size
      +                          of(LIN_packet.data));
  5067     0489  0879               	movf	LIN_getPacket@data,w
  5068     048A  00F0               	movwf	memcpy@d1
  5069     048B  01F1               	clrf	memcpy@d1+1
  5070     048C  3047               	movlw	low (_LIN_packet+1)
  5071     048D  00F2               	movwf	memcpy@s1
  5072     048E  3000               	movlw	high (_LIN_packet+1)
  5073     048F  00F3               	movwf	memcpy@s1+1
  5074     0490  3008               	movlw	8
  5075     0491  00F4               	movwf	memcpy@n
  5076     0492  3000               	movlw	0
  5077     0493  00F5               	movwf	memcpy@n+1
  5078     0494  3184  24A7  3184   	fcall	_memcpy
  5079     0497                     l1930:
  5080                           
  5081                           ;mcc_generated_files/LINDrivers/lin_slave.c: 185:     memset(LIN_packet.rawPacket, 0, si
      +                          zeof(LIN_packet.rawPacket));
  5082     0497  3046               	movlw	low _LIN_packet
  5083     0498  00F0               	movwf	memset@dest
  5084     0499  3000               	movlw	high _LIN_packet
  5085     049A  00F1               	movwf	memset@dest+1
  5086     049B  3000               	movlw	0
  5087     049C  00F2               	movwf	memset@c
  5088     049D  00F3               	movwf	memset@c+1
  5089     049E  300D               	movlw	13
  5090     049F  00F4               	movwf	memset@n
  5091     04A0  3000               	movlw	0
  5092     04A1  00F5               	movwf	memset@n+1
  5093     04A2  3184  24FF  3184   	fcall	_memset
  5094     04A5                     l1932:
  5095                           
  5096                           ;mcc_generated_files/LINDrivers/lin_slave.c: 187:     return cmd;
  5097     04A5  087A               	movf	LIN_getPacket@cmd,w
  5098     04A6                     l144:
  5099     04A6  0008               	return
  5100     04A7                     __end_of_LIN_getPacket:
  5101                           
  5102                           	psect	text36
  5103     04FF                     __ptext36:	
  5104 ;; *************** function _memset *****************
  5105 ;; Defined at:
  5106 ;;		line 3 in file "C:\Program Files\Microchip\xc8\v3.00\pic\sources\c99\common\memset.c"
  5107 ;; Parameters:    Size  Location     Type
  5108 ;;  dest            2    0[COMMON] PTR void 
  5109 ;;		 -> LIN_packet(13), 
  5110 ;;  c               2    2[COMMON] int 
  5111 ;;  n               2    4[COMMON] unsigned int 
  5112 ;; Auto vars:     Size  Location     Type
  5113 ;;  p               1    6[COMMON] PTR unsigned char 
  5114 ;;		 -> LIN_packet(13), 
  5115 ;; Return value:  Size  Location     Type
  5116 ;;                  2    0[COMMON] PTR void 
  5117 ;; Registers used:
  5118 ;;		wreg, fsr1l, fsr1h, status,2, status,0
  5119 ;; Tracked objects:
  5120 ;;		On entry : 0/0
  5121 ;;		On exit  : 0/0
  5122 ;;		Unchanged: 0/0
  5123 ;; Data sizes:     COMMON   BANK0   BANK1   BANK2
  5124 ;;      Params:         6       0       0       0
  5125 ;;      Locals:         1       0       0       0
  5126 ;;      Temps:          0       0       0       0
  5127 ;;      Totals:         7       0       0       0
  5128 ;;Total ram usage:        7 bytes
  5129 ;; Hardware stack levels used: 1
  5130 ;; Hardware stack levels required when called: 4
  5131 ;; This function calls:
  5132 ;;		Nothing
  5133 ;; This function is called by:
  5134 ;;		_LIN_handler
  5135 ;;		_LIN_getPacket
  5136 ;; This function uses a non-reentrant model
  5137 ;;
  5138                           
  5139     04FF                     _memset:	
  5140                           ;psect for function _memset
  5141                           
  5142     04FF                     l1880:	
  5143                           ;incstack = 0
  5144                           ; Regs used in _memset: [wreg+fsr1l+fsr1h+status,2+status,0]
  5145                           
  5146     04FF  0870               	movf	memset@dest,w
  5147     0500  00F6               	movwf	memset@p
  5148     0501  2D09               	goto	l1886
  5149     0502                     l1882:
  5150     0502  0876               	movf	memset@p,w
  5151     0503  0086               	movwf	6
  5152     0504  0187               	clrf	7
  5153     0505  0872               	movf	memset@c,w
  5154     0506  0081               	movwf	1
  5155     0507                     l1884:
  5156     0507  3001               	movlw	1
  5157     0508  07F6               	addwf	memset@p,f
  5158     0509                     l1886:
  5159     0509  3001               	movlw	1
  5160     050A  02F4               	subwf	memset@n,f
  5161     050B  3000               	movlw	0
  5162     050C  3BF5               	subwfb	memset@n+1,f
  5163     050D  0A74               	incf	memset@n,w
  5164     050E  1D03               	skipz
  5165     050F  2D14               	goto	u901
  5166     0510  0A75               	incf	memset@n+1,w
  5167     0511  1D03               	btfss	3,2
  5168     0512  2D14               	goto	u901
  5169     0513  2D15               	goto	u900
  5170     0514                     u901:
  5171     0514  2D02               	goto	l1882
  5172     0515                     u900:
  5173     0515                     l1146:
  5174     0515  0008               	return
  5175     0516                     __end_of_memset:
  5176                           
  5177                           	psect	text37
  5178     0644                     __ptext37:	
  5179 ;; *************** function _LIN_stopTimer *****************
  5180 ;; Defined at:
  5181 ;;		line 282 in file "mcc_generated_files/LINDrivers/lin_slave.c"
  5182 ;; Parameters:    Size  Location     Type
  5183 ;;		None
  5184 ;; Auto vars:     Size  Location     Type
  5185 ;;		None
  5186 ;; Return value:  Size  Location     Type
  5187 ;;                  1    wreg      void 
  5188 ;; Registers used:
  5189 ;;		status,2
  5190 ;; Tracked objects:
  5191 ;;		On entry : 0/0
  5192 ;;		On exit  : 0/0
  5193 ;;		Unchanged: 0/0
  5194 ;; Data sizes:     COMMON   BANK0   BANK1   BANK2
  5195 ;;      Params:         0       0       0       0
  5196 ;;      Locals:         0       0       0       0
  5197 ;;      Temps:          0       0       0       0
  5198 ;;      Totals:         0       0       0       0
  5199 ;;Total ram usage:        0 bytes
  5200 ;; Hardware stack levels used: 1
  5201 ;; Hardware stack levels required when called: 4
  5202 ;; This function calls:
  5203 ;;		Nothing
  5204 ;; This function is called by:
  5205 ;;		_LIN_init
  5206 ;;		_LIN_handler
  5207 ;; This function uses a non-reentrant model
  5208 ;;
  5209                           
  5210     0644                     _LIN_stopTimer:	
  5211                           ;psect for function _LIN_stopTimer
  5212                           
  5213     0644                     l1846:	
  5214                           ;incstack = 0
  5215                           ; Regs used in _LIN_stopTimer: [status,2]
  5216                           
  5217                           
  5218                           ;mcc_generated_files/LINDrivers/lin_slave.c: 284:     CountCallBack = 0;
  5219     0644  0140               	movlb	0	; select bank0
  5220     0645  01C3               	clrf	_CountCallBack	;volatile
  5221                           
  5222                           ;mcc_generated_files/LINDrivers/lin_slave.c: 285:     LIN_timerRunning = 0;
  5223     0646  01C4               	clrf	_LIN_timerRunning
  5224     0647                     l186:
  5225     0647  0008               	return
  5226     0648                     __end_of_LIN_stopTimer:
  5227                           
  5228                           	psect	text38
  5229     05BB                     __ptext38:	
  5230 ;; *************** function _LIN_startTimer *****************
  5231 ;; Defined at:
  5232 ;;		line 261 in file "mcc_generated_files/LINDrivers/lin_slave.c"
  5233 ;; Parameters:    Size  Location     Type
  5234 ;;  timeout         1    wreg     unsigned char 
  5235 ;; Auto vars:     Size  Location     Type
  5236 ;;  timeout         1    1[COMMON] unsigned char 
  5237 ;; Return value:  Size  Location     Type
  5238 ;;                  1    wreg      void 
  5239 ;; Registers used:
  5240 ;;		wreg, status,2, status,0, pclath, cstack
  5241 ;; Tracked objects:
  5242 ;;		On entry : 0/0
  5243 ;;		On exit  : 0/0
  5244 ;;		Unchanged: 0/0
  5245 ;; Data sizes:     COMMON   BANK0   BANK1   BANK2
  5246 ;;      Params:         0       0       0       0
  5247 ;;      Locals:         1       0       0       0
  5248 ;;      Temps:          0       0       0       0
  5249 ;;      Totals:         1       0       0       0
  5250 ;;Total ram usage:        1 bytes
  5251 ;; Hardware stack levels used: 1
  5252 ;; Hardware stack levels required when called: 5
  5253 ;; This function calls:
  5254 ;;		_TMR0_WriteTimer
  5255 ;; This function is called by:
  5256 ;;		_LIN_handler
  5257 ;; This function uses a non-reentrant model
  5258 ;;
  5259                           
  5260     05BB                     _LIN_startTimer:	
  5261                           ;psect for function _LIN_startTimer
  5262                           
  5263                           
  5264                           ;incstack = 0
  5265                           ; Regs used in _LIN_startTimer: [wreg+status,2+status,0+pclath+cstack]
  5266                           ;LIN_startTimer@timeout stored from wreg
  5267     05BB  00F1               	movwf	LIN_startTimer@timeout
  5268     05BC                     l2178:
  5269                           
  5270                           ;mcc_generated_files/LINDrivers/lin_slave.c: 262:     LIN_timeout = timeout;
  5271     05BC  0871               	movf	LIN_startTimer@timeout,w
  5272     05BD  0140               	movlb	0	; select bank0
  5273     05BE  00EF               	movwf	_LIN_timeout
  5274     05BF                     l2180:
  5275                           
  5276                           ;mcc_generated_files/LINDrivers/lin_slave.c: 263:     TMR0_WriteTimer(0);
  5277     05BF  3000               	movlw	0
  5278     05C0  3186  262D  3185   	fcall	_TMR0_WriteTimer
  5279     05C3                     l2182:
  5280                           
  5281                           ;mcc_generated_files/LINDrivers/lin_slave.c: 264:     __nop();
  5282     05C3  0000               	nop
  5283     05C4                     l2184:
  5284                           
  5285                           ;mcc_generated_files/LINDrivers/lin_slave.c: 265:     CountCallBack = 0;
  5286     05C4  0140               	movlb	0	; select bank0
  5287     05C5  01C3               	clrf	_CountCallBack	;volatile
  5288     05C6                     l2186:
  5289                           
  5290                           ;mcc_generated_files/LINDrivers/lin_slave.c: 266:     LIN_timerRunning = 1;
  5291     05C6  3001               	movlw	1
  5292     05C7  00C4               	movwf	_LIN_timerRunning
  5293     05C8                     l176:
  5294     05C8  0008               	return
  5295     05C9                     __end_of_LIN_startTimer:
  5296                           
  5297                           	psect	text39
  5298     062D                     __ptext39:	
  5299 ;; *************** function _TMR0_WriteTimer *****************
  5300 ;; Defined at:
  5301 ;;		line 109 in file "mcc_generated_files/tmr0.c"
  5302 ;; Parameters:    Size  Location     Type
  5303 ;;  timerVal        1    wreg     unsigned char 
  5304 ;; Auto vars:     Size  Location     Type
  5305 ;;  timerVal        1    0[COMMON] unsigned char 
  5306 ;; Return value:  Size  Location     Type
  5307 ;;                  1    wreg      void 
  5308 ;; Registers used:
  5309 ;;		wreg
  5310 ;; Tracked objects:
  5311 ;;		On entry : 0/0
  5312 ;;		On exit  : 0/0
  5313 ;;		Unchanged: 0/0
  5314 ;; Data sizes:     COMMON   BANK0   BANK1   BANK2
  5315 ;;      Params:         0       0       0       0
  5316 ;;      Locals:         1       0       0       0
  5317 ;;      Temps:          0       0       0       0
  5318 ;;      Totals:         1       0       0       0
  5319 ;;Total ram usage:        1 bytes
  5320 ;; Hardware stack levels used: 1
  5321 ;; Hardware stack levels required when called: 4
  5322 ;; This function calls:
  5323 ;;		Nothing
  5324 ;; This function is called by:
  5325 ;;		_LIN_startTimer
  5326 ;;		_Clear_No_Call_Warning
  5327 ;; This function uses a non-reentrant model
  5328 ;;
  5329                           
  5330     062D                     _TMR0_WriteTimer:	
  5331                           ;psect for function _TMR0_WriteTimer
  5332                           
  5333                           
  5334                           ;incstack = 0
  5335                           ; Regs used in _TMR0_WriteTimer: [wreg]
  5336                           ;TMR0_WriteTimer@timerVal stored from wreg
  5337     062D  00F0               	movwf	TMR0_WriteTimer@timerVal
  5338     062E                     l2112:
  5339                           
  5340                           ;mcc_generated_files/tmr0.c: 109: void TMR0_WriteTimer(uint8_t timerVal);mcc_generated_f
      +                          iles/tmr0.c: 110: {;mcc_generated_files/tmr0.c: 112:     TMR0L = timerVal;
  5341     062E  0870               	movf	TMR0_WriteTimer@timerVal,w
  5342     062F  014B               	movlb	11	; select bank11
  5343     0630  009C               	movwf	28	;volatile
  5344     0631                     l463:
  5345     0631  0008               	return
  5346     0632                     __end_of_TMR0_WriteTimer:
  5347                           
  5348                           	psect	text40
  5349     02AA                     __ptext40:	
  5350 ;; *************** function _LIN_queuePacket *****************
  5351 ;; Defined at:
  5352 ;;		line 46 in file "mcc_generated_files/LINDrivers/lin_slave.c"
  5353 ;; Parameters:    Size  Location     Type
  5354 ;;  cmd             1    wreg     unsigned char 
  5355 ;; Auto vars:     Size  Location     Type
  5356 ;;  cmd             1    3[BANK0 ] unsigned char 
  5357 ;;  i               1    4[BANK0 ] unsigned char 
  5358 ;;  tempSchedule    2    5[BANK0 ] PTR const struct .
  5359 ;;		 -> NULL(0), scheduleTable(5), 
  5360 ;; Return value:  Size  Location     Type
  5361 ;;                  1    wreg      void 
  5362 ;; Registers used:
  5363 ;;		wreg, fsr0l, fsr0h, fsr1l, fsr1h, status,2, status,0, pclath, cstack
  5364 ;; Tracked objects:
  5365 ;;		On entry : 0/0
  5366 ;;		On exit  : 0/0
  5367 ;;		Unchanged: 0/0
  5368 ;; Data sizes:     COMMON   BANK0   BANK1   BANK2
  5369 ;;      Params:         0       0       0       0
  5370 ;;      Locals:         0       4       0       0
  5371 ;;      Temps:          0       3       0       0
  5372 ;;      Totals:         0       7       0       0
  5373 ;;Total ram usage:        7 bytes
  5374 ;; Hardware stack levels used: 1
  5375 ;; Hardware stack levels required when called: 6
  5376 ;; This function calls:
  5377 ;;		_LIN_getChecksum
  5378 ;;		_LIN_sendPacket
  5379 ;;		_memcpy
  5380 ;; This function is called by:
  5381 ;;		_LIN_handler
  5382 ;; This function uses a non-reentrant model
  5383 ;;
  5384                           
  5385     02AA                     _LIN_queuePacket:	
  5386                           ;psect for function _LIN_queuePacket
  5387                           
  5388                           
  5389                           ;incstack = 0
  5390                           ; Regs used in _LIN_queuePacket: [wreg-fsr1h+status,2+status,0+pclath+cstack]
  5391                           ;LIN_queuePacket@cmd stored from wreg
  5392     02AA  0140               	movlb	0	; select bank0
  5393     02AB  00EB               	movwf	LIN_queuePacket@cmd
  5394     02AC                     l2534:
  5395                           
  5396                           ;mcc_generated_files/LINDrivers/lin_slave.c: 47:     const lin_rx_cmd_t* tempSchedule = 
      +                          LIN_rxCommand;
  5397     02AC  0864               	movf	_LIN_rxCommand+1,w
  5398     02AD  00EE               	movwf	LIN_queuePacket@tempSchedule+1
  5399     02AE  0863               	movf	_LIN_rxCommand,w
  5400     02AF  00ED               	movwf	LIN_queuePacket@tempSchedule
  5401     02B0                     l2536:
  5402                           
  5403                           ;mcc_generated_files/LINDrivers/lin_slave.c: 49:     cmd &= 0x3F;
  5404     02B0  303F               	movlw	63
  5405     02B1  05EB               	andwf	LIN_queuePacket@cmd,f
  5406     02B2                     l2538:
  5407                           
  5408                           ;mcc_generated_files/LINDrivers/lin_slave.c: 50:     for(uint8_t i = 0; i < LIN_rxComman
      +                          dLength; i++){
  5409     02B2  01EC               	clrf	LIN_queuePacket@i
  5410     02B3  2AC5               	goto	l2548
  5411     02B4                     l2540:
  5412                           
  5413                           ;mcc_generated_files/LINDrivers/lin_slave.c: 51:         if(cmd == tempSchedule->cmd){
  5414     02B4  086D               	movf	LIN_queuePacket@tempSchedule,w
  5415     02B5  0084               	movwf	4
  5416     02B6  086E               	movf	LIN_queuePacket@tempSchedule+1,w
  5417     02B7  0085               	movwf	5
  5418     02B8  0800               	movf	0,w	;code access
  5419     02B9  066B               	xorwf	LIN_queuePacket@cmd,w
  5420     02BA  1D03               	skipz
  5421     02BB  2ABD               	goto	u1761
  5422     02BC  2ABE               	goto	u1760
  5423     02BD                     u1761:
  5424     02BD  2ABF               	goto	l2544
  5425     02BE                     u1760:
  5426     02BE  2ACB               	goto	l2550
  5427     02BF                     l2544:
  5428                           
  5429                           ;mcc_generated_files/LINDrivers/lin_slave.c: 54:         tempSchedule++;
  5430     02BF  3005               	movlw	5
  5431     02C0  07ED               	addwf	LIN_queuePacket@tempSchedule,f
  5432     02C1  3000               	movlw	0
  5433     02C2  3DEE               	addwfc	LIN_queuePacket@tempSchedule+1,f
  5434     02C3                     l2546:
  5435                           
  5436                           ;mcc_generated_files/LINDrivers/lin_slave.c: 55:     }
  5437     02C3  3001               	movlw	1
  5438     02C4  07EC               	addwf	LIN_queuePacket@i,f
  5439     02C5                     l2548:
  5440     02C5  0867               	movf	_LIN_rxCommandLength,w
  5441     02C6  026C               	subwf	LIN_queuePacket@i,w
  5442     02C7  1C03               	skipc
  5443     02C8  2ACA               	goto	u1771
  5444     02C9  2ACB               	goto	u1770
  5445     02CA                     u1771:
  5446     02CA  2AB4               	goto	l2540
  5447     02CB                     u1770:
  5448     02CB                     l2550:
  5449                           
  5450                           ;mcc_generated_files/LINDrivers/lin_slave.c: 57:     LIN_packet.type = tempSchedule->typ
      +                          e;
  5451     02CB  3001               	movlw	1
  5452     02CC  076D               	addwf	LIN_queuePacket@tempSchedule,w
  5453     02CD  0084               	movwf	4
  5454     02CE  086E               	movf	LIN_queuePacket@tempSchedule+1,w
  5455     02CF  1803               	skipnc
  5456     02D0  3E01               	addlw	1
  5457     02D1  0085               	movwf	5
  5458     02D2  0800               	movf	0,w	;code access
  5459     02D3  00D0               	movwf	_LIN_packet+10
  5460                           
  5461                           ;mcc_generated_files/LINDrivers/lin_slave.c: 58:     LIN_packet.length = tempSchedule->l
      +                          ength;
  5462     02D4  3002               	movlw	2
  5463     02D5  076D               	addwf	LIN_queuePacket@tempSchedule,w
  5464     02D6  0084               	movwf	4
  5465     02D7  086E               	movf	LIN_queuePacket@tempSchedule+1,w
  5466     02D8  1803               	skipnc
  5467     02D9  3E01               	addlw	1
  5468     02DA  0085               	movwf	5
  5469     02DB  0800               	movf	0,w	;code access
  5470     02DC  00D1               	movwf	_LIN_packet+11
  5471     02DD                     l2552:
  5472                           
  5473                           ;mcc_generated_files/LINDrivers/lin_slave.c: 62:     memcpy(LIN_packet.data, tempSchedul
      +                          e->data, LIN_packet.length);
  5474     02DD  3047               	movlw	low (_LIN_packet+1)
  5475     02DE  00F0               	movwf	memcpy@d1
  5476     02DF  3000               	movlw	high (_LIN_packet+1)
  5477     02E0  00F1               	movwf	memcpy@d1+1
  5478     02E1  3003               	movlw	3
  5479     02E2  076D               	addwf	LIN_queuePacket@tempSchedule,w
  5480     02E3  0084               	movwf	4
  5481     02E4  086E               	movf	LIN_queuePacket@tempSchedule+1,w
  5482     02E5  1803               	skipnc
  5483     02E6  3E01               	addlw	1
  5484     02E7  0085               	movwf	5
  5485     02E8  3F00               	moviw [0]fsr0
  5486     02E9  00F2               	movwf	memcpy@s1
  5487     02EA  3F01               	moviw [1]fsr0
  5488     02EB  00F3               	movwf	memcpy@s1+1
  5489     02EC  0851               	movf	_LIN_packet+11,w
  5490     02ED  00E9               	movwf	??_LIN_queuePacket+1
  5491     02EE  01EA               	clrf	??_LIN_queuePacket+2
  5492     02EF  0869               	movf	??_LIN_queuePacket+1,w
  5493     02F0  00F4               	movwf	memcpy@n
  5494     02F1  086A               	movf	??_LIN_queuePacket+2,w
  5495     02F2  00F5               	movwf	memcpy@n+1
  5496     02F3  3184  24A7  3182   	fcall	_memcpy
  5497     02F6                     l2554:
  5498                           
  5499                           ;mcc_generated_files/LINDrivers/lin_slave.c: 65:     LIN_packet.checksum = LIN_getChecks
      +                          um(LIN_packet.length, LIN_packet.PID, LIN_packet.data);
  5500     02F6  0140               	movlb	0	; select bank0
  5501     02F7  0846               	movf	_LIN_packet,w
  5502     02F8  00F0               	movwf	LIN_getChecksum@pid
  5503     02F9  3047               	movlw	low (_LIN_packet+1)
  5504     02FA  00F1               	movwf	LIN_getChecksum@data
  5505     02FB  3000               	movlw	high (_LIN_packet+1)
  5506     02FC  00F2               	movwf	LIN_getChecksum@data+1
  5507     02FD  0851               	movf	_LIN_packet+11,w
  5508     02FE  3183  23E6  3182   	fcall	_LIN_getChecksum
  5509     0301  0140               	movlb	0	; select bank0
  5510     0302  00CF               	movwf	_LIN_packet+9
  5511     0303                     l2556:
  5512                           
  5513                           ;mcc_generated_files/LINDrivers/lin_slave.c: 66:     LIN_sendPacket(LIN_packet.length, L
      +                          IN_packet.PID, LIN_packet.data);
  5514     0303  0846               	movf	_LIN_packet,w
  5515     0304  00F9               	movwf	LIN_sendPacket@pid
  5516     0305  3047               	movlw	low (_LIN_packet+1)
  5517     0306  00FA               	movwf	LIN_sendPacket@data
  5518     0307  3000               	movlw	high (_LIN_packet+1)
  5519     0308  00FB               	movwf	LIN_sendPacket@data+1
  5520     0309  0851               	movf	_LIN_packet+11,w
  5521     030A  3184  2462  3182   	fcall	_LIN_sendPacket
  5522     030D                     l96:
  5523     030D  0008               	return
  5524     030E                     __end_of_LIN_queuePacket:
  5525                           
  5526                           	psect	text41
  5527     04A7                     __ptext41:	
  5528 ;; *************** function _memcpy *****************
  5529 ;; Defined at:
  5530 ;;		line 4 in file "C:\Program Files\Microchip\xc8\v3.00\pic\sources\c99\common\memcpy.c"
  5531 ;; Parameters:    Size  Location     Type
  5532 ;;  d1              2    0[COMMON] PTR void 
  5533 ;;		 -> LIN_packet(13), tempRxData(8), 
  5534 ;;  s1              2    2[COMMON] PTR const void 
  5535 ;;		 -> LIN_packet$data(8), LIN_packet(13), SIGNAL_Data(8), 
  5536 ;;  n               2    4[COMMON] unsigned int 
  5537 ;; Auto vars:     Size  Location     Type
  5538 ;;  s               1    8[COMMON] PTR const unsigned char 
  5539 ;;		 -> LIN_packet$data(8), LIN_packet(13), SIGNAL_Data(8), 
  5540 ;;  d               1    7[COMMON] PTR unsigned char 
  5541 ;;		 -> LIN_packet(13), tempRxData(8), 
  5542 ;;  tmp             1    6[COMMON] unsigned char 
  5543 ;; Return value:  Size  Location     Type
  5544 ;;                  2    0[COMMON] PTR void 
  5545 ;; Registers used:
  5546 ;;		wreg, fsr1l, fsr1h, status,2, status,0
  5547 ;; Tracked objects:
  5548 ;;		On entry : 0/0
  5549 ;;		On exit  : 0/0
  5550 ;;		Unchanged: 0/0
  5551 ;; Data sizes:     COMMON   BANK0   BANK1   BANK2
  5552 ;;      Params:         6       0       0       0
  5553 ;;      Locals:         3       0       0       0
  5554 ;;      Temps:          0       0       0       0
  5555 ;;      Totals:         9       0       0       0
  5556 ;;Total ram usage:        9 bytes
  5557 ;; Hardware stack levels used: 1
  5558 ;; Hardware stack levels required when called: 4
  5559 ;; This function calls:
  5560 ;;		Nothing
  5561 ;; This function is called by:
  5562 ;;		_LIN_queuePacket
  5563 ;;		_LIN_getPacket
  5564 ;; This function uses a non-reentrant model
  5565 ;;
  5566                           
  5567     04A7                     _memcpy:	
  5568                           ;psect for function _memcpy
  5569                           
  5570     04A7                     l1852:	
  5571                           ;incstack = 0
  5572                           ; Regs used in _memcpy: [wreg+fsr1l+fsr1h+status,2+status,0]
  5573                           
  5574     04A7  0872               	movf	memcpy@s1,w
  5575     04A8  00F8               	movwf	memcpy@s
  5576     04A9  0870               	movf	memcpy@d1,w
  5577     04AA  00F7               	movwf	memcpy@d
  5578     04AB  2CBA               	goto	l1137
  5579     04AC                     l1854:
  5580     04AC  0878               	movf	memcpy@s,w
  5581     04AD  0086               	movwf	6
  5582     04AE  0187               	clrf	7
  5583     04AF  0801               	movf	1,w
  5584     04B0  00F6               	movwf	memcpy@tmp
  5585     04B1                     l1856:
  5586     04B1  3001               	movlw	1
  5587     04B2  07F8               	addwf	memcpy@s,f
  5588     04B3                     l1858:
  5589     04B3  0877               	movf	memcpy@d,w
  5590     04B4  0086               	movwf	6
  5591     04B5  0187               	clrf	7
  5592     04B6  0876               	movf	memcpy@tmp,w
  5593     04B7  0081               	movwf	1
  5594     04B8  3001               	movlw	1
  5595     04B9  07F7               	addwf	memcpy@d,f
  5596     04BA                     l1137:
  5597     04BA  3001               	movlw	1
  5598     04BB  02F4               	subwf	memcpy@n,f
  5599     04BC  3000               	movlw	0
  5600     04BD  3BF5               	subwfb	memcpy@n+1,f
  5601     04BE  0A74               	incf	memcpy@n,w
  5602     04BF  1D03               	skipz
  5603     04C0  2CC5               	goto	u871
  5604     04C1  0A75               	incf	memcpy@n+1,w
  5605     04C2  1D03               	btfss	3,2
  5606     04C3  2CC5               	goto	u871
  5607     04C4  2CC6               	goto	u870
  5608     04C5                     u871:
  5609     04C5  2CAC               	goto	l1854
  5610     04C6                     u870:
  5611     04C6                     l1140:
  5612     04C6  0008               	return
  5613     04C7                     __end_of_memcpy:
  5614                           
  5615                           	psect	text42
  5616     0462                     __ptext42:	
  5617 ;; *************** function _LIN_sendPacket *****************
  5618 ;; Defined at:
  5619 ;;		line 171 in file "mcc_generated_files/LINDrivers/lin_slave.c"
  5620 ;; Parameters:    Size  Location     Type
  5621 ;;  length          1    wreg     unsigned char 
  5622 ;;  pid             1    9[COMMON] unsigned char 
  5623 ;;  data            2   10[COMMON] PTR unsigned char 
  5624 ;;		 -> LIN_packet(13), 
  5625 ;; Auto vars:     Size  Location     Type
  5626 ;;  length          1   12[COMMON] unsigned char 
  5627 ;;  i               1   13[COMMON] unsigned char 
  5628 ;; Return value:  Size  Location     Type
  5629 ;;                  1    wreg      void 
  5630 ;; Registers used:
  5631 ;;		wreg, fsr1l, fsr1h, status,2, status,0, pclath, cstack
  5632 ;; Tracked objects:
  5633 ;;		On entry : 0/0
  5634 ;;		On exit  : 0/0
  5635 ;;		Unchanged: 0/0
  5636 ;; Data sizes:     COMMON   BANK0   BANK1   BANK2
  5637 ;;      Params:         3       0       0       0
  5638 ;;      Locals:         2       0       0       0
  5639 ;;      Temps:          0       0       0       0
  5640 ;;      Totals:         5       0       0       0
  5641 ;;Total ram usage:        5 bytes
  5642 ;; Hardware stack levels used: 1
  5643 ;; Hardware stack levels required when called: 5
  5644 ;; This function calls:
  5645 ;;		_EUSART1_Write
  5646 ;;		_LIN_getChecksum
  5647 ;; This function is called by:
  5648 ;;		_LIN_queuePacket
  5649 ;; This function uses a non-reentrant model
  5650 ;;
  5651                           
  5652     0462                     _LIN_sendPacket:	
  5653                           ;psect for function _LIN_sendPacket
  5654                           
  5655                           
  5656                           ;incstack = 0
  5657                           ; Regs used in _LIN_sendPacket: [wreg+fsr1l+fsr1h+status,2+status,0+pclath+cstack]
  5658                           ;LIN_sendPacket@length stored from wreg
  5659     0462  00FC               	movwf	LIN_sendPacket@length
  5660     0463                     l2024:
  5661                           
  5662                           ;mcc_generated_files/LINDrivers/lin_slave.c: 174:     for(uint8_t i = 0; i < length; i++
      +                          ){
  5663     0463  01FD               	clrf	LIN_sendPacket@i
  5664     0464  2C71               	goto	l2030
  5665     0465                     l2026:
  5666                           
  5667                           ;mcc_generated_files/LINDrivers/lin_slave.c: 175:         EUSART1_Write(*(data + i));
  5668     0465  087D               	movf	LIN_sendPacket@i,w
  5669     0466  077A               	addwf	LIN_sendPacket@data,w
  5670     0467  0086               	movwf	6
  5671     0468  3000               	movlw	0
  5672     0469  3D7B               	addwfc	LIN_sendPacket@data+1,w
  5673     046A  0087               	movwf	7
  5674     046B  0801               	movf	1,w
  5675     046C  3184  2418  3184   	fcall	_EUSART1_Write
  5676     046F                     l2028:
  5677                           
  5678                           ;mcc_generated_files/LINDrivers/lin_slave.c: 176:     }
  5679     046F  3001               	movlw	1
  5680     0470  07FD               	addwf	LIN_sendPacket@i,f
  5681     0471                     l2030:
  5682     0471  087C               	movf	LIN_sendPacket@length,w
  5683     0472  027D               	subwf	LIN_sendPacket@i,w
  5684     0473  1C03               	skipc
  5685     0474  2C76               	goto	u1061
  5686     0475  2C77               	goto	u1060
  5687     0476                     u1061:
  5688     0476  2C65               	goto	l2026
  5689     0477                     u1060:
  5690     0477                     l2032:
  5691                           
  5692                           ;mcc_generated_files/LINDrivers/lin_slave.c: 178:     EUSART1_Write(LIN_getChecksum(leng
      +                          th, pid, data));
  5693     0477  0879               	movf	LIN_sendPacket@pid,w
  5694     0478  00F0               	movwf	LIN_getChecksum@pid
  5695     0479  087B               	movf	LIN_sendPacket@data+1,w
  5696     047A  00F2               	movwf	LIN_getChecksum@data+1
  5697     047B  087A               	movf	LIN_sendPacket@data,w
  5698     047C  00F1               	movwf	LIN_getChecksum@data
  5699     047D  087C               	movf	LIN_sendPacket@length,w
  5700     047E  3183  23E6  3184   	fcall	_LIN_getChecksum
  5701     0481  3184  2418  3184   	fcall	_EUSART1_Write
  5702     0484                     l141:
  5703     0484  0008               	return
  5704     0485                     __end_of_LIN_sendPacket:
  5705                           
  5706                           	psect	text43
  5707     03E6                     __ptext43:	
  5708 ;; *************** function _LIN_getChecksum *****************
  5709 ;; Defined at:
  5710 ;;		line 248 in file "mcc_generated_files/LINDrivers/lin_slave.c"
  5711 ;; Parameters:    Size  Location     Type
  5712 ;;  length          1    wreg     unsigned char 
  5713 ;;  pid             1    0[COMMON] unsigned char 
  5714 ;;  data            2    1[COMMON] PTR unsigned char 
  5715 ;;		 -> LIN_packet(13), 
  5716 ;; Auto vars:     Size  Location     Type
  5717 ;;  length          1    5[COMMON] unsigned char 
  5718 ;;  i               1    6[COMMON] unsigned char 
  5719 ;;  checksum        2    7[COMMON] unsigned short 
  5720 ;; Return value:  Size  Location     Type
  5721 ;;                  1    wreg      unsigned char 
  5722 ;; Registers used:
  5723 ;;		wreg, fsr1l, fsr1h, status,2, status,0
  5724 ;; Tracked objects:
  5725 ;;		On entry : 0/0
  5726 ;;		On exit  : 0/0
  5727 ;;		Unchanged: 0/0
  5728 ;; Data sizes:     COMMON   BANK0   BANK1   BANK2
  5729 ;;      Params:         3       0       0       0
  5730 ;;      Locals:         4       0       0       0
  5731 ;;      Temps:          2       0       0       0
  5732 ;;      Totals:         9       0       0       0
  5733 ;;Total ram usage:        9 bytes
  5734 ;; Hardware stack levels used: 1
  5735 ;; Hardware stack levels required when called: 4
  5736 ;; This function calls:
  5737 ;;		Nothing
  5738 ;; This function is called by:
  5739 ;;		_LIN_queuePacket
  5740 ;;		_LIN_handler
  5741 ;;		_LIN_sendPacket
  5742 ;; This function uses a non-reentrant model
  5743 ;;
  5744                           
  5745     03E6                     _LIN_getChecksum:	
  5746                           ;psect for function _LIN_getChecksum
  5747                           
  5748                           
  5749                           ;incstack = 0
  5750                           ; Regs used in _LIN_getChecksum: [wreg+fsr1l+fsr1h+status,2+status,0]
  5751                           ;LIN_getChecksum@length stored from wreg
  5752     03E6  00F5               	movwf	LIN_getChecksum@length
  5753     03E7                     l1860:
  5754                           
  5755                           ;mcc_generated_files/LINDrivers/lin_slave.c: 249:     uint16_t checksum = pid;
  5756     03E7  0870               	movf	LIN_getChecksum@pid,w
  5757     03E8  00F3               	movwf	??_LIN_getChecksum
  5758     03E9  01F4               	clrf	??_LIN_getChecksum+1
  5759     03EA  0873               	movf	??_LIN_getChecksum,w
  5760     03EB  00F7               	movwf	LIN_getChecksum@checksum
  5761     03EC  0874               	movf	??_LIN_getChecksum+1,w
  5762     03ED  00F8               	movwf	LIN_getChecksum@checksum+1
  5763     03EE                     l1862:
  5764                           
  5765                           ;mcc_generated_files/LINDrivers/lin_slave.c: 251:     for (uint8_t i = 0; i < length; i+
      +                          +){
  5766     03EE  01F6               	clrf	LIN_getChecksum@i
  5767     03EF  2C0E               	goto	l1874
  5768     03F0                     l1864:
  5769                           
  5770                           ;mcc_generated_files/LINDrivers/lin_slave.c: 252:         checksum = checksum + *data++;
  5771     03F0  0871               	movf	LIN_getChecksum@data,w
  5772     03F1  0086               	movwf	6
  5773     03F2  0872               	movf	LIN_getChecksum@data+1,w
  5774     03F3  0087               	movwf	7
  5775     03F4  0801               	movf	1,w
  5776     03F5  0777               	addwf	LIN_getChecksum@checksum,w
  5777     03F6  00F7               	movwf	LIN_getChecksum@checksum
  5778     03F7  0878               	movf	LIN_getChecksum@checksum+1,w
  5779     03F8  1803               	skipnc
  5780     03F9  0A78               	incf	LIN_getChecksum@checksum+1,w
  5781     03FA  00F8               	movwf	LIN_getChecksum@checksum+1
  5782     03FB                     l1866:
  5783     03FB  3001               	movlw	1
  5784     03FC  07F1               	addwf	LIN_getChecksum@data,f
  5785     03FD  3000               	movlw	0
  5786     03FE  3DF2               	addwfc	LIN_getChecksum@data+1,f
  5787     03FF                     l1868:
  5788                           
  5789                           ;mcc_generated_files/LINDrivers/lin_slave.c: 253:         if(checksum > 0xFF)
  5790     03FF  3001               	movlw	1
  5791     0400  0278               	subwf	LIN_getChecksum@checksum+1,w
  5792     0401  3000               	movlw	0
  5793     0402  1903               	skipnz
  5794     0403  0277               	subwf	LIN_getChecksum@checksum,w
  5795     0404  1C03               	skipc
  5796     0405  2C07               	goto	u881
  5797     0406  2C08               	goto	u880
  5798     0407                     u881:
  5799     0407  2C0C               	goto	l1872
  5800     0408                     u880:
  5801     0408                     l1870:
  5802                           
  5803                           ;mcc_generated_files/LINDrivers/lin_slave.c: 254:             checksum -= 0xFF;
  5804     0408  30FF               	movlw	255
  5805     0409  02F7               	subwf	LIN_getChecksum@checksum,f
  5806     040A  3000               	movlw	0
  5807     040B  3BF8               	subwfb	LIN_getChecksum@checksum+1,f
  5808     040C                     l1872:
  5809                           
  5810                           ;mcc_generated_files/LINDrivers/lin_slave.c: 255:     }
  5811     040C  3001               	movlw	1
  5812     040D  07F6               	addwf	LIN_getChecksum@i,f
  5813     040E                     l1874:
  5814     040E  0875               	movf	LIN_getChecksum@length,w
  5815     040F  0276               	subwf	LIN_getChecksum@i,w
  5816     0410  1C03               	skipc
  5817     0411  2C13               	goto	u891
  5818     0412  2C14               	goto	u890
  5819     0413                     u891:
  5820     0413  2BF0               	goto	l1864
  5821     0414                     u890:
  5822     0414                     l172:
  5823                           
  5824                           ;mcc_generated_files/LINDrivers/lin_slave.c: 256:     checksum = ~checksum;
  5825     0414  09F7               	comf	LIN_getChecksum@checksum,f
  5826     0415  09F8               	comf	LIN_getChecksum@checksum+1,f
  5827     0416                     l1876:
  5828                           
  5829                           ;mcc_generated_files/LINDrivers/lin_slave.c: 258:     return (uint8_t)checksum;
  5830     0416  0877               	movf	LIN_getChecksum@checksum,w
  5831     0417                     l173:
  5832     0417  0008               	return
  5833     0418                     __end_of_LIN_getChecksum:
  5834                           
  5835                           	psect	text44
  5836     0418                     __ptext44:	
  5837 ;; *************** function _EUSART1_Write *****************
  5838 ;; Defined at:
  5839 ;;		line 173 in file "mcc_generated_files/eusart1.c"
  5840 ;; Parameters:    Size  Location     Type
  5841 ;;  txData          1    wreg     unsigned char 
  5842 ;; Auto vars:     Size  Location     Type
  5843 ;;  txData          1    0[COMMON] unsigned char 
  5844 ;; Return value:  Size  Location     Type
  5845 ;;                  1    wreg      void 
  5846 ;; Registers used:
  5847 ;;		wreg, fsr1l, fsr1h, status,2, status,0
  5848 ;; Tracked objects:
  5849 ;;		On entry : 0/0
  5850 ;;		On exit  : 0/0
  5851 ;;		Unchanged: 0/0
  5852 ;; Data sizes:     COMMON   BANK0   BANK1   BANK2
  5853 ;;      Params:         0       0       0       0
  5854 ;;      Locals:         1       0       0       0
  5855 ;;      Temps:          0       0       0       0
  5856 ;;      Totals:         1       0       0       0
  5857 ;;Total ram usage:        1 bytes
  5858 ;; Hardware stack levels used: 1
  5859 ;; Hardware stack levels required when called: 4
  5860 ;; This function calls:
  5861 ;;		Nothing
  5862 ;; This function is called by:
  5863 ;;		_LIN_sendPacket
  5864 ;; This function uses a non-reentrant model
  5865 ;;
  5866                           
  5867     0418                     _EUSART1_Write:	
  5868                           ;psect for function _EUSART1_Write
  5869                           
  5870                           
  5871                           ;incstack = 0
  5872                           ; Regs used in _EUSART1_Write: [wreg+fsr1l+fsr1h+status,2+status,0]
  5873                           ;EUSART1_Write@txData stored from wreg
  5874     0418  00F0               	movwf	EUSART1_Write@txData
  5875     0419                     l1888:
  5876     0419                     l1890:	
  5877                           ;mcc_generated_files/eusart1.c: 173: void EUSART1_Write(uint8_t txData);mcc_generated_fi
      +                          les/eusart1.c: 174: {;mcc_generated_files/eusart1.c: 175:     while(0 == eusart1TxBuffer
      +                          Remaining)
  5878                           
  5879                           
  5880                           ;mcc_generated_files/eusart1.c: 175:     while(0 == eusart1TxBufferRemaining)
  5881     0419  0140               	movlb	0	; select bank0
  5882     041A  083E               	movf	_eusart1TxBufferRemaining,w	;volatile
  5883     041B  1903               	btfsc	3,2
  5884     041C  2C1E               	goto	u911
  5885     041D  2C1F               	goto	u910
  5886     041E                     u911:
  5887     041E  2C19               	goto	l1890
  5888     041F                     u910:
  5889     041F                     l295:
  5890                           
  5891                           ;mcc_generated_files/eusart1.c: 179:     if(0 == PIE1bits.TX1IE)
  5892     041F  014E               	movlb	14	; select bank14
  5893     0420  1997               	btfsc	23,3	;volatile
  5894     0421  2C23               	goto	u921
  5895     0422  2C24               	goto	u920
  5896     0423                     u921:
  5897     0423  2C28               	goto	l296
  5898     0424                     u920:
  5899     0424                     l1892:
  5900                           
  5901                           ;mcc_generated_files/eusart1.c: 180:     {;mcc_generated_files/eusart1.c: 181:         T
      +                          X1REG = txData;
  5902     0424  0870               	movf	EUSART1_Write@txData,w
  5903     0425  0142               	movlb	2	; select bank2
  5904     0426  009A               	movwf	26	;volatile
  5905                           
  5906                           ;mcc_generated_files/eusart1.c: 182:     }
  5907     0427  2C3B               	goto	l1904
  5908     0428                     l296:	
  5909                           ;mcc_generated_files/eusart1.c: 183:     else
  5910                           
  5911                           
  5912                           ;mcc_generated_files/eusart1.c: 184:     {;mcc_generated_files/eusart1.c: 185:         P
      +                          IE1bits.TX1IE = 0;
  5913     0428  1197               	bcf	23,3	;volatile
  5914     0429                     l1894:
  5915                           
  5916                           ;mcc_generated_files/eusart1.c: 186:         eusart1TxBuffer[eusart1TxHead++] = txData;
  5917     0429  0140               	movlb	0	; select bank0
  5918     042A  0840               	movf	_eusart1TxHead,w
  5919     042B  3E30               	addlw	(low (_eusart1TxBuffer| 0))& (0+255)
  5920     042C  0086               	movwf	6
  5921     042D  0187               	clrf	7
  5922     042E  0870               	movf	EUSART1_Write@txData,w
  5923     042F  0081               	movwf	1
  5924     0430                     l1896:
  5925     0430  3001               	movlw	1
  5926     0431  07C0               	addwf	_eusart1TxHead,f	;volatile
  5927     0432                     l1898:
  5928                           
  5929                           ;mcc_generated_files/eusart1.c: 187:         if(sizeof(eusart1TxBuffer) <= eusart1TxHead
      +                          )
  5930     0432  3008               	movlw	8
  5931     0433  0240               	subwf	_eusart1TxHead,w	;volatile
  5932     0434  1C03               	skipc
  5933     0435  2C37               	goto	u931
  5934     0436  2C38               	goto	u930
  5935     0437                     u931:
  5936     0437  2C39               	goto	l1902
  5937     0438                     u930:
  5938     0438                     l1900:
  5939                           
  5940                           ;mcc_generated_files/eusart1.c: 188:         {;mcc_generated_files/eusart1.c: 189:      
      +                                 eusart1TxHead = 0;
  5941     0438  01C0               	clrf	_eusart1TxHead	;volatile
  5942     0439                     l1902:
  5943                           
  5944                           ;mcc_generated_files/eusart1.c: 191:         eusart1TxBufferRemaining--;
  5945     0439  3001               	movlw	1
  5946     043A  02BE               	subwf	_eusart1TxBufferRemaining,f	;volatile
  5947     043B                     l1904:
  5948                           
  5949                           ;mcc_generated_files/eusart1.c: 193:     PIE1bits.TX1IE = 1;
  5950     043B  014E               	movlb	14	; select bank14
  5951     043C  1597               	bsf	23,3	;volatile
  5952     043D                     l299:
  5953     043D  0008               	return
  5954     043E                     __end_of_EUSART1_Write:
  5955                           
  5956                           	psect	text45
  5957     0632                     __ptext45:	
  5958 ;; *************** function _LIN_enableRx *****************
  5959 ;; Defined at:
  5960 ;;		line 288 in file "mcc_generated_files/LINDrivers/lin_slave.c"
  5961 ;; Parameters:    Size  Location     Type
  5962 ;;		None
  5963 ;; Auto vars:     Size  Location     Type
  5964 ;;		None
  5965 ;; Return value:  Size  Location     Type
  5966 ;;                  1    wreg      void 
  5967 ;; Registers used:
  5968 ;;		None
  5969 ;; Tracked objects:
  5970 ;;		On entry : 0/0
  5971 ;;		On exit  : 0/0
  5972 ;;		Unchanged: 0/0
  5973 ;; Data sizes:     COMMON   BANK0   BANK1   BANK2
  5974 ;;      Params:         0       0       0       0
  5975 ;;      Locals:         0       0       0       0
  5976 ;;      Temps:          0       0       0       0
  5977 ;;      Totals:         0       0       0       0
  5978 ;;Total ram usage:        0 bytes
  5979 ;; Hardware stack levels used: 1
  5980 ;; Hardware stack levels required when called: 4
  5981 ;; This function calls:
  5982 ;;		Nothing
  5983 ;; This function is called by:
  5984 ;;		_LIN_init
  5985 ;;		_LIN_handler
  5986 ;; This function uses a non-reentrant model
  5987 ;;
  5988                           
  5989     0632                     _LIN_enableRx:	
  5990                           ;psect for function _LIN_enableRx
  5991                           
  5992     0632                     l1848:	
  5993                           ;incstack = 0
  5994                           ; Regs used in _LIN_enableRx: []
  5995                           
  5996                           
  5997                           ;mcc_generated_files/LINDrivers/lin_slave.c: 289:     RC1STAbits.CREN = 1;
  5998     0632  0142               	movlb	2	; select bank2
  5999     0633  161D               	bsf	29,4	;volatile
  6000                           
  6001                           ;mcc_generated_files/LINDrivers/lin_slave.c: 290:     PIE1bits.RC1IE = 1;
  6002     0634  014E               	movlb	14	; select bank14
  6003     0635  1617               	bsf	23,4	;volatile
  6004     0636                     l189:
  6005     0636  0008               	return
  6006     0637                     __end_of_LIN_enableRx:
  6007                           
  6008                           	psect	text46
  6009     0637                     __ptext46:	
  6010 ;; *************** function _LIN_disableRx *****************
  6011 ;; Defined at:
  6012 ;;		line 293 in file "mcc_generated_files/LINDrivers/lin_slave.c"
  6013 ;; Parameters:    Size  Location     Type
  6014 ;;		None
  6015 ;; Auto vars:     Size  Location     Type
  6016 ;;		None
  6017 ;; Return value:  Size  Location     Type
  6018 ;;                  1    wreg      void 
  6019 ;; Registers used:
  6020 ;;		None
  6021 ;; Tracked objects:
  6022 ;;		On entry : 0/0
  6023 ;;		On exit  : 0/0
  6024 ;;		Unchanged: 0/0
  6025 ;; Data sizes:     COMMON   BANK0   BANK1   BANK2
  6026 ;;      Params:         0       0       0       0
  6027 ;;      Locals:         0       0       0       0
  6028 ;;      Temps:          0       0       0       0
  6029 ;;      Totals:         0       0       0       0
  6030 ;;Total ram usage:        0 bytes
  6031 ;; Hardware stack levels used: 1
  6032 ;; Hardware stack levels required when called: 4
  6033 ;; This function calls:
  6034 ;;		Nothing
  6035 ;; This function is called by:
  6036 ;;		_LIN_handler
  6037 ;; This function uses a non-reentrant model
  6038 ;;
  6039                           
  6040     0637                     _LIN_disableRx:	
  6041                           ;psect for function _LIN_disableRx
  6042                           
  6043     0637                     l2216:	
  6044                           ;incstack = 0
  6045                           ; Regs used in _LIN_disableRx: []
  6046                           
  6047                           
  6048                           ;mcc_generated_files/LINDrivers/lin_slave.c: 294:     RC1STAbits.CREN = 0;
  6049     0637  0142               	movlb	2	; select bank2
  6050     0638  121D               	bcf	29,4	;volatile
  6051                           
  6052                           ;mcc_generated_files/LINDrivers/lin_slave.c: 295:     PIE1bits.RC1IE = 0;
  6053     0639  014E               	movlb	14	; select bank14
  6054     063A  1217               	bcf	23,4	;volatile
  6055     063B                     l192:
  6056     063B  0008               	return
  6057     063C                     __end_of_LIN_disableRx:
  6058                           
  6059                           	psect	text47
  6060     04E5                     __ptext47:	
  6061 ;; *************** function _LIN_checkPID *****************
  6062 ;; Defined at:
  6063 ;;		line 220 in file "mcc_generated_files/LINDrivers/lin_slave.c"
  6064 ;; Parameters:    Size  Location     Type
  6065 ;;  pid             1    wreg     unsigned char 
  6066 ;; Auto vars:     Size  Location     Type
  6067 ;;  pid             1    7[COMMON] unsigned char 
  6068 ;; Return value:  Size  Location     Type
  6069 ;;                  1    wreg      _Bool 
  6070 ;; Registers used:
  6071 ;;		wreg, fsr0l, fsr0h, status,2, status,0, pclath, cstack
  6072 ;; Tracked objects:
  6073 ;;		On entry : 0/0
  6074 ;;		On exit  : 0/0
  6075 ;;		Unchanged: 0/0
  6076 ;; Data sizes:     COMMON   BANK0   BANK1   BANK2
  6077 ;;      Params:         0       0       0       0
  6078 ;;      Locals:         1       0       0       0
  6079 ;;      Temps:          0       0       0       0
  6080 ;;      Totals:         1       0       0       0
  6081 ;;Total ram usage:        1 bytes
  6082 ;; Hardware stack levels used: 1
  6083 ;; Hardware stack levels required when called: 5
  6084 ;; This function calls:
  6085 ;;		_LIN_calcParity
  6086 ;;		_LIN_getFromTable
  6087 ;; This function is called by:
  6088 ;;		_LIN_handler
  6089 ;; This function uses a non-reentrant model
  6090 ;;
  6091                           
  6092     04E5                     _LIN_checkPID:	
  6093                           ;psect for function _LIN_checkPID
  6094                           
  6095                           
  6096                           ;incstack = 0
  6097                           ; Regs used in _LIN_checkPID: [wreg-fsr0h+status,2+status,0+pclath+cstack]
  6098                           ;LIN_checkPID@pid stored from wreg
  6099     04E5  00F7               	movwf	LIN_checkPID@pid
  6100     04E6                     l2200:
  6101                           
  6102                           ;mcc_generated_files/LINDrivers/lin_slave.c: 221:     if(LIN_getFromTable(pid, TYPE) == 
      +                          ERROR)
  6103     04E6  01F0               	clrf	LIN_getFromTable@param
  6104     04E7  0AF0               	incf	LIN_getFromTable@param,f
  6105     04E8  0877               	movf	LIN_checkPID@pid,w
  6106     04E9  3183  230E  3184   	fcall	_LIN_getFromTable
  6107     04EC  3A02               	xorlw	2
  6108     04ED  1D03               	skipz
  6109     04EE  2CF0               	goto	u1451
  6110     04EF  2CF1               	goto	u1450
  6111     04F0                     u1451:
  6112     04F0  2CF3               	goto	l2206
  6113     04F1                     u1450:
  6114     04F1                     l2202:
  6115                           
  6116                           ;mcc_generated_files/LINDrivers/lin_slave.c: 222:         return 0;
  6117     04F1  3000               	movlw	0
  6118     04F2  2CFE               	goto	l162
  6119     04F3                     l2206:
  6120                           
  6121                           ;mcc_generated_files/LINDrivers/lin_slave.c: 224:     if(pid == LIN_calcParity(pid & 0x3
      +                          F))
  6122     04F3  0877               	movf	LIN_checkPID@pid,w
  6123     04F4  393F               	andlw	63
  6124     04F5  3182  2224  3184   	fcall	_LIN_calcParity
  6125     04F8  0677               	xorwf	LIN_checkPID@pid,w
  6126     04F9  1D03               	skipz
  6127     04FA  2CFC               	goto	u1461
  6128     04FB  2CFD               	goto	u1460
  6129     04FC                     u1461:
  6130     04FC  2CF1               	goto	l2202
  6131     04FD                     u1460:
  6132     04FD                     l2208:
  6133                           
  6134                           ;mcc_generated_files/LINDrivers/lin_slave.c: 225:         return 1;
  6135     04FD  3001               	movlw	1
  6136     04FE                     l162:
  6137     04FE  0008               	return
  6138     04FF                     __end_of_LIN_checkPID:
  6139                           
  6140                           	psect	text48
  6141     030E                     __ptext48:	
  6142 ;; *************** function _LIN_getFromTable *****************
  6143 ;; Defined at:
  6144 ;;		line 190 in file "mcc_generated_files/LINDrivers/lin_slave.c"
  6145 ;; Parameters:    Size  Location     Type
  6146 ;;  cmd             1    wreg     unsigned char 
  6147 ;;  param           1    0[COMMON] enum E53
  6148 ;; Auto vars:     Size  Location     Type
  6149 ;;  cmd             1    3[COMMON] unsigned char 
  6150 ;;  length          1    4[COMMON] unsigned char 
  6151 ;;  rxCommand       2    5[COMMON] PTR const struct .
  6152 ;;		 -> NULL(0), scheduleTable(5), 
  6153 ;; Return value:  Size  Location     Type
  6154 ;;                  1    wreg      unsigned char 
  6155 ;; Registers used:
  6156 ;;		wreg, fsr0l, fsr0h, status,2, status,0, pclath
  6157 ;; Tracked objects:
  6158 ;;		On entry : 0/0
  6159 ;;		On exit  : 0/0
  6160 ;;		Unchanged: 0/0
  6161 ;; Data sizes:     COMMON   BANK0   BANK1   BANK2
  6162 ;;      Params:         1       0       0       0
  6163 ;;      Locals:         4       0       0       0
  6164 ;;      Temps:          2       0       0       0
  6165 ;;      Totals:         7       0       0       0
  6166 ;;Total ram usage:        7 bytes
  6167 ;; Hardware stack levels used: 1
  6168 ;; Hardware stack levels required when called: 4
  6169 ;; This function calls:
  6170 ;;		Nothing
  6171 ;; This function is called by:
  6172 ;;		_LIN_handler
  6173 ;;		_LIN_checkPID
  6174 ;; This function uses a non-reentrant model
  6175 ;;
  6176                           
  6177     030E                     _LIN_getFromTable:	
  6178                           ;psect for function _LIN_getFromTable
  6179                           
  6180                           
  6181                           ;incstack = 0
  6182                           ; Regs used in _LIN_getFromTable: [wreg-fsr0h+status,2+status,0+pclath]
  6183                           ;LIN_getFromTable@cmd stored from wreg
  6184     030E  00F3               	movwf	LIN_getFromTable@cmd
  6185     030F                     l2056:
  6186                           
  6187                           ;mcc_generated_files/LINDrivers/lin_slave.c: 191:     const lin_rx_cmd_t* rxCommand = LI
      +                          N_rxCommand;
  6188     030F  0140               	movlb	0	; select bank0
  6189     0310  0864               	movf	_LIN_rxCommand+1,w
  6190     0311  00F6               	movwf	LIN_getFromTable@rxCommand+1
  6191     0312  0863               	movf	_LIN_rxCommand,w
  6192     0313  00F5               	movwf	LIN_getFromTable@rxCommand
  6193     0314                     l2058:
  6194                           
  6195                           ;mcc_generated_files/LINDrivers/lin_slave.c: 193:     cmd &= 0x3F;
  6196     0314  303F               	movlw	63
  6197     0315  05F3               	andwf	LIN_getFromTable@cmd,f
  6198     0316                     l2060:
  6199                           
  6200                           ;mcc_generated_files/LINDrivers/lin_slave.c: 195:     for(uint8_t length = 0; length < L
      +                          IN_rxCommandLength; length++){
  6201     0316  01F4               	clrf	LIN_getFromTable@length
  6202     0317  2B39               	goto	l2074
  6203     0318                     l2062:
  6204                           
  6205                           ;mcc_generated_files/LINDrivers/lin_slave.c: 196:         if(cmd == rxCommand->cmd){
  6206     0318  0875               	movf	LIN_getFromTable@rxCommand,w
  6207     0319  0084               	movwf	4
  6208     031A  0876               	movf	LIN_getFromTable@rxCommand+1,w
  6209     031B  0085               	movwf	5
  6210     031C  0800               	movf	0,w	;code access
  6211     031D  0673               	xorwf	LIN_getFromTable@cmd,w
  6212     031E  1D03               	skipz
  6213     031F  2B21               	goto	u1091
  6214     0320  2B22               	goto	u1090
  6215     0321                     u1091:
  6216     0321  2B23               	goto	l2066
  6217     0322                     u1090:
  6218     0322  2B58               	goto	l2090
  6219     0323                     l2066:
  6220                           
  6221                           ;mcc_generated_files/LINDrivers/lin_slave.c: 199:         rxCommand++;
  6222     0323  3005               	movlw	5
  6223     0324  07F5               	addwf	LIN_getFromTable@rxCommand,f
  6224     0325  3000               	movlw	0
  6225     0326  3DF6               	addwfc	LIN_getFromTable@rxCommand+1,f
  6226                           
  6227                           ;mcc_generated_files/LINDrivers/lin_slave.c: 201:         if(length == (LIN_rxCommandLen
      +                          gth-1)){
  6228     0327  0867               	movf	_LIN_rxCommandLength,w
  6229     0328  3EFF               	addlw	255
  6230     0329  00F1               	movwf	??_LIN_getFromTable
  6231     032A  30FF               	movlw	255
  6232     032B  1803               	skipnc
  6233     032C  3000               	movlw	0
  6234     032D  00F2               	movwf	??_LIN_getFromTable+1
  6235     032E  0874               	movf	LIN_getFromTable@length,w
  6236     032F  0671               	xorwf	??_LIN_getFromTable,w
  6237     0330  0472               	iorwf	??_LIN_getFromTable+1,w
  6238     0331  1D03               	skipz
  6239     0332  2B34               	goto	u1101
  6240     0333  2B35               	goto	u1100
  6241     0334                     u1101:
  6242     0334  2B37               	goto	l2072
  6243     0335                     u1100:
  6244     0335                     l2068:
  6245                           
  6246                           ;mcc_generated_files/LINDrivers/lin_slave.c: 202:             return ERROR;
  6247     0335  3002               	movlw	2
  6248     0336  2B6B               	goto	l152
  6249     0337                     l2072:
  6250                           
  6251                           ;mcc_generated_files/LINDrivers/lin_slave.c: 204:     }
  6252     0337  3001               	movlw	1
  6253     0338  07F4               	addwf	LIN_getFromTable@length,f
  6254     0339                     l2074:
  6255     0339  0867               	movf	_LIN_rxCommandLength,w
  6256     033A  0274               	subwf	LIN_getFromTable@length,w
  6257     033B  1C03               	skipc
  6258     033C  2B3E               	goto	u1111
  6259     033D  2B3F               	goto	u1110
  6260     033E                     u1111:
  6261     033E  2B18               	goto	l2062
  6262     033F                     u1110:
  6263     033F  2B58               	goto	l2090
  6264     0340                     l2076:
  6265                           
  6266                           ;mcc_generated_files/LINDrivers/lin_slave.c: 208:             return rxCommand->cmd;
  6267     0340  0875               	movf	LIN_getFromTable@rxCommand,w
  6268     0341  0084               	movwf	4
  6269     0342  0876               	movf	LIN_getFromTable@rxCommand+1,w
  6270     0343  0085               	movwf	5
  6271     0344  0800               	movf	0,w	;code access
  6272     0345  2B6B               	goto	l152
  6273     0346                     l2080:
  6274                           
  6275                           ;mcc_generated_files/LINDrivers/lin_slave.c: 210:             return (uint8_t)rxCommand-
      +                          >type;
  6276     0346  3001               	movlw	1
  6277     0347  0775               	addwf	LIN_getFromTable@rxCommand,w
  6278     0348  0084               	movwf	4
  6279     0349  0876               	movf	LIN_getFromTable@rxCommand+1,w
  6280     034A  1803               	skipnc
  6281     034B  3E01               	addlw	1
  6282     034C  0085               	movwf	5
  6283     034D  0800               	movf	0,w	;code access
  6284     034E  2B6B               	goto	l152
  6285     034F                     l2084:
  6286                           
  6287                           ;mcc_generated_files/LINDrivers/lin_slave.c: 212:             return rxCommand->length;
  6288     034F  3002               	movlw	2
  6289     0350  0775               	addwf	LIN_getFromTable@rxCommand,w
  6290     0351  0084               	movwf	4
  6291     0352  0876               	movf	LIN_getFromTable@rxCommand+1,w
  6292     0353  1803               	skipnc
  6293     0354  3E01               	addlw	1
  6294     0355  0085               	movwf	5
  6295     0356  0800               	movf	0,w	;code access
  6296     0357  2B6B               	goto	l152
  6297     0358                     l2090:
  6298     0358  0870               	movf	LIN_getFromTable@param,w
  6299     0359  00F1               	movwf	??_LIN_getFromTable
  6300     035A  01F2               	clrf	??_LIN_getFromTable+1
  6301                           
  6302                           ; Switch on 2 bytes has been partitioned into a top level switch of size 1, and 1 sub-sw
      +                          itches
  6303                           ; Switch size 1, requested type "simple"
  6304                           ; Number of cases is 1, Range of values is 0 to 0
  6305                           ; switch strategies available:
  6306                           ; Name         Instructions Cycles
  6307                           ; simple_byte            4     3 (average)
  6308                           ; direct_byte            8     6 (fixed)
  6309                           ; jumptable            260     6 (fixed)
  6310                           ;	Chosen strategy is simple_byte
  6311     035B  0872               	movf	??_LIN_getFromTable+1,w
  6312     035C  3A00               	xorlw	0	; case 0
  6313     035D  1903               	skipnz
  6314     035E  2B60               	goto	l2732
  6315     035F  2B35               	goto	l2068
  6316     0360                     l2732:
  6317                           
  6318                           ; Switch size 1, requested type "simple"
  6319                           ; Number of cases is 3, Range of values is 0 to 2
  6320                           ; switch strategies available:
  6321                           ; Name         Instructions Cycles
  6322                           ; simple_byte           10     6 (average)
  6323                           ; direct_byte           12     6 (fixed)
  6324                           ; jumptable            260     6 (fixed)
  6325                           ;	Chosen strategy is simple_byte
  6326     0360  0871               	movf	??_LIN_getFromTable,w
  6327     0361  3A00               	xorlw	0	; case 0
  6328     0362  1903               	skipnz
  6329     0363  2B40               	goto	l2076
  6330     0364  3A01               	xorlw	1	; case 1
  6331     0365  1903               	skipnz
  6332     0366  2B46               	goto	l2080
  6333     0367  3A03               	xorlw	3	; case 2
  6334     0368  1903               	skipnz
  6335     0369  2B4F               	goto	l2084
  6336     036A  2B35               	goto	l2068
  6337     036B                     l152:
  6338     036B  0008               	return
  6339     036C                     __end_of_LIN_getFromTable:
  6340                           
  6341                           	psect	text49
  6342     0224                     __ptext49:	
  6343 ;; *************** function _LIN_calcParity *****************
  6344 ;; Defined at:
  6345 ;;		line 230 in file "mcc_generated_files/LINDrivers/lin_slave.c"
  6346 ;; Parameters:    Size  Location     Type
  6347 ;;  CMD             1    wreg     unsigned char 
  6348 ;; Auto vars:     Size  Location     Type
  6349 ;;  CMD             1    1[COMMON] unsigned char 
  6350 ;;  PID             1    2[COMMON] struct .
  6351 ;; Return value:  Size  Location     Type
  6352 ;;                  1    wreg      unsigned char 
  6353 ;; Registers used:
  6354 ;;		wreg, status,0
  6355 ;; Tracked objects:
  6356 ;;		On entry : 0/0
  6357 ;;		On exit  : 0/0
  6358 ;;		Unchanged: 0/0
  6359 ;; Data sizes:     COMMON   BANK0   BANK1   BANK2
  6360 ;;      Params:         0       0       0       0
  6361 ;;      Locals:         2       0       0       0
  6362 ;;      Temps:          1       0       0       0
  6363 ;;      Totals:         3       0       0       0
  6364 ;;Total ram usage:        3 bytes
  6365 ;; Hardware stack levels used: 1
  6366 ;; Hardware stack levels required when called: 4
  6367 ;; This function calls:
  6368 ;;		Nothing
  6369 ;; This function is called by:
  6370 ;;		_LIN_checkPID
  6371 ;; This function uses a non-reentrant model
  6372 ;;
  6373                           
  6374     0224                     _LIN_calcParity:	
  6375                           ;psect for function _LIN_calcParity
  6376                           
  6377                           
  6378                           ;incstack = 0
  6379                           ; Regs used in _LIN_calcParity: [wreg+status,0]
  6380                           ;LIN_calcParity@CMD stored from wreg
  6381     0224  00F1               	movwf	LIN_calcParity@CMD
  6382     0225                     l2104:
  6383                           
  6384                           ;mcc_generated_files/LINDrivers/lin_slave.c: 231:     lin_pid_t PID;;mcc_generated_files
      +                          /LINDrivers/lin_slave.c: 232:     PID.rawPID = CMD;
  6385     0225  0871               	movf	LIN_calcParity@CMD,w
  6386     0226  00F2               	movwf	LIN_calcParity@PID
  6387                           
  6388                           ;mcc_generated_files/LINDrivers/lin_slave.c: 237:     PID.P0 = PID.ID0 ^ PID.ID1;
  6389     0227  18F2               	btfsc	LIN_calcParity@PID,1
  6390     0228  2A2A               	goto	u1121
  6391     0229  2A2C               	goto	u1120
  6392     022A                     u1121:
  6393     022A  3001               	movlw	1
  6394     022B  2A2D               	goto	u1122
  6395     022C                     u1120:
  6396     022C  3000               	movlw	0
  6397     022D                     u1122:
  6398     022D  00F0               	movwf	??_LIN_calcParity
  6399     022E  1872               	btfsc	LIN_calcParity@PID,0
  6400     022F  2A31               	goto	u1131
  6401     0230  2A33               	goto	u1130
  6402     0231                     u1131:
  6403     0231  3001               	movlw	1
  6404     0232  2A34               	goto	u1132
  6405     0233                     u1130:
  6406     0233  3000               	movlw	0
  6407     0234                     u1132:
  6408     0234  0670               	xorwf	??_LIN_calcParity,w
  6409     0235  1D03               	skipz
  6410     0236  2A38               	goto	u1141
  6411     0237  2A3A               	goto	u1140
  6412     0238                     u1141:
  6413     0238  1772               	bsf	LIN_calcParity@PID,6
  6414     0239  2A3B               	goto	u1154
  6415     023A                     u1140:
  6416     023A  1372               	bcf	LIN_calcParity@PID,6
  6417     023B                     u1154:
  6418                           
  6419                           ;mcc_generated_files/LINDrivers/lin_slave.c: 238:     PID.P0 = PID.P0 ^ PID.ID2;
  6420     023B  1972               	btfsc	LIN_calcParity@PID,2
  6421     023C  2A3E               	goto	u1161
  6422     023D  2A40               	goto	u1160
  6423     023E                     u1161:
  6424     023E  3001               	movlw	1
  6425     023F  2A41               	goto	u1162
  6426     0240                     u1160:
  6427     0240  3000               	movlw	0
  6428     0241                     u1162:
  6429     0241  00F0               	movwf	??_LIN_calcParity
  6430     0242  1B72               	btfsc	LIN_calcParity@PID,6
  6431     0243  2A45               	goto	u1171
  6432     0244  2A47               	goto	u1170
  6433     0245                     u1171:
  6434     0245  3001               	movlw	1
  6435     0246  2A48               	goto	u1172
  6436     0247                     u1170:
  6437     0247  3000               	movlw	0
  6438     0248                     u1172:
  6439     0248  0670               	xorwf	??_LIN_calcParity,w
  6440     0249  1D03               	skipz
  6441     024A  2A4C               	goto	u1181
  6442     024B  2A4E               	goto	u1180
  6443     024C                     u1181:
  6444     024C  1772               	bsf	LIN_calcParity@PID,6
  6445     024D  2A4F               	goto	u1194
  6446     024E                     u1180:
  6447     024E  1372               	bcf	LIN_calcParity@PID,6
  6448     024F                     u1194:
  6449                           
  6450                           ;mcc_generated_files/LINDrivers/lin_slave.c: 239:     PID.P0 = PID.P0 ^ PID.ID4;
  6451     024F  1A72               	btfsc	LIN_calcParity@PID,4
  6452     0250  2A52               	goto	u1201
  6453     0251  2A54               	goto	u1200
  6454     0252                     u1201:
  6455     0252  3001               	movlw	1
  6456     0253  2A55               	goto	u1202
  6457     0254                     u1200:
  6458     0254  3000               	movlw	0
  6459     0255                     u1202:
  6460     0255  00F0               	movwf	??_LIN_calcParity
  6461     0256  1B72               	btfsc	LIN_calcParity@PID,6
  6462     0257  2A59               	goto	u1211
  6463     0258  2A5B               	goto	u1210
  6464     0259                     u1211:
  6465     0259  3001               	movlw	1
  6466     025A  2A5C               	goto	u1212
  6467     025B                     u1210:
  6468     025B  3000               	movlw	0
  6469     025C                     u1212:
  6470     025C  0670               	xorwf	??_LIN_calcParity,w
  6471     025D  1D03               	skipz
  6472     025E  2A60               	goto	u1221
  6473     025F  2A62               	goto	u1220
  6474     0260                     u1221:
  6475     0260  1772               	bsf	LIN_calcParity@PID,6
  6476     0261  2A63               	goto	u1234
  6477     0262                     u1220:
  6478     0262  1372               	bcf	LIN_calcParity@PID,6
  6479     0263                     u1234:
  6480                           
  6481                           ;mcc_generated_files/LINDrivers/lin_slave.c: 240:     PID.P1 = PID.ID1 ^ PID.ID3;
  6482     0263  19F2               	btfsc	LIN_calcParity@PID,3
  6483     0264  2A66               	goto	u1241
  6484     0265  2A68               	goto	u1240
  6485     0266                     u1241:
  6486     0266  3001               	movlw	1
  6487     0267  2A69               	goto	u1242
  6488     0268                     u1240:
  6489     0268  3000               	movlw	0
  6490     0269                     u1242:
  6491     0269  00F0               	movwf	??_LIN_calcParity
  6492     026A  18F2               	btfsc	LIN_calcParity@PID,1
  6493     026B  2A6D               	goto	u1251
  6494     026C  2A6F               	goto	u1250
  6495     026D                     u1251:
  6496     026D  3001               	movlw	1
  6497     026E  2A70               	goto	u1252
  6498     026F                     u1250:
  6499     026F  3000               	movlw	0
  6500     0270                     u1252:
  6501     0270  0670               	xorwf	??_LIN_calcParity,w
  6502     0271  1D03               	skipz
  6503     0272  2A74               	goto	u1261
  6504     0273  2A76               	goto	u1260
  6505     0274                     u1261:
  6506     0274  17F2               	bsf	LIN_calcParity@PID,7
  6507     0275  2A77               	goto	u1274
  6508     0276                     u1260:
  6509     0276  13F2               	bcf	LIN_calcParity@PID,7
  6510     0277                     u1274:
  6511                           
  6512                           ;mcc_generated_files/LINDrivers/lin_slave.c: 241:     PID.P1 = PID.P1 ^ PID.ID4;
  6513     0277  1A72               	btfsc	LIN_calcParity@PID,4
  6514     0278  2A7A               	goto	u1281
  6515     0279  2A7C               	goto	u1280
  6516     027A                     u1281:
  6517     027A  3001               	movlw	1
  6518     027B  2A7D               	goto	u1282
  6519     027C                     u1280:
  6520     027C  3000               	movlw	0
  6521     027D                     u1282:
  6522     027D  00F0               	movwf	??_LIN_calcParity
  6523     027E  1BF2               	btfsc	LIN_calcParity@PID,7
  6524     027F  2A81               	goto	u1291
  6525     0280  2A83               	goto	u1290
  6526     0281                     u1291:
  6527     0281  3001               	movlw	1
  6528     0282  2A84               	goto	u1292
  6529     0283                     u1290:
  6530     0283  3000               	movlw	0
  6531     0284                     u1292:
  6532     0284  0670               	xorwf	??_LIN_calcParity,w
  6533     0285  1D03               	skipz
  6534     0286  2A88               	goto	u1301
  6535     0287  2A8A               	goto	u1300
  6536     0288                     u1301:
  6537     0288  17F2               	bsf	LIN_calcParity@PID,7
  6538     0289  2A8B               	goto	u1314
  6539     028A                     u1300:
  6540     028A  13F2               	bcf	LIN_calcParity@PID,7
  6541     028B                     u1314:
  6542                           
  6543                           ;mcc_generated_files/LINDrivers/lin_slave.c: 242:     PID.P1 = PID.P1 ^ PID.ID5;
  6544     028B  1AF2               	btfsc	LIN_calcParity@PID,5
  6545     028C  2A8E               	goto	u1321
  6546     028D  2A90               	goto	u1320
  6547     028E                     u1321:
  6548     028E  3001               	movlw	1
  6549     028F  2A91               	goto	u1322
  6550     0290                     u1320:
  6551     0290  3000               	movlw	0
  6552     0291                     u1322:
  6553     0291  00F0               	movwf	??_LIN_calcParity
  6554     0292  1BF2               	btfsc	LIN_calcParity@PID,7
  6555     0293  2A95               	goto	u1331
  6556     0294  2A97               	goto	u1330
  6557     0295                     u1331:
  6558     0295  3001               	movlw	1
  6559     0296  2A98               	goto	u1332
  6560     0297                     u1330:
  6561     0297  3000               	movlw	0
  6562     0298                     u1332:
  6563     0298  0670               	xorwf	??_LIN_calcParity,w
  6564     0299  1D03               	skipz
  6565     029A  2A9C               	goto	u1341
  6566     029B  2A9E               	goto	u1340
  6567     029C                     u1341:
  6568     029C  17F2               	bsf	LIN_calcParity@PID,7
  6569     029D  2A9F               	goto	u1354
  6570     029E                     u1340:
  6571     029E  13F2               	bcf	LIN_calcParity@PID,7
  6572     029F                     u1354:
  6573     029F                     l2106:
  6574                           
  6575                           ;mcc_generated_files/LINDrivers/lin_slave.c: 243:     PID.P1 = ~PID.P1;
  6576     029F  1003               	clrc
  6577     02A0  1FF2               	btfss	LIN_calcParity@PID,7
  6578     02A1  1403               	setc
  6579     02A2  1803               	btfsc	3,0
  6580     02A3  2AA5               	goto	u1361
  6581     02A4  2AA7               	goto	u1360
  6582     02A5                     u1361:
  6583     02A5  17F2               	bsf	LIN_calcParity@PID,7
  6584     02A6  2AA8               	goto	u1374
  6585     02A7                     u1360:
  6586     02A7  13F2               	bcf	LIN_calcParity@PID,7
  6587     02A8                     u1374:
  6588     02A8                     l2108:
  6589                           
  6590                           ;mcc_generated_files/LINDrivers/lin_slave.c: 245:     return PID.rawPID;
  6591     02A8  0872               	movf	LIN_calcParity@PID,w
  6592     02A9                     l166:
  6593     02A9  0008               	return
  6594     02AA                     __end_of_LIN_calcParity:
  6595                           
  6596                           	psect	text50
  6597     0568                     __ptext50:	
  6598 ;; *************** function _LIN_breakCheck *****************
  6599 ;; Defined at:
  6600 ;;		line 298 in file "mcc_generated_files/LINDrivers/lin_slave.c"
  6601 ;; Parameters:    Size  Location     Type
  6602 ;;		None
  6603 ;; Auto vars:     Size  Location     Type
  6604 ;;		None
  6605 ;; Return value:  Size  Location     Type
  6606 ;;                  1    wreg      _Bool 
  6607 ;; Registers used:
  6608 ;;		wreg, fsr1l, fsr1h, status,2, status,0, pclath, cstack
  6609 ;; Tracked objects:
  6610 ;;		On entry : 0/0
  6611 ;;		On exit  : 0/0
  6612 ;;		Unchanged: 0/0
  6613 ;; Data sizes:     COMMON   BANK0   BANK1   BANK2
  6614 ;;      Params:         0       0       0       0
  6615 ;;      Locals:         0       0       0       0
  6616 ;;      Temps:          0       0       0       0
  6617 ;;      Totals:         0       0       0       0
  6618 ;;Total ram usage:        0 bytes
  6619 ;; Hardware stack levels used: 1
  6620 ;; Hardware stack levels required when called: 5
  6621 ;; This function calls:
  6622 ;;		_EUSART1_Read
  6623 ;;		_EUSART1_get_last_status
  6624 ;; This function is called by:
  6625 ;;		_LIN_handler
  6626 ;; This function uses a non-reentrant model
  6627 ;;
  6628                           
  6629     0568                     _LIN_breakCheck:	
  6630                           ;psect for function _LIN_breakCheck
  6631                           
  6632     0568                     l2188:	
  6633                           ;incstack = 0
  6634                           ; Regs used in _LIN_breakCheck: [wreg+fsr1l+fsr1h+status,2+status,0+pclath+cstack]
  6635                           
  6636                           
  6637                           ;mcc_generated_files/LINDrivers/lin_slave.c: 300:     if((EUSART1_Read() == 0x00) && (EU
      +                          SART1_get_last_status().ferr == 1)){
  6638     0568  3184  243E  3185   	fcall	_EUSART1_Read
  6639     056B  3A00               	xorlw	0
  6640     056C  1D03               	skipz
  6641     056D  2D6F               	goto	u1431
  6642     056E  2D70               	goto	u1430
  6643     056F                     u1431:
  6644     056F  2D79               	goto	l2196
  6645     0570                     u1430:
  6646     0570                     l2190:
  6647     0570  3186  266E  3185   	fcall	_EUSART1_get_last_status
  6648     0573  1C89               	btfss	9,1
  6649     0574  2D76               	goto	u1441
  6650     0575  2D77               	goto	u1440
  6651     0576                     u1441:
  6652     0576  2D79               	goto	l2196
  6653     0577                     u1440:
  6654     0577                     l2192:
  6655                           
  6656                           ;mcc_generated_files/LINDrivers/lin_slave.c: 301:         return 1;
  6657     0577  3001               	movlw	1
  6658     0578  2D7A               	goto	l196
  6659     0579                     l2196:
  6660                           
  6661                           ;mcc_generated_files/LINDrivers/lin_slave.c: 304:     return 0;
  6662     0579  3000               	movlw	0
  6663     057A                     l196:
  6664     057A  0008               	return
  6665     057B                     __end_of_LIN_breakCheck:
  6666                           
  6667                           	psect	text51
  6668     066E                     __ptext51:	
  6669 ;; *************** function _EUSART1_get_last_status *****************
  6670 ;; Defined at:
  6671 ;;		line 147 in file "mcc_generated_files/eusart1.c"
  6672 ;; Parameters:    Size  Location     Type
  6673 ;;		None
  6674 ;; Auto vars:     Size  Location     Type
  6675 ;;		None
  6676 ;; Return value:  Size  Location     Type
  6677 ;;                  1    wreg      struct .
  6678 ;; Registers used:
  6679 ;;		wreg
  6680 ;; Tracked objects:
  6681 ;;		On entry : 0/0
  6682 ;;		On exit  : 0/0
  6683 ;;		Unchanged: 0/0
  6684 ;; Data sizes:     COMMON   BANK0   BANK1   BANK2
  6685 ;;      Params:         0       0       0       0
  6686 ;;      Locals:         0       0       0       0
  6687 ;;      Temps:          0       0       0       0
  6688 ;;      Totals:         0       0       0       0
  6689 ;;Total ram usage:        0 bytes
  6690 ;; Hardware stack levels used: 1
  6691 ;; Hardware stack levels required when called: 4
  6692 ;; This function calls:
  6693 ;;		Nothing
  6694 ;; This function is called by:
  6695 ;;		_LIN_breakCheck
  6696 ;; This function uses a non-reentrant model
  6697 ;;
  6698                           
  6699     066E                     _EUSART1_get_last_status:	
  6700                           ;psect for function _EUSART1_get_last_status
  6701                           
  6702     066E                     l2114:	
  6703                           ;incstack = 0
  6704                           ; Regs used in _EUSART1_get_last_status: [wreg]
  6705                           
  6706                           
  6707                           ;mcc_generated_files/eusart1.c: 148:     return eusart1RxLastError;
  6708     066E  0140               	movlb	0	; select bank0
  6709     066F  083A               	movf	_eusart1RxLastError,w	;volatile
  6710     0670                     l283:
  6711     0670  0008               	return
  6712     0671                     __end_of_EUSART1_get_last_status:
  6713                           
  6714                           	psect	text52
  6715     043E                     __ptext52:	
  6716 ;; *************** function _EUSART1_Read *****************
  6717 ;; Defined at:
  6718 ;;		line 151 in file "mcc_generated_files/eusart1.c"
  6719 ;; Parameters:    Size  Location     Type
  6720 ;;		None
  6721 ;; Auto vars:     Size  Location     Type
  6722 ;;  readValue       1    0[COMMON] unsigned char 
  6723 ;; Return value:  Size  Location     Type
  6724 ;;                  1    wreg      unsigned char 
  6725 ;; Registers used:
  6726 ;;		wreg, fsr1l, fsr1h, status,2, status,0
  6727 ;; Tracked objects:
  6728 ;;		On entry : 0/0
  6729 ;;		On exit  : 0/0
  6730 ;;		Unchanged: 0/0
  6731 ;; Data sizes:     COMMON   BANK0   BANK1   BANK2
  6732 ;;      Params:         0       0       0       0
  6733 ;;      Locals:         1       0       0       0
  6734 ;;      Temps:          0       0       0       0
  6735 ;;      Totals:         1       0       0       0
  6736 ;;Total ram usage:        1 bytes
  6737 ;; Hardware stack levels used: 1
  6738 ;; Hardware stack levels required when called: 4
  6739 ;; This function calls:
  6740 ;;		Nothing
  6741 ;; This function is called by:
  6742 ;;		_LIN_handler
  6743 ;;		_LIN_breakCheck
  6744 ;; This function uses a non-reentrant model
  6745 ;;
  6746                           
  6747     043E                     _EUSART1_Read:	
  6748                           ;psect for function _EUSART1_Read
  6749                           
  6750     043E                     l2034:	
  6751                           ;incstack = 0
  6752                           ; Regs used in _EUSART1_Read: [wreg+fsr1l+fsr1h+status,2+status,0]
  6753                           
  6754     043E                     l2036:	
  6755                           ;mcc_generated_files/eusart1.c: 155:     while(0 == eusart1RxCount)
  6756                           
  6757                           
  6758                           ;mcc_generated_files/eusart1.c: 155:     while(0 == eusart1RxCount)
  6759     043E  0140               	movlb	0	; select bank0
  6760     043F  083B               	movf	_eusart1RxCount,w	;volatile
  6761     0440  1903               	btfsc	3,2
  6762     0441  2C43               	goto	u1071
  6763     0442  2C44               	goto	u1070
  6764     0443                     u1071:
  6765     0443  2C3E               	goto	l2036
  6766     0444                     u1070:
  6767     0444                     l2038:
  6768                           
  6769                           ;mcc_generated_files/eusart1.c: 159:     eusart1RxLastError = eusart1RxStatusBuffer[eusa
      +                          rt1RxTail];
  6770     0444  083C               	movf	_eusart1RxTail,w	;volatile
  6771     0445  3E20               	addlw	(low (_eusart1RxStatusBuffer| 0))& (0+255)
  6772     0446  0086               	movwf	6
  6773     0447  0187               	clrf	7
  6774     0448  0801               	movf	1,w
  6775     0449  00BA               	movwf	_eusart1RxLastError	;volatile
  6776                           
  6777                           ;mcc_generated_files/eusart1.c: 161:     readValue = eusart1RxBuffer[eusart1RxTail++];
  6778     044A  083C               	movf	_eusart1RxTail,w
  6779     044B  3E28               	addlw	(low (_eusart1RxBuffer| 0))& (0+255)
  6780     044C  0086               	movwf	6
  6781     044D  0187               	clrf	7
  6782     044E  0801               	movf	1,w
  6783     044F  00F0               	movwf	EUSART1_Read@readValue
  6784     0450                     l2040:
  6785     0450  3001               	movlw	1
  6786     0451  07BC               	addwf	_eusart1RxTail,f	;volatile
  6787     0452                     l2042:
  6788                           
  6789                           ;mcc_generated_files/eusart1.c: 162:     if(sizeof(eusart1RxBuffer) <= eusart1RxTail)
  6790     0452  3008               	movlw	8
  6791     0453  023C               	subwf	_eusart1RxTail,w	;volatile
  6792     0454  1C03               	skipc
  6793     0455  2C57               	goto	u1081
  6794     0456  2C58               	goto	u1080
  6795     0457                     u1081:
  6796     0457  2C59               	goto	l2046
  6797     0458                     u1080:
  6798     0458                     l2044:
  6799                           
  6800                           ;mcc_generated_files/eusart1.c: 163:     {;mcc_generated_files/eusart1.c: 164:         e
      +                          usart1RxTail = 0;
  6801     0458  01BC               	clrf	_eusart1RxTail	;volatile
  6802     0459                     l2046:
  6803                           
  6804                           ;mcc_generated_files/eusart1.c: 166:     PIE1bits.RC1IE = 0;
  6805     0459  014E               	movlb	14	; select bank14
  6806     045A  1217               	bcf	23,4	;volatile
  6807     045B                     l2048:
  6808                           
  6809                           ;mcc_generated_files/eusart1.c: 167:     eusart1RxCount--;
  6810     045B  3001               	movlw	1
  6811     045C  0140               	movlb	0	; select bank0
  6812     045D  02BB               	subwf	_eusart1RxCount,f	;volatile
  6813     045E                     l2050:
  6814                           
  6815                           ;mcc_generated_files/eusart1.c: 168:     PIE1bits.RC1IE = 1;
  6816     045E  014E               	movlb	14	; select bank14
  6817     045F  1617               	bsf	23,4	;volatile
  6818     0460                     l2052:
  6819                           
  6820                           ;mcc_generated_files/eusart1.c: 170:     return readValue;
  6821     0460  0870               	movf	EUSART1_Read@readValue,w
  6822     0461                     l290:
  6823     0461  0008               	return
  6824     0462                     __end_of_EUSART1_Read:
  6825                           
  6826                           	psect	text53
  6827     05E2                     __ptext53:	
  6828 ;; *************** function _EUSART1_is_rx_ready *****************
  6829 ;; Defined at:
  6830 ;;		line 137 in file "mcc_generated_files/eusart1.c"
  6831 ;; Parameters:    Size  Location     Type
  6832 ;;		None
  6833 ;; Auto vars:     Size  Location     Type
  6834 ;;		None
  6835 ;; Return value:  Size  Location     Type
  6836 ;;                  1    wreg      _Bool 
  6837 ;; Registers used:
  6838 ;;		wreg, status,2, status,0
  6839 ;; Tracked objects:
  6840 ;;		On entry : 0/0
  6841 ;;		On exit  : 0/0
  6842 ;;		Unchanged: 0/0
  6843 ;; Data sizes:     COMMON   BANK0   BANK1   BANK2
  6844 ;;      Params:         0       0       0       0
  6845 ;;      Locals:         0       0       0       0
  6846 ;;      Temps:          0       0       0       0
  6847 ;;      Totals:         0       0       0       0
  6848 ;;Total ram usage:        0 bytes
  6849 ;; Hardware stack levels used: 1
  6850 ;; Hardware stack levels required when called: 4
  6851 ;; This function calls:
  6852 ;;		Nothing
  6853 ;; This function is called by:
  6854 ;;		_LIN_handler
  6855 ;; This function uses a non-reentrant model
  6856 ;;
  6857                           
  6858     05E2                     _EUSART1_is_rx_ready:	
  6859                           ;psect for function _EUSART1_is_rx_ready
  6860                           
  6861     05E2                     l2174:	
  6862                           ;incstack = 0
  6863                           ; Regs used in _EUSART1_is_rx_ready: [wreg+status,2+status,0]
  6864                           
  6865                           
  6866                           ;mcc_generated_files/eusart1.c: 139:     return (eusart1RxCount ? 1 : 0);
  6867     05E2  0140               	movlb	0	; select bank0
  6868     05E3  083B               	movf	_eusart1RxCount,w	;volatile
  6869     05E4  1D03               	btfss	3,2
  6870     05E5  2DE7               	goto	u1411
  6871     05E6  2DE9               	goto	u1410
  6872     05E7                     u1411:
  6873     05E7  3001               	movlw	1
  6874     05E8  2DEA               	goto	u1420
  6875     05E9                     u1410:
  6876     05E9  3000               	movlw	0
  6877     05EA                     u1420:
  6878     05EA                     l277:
  6879     05EA  0008               	return
  6880     05EB                     __end_of_EUSART1_is_rx_ready:
  6881                           
  6882                           	psect	intentry
  6883     0004                     __pintentry:	
  6884 ;; *************** function _INTERRUPT_InterruptManager *****************
  6885 ;; Defined at:
  6886 ;;		line 52 in file "mcc_generated_files/interrupt_manager.c"
  6887 ;; Parameters:    Size  Location     Type
  6888 ;;		None
  6889 ;; Auto vars:     Size  Location     Type
  6890 ;;		None
  6891 ;; Return value:  Size  Location     Type
  6892 ;;                  1    wreg      void 
  6893 ;; Registers used:
  6894 ;;		wreg, fsr1l, fsr1h, status,2, status,0, pclath, cstack
  6895 ;; Tracked objects:
  6896 ;;		On entry : 0/0
  6897 ;;		On exit  : 0/0
  6898 ;;		Unchanged: 0/0
  6899 ;; Data sizes:     COMMON   BANK0   BANK1   BANK2
  6900 ;;      Params:         0       0       0       0
  6901 ;;      Locals:         0       0       0       0
  6902 ;;      Temps:          0       0       0       0
  6903 ;;      Totals:         0       0       0       0
  6904 ;;Total ram usage:        0 bytes
  6905 ;; Hardware stack levels used: 1
  6906 ;; Hardware stack levels required when called: 3
  6907 ;; This function calls:
  6908 ;;		NULL
  6909 ;;		_EUSART1_Receive_ISR
  6910 ;;		_EUSART1_Transmit_ISR
  6911 ;;		_TMR0_ISR
  6912 ;; This function is called by:
  6913 ;;		Interrupt level 1
  6914 ;; This function uses a non-reentrant model
  6915 ;;
  6916                           
  6917     0004                     _INTERRUPT_InterruptManager:
  6918                           
  6919                           ;incstack = 0
  6920     0004  147E               	bsf	int$flags,0	;set compiler interrupt flag (level 1)
  6921                           
  6922                           ; Regs used in _INTERRUPT_InterruptManager: [wreg+fsr1l+fsr1h+status,2+status,0+pclath+c
      +                          stack]
  6923     0005  3180               	pagesel	$
  6924     0006                     i1l2446:
  6925                           
  6926                           ;mcc_generated_files/interrupt_manager.c: 55:     if(PIE0bits.TMR0IE == 1 && PIR0bits.TM
      +                          R0IF == 1)
  6927     0006  014E               	movlb	14	; select bank14
  6928     0007  1E96               	btfss	22,5	;volatile
  6929     0008  280A               	goto	u169_21
  6930     0009  280B               	goto	u169_20
  6931     000A                     u169_21:
  6932     000A  2813               	goto	i1l365
  6933     000B                     u169_20:
  6934     000B                     i1l2448:
  6935     000B  1E8C               	btfss	12,5	;volatile
  6936     000C  280E               	goto	u170_21
  6937     000D  280F               	goto	u170_20
  6938     000E                     u170_21:
  6939     000E  2813               	goto	i1l365
  6940     000F                     u170_20:
  6941     000F                     i1l2450:
  6942                           
  6943                           ;mcc_generated_files/interrupt_manager.c: 56:     {;mcc_generated_files/interrupt_manage
      +                          r.c: 57:         TMR0_ISR();
  6944     000F  3185  25AC  3180   	fcall	_TMR0_ISR
  6945                           
  6946                           ;mcc_generated_files/interrupt_manager.c: 58:     }
  6947     0012  2835               	goto	i1l373
  6948     0013                     i1l365:	
  6949                           ;mcc_generated_files/interrupt_manager.c: 59:     else if(INTCONbits.PEIE == 1)
  6950                           
  6951     0013  1F0B               	btfss	11,6	;volatile
  6952     0014  2816               	goto	u171_21
  6953     0015  2817               	goto	u171_20
  6954     0016                     u171_21:
  6955     0016  2835               	goto	i1l373
  6956     0017                     u171_20:
  6957     0017                     i1l2452:
  6958                           
  6959                           ;mcc_generated_files/interrupt_manager.c: 60:     {;mcc_generated_files/interrupt_manage
      +                          r.c: 61:         if(PIE1bits.TX1IE == 1 && PIR1bits.TX1IF == 1)
  6960     0017  1D97               	btfss	23,3	;volatile
  6961     0018  281A               	goto	u172_21
  6962     0019  281B               	goto	u172_20
  6963     001A                     u172_21:
  6964     001A  2826               	goto	i1l368
  6965     001B                     u172_20:
  6966     001B                     i1l2454:
  6967     001B  1D8D               	btfss	13,3	;volatile
  6968     001C  281E               	goto	u173_21
  6969     001D  281F               	goto	u173_20
  6970     001E                     u173_21:
  6971     001E  2826               	goto	i1l368
  6972     001F                     u173_20:
  6973     001F                     i1l2456:
  6974                           
  6975                           ;mcc_generated_files/interrupt_manager.c: 62:         {;mcc_generated_files/interrupt_ma
      +                          nager.c: 63:             EUSART1_TxDefaultInterruptHandler();
  6976     001F  0140               	movlb	0	; select bank0
  6977     0020  0862               	movf	_EUSART1_TxDefaultInterruptHandler+1,w
  6978     0021  008A               	movwf	10
  6979     0022  0861               	movf	_EUSART1_TxDefaultInterruptHandler,w
  6980     0023  000A               	callw
  6981     0024  3180               	pagesel	$
  6982                           
  6983                           ;mcc_generated_files/interrupt_manager.c: 64:         }
  6984     0025  2835               	goto	i1l373
  6985     0026                     i1l368:	
  6986                           ;mcc_generated_files/interrupt_manager.c: 65:         else if(PIE1bits.RC1IE == 1 && PIR
      +                          1bits.RC1IF == 1)
  6987                           
  6988     0026  1E17               	btfss	23,4	;volatile
  6989     0027  2829               	goto	u174_21
  6990     0028  282A               	goto	u174_20
  6991     0029                     u174_21:
  6992     0029  2835               	goto	i1l372
  6993     002A                     u174_20:
  6994     002A                     i1l2458:
  6995     002A  1E0D               	btfss	13,4	;volatile
  6996     002B  282D               	goto	u175_21
  6997     002C  282E               	goto	u175_20
  6998     002D                     u175_21:
  6999     002D  2835               	goto	i1l372
  7000     002E                     u175_20:
  7001     002E                     i1l2460:
  7002                           
  7003                           ;mcc_generated_files/interrupt_manager.c: 66:         {;mcc_generated_files/interrupt_ma
      +                          nager.c: 67:             EUSART1_RxDefaultInterruptHandler();
  7004     002E  0140               	movlb	0	; select bank0
  7005     002F  0860               	movf	_EUSART1_RxDefaultInterruptHandler+1,w
  7006     0030  008A               	movwf	10
  7007     0031  085F               	movf	_EUSART1_RxDefaultInterruptHandler,w
  7008     0032  000A               	callw
  7009     0033  3180               	pagesel	$
  7010                           
  7011                           ;mcc_generated_files/interrupt_manager.c: 68:         }
  7012     0034  2835               	goto	i1l373
  7013     0035                     i1l372:	
  7014                           ;mcc_generated_files/interrupt_manager.c: 75:     {;mcc_generated_files/interrupt_manage
      +                          r.c: 77:     }
  7015                           
  7016     0035                     i1l373:
  7017     0035  107E               	bcf	int$flags,0	;clear compiler interrupt flag (level 1)
  7018     0036  0009               	retfie
  7019     0037                     __end_of_INTERRUPT_InterruptManager:
  7020                           
  7021                           	psect	text55
  7022     05AC                     __ptext55:	
  7023 ;; *************** function _TMR0_ISR *****************
  7024 ;; Defined at:
  7025 ;;		line 121 in file "mcc_generated_files/tmr0.c"
  7026 ;; Parameters:    Size  Location     Type
  7027 ;;		None
  7028 ;; Auto vars:     Size  Location     Type
  7029 ;;		None
  7030 ;; Return value:  Size  Location     Type
  7031 ;;                  1    wreg      void 
  7032 ;; Registers used:
  7033 ;;		wreg, status,2, status,0, pclath, cstack
  7034 ;; Tracked objects:
  7035 ;;		On entry : 0/0
  7036 ;;		On exit  : 0/0
  7037 ;;		Unchanged: 0/0
  7038 ;; Data sizes:     COMMON   BANK0   BANK1   BANK2
  7039 ;;      Params:         0       0       0       0
  7040 ;;      Locals:         0       0       0       0
  7041 ;;      Temps:          0       0       0       0
  7042 ;;      Totals:         0       0       0       0
  7043 ;;Total ram usage:        0 bytes
  7044 ;; Hardware stack levels used: 1
  7045 ;; Hardware stack levels required when called: 1
  7046 ;; This function calls:
  7047 ;;		NULL
  7048 ;;		_LIN_timerHandler
  7049 ;;		_TMR0_DefaultInterruptHandler
  7050 ;; This function is called by:
  7051 ;;		_INTERRUPT_InterruptManager
  7052 ;; This function uses a non-reentrant model
  7053 ;;
  7054                           
  7055     05AC                     _TMR0_ISR:	
  7056                           ;psect for function _TMR0_ISR
  7057                           
  7058     05AC                     i1l2430:	
  7059                           ;incstack = 0
  7060                           ; Regs used in _TMR0_ISR: [wreg+status,2+status,0+pclath+cstack]
  7061                           
  7062                           
  7063                           ;mcc_generated_files/tmr0.c: 124:     PIR0bits.TMR0IF = 0;
  7064     05AC  014E               	movlb	14	; select bank14
  7065     05AD  128C               	bcf	12,5	;volatile
  7066     05AE                     i1l2432:
  7067                           
  7068                           ;mcc_generated_files/tmr0.c: 125:     if(TMR0_InterruptHandler)
  7069     05AE  0140               	movlb	0	; select bank0
  7070     05AF  085B               	movf	_TMR0_InterruptHandler,w
  7071     05B0  045C               	iorwf	_TMR0_InterruptHandler+1,w
  7072     05B1  1903               	btfsc	3,2
  7073     05B2  2DB4               	goto	u168_21
  7074     05B3  2DB5               	goto	u168_20
  7075     05B4                     u168_21:
  7076     05B4  2DBA               	goto	i1l470
  7077     05B5                     u168_20:
  7078     05B5                     i1l2434:
  7079                           
  7080                           ;mcc_generated_files/tmr0.c: 126:     {;mcc_generated_files/tmr0.c: 127:         TMR0_In
      +                          terruptHandler();
  7081     05B5  085C               	movf	_TMR0_InterruptHandler+1,w
  7082     05B6  008A               	movwf	10
  7083     05B7  085B               	movf	_TMR0_InterruptHandler,w
  7084     05B8  000A               	callw
  7085     05B9  3185               	pagesel	$
  7086     05BA                     i1l470:
  7087     05BA  0008               	return
  7088     05BB                     __end_of_TMR0_ISR:
  7089                           
  7090                           	psect	text56
  7091     05D6                     __ptext56:	
  7092 ;; *************** function _LIN_timerHandler *****************
  7093 ;; Defined at:
  7094 ;;		line 269 in file "mcc_generated_files/LINDrivers/lin_slave.c"
  7095 ;; Parameters:    Size  Location     Type
  7096 ;;		None
  7097 ;; Auto vars:     Size  Location     Type
  7098 ;;		None
  7099 ;; Return value:  Size  Location     Type
  7100 ;;                  1    wreg      void 
  7101 ;; Registers used:
  7102 ;;		wreg, status,2, status,0
  7103 ;; Tracked objects:
  7104 ;;		On entry : 0/0
  7105 ;;		On exit  : 0/0
  7106 ;;		Unchanged: 0/0
  7107 ;; Data sizes:     COMMON   BANK0   BANK1   BANK2
  7108 ;;      Params:         0       0       0       0
  7109 ;;      Locals:         0       0       0       0
  7110 ;;      Temps:          0       0       0       0
  7111 ;;      Totals:         0       0       0       0
  7112 ;;Total ram usage:        0 bytes
  7113 ;; Hardware stack levels used: 1
  7114 ;; This function calls:
  7115 ;;		Nothing
  7116 ;; This function is called by:
  7117 ;;		_LIN_setTimerHandler
  7118 ;;		_TMR0_ISR
  7119 ;; This function uses a non-reentrant model
  7120 ;;
  7121                           
  7122     05D6                     _LIN_timerHandler:	
  7123                           ;psect for function _LIN_timerHandler
  7124                           
  7125     05D6                     i1l2218:	
  7126                           ;incstack = 0
  7127                           ; Regs used in _LIN_timerHandler: [wreg+status,2+status,0]
  7128                           
  7129                           
  7130                           ;mcc_generated_files/LINDrivers/lin_slave.c: 271:     if (++CountCallBack >= LIN_timeout
      +                          ) {
  7131     05D6  3001               	movlw	1
  7132     05D7  0140               	movlb	0	; select bank0
  7133     05D8  07C3               	addwf	_CountCallBack,f	;volatile
  7134     05D9  086F               	movf	_LIN_timeout,w
  7135     05DA  0243               	subwf	_CountCallBack,w	;volatile
  7136     05DB  1C03               	skipc
  7137     05DC  2DDE               	goto	u147_21
  7138     05DD  2DDF               	goto	u147_20
  7139     05DE                     u147_21:
  7140     05DE  2DE1               	goto	i1l180
  7141     05DF                     u147_20:
  7142     05DF                     i1l2220:
  7143                           
  7144                           ;mcc_generated_files/LINDrivers/lin_slave.c: 275:       CountCallBack = 0;
  7145     05DF  01C3               	clrf	_CountCallBack	;volatile
  7146                           
  7147                           ;mcc_generated_files/LINDrivers/lin_slave.c: 276:       LIN_timerRunning = 0;
  7148     05E0  01C4               	clrf	_LIN_timerRunning
  7149     05E1                     i1l180:
  7150     05E1  0008               	return
  7151     05E2                     __end_of_LIN_timerHandler:
  7152                           
  7153                           	psect	text57
  7154     0676                     __ptext57:	
  7155 ;; *************** function _TMR0_DefaultInterruptHandler *****************
  7156 ;; Defined at:
  7157 ;;		line 138 in file "mcc_generated_files/tmr0.c"
  7158 ;; Parameters:    Size  Location     Type
  7159 ;;		None
  7160 ;; Auto vars:     Size  Location     Type
  7161 ;;		None
  7162 ;; Return value:  Size  Location     Type
  7163 ;;                  1    wreg      void 
  7164 ;; Registers used:
  7165 ;;		None
  7166 ;; Tracked objects:
  7167 ;;		On entry : 0/0
  7168 ;;		On exit  : 0/0
  7169 ;;		Unchanged: 0/0
  7170 ;; Data sizes:     COMMON   BANK0   BANK1   BANK2
  7171 ;;      Params:         0       0       0       0
  7172 ;;      Locals:         0       0       0       0
  7173 ;;      Temps:          0       0       0       0
  7174 ;;      Totals:         0       0       0       0
  7175 ;;Total ram usage:        0 bytes
  7176 ;; Hardware stack levels used: 1
  7177 ;; This function calls:
  7178 ;;		Nothing
  7179 ;; This function is called by:
  7180 ;;		_TMR0_Initialize
  7181 ;;		_TMR0_ISR
  7182 ;; This function uses a non-reentrant model
  7183 ;;
  7184                           
  7185     0676                     _TMR0_DefaultInterruptHandler:	
  7186                           ;psect for function _TMR0_DefaultInterruptHandler
  7187                           
  7188     0676                     i1l476:	
  7189                           ;incstack = 0
  7190                           ; Regs used in _TMR0_DefaultInterruptHandler: []
  7191                           
  7192     0676  0008               	return
  7193     0677                     __end_of_TMR0_DefaultInterruptHandler:
  7194                           
  7195                           	psect	text58
  7196     04C7                     __ptext58:	
  7197 ;; *************** function _EUSART1_Transmit_ISR *****************
  7198 ;; Defined at:
  7199 ;;		line 197 in file "mcc_generated_files/eusart1.c"
  7200 ;; Parameters:    Size  Location     Type
  7201 ;;		None
  7202 ;; Auto vars:     Size  Location     Type
  7203 ;;		None
  7204 ;; Return value:  Size  Location     Type
  7205 ;;                  1    wreg      void 
  7206 ;; Registers used:
  7207 ;;		wreg, fsr1l, fsr1h, status,2, status,0
  7208 ;; Tracked objects:
  7209 ;;		On entry : 0/0
  7210 ;;		On exit  : 0/0
  7211 ;;		Unchanged: 0/0
  7212 ;; Data sizes:     COMMON   BANK0   BANK1   BANK2
  7213 ;;      Params:         0       0       0       0
  7214 ;;      Locals:         0       0       0       0
  7215 ;;      Temps:          0       0       0       0
  7216 ;;      Totals:         0       0       0       0
  7217 ;;Total ram usage:        0 bytes
  7218 ;; Hardware stack levels used: 1
  7219 ;; This function calls:
  7220 ;;		Nothing
  7221 ;; This function is called by:
  7222 ;;		_EUSART1_Initialize
  7223 ;;		_INTERRUPT_InterruptManager
  7224 ;; This function uses a non-reentrant model
  7225 ;;
  7226                           
  7227     04C7                     _EUSART1_Transmit_ISR:	
  7228                           ;psect for function _EUSART1_Transmit_ISR
  7229                           
  7230     04C7                     i1l2398:	
  7231                           ;incstack = 0
  7232                           ; Regs used in _EUSART1_Transmit_ISR: [wreg+fsr1l+fsr1h+status,2+status,0]
  7233                           
  7234                           
  7235                           ;mcc_generated_files/eusart1.c: 201:     if(sizeof(eusart1TxBuffer) > eusart1TxBufferRem
      +                          aining)
  7236     04C7  3008               	movlw	8
  7237     04C8  0140               	movlb	0	; select bank0
  7238     04C9  023E               	subwf	_eusart1TxBufferRemaining,w	;volatile
  7239     04CA  1803               	skipnc
  7240     04CB  2CCD               	goto	u163_21
  7241     04CC  2CCE               	goto	u163_20
  7242     04CD                     u163_21:
  7243     04CD  2CE2               	goto	i1l302
  7244     04CE                     u163_20:
  7245     04CE                     i1l2400:
  7246                           
  7247                           ;mcc_generated_files/eusart1.c: 202:     {;mcc_generated_files/eusart1.c: 203:         T
      +                          X1REG = eusart1TxBuffer[eusart1TxTail++];
  7248     04CE  083F               	movf	_eusart1TxTail,w
  7249     04CF  3E30               	addlw	(low (_eusart1TxBuffer| 0))& (0+255)
  7250     04D0  0086               	movwf	6
  7251     04D1  0187               	clrf	7
  7252     04D2  0801               	movf	1,w
  7253     04D3  0142               	movlb	2	; select bank2
  7254     04D4  009A               	movwf	26	;volatile
  7255     04D5                     i1l2402:
  7256     04D5  3001               	movlw	1
  7257     04D6  0140               	movlb	0	; select bank0
  7258     04D7  07BF               	addwf	_eusart1TxTail,f	;volatile
  7259     04D8                     i1l2404:
  7260                           
  7261                           ;mcc_generated_files/eusart1.c: 204:         if(sizeof(eusart1TxBuffer) <= eusart1TxTail
      +                          )
  7262     04D8  3008               	movlw	8
  7263     04D9  023F               	subwf	_eusart1TxTail,w	;volatile
  7264     04DA  1C03               	skipc
  7265     04DB  2CDD               	goto	u164_21
  7266     04DC  2CDE               	goto	u164_20
  7267     04DD                     u164_21:
  7268     04DD  2CDF               	goto	i1l2408
  7269     04DE                     u164_20:
  7270     04DE                     i1l2406:
  7271                           
  7272                           ;mcc_generated_files/eusart1.c: 205:         {;mcc_generated_files/eusart1.c: 206:      
      +                                 eusart1TxTail = 0;
  7273     04DE  01BF               	clrf	_eusart1TxTail	;volatile
  7274     04DF                     i1l2408:
  7275                           
  7276                           ;mcc_generated_files/eusart1.c: 208:         eusart1TxBufferRemaining++;
  7277     04DF  3001               	movlw	1
  7278     04E0  07BE               	addwf	_eusart1TxBufferRemaining,f	;volatile
  7279                           
  7280                           ;mcc_generated_files/eusart1.c: 209:     }
  7281     04E1  2CE4               	goto	i1l305
  7282     04E2                     i1l302:	
  7283                           ;mcc_generated_files/eusart1.c: 210:     else
  7284                           
  7285                           
  7286                           ;mcc_generated_files/eusart1.c: 211:     {;mcc_generated_files/eusart1.c: 212:         P
      +                          IE1bits.TX1IE = 0;
  7287     04E2  014E               	movlb	14	; select bank14
  7288     04E3  1197               	bcf	23,3	;volatile
  7289     04E4                     i1l305:
  7290     04E4  0008               	return
  7291     04E5                     __end_of_EUSART1_Transmit_ISR:
  7292                           
  7293                           	psect	text59
  7294     03AA                     __ptext59:	
  7295 ;; *************** function _EUSART1_Receive_ISR *****************
  7296 ;; Defined at:
  7297 ;;		line 216 in file "mcc_generated_files/eusart1.c"
  7298 ;; Parameters:    Size  Location     Type
  7299 ;;		None
  7300 ;; Auto vars:     Size  Location     Type
  7301 ;;		None
  7302 ;; Return value:  Size  Location     Type
  7303 ;;                  1    wreg      void 
  7304 ;; Registers used:
  7305 ;;		wreg, fsr1l, fsr1h, status,2, status,0, pclath, cstack
  7306 ;; Tracked objects:
  7307 ;;		On entry : 0/0
  7308 ;;		On exit  : 0/0
  7309 ;;		Unchanged: 0/0
  7310 ;; Data sizes:     COMMON   BANK0   BANK1   BANK2
  7311 ;;      Params:         0       0       0       0
  7312 ;;      Locals:         0       0       0       0
  7313 ;;      Temps:          0       0       0       0
  7314 ;;      Totals:         0       0       0       0
  7315 ;;Total ram usage:        0 bytes
  7316 ;; Hardware stack levels used: 1
  7317 ;; Hardware stack levels required when called: 2
  7318 ;; This function calls:
  7319 ;;		NULL
  7320 ;;		_EUSART1_DefaultErrorHandler
  7321 ;;		_EUSART1_DefaultFramingErrorHandler
  7322 ;;		_EUSART1_DefaultOverrunErrorHandler
  7323 ;;		_EUSART1_RxDataHandler
  7324 ;; This function is called by:
  7325 ;;		_EUSART1_Initialize
  7326 ;;		_INTERRUPT_InterruptManager
  7327 ;; This function uses a non-reentrant model
  7328 ;;
  7329                           
  7330     03AA                     _EUSART1_Receive_ISR:	
  7331                           ;psect for function _EUSART1_Receive_ISR
  7332                           
  7333     03AA                     i1l2410:	
  7334                           ;incstack = 0
  7335                           ; Regs used in _EUSART1_Receive_ISR: [wreg+fsr1l+fsr1h+status,2+status,0+pclath+cstack]
  7336                           
  7337                           
  7338                           ;mcc_generated_files/eusart1.c: 219:     eusart1RxStatusBuffer[eusart1RxHead].status = 0
      +                          ;
  7339     03AA  0140               	movlb	0	; select bank0
  7340     03AB  083D               	movf	_eusart1RxHead,w	;volatile
  7341     03AC  3E20               	addlw	(low (_eusart1RxStatusBuffer| 0))& (0+255)
  7342     03AD  0086               	movwf	6
  7343     03AE  0187               	clrf	7
  7344     03AF  0181               	clrf	1
  7345     03B0                     i1l2412:
  7346                           
  7347                           ;mcc_generated_files/eusart1.c: 221:     if(RC1STAbits.FERR){
  7348     03B0  0142               	movlb	2	; select bank2
  7349     03B1  1D1D               	btfss	29,2	;volatile
  7350     03B2  2BB4               	goto	u165_21
  7351     03B3  2BB5               	goto	u165_20
  7352     03B4                     u165_21:
  7353     03B4  2BC0               	goto	i1l2418
  7354     03B5                     u165_20:
  7355     03B5                     i1l2414:
  7356                           
  7357                           ;mcc_generated_files/eusart1.c: 222:         eusart1RxStatusBuffer[eusart1RxHead].ferr =
      +                           1;
  7358     03B5  0140               	movlb	0	; select bank0
  7359     03B6  083D               	movf	_eusart1RxHead,w	;volatile
  7360     03B7  3E20               	addlw	(low (_eusart1RxStatusBuffer| 0))& (0+255)
  7361     03B8  0086               	movwf	6
  7362     03B9  0187               	clrf	7
  7363     03BA  1481               	bsf	1,1
  7364     03BB                     i1l2416:
  7365                           
  7366                           ;mcc_generated_files/eusart1.c: 223:         EUSART1_FramingErrorHandler();
  7367     03BB  085E               	movf	_EUSART1_FramingErrorHandler+1,w
  7368     03BC  008A               	movwf	10
  7369     03BD  085D               	movf	_EUSART1_FramingErrorHandler,w
  7370     03BE  000A               	callw
  7371     03BF  3183               	pagesel	$
  7372     03C0                     i1l2418:
  7373                           
  7374                           ;mcc_generated_files/eusart1.c: 226:     if(RC1STAbits.OERR){
  7375     03C0  0142               	movlb	2	; select bank2
  7376     03C1  1C9D               	btfss	29,1	;volatile
  7377     03C2  2BC4               	goto	u166_21
  7378     03C3  2BC5               	goto	u166_20
  7379     03C4                     u166_21:
  7380     03C4  2BD1               	goto	i1l2424
  7381     03C5                     u166_20:
  7382     03C5                     i1l2420:
  7383                           
  7384                           ;mcc_generated_files/eusart1.c: 227:         eusart1RxStatusBuffer[eusart1RxHead].oerr =
      +                           1;
  7385     03C5  0140               	movlb	0	; select bank0
  7386     03C6  083D               	movf	_eusart1RxHead,w	;volatile
  7387     03C7  3E20               	addlw	(low (_eusart1RxStatusBuffer| 0))& (0+255)
  7388     03C8  0086               	movwf	6
  7389     03C9  0187               	clrf	7
  7390     03CA  1501               	bsf	1,2
  7391     03CB                     i1l2422:
  7392                           
  7393                           ;mcc_generated_files/eusart1.c: 228:         EUSART1_OverrunErrorHandler();
  7394     03CB  0141               	movlb	1	; select bank1
  7395     03CC  0830               	movf	(_EUSART1_OverrunErrorHandler+1)^(0+128),w
  7396     03CD  008A               	movwf	10
  7397     03CE  082F               	movf	_EUSART1_OverrunErrorHandler^(0+128),w
  7398     03CF  000A               	callw
  7399     03D0  3183               	pagesel	$
  7400     03D1                     i1l2424:
  7401                           
  7402                           ;mcc_generated_files/eusart1.c: 231:     if(eusart1RxStatusBuffer[eusart1RxHead].status)
      +                          {
  7403     03D1  0140               	movlb	0	; select bank0
  7404     03D2  083D               	movf	_eusart1RxHead,w	;volatile
  7405     03D3  3E20               	addlw	(low (_eusart1RxStatusBuffer| 0))& (0+255)
  7406     03D4  0086               	movwf	6
  7407     03D5  0187               	clrf	7
  7408     03D6  0801               	movf	1,w
  7409     03D7  1903               	btfsc	3,2
  7410     03D8  2BDA               	goto	u167_21
  7411     03D9  2BDB               	goto	u167_20
  7412     03DA                     u167_21:
  7413     03DA  2BE2               	goto	i1l2428
  7414     03DB                     u167_20:
  7415     03DB                     i1l2426:
  7416                           
  7417                           ;mcc_generated_files/eusart1.c: 232:         EUSART1_ErrorHandler();
  7418     03DB  0141               	movlb	1	; select bank1
  7419     03DC  082E               	movf	(_EUSART1_ErrorHandler+1)^(0+128),w
  7420     03DD  008A               	movwf	10
  7421     03DE  082D               	movf	_EUSART1_ErrorHandler^(0+128),w
  7422     03DF  000A               	callw
  7423     03E0  3183               	pagesel	$
  7424                           
  7425                           ;mcc_generated_files/eusart1.c: 233:     } else {
  7426     03E1  2BE5               	goto	i1l312
  7427     03E2                     i1l2428:
  7428                           
  7429                           ;mcc_generated_files/eusart1.c: 234:         EUSART1_RxDataHandler();
  7430     03E2  3185  252C  3183   	fcall	_EUSART1_RxDataHandler
  7431     03E5                     i1l312:
  7432     03E5  0008               	return
  7433     03E6                     __end_of_EUSART1_Receive_ISR:
  7434                           
  7435                           	psect	text60
  7436     0648                     __ptext60:	
  7437 ;; *************** function _EUSART1_DefaultOverrunErrorHandler *****************
  7438 ;; Defined at:
  7439 ;;		line 252 in file "mcc_generated_files/eusart1.c"
  7440 ;; Parameters:    Size  Location     Type
  7441 ;;		None
  7442 ;; Auto vars:     Size  Location     Type
  7443 ;;		None
  7444 ;; Return value:  Size  Location     Type
  7445 ;;                  1    wreg      void 
  7446 ;; Registers used:
  7447 ;;		None
  7448 ;; Tracked objects:
  7449 ;;		On entry : 0/0
  7450 ;;		On exit  : 0/0
  7451 ;;		Unchanged: 0/0
  7452 ;; Data sizes:     COMMON   BANK0   BANK1   BANK2
  7453 ;;      Params:         0       0       0       0
  7454 ;;      Locals:         0       0       0       0
  7455 ;;      Temps:          0       0       0       0
  7456 ;;      Totals:         0       0       0       0
  7457 ;;Total ram usage:        0 bytes
  7458 ;; Hardware stack levels used: 1
  7459 ;; This function calls:
  7460 ;;		Nothing
  7461 ;; This function is called by:
  7462 ;;		_EUSART1_Initialize
  7463 ;;		_EUSART1_Receive_ISR
  7464 ;; This function uses a non-reentrant model
  7465 ;;
  7466                           
  7467     0648                     _EUSART1_DefaultOverrunErrorHandler:	
  7468                           ;psect for function _EUSART1_DefaultOverrunErrorHandler
  7469                           
  7470     0648                     i1l2254:	
  7471                           ;incstack = 0
  7472                           ; Regs used in _EUSART1_DefaultOverrunErrorHandler: []
  7473                           
  7474                           
  7475                           ;mcc_generated_files/eusart1.c: 255:     RC1STAbits.CREN = 0;
  7476     0648  0142               	movlb	2	; select bank2
  7477     0649  121D               	bcf	29,4	;volatile
  7478                           
  7479                           ;mcc_generated_files/eusart1.c: 256:     RC1STAbits.CREN = 1;
  7480     064A  161D               	bsf	29,4	;volatile
  7481     064B                     i1l322:
  7482     064B  0008               	return
  7483     064C                     __end_of_EUSART1_DefaultOverrunErrorHandler:
  7484                           
  7485                           	psect	text61
  7486     0677                     __ptext61:	
  7487 ;; *************** function _EUSART1_DefaultFramingErrorHandler *****************
  7488 ;; Defined at:
  7489 ;;		line 250 in file "mcc_generated_files/eusart1.c"
  7490 ;; Parameters:    Size  Location     Type
  7491 ;;		None
  7492 ;; Auto vars:     Size  Location     Type
  7493 ;;		None
  7494 ;; Return value:  Size  Location     Type
  7495 ;;                  1    wreg      void 
  7496 ;; Registers used:
  7497 ;;		None
  7498 ;; Tracked objects:
  7499 ;;		On entry : 0/0
  7500 ;;		On exit  : 0/0
  7501 ;;		Unchanged: 0/0
  7502 ;; Data sizes:     COMMON   BANK0   BANK1   BANK2
  7503 ;;      Params:         0       0       0       0
  7504 ;;      Locals:         0       0       0       0
  7505 ;;      Temps:          0       0       0       0
  7506 ;;      Totals:         0       0       0       0
  7507 ;;Total ram usage:        0 bytes
  7508 ;; Hardware stack levels used: 1
  7509 ;; This function calls:
  7510 ;;		Nothing
  7511 ;; This function is called by:
  7512 ;;		_EUSART1_Initialize
  7513 ;;		_EUSART1_Receive_ISR
  7514 ;; This function uses a non-reentrant model
  7515 ;;
  7516                           
  7517     0677                     _EUSART1_DefaultFramingErrorHandler:	
  7518                           ;psect for function _EUSART1_DefaultFramingErrorHandler
  7519                           
  7520     0677                     i1l319:	
  7521                           ;incstack = 0
  7522                           ; Regs used in _EUSART1_DefaultFramingErrorHandler: []
  7523                           
  7524     0677  0008               	return
  7525     0678                     __end_of_EUSART1_DefaultFramingErrorHandler:
  7526                           
  7527                           	psect	text62
  7528     064C                     __ptext62:	
  7529 ;; *************** function _EUSART1_DefaultErrorHandler *****************
  7530 ;; Defined at:
  7531 ;;		line 260 in file "mcc_generated_files/eusart1.c"
  7532 ;; Parameters:    Size  Location     Type
  7533 ;;		None
  7534 ;; Auto vars:     Size  Location     Type
  7535 ;;		None
  7536 ;; Return value:  Size  Location     Type
  7537 ;;                  1    wreg      void 
  7538 ;; Registers used:
  7539 ;;		wreg, fsr1l, fsr1h, status,2, status,0, pclath, cstack
  7540 ;; Tracked objects:
  7541 ;;		On entry : 0/0
  7542 ;;		On exit  : 0/0
  7543 ;;		Unchanged: 0/0
  7544 ;; Data sizes:     COMMON   BANK0   BANK1   BANK2
  7545 ;;      Params:         0       0       0       0
  7546 ;;      Locals:         0       0       0       0
  7547 ;;      Temps:          0       0       0       0
  7548 ;;      Totals:         0       0       0       0
  7549 ;;Total ram usage:        0 bytes
  7550 ;; Hardware stack levels used: 1
  7551 ;; Hardware stack levels required when called: 1
  7552 ;; This function calls:
  7553 ;;		_EUSART1_RxDataHandler
  7554 ;; This function is called by:
  7555 ;;		_EUSART1_Initialize
  7556 ;;		_EUSART1_Receive_ISR
  7557 ;; This function uses a non-reentrant model
  7558 ;;
  7559                           
  7560     064C                     _EUSART1_DefaultErrorHandler:	
  7561                           ;psect for function _EUSART1_DefaultErrorHandler
  7562                           
  7563     064C                     i1l2256:	
  7564                           ;incstack = 0
  7565                           ; Regs used in _EUSART1_DefaultErrorHandler: [wreg+fsr1l+fsr1h+status,2+status,0+pclath+
      +                          cstack]
  7566                           
  7567                           
  7568                           ;mcc_generated_files/eusart1.c: 261:     EUSART1_RxDataHandler();
  7569     064C  3185  252C  3186   	fcall	_EUSART1_RxDataHandler
  7570     064F                     i1l325:
  7571     064F  0008               	return
  7572     0650                     __end_of_EUSART1_DefaultErrorHandler:
  7573                           
  7574                           	psect	text63
  7575     052C                     __ptext63:	
  7576 ;; *************** function _EUSART1_RxDataHandler *****************
  7577 ;; Defined at:
  7578 ;;		line 240 in file "mcc_generated_files/eusart1.c"
  7579 ;; Parameters:    Size  Location     Type
  7580 ;;		None
  7581 ;; Auto vars:     Size  Location     Type
  7582 ;;		None
  7583 ;; Return value:  Size  Location     Type
  7584 ;;                  1    wreg      void 
  7585 ;; Registers used:
  7586 ;;		wreg, fsr1l, fsr1h, status,2, status,0
  7587 ;; Tracked objects:
  7588 ;;		On entry : 0/0
  7589 ;;		On exit  : 0/0
  7590 ;;		Unchanged: 0/0
  7591 ;; Data sizes:     COMMON   BANK0   BANK1   BANK2
  7592 ;;      Params:         0       0       0       0
  7593 ;;      Locals:         0       0       0       0
  7594 ;;      Temps:          0       0       0       0
  7595 ;;      Totals:         0       0       0       0
  7596 ;;Total ram usage:        0 bytes
  7597 ;; Hardware stack levels used: 1
  7598 ;; This function calls:
  7599 ;;		Nothing
  7600 ;; This function is called by:
  7601 ;;		_EUSART1_Receive_ISR
  7602 ;;		_EUSART1_DefaultErrorHandler
  7603 ;; This function uses a non-reentrant model
  7604 ;;
  7605                           
  7606     052C                     _EUSART1_RxDataHandler:	
  7607                           ;psect for function _EUSART1_RxDataHandler
  7608                           
  7609     052C                     i1l2130:	
  7610                           ;incstack = 0
  7611                           ; Regs used in _EUSART1_RxDataHandler: [wreg+fsr1l+fsr1h+status,2+status,0]
  7612                           
  7613                           
  7614                           ;mcc_generated_files/eusart1.c: 242:     eusart1RxBuffer[eusart1RxHead++] = RC1REG;
  7615     052C  0140               	movlb	0	; select bank0
  7616     052D  083D               	movf	_eusart1RxHead,w
  7617     052E  3E28               	addlw	(low (_eusart1RxBuffer| 0))& (0+255)
  7618     052F  0086               	movwf	6
  7619     0530  0187               	clrf	7
  7620     0531  0142               	movlb	2	; select bank2
  7621     0532  0819               	movf	25,w	;volatile
  7622     0533  0081               	movwf	1
  7623     0534                     i1l2132:
  7624     0534  3001               	movlw	1
  7625     0535  0140               	movlb	0	; select bank0
  7626     0536  07BD               	addwf	_eusart1RxHead,f	;volatile
  7627     0537                     i1l2134:
  7628                           
  7629                           ;mcc_generated_files/eusart1.c: 243:     if(sizeof(eusart1RxBuffer) <= eusart1RxHead)
  7630     0537  3008               	movlw	8
  7631     0538  023D               	subwf	_eusart1RxHead,w	;volatile
  7632     0539  1C03               	skipc
  7633     053A  2D3C               	goto	u138_21
  7634     053B  2D3D               	goto	u138_20
  7635     053C                     u138_21:
  7636     053C  2D3E               	goto	i1l2138
  7637     053D                     u138_20:
  7638     053D                     i1l2136:
  7639                           
  7640                           ;mcc_generated_files/eusart1.c: 244:     {;mcc_generated_files/eusart1.c: 245:         e
      +                          usart1RxHead = 0;
  7641     053D  01BD               	clrf	_eusart1RxHead	;volatile
  7642     053E                     i1l2138:
  7643                           
  7644                           ;mcc_generated_files/eusart1.c: 247:     eusart1RxCount++;
  7645     053E  3001               	movlw	1
  7646     053F  07BB               	addwf	_eusart1RxCount,f	;volatile
  7647     0540                     i1l316:
  7648     0540  0008               	return
  7649     0541                     __end_of_EUSART1_RxDataHandler:
  7650     0000                     ___latbits      equ	0
  7651     007E                     btemp           set	126	;btemp
  7652     007E                     int$flags       set	126
  7653     007E                     wtemp0          set	126
  7654                           
  7655                           	psect	config
  7656                           
  7657                           ;Config register CONFIG1 @ 0x8007
  7658                           ;	External Oscillator Mode Selection bits
  7659                           ;	FEXTOSC = OFF, Oscillator not enabled
  7660                           ;	Power-up Default Value for COSC bits
  7661                           ;	RSTOSC = HFINTOSC_32MHZ, HFINTOSC (32 MHz)
  7662                           ;	Clock Out Enable bit
  7663                           ;	CLKOUTEN = OFF, CLKOUT function is disabled; I/O function on RA4
  7664                           ;	VDD Range Analog Calibration Selection bit
  7665                           ;	VDDAR = HI, Internal analog systems are calibrated for operation between VDD = 2.3V - 
      +                          5.5V
  7666     8007                     	org	32775
  7667     8007  3FCD               	dw	16333
  7668                           
  7669                           ;Config register CONFIG2 @ 0x8008
  7670                           ;	Master Clear Enable bit
  7671                           ;	MCLRE = EXTMCLR, If LVP = 0, MCLR pin is MCLR; If LVP = 1, RA3 pin function is MCLR
  7672                           ;	Power-up Timer Selection bits
  7673                           ;	PWRTS = PWRT_OFF, PWRT is disabled
  7674                           ;	WDT Operating Mode bits
  7675                           ;	WDTE = OFF, WDT disabled; SEN is ignored
  7676                           ;	Brown-out Reset Enable bits
  7677                           ;	BOREN = ON, Brown-out Reset Enabled, SBOREN bit is ignored
  7678                           ;	Brown-out Reset Voltage Selection bit
  7679                           ;	BORV = LO, Brown-out Reset Voltage (VBOR) set to 1.9V
  7680                           ;	PPSLOCKED One-Way Set Enable bit
  7681                           ;	PPS1WAY = ON, The PPSLOCKED bit can be set once after an unlocking sequence is execute
      +                          d; once PPSLOCKED is set, all future changes to PPS registers are prevented
  7682                           ;	Stack Overflow/Underflow Reset Enable bit
  7683                           ;	STVREN = ON, Stack Overflow or Underflow will cause a reset
  7684     8008                     	org	32776
  7685     8008  3FE7               	dw	16359
  7686                           
  7687                           ;Config register CONFIG4 @ 0x800A
  7688                           ;	Boot Block Size Selection bits
  7689                           ;	BBSIZE = BB512, 512 words boot block size
  7690                           ;	Boot Block Enable bit
  7691                           ;	BBEN = OFF, Boot Block is disabled
  7692                           ;	SAF Enable bit
  7693                           ;	SAFEN = OFF, SAF is disabled
  7694                           ;	Application Block Write Protection bit
  7695                           ;	WRTAPP = OFF, Application Block is not write-protected
  7696                           ;	Boot Block Write Protection bit
  7697                           ;	WRTB = OFF, Boot Block is not write-protected
  7698                           ;	Configuration Registers Write Protection bit
  7699                           ;	WRTC = OFF, Configuration Registers are not write-protected
  7700                           ;	Storage Area Flash (SAF) Write Protection bit
  7701                           ;	WRTSAF = OFF, SAF is not write-protected
  7702                           ;	Low Voltage Programming Enable bit
  7703                           ;	LVP = OFF, High Voltage on MCLR/Vpp must be used for programming
  7704     800A                     	org	32778
  7705     800A  1FFF               	dw	8191
  7706                           
  7707                           ;Config register CONFIG5 @ 0x800B
  7708                           ;	User Program Flash Memory Code Protection bit
  7709                           ;	CP = OFF, User Program Flash Memory code protection is disabled
  7710     800B                     	org	32779
  7711     800B  3FFF               	dw	16383

Data Sizes:
    Strings     0
    Constant    5
    Data        1
    BSS         67
    Persistent  49
    Stack       0

Auto Spaces:
    Space          Size  Autos    Used
    COMMON           14     14      14
    BANK0            80      7      80
    BANK1            80      5      17
    BANK2            80      0       0

Pointer List with Targets:

    EUSART1_ErrorHandler	PTR FTN()void  size(2) Largest target is 1
		 -> EUSART1_DefaultErrorHandler(), NULL(), 

    EUSART1_FramingErrorHandler	PTR FTN()void  size(2) Largest target is 1
		 -> EUSART1_DefaultFramingErrorHandler(), NULL(), 

    EUSART1_OverrunErrorHandler	PTR FTN()void  size(2) Largest target is 1
		 -> EUSART1_DefaultOverrunErrorHandler(), NULL(), 

    EUSART1_RxDefaultInterruptHandler	PTR FTN()void  size(2) Largest target is 1
		 -> EUSART1_Receive_ISR(), NULL(), 

    EUSART1_SetErrorHandler@interruptHandler	PTR FTN()void  size(2) Largest target is 1
		 -> EUSART1_DefaultErrorHandler(), 

    EUSART1_SetFramingErrorHandler@interruptHandler	PTR FTN()void  size(2) Largest target is 1
		 -> EUSART1_DefaultFramingErrorHandler(), 

    EUSART1_SetOverrunErrorHandler@interruptHandler	PTR FTN()void  size(2) Largest target is 1
		 -> EUSART1_DefaultOverrunErrorHandler(), 

    EUSART1_SetRxInterruptHandler@interruptHandler	PTR FTN()void  size(2) Largest target is 1
		 -> EUSART1_Receive_ISR(), 

    EUSART1_SetTxInterruptHandler@interruptHandler	PTR FTN()void  size(2) Largest target is 1
		 -> EUSART1_Transmit_ISR(), 

    EUSART1_TxDefaultInterruptHandler	PTR FTN()void  size(2) Largest target is 1
		 -> EUSART1_Transmit_ISR(), NULL(), 

    LIN_getChecksum@data	PTR unsigned char  size(2) Largest target is 13
		 -> LIN_packet(BANK0[13]), 

    LIN_getFromTable@rxCommand	PTR const struct . size(2) Largest target is 5
		 -> scheduleTable(CODE[5]), NULL(NULL[0]), 

    LIN_getFromTable@rxCommand$data	PTR unsigned char  size(2) Largest target is 8
		 -> SIGNAL_Data(BANK1[8]), 

    LIN_getPacket@data	PTR unsigned char  size(1) Largest target is 8
		 -> tempRxData(BANK0[8]), 

    LIN_init@command	const PTR const struct . size(2) Largest target is 5
		 -> scheduleTable(CODE[5]), 

    LIN_init@processData	PTR FTN()void  size(2) Largest target is 1
		 -> processLIN(), 

    LIN_processData	PTR FTN()void  size(2) Largest target is 1
		 -> processLIN(), NULL(), 

    LIN_queuePacket@tempSchedule	PTR const struct . size(2) Largest target is 5
		 -> scheduleTable(CODE[5]), NULL(NULL[0]), 

    LIN_queuePacket@tempSchedule$data	PTR unsigned char  size(2) Largest target is 8
		 -> SIGNAL_Data(BANK1[8]), 

    LIN_rxCommand	PTR const struct . size(2) Largest target is 5
		 -> scheduleTable(CODE[5]), NULL(NULL[0]), 

    LIN_rxCommand$data	PTR unsigned char  size(2) Largest target is 8
		 -> SIGNAL_Data(BANK1[8]), 

    LIN_sendPacket@data	PTR unsigned char  size(2) Largest target is 13
		 -> LIN_packet(BANK0[13]), 

    memcpy@d	PTR unsigned char  size(1) Largest target is 13
		 -> LIN_packet(BANK0[13]), tempRxData(BANK0[8]), 

    memcpy@d1	PTR void  size(2) Largest target is 13
		 -> LIN_packet(BANK0[13]), tempRxData(BANK0[8]), 

    memcpy@s	PTR const unsigned char  size(1) Largest target is 13
		 -> LIN_packet(BANK0[13]), LIN_packet$data(BANK0[8]), SIGNAL_Data(BANK1[8]), 

    memcpy@s1	PTR const void  size(2) Largest target is 13
		 -> LIN_packet(BANK0[13]), LIN_packet$data(BANK0[8]), SIGNAL_Data(BANK1[8]), 

    memset@dest	PTR void  size(2) Largest target is 13
		 -> LIN_packet(BANK0[13]), 

    memset@p	PTR unsigned char  size(1) Largest target is 13
		 -> LIN_packet(BANK0[13]), 

    S26$data	PTR unsigned char  size(2) Largest target is 8
		 -> SIGNAL_Data(BANK1[8]), 

    scheduleTable$data	PTR unsigned char  size(2) Largest target is 8
		 -> SIGNAL_Data(BANK1[8]), 

    sp__memcpy	PTR void  size(2) Largest target is 13
		 -> LIN_packet(BANK0[13]), tempRxData(BANK0[8]), 

    sp__memset	PTR void  size(2) Largest target is 13
		 -> LIN_packet(BANK0[13]), 

    TMR0_InterruptHandler	PTR FTN()void  size(2) Largest target is 1
		 -> LIN_timerHandler(), TMR0_DefaultInterruptHandler(), NULL(), 

    TMR0_SetInterruptHandler@InterruptHandler	PTR FTN()void  size(2) Largest target is 1
		 -> LIN_timerHandler(), TMR0_DefaultInterruptHandler(), 


Critical Paths under _main in COMMON

    _Clear_No_Call_Warning->_TMR0_Reload
    _Clear_No_Call_Warning->_TMR0_WriteTimer
    _TMR0_Initialize->_TMR0_SetInterruptHandler
    _LIN_Slave_Initialize->_LIN_init
    _LIN_setTimerHandler->_TMR0_SetInterruptHandler
    _EUSART1_Initialize->_EUSART1_SetErrorHandler
    _EUSART1_Initialize->_EUSART1_SetFramingErrorHandler
    _EUSART1_Initialize->_EUSART1_SetOverrunErrorHandler
    _EUSART1_Initialize->_EUSART1_SetRxInterruptHandler
    _EUSART1_Initialize->_EUSART1_SetTxInterruptHandler
    _processLIN->_LIN_getPacket
    _LIN_getPacket->_memcpy
    _LIN_startTimer->_TMR0_WriteTimer
    _LIN_queuePacket->_LIN_sendPacket
    _LIN_sendPacket->_LIN_getChecksum
    _LIN_checkPID->_LIN_getFromTable
    _LIN_breakCheck->_EUSART1_Read

Critical Paths under _INTERRUPT_InterruptManager in COMMON

    None.

Critical Paths under _main in BANK0

    _LIN_handler->_LIN_queuePacket

Critical Paths under _INTERRUPT_InterruptManager in BANK0

    None.

Critical Paths under _main in BANK1

    _main->_LIN_handler

Critical Paths under _INTERRUPT_InterruptManager in BANK1

    None.

Critical Paths under _main in BANK2

    None.

Critical Paths under _INTERRUPT_InterruptManager in BANK2

    None.

Call Graph Tables:

 ---------------------------------------------------------------------------------
 (Depth) Function   	        Calls       Base Space   Used Autos Params    Refs
 ---------------------------------------------------------------------------------
 (0) _main                                                 0     0      0    2995
                        _LIN_handler
                  _SYSTEM_Initialize
                          _func_main
                _software_Initialize
 ---------------------------------------------------------------------------------
 (1) _software_Initialize                                  0     0      0     226
              _Clear_No_Call_Warning
 ---------------------------------------------------------------------------------
 (2) _Clear_No_Call_Warning                                1     1      0     226
                 _EUSART1_is_tx_done
                _EUSART1_is_tx_ready
                    _PIN_MANAGER_IOC
                     _TMR0_ReadTimer
                        _TMR0_Reload
                    _TMR0_StartTimer
                     _TMR0_StopTimer
                    _TMR0_WriteTimer
 ---------------------------------------------------------------------------------
 (3) _TMR0_StopTimer                                       0     0      0       0
 ---------------------------------------------------------------------------------
 (3) _TMR0_StartTimer                                      0     0      0       0
 ---------------------------------------------------------------------------------
 (3) _TMR0_Reload                                          1     1      0      15
                                              0 COMMON     1     1      0
 ---------------------------------------------------------------------------------
 (3) _TMR0_ReadTimer                                       1     1      0       5
 ---------------------------------------------------------------------------------
 (3) _PIN_MANAGER_IOC                                      0     0      0       0
 ---------------------------------------------------------------------------------
 (3) _EUSART1_is_tx_ready                                  0     0      0       0
 ---------------------------------------------------------------------------------
 (3) _EUSART1_is_tx_done                                   0     0      0       0
 ---------------------------------------------------------------------------------
 (1) _func_main                                            0     0      0       0
 ---------------------------------------------------------------------------------
 (1) _SYSTEM_Initialize                                    0     0      0     238
                 _EUSART1_Initialize
               _LIN_Slave_Initialize
              _OSCILLATOR_Initialize
             _PIN_MANAGER_Initialize
                    _TMR0_Initialize
                     _WDT_Initialize
 ---------------------------------------------------------------------------------
 (2) _WDT_Initialize                                       0     0      0       0
 ---------------------------------------------------------------------------------
 (2) _TMR0_Initialize                                      0     0      0      24
           _TMR0_SetInterruptHandler
 ---------------------------------------------------------------------------------
 (2) _PIN_MANAGER_Initialize                               0     0      0       0
 ---------------------------------------------------------------------------------
 (2) _OSCILLATOR_Initialize                                0     0      0       0
 ---------------------------------------------------------------------------------
 (2) _LIN_Slave_Initialize                                 0     0      0      99
                           _LIN_init
 ---------------------------------------------------------------------------------
 (3) _LIN_init                                             5     1      4      99
                                              2 COMMON     5     1      4
                       _LIN_enableRx
                _LIN_setTimerHandler
                      _LIN_stopTimer
 ---------------------------------------------------------------------------------
 (4) _LIN_setTimerHandler                                  0     0      0      24
           _TMR0_SetInterruptHandler
 ---------------------------------------------------------------------------------
 (3) _TMR0_SetInterruptHandler                             2     0      2      24
                                              0 COMMON     2     0      2
 ---------------------------------------------------------------------------------
 (2) _EUSART1_Initialize                                   0     0      0     115
            _EUSART1_SetErrorHandler
     _EUSART1_SetFramingErrorHandler
     _EUSART1_SetOverrunErrorHandler
      _EUSART1_SetRxInterruptHandler
      _EUSART1_SetTxInterruptHandler
 ---------------------------------------------------------------------------------
 (3) _EUSART1_SetTxInterruptHandler                        2     0      2      23
                                              0 COMMON     2     0      2
 ---------------------------------------------------------------------------------
 (3) _EUSART1_SetRxInterruptHandler                        2     0      2      23
                                              0 COMMON     2     0      2
 ---------------------------------------------------------------------------------
 (3) _EUSART1_SetOverrunErrorHandler                       2     0      2      23
                                              0 COMMON     2     0      2
 ---------------------------------------------------------------------------------
 (3) _EUSART1_SetFramingErrorHandler                       2     0      2      23
                                              0 COMMON     2     0      2
 ---------------------------------------------------------------------------------
 (3) _EUSART1_SetErrorHandler                              2     0      2      23
                                              0 COMMON     2     0      2
 ---------------------------------------------------------------------------------
 (1) _LIN_handler                                          5     5      0    2531
                                              0 BANK1      5     5      0
                                NULL *
                       _EUSART1_Read
                _EUSART1_is_rx_ready
                     _LIN_breakCheck
                       _LIN_checkPID
                      _LIN_disableRx
                       _LIN_enableRx
                    _LIN_getChecksum
                   _LIN_getFromTable
                    _LIN_queuePacket
                     _LIN_startTimer
                      _LIN_stopTimer
                             _memset
                         _processLIN *
 ---------------------------------------------------------------------------------
 (2) _processLIN                                           1     1      0     320
                                             11 COMMON     1     1      0
                      _LIN_getPacket
                          _func_F150
 ---------------------------------------------------------------------------------
 (3) _func_F150                                            1     1      0       0
                                              0 COMMON     1     1      0
                            _DRL_OFF
                             _DRL_ON
                         _HiBeam_OFF
                          _HiBeam_ON
                            _POS_OFF
                             _POS_ON
 ---------------------------------------------------------------------------------
 (4) _POS_ON                                               0     0      0       0
 ---------------------------------------------------------------------------------
 (4) _POS_OFF                                              0     0      0       0
 ---------------------------------------------------------------------------------
 (4) _HiBeam_ON                                            0     0      0       0
 ---------------------------------------------------------------------------------
 (4) _HiBeam_OFF                                           0     0      0       0
 ---------------------------------------------------------------------------------
 (4) _DRL_ON                                               0     0      0       0
 ---------------------------------------------------------------------------------
 (4) _DRL_OFF                                              0     0      0       0
 ---------------------------------------------------------------------------------
 (3) _LIN_getPacket                                        2     1      1     297
                                              9 COMMON     2     1      1
                             _memcpy
                             _memset
 ---------------------------------------------------------------------------------
 (4) _memset                                               7     1      6     102
                                              0 COMMON     7     1      6
 ---------------------------------------------------------------------------------
 (4) _LIN_stopTimer                                        0     0      0       0
 ---------------------------------------------------------------------------------
 (2) _LIN_startTimer                                       1     1      0      58
                                              1 COMMON     1     1      0
                    _TMR0_WriteTimer
 ---------------------------------------------------------------------------------
 (3) _TMR0_WriteTimer                                      1     1      0      29
                                              0 COMMON     1     1      0
 ---------------------------------------------------------------------------------
 (2) _LIN_queuePacket                                      7     7      0     991
                                              0 BANK0      7     7      0
                    _LIN_getChecksum
                     _LIN_sendPacket
                             _memcpy
 ---------------------------------------------------------------------------------
 (4) _memcpy                                               9     3      6     149
                                              0 COMMON     9     3      6
 ---------------------------------------------------------------------------------
 (3) _LIN_sendPacket                                       5     2      3     426
                                              9 COMMON     5     2      3
                      _EUSART1_Write
                    _LIN_getChecksum
 ---------------------------------------------------------------------------------
 (4) _LIN_getChecksum                                      9     6      3     196
                                              0 COMMON     9     6      3
 ---------------------------------------------------------------------------------
 (4) _EUSART1_Write                                        1     1      0      58
                                              0 COMMON     1     1      0
 ---------------------------------------------------------------------------------
 (4) _LIN_enableRx                                         0     0      0       0
 ---------------------------------------------------------------------------------
 (2) _LIN_disableRx                                        0     0      0       0
 ---------------------------------------------------------------------------------
 (2) _LIN_checkPID                                         1     1      0     624
                                              7 COMMON     1     1      0
                     _LIN_calcParity
                   _LIN_getFromTable
 ---------------------------------------------------------------------------------
 (2) _LIN_getFromTable                                     7     6      1     192
                                              0 COMMON     7     6      1
 ---------------------------------------------------------------------------------
 (3) _LIN_calcParity                                       3     3      0     345
                                              0 COMMON     3     3      0
 ---------------------------------------------------------------------------------
 (2) _LIN_breakCheck                                       0     0      0      24
                       _EUSART1_Read
            _EUSART1_get_last_status
 ---------------------------------------------------------------------------------
 (3) _EUSART1_get_last_status                              0     0      0       0
 ---------------------------------------------------------------------------------
 (3) _EUSART1_Read                                         1     1      0      24
                                              0 COMMON     1     1      0
 ---------------------------------------------------------------------------------
 (2) _EUSART1_is_rx_ready                                  0     0      0       0
 ---------------------------------------------------------------------------------
 (8) NULL(Fake)                                            0     0      0       0
 ---------------------------------------------------------------------------------
 Estimated maximum stack depth 8
 ---------------------------------------------------------------------------------
 (Depth) Function   	        Calls       Base Space   Used Autos Params    Refs
 ---------------------------------------------------------------------------------
 (6) _INTERRUPT_InterruptManager                           0     0      0       0
                                NULL *
                _EUSART1_Receive_ISR *
               _EUSART1_Transmit_ISR *
                           _TMR0_ISR
 ---------------------------------------------------------------------------------
 (7) _TMR0_ISR                                             0     0      0       0
                                NULL *
                   _LIN_timerHandler *
       _TMR0_DefaultInterruptHandler *
 ---------------------------------------------------------------------------------
 (8) _TMR0_DefaultInterruptHandler                         0     0      0       0
 ---------------------------------------------------------------------------------
 (8) _LIN_timerHandler                                     0     0      0       0
 ---------------------------------------------------------------------------------
 (7) _EUSART1_Transmit_ISR                                 0     0      0       0
 ---------------------------------------------------------------------------------
 (7) _EUSART1_Receive_ISR                                  0     0      0       0
                                NULL *
        _EUSART1_DefaultErrorHandler *
 _EUSART1_DefaultFramingErrorHandler *
 _EUSART1_DefaultOverrunErrorHandler *
              _EUSART1_RxDataHandler
 ---------------------------------------------------------------------------------
 (8) _EUSART1_DefaultOverrunErrorHandler                   0     0      0       0
 ---------------------------------------------------------------------------------
 (8) _EUSART1_DefaultFramingErrorHandler                   0     0      0       0
 ---------------------------------------------------------------------------------
 (8) _EUSART1_DefaultErrorHandler                          0     0      0       0
              _EUSART1_RxDataHandler
 ---------------------------------------------------------------------------------
 (8) _EUSART1_RxDataHandler                                0     0      0       0
 ---------------------------------------------------------------------------------
 (8) NULL(Fake)                                            0     0      0       0
 ---------------------------------------------------------------------------------
 Estimated maximum stack depth 8
 ---------------------------------------------------------------------------------

 Call Graph Graphs:

 _main (ROOT)
   _LIN_handler
     NULL(Fake) *
     _EUSART1_Read *
     _EUSART1_is_rx_ready *
     _LIN_breakCheck *
       _EUSART1_Read
       _EUSART1_get_last_status
     _LIN_checkPID *
       _LIN_calcParity
       _LIN_getFromTable
     _LIN_disableRx *
     _LIN_enableRx *
     _LIN_getChecksum *
     _LIN_getFromTable *
     _LIN_queuePacket *
       _LIN_getChecksum
       _LIN_sendPacket
         _EUSART1_Write
         _LIN_getChecksum
       _memcpy
     _LIN_startTimer *
       _TMR0_WriteTimer
     _LIN_stopTimer *
     _memset *
     _processLIN *
       _LIN_getPacket
         _memcpy
         _memset
       _func_F150
         _DRL_OFF
         _DRL_ON
         _HiBeam_OFF
         _HiBeam_ON
         _POS_OFF
         _POS_ON
   _SYSTEM_Initialize
     _EUSART1_Initialize
       _EUSART1_SetErrorHandler
       _EUSART1_SetFramingErrorHandler
       _EUSART1_SetOverrunErrorHandler
       _EUSART1_SetRxInterruptHandler
       _EUSART1_SetTxInterruptHandler
     _LIN_Slave_Initialize
       _LIN_init
         _LIN_enableRx
         _LIN_setTimerHandler
           _TMR0_SetInterruptHandler
         _LIN_stopTimer
     _OSCILLATOR_Initialize
     _PIN_MANAGER_Initialize
     _TMR0_Initialize
       _TMR0_SetInterruptHandler
     _WDT_Initialize
   _func_main
   _software_Initialize
     _Clear_No_Call_Warning
       _EUSART1_is_tx_done
       _EUSART1_is_tx_ready
       _PIN_MANAGER_IOC
       _TMR0_ReadTimer
       _TMR0_Reload
       _TMR0_StartTimer
       _TMR0_StopTimer
       _TMR0_WriteTimer

 _INTERRUPT_InterruptManager (ROOT)
   NULL(Fake) *
   _EUSART1_Receive_ISR *
     NULL(Fake) *
     _EUSART1_DefaultErrorHandler *
       _EUSART1_RxDataHandler
     _EUSART1_DefaultFramingErrorHandler *
     _EUSART1_DefaultOverrunErrorHandler *
     _EUSART1_RxDataHandler *
   _EUSART1_Transmit_ISR *
   _TMR0_ISR *
     NULL(Fake) *
     _LIN_timerHandler *
     _TMR0_DefaultInterruptHandler *

Address spaces:
Name               Size   Autos  Total    Usage
BITCOMMON           14      0       0      0.0%
BITBANK0            80      0       0      0.0%
BITBANK1            80      0       0      0.0%
BITBANK2            80      0       0      0.0%
BIGRAM             240      0       0      0.0%
COMMON              14     14      14    100.0%
BANK0               80      7      80    100.0%
BANK1               80      5      17     21.2%
BANK2               80      0       0      0.0%
STACK                0      0       0      0.0%
DATA                 0      0     105      0.0%


Microchip Technology PIC Macro Assembler V3.00 build 20241204225717 
Symbol Table                                                                                   Fri Mar 20 16:08:00 2026

                        __end_of_LIN_breakCheck 057B                           __end_of_LIN_getPacket 04A7  
                         ??_LIN_setTimerHandler 0072                        _eusart1TxBufferRemaining 003E  
                         __end_of_LIN_disableRx 063C                                              l24 058B  
                                            l17 05D5                                      _HiBeam_OFF 0665  
                                            l96 030D                                              l89 052B  
                          TMR0_Reload@periodVal 0070                                 ?_LIN_calcParity 0070  
                                           l111 0083                                             l130 0127  
                                           l141 0484                                             l133 014C  
                                           l127 011C                                             l135 0179  
                                           l152 036B                                             l144 04A6  
                                           l400 0567                                             l162 04FE  
                                           l331 0616                                             l403 05FE  
                                           l172 0414                                             l340 0610  
                                           l173 0417                                             l166 02A9  
                                           l334 0622                                             l406 0643  
                                           l503 0664                                             l271 03A9  
                                           l183 05F2                                             l192 063B  
                                           l176 05C8                                             l512 066D  
                                           l328 061C                                             l280 065B  
                                           l337 060A                                             l425 05AB  
                                           l290 0461                                             l186 0647  
                                           l506 0667                                             l610 0675  
                                           l274 0674                                             l283 0670  
                                           l515 065E                                             l451 0554  
                                           l196 057A                                             l428 0673  
                                           l460 0658                                             l604 0672  
                                           l277 05EA                                             l189 0636  
                                           l509 066A                                             l518 0661  
                                           l454 0655                                             l295 041F  
                                           l463 0631                                             l607 063F  
                                           l296 0428                                             l473 0604  
                                           l457 0652                                             l570 0223  
                                           l554 01D6                                             l466 062C  
                                           l299 043D                                             u900 0515  
                                           u901 0514                                             u910 041F  
                                           u911 041E                                             u920 0424  
                                           u921 0423                                             u930 0438  
                                           u931 0437                                             u940 0181  
                                           u941 0180                                             u870 04C6  
                                           u950 01CE                                             u871 04C5  
                                           u951 01CD                                             u880 0408  
                                           u960 01D4                                             u881 0407  
                                           u961 01D3                                             u890 0414  
                                           u970 01DD                                             u891 0413  
                                           u971 01DC                                             u980 01E3  
                                           u981 01E2                                             u990 01E7  
                                           u991 01E6                        __end_of_LIN_getFromTable 036C  
                                           wreg 0009                           __end_of_scheduleTable 0628  
                               __end_of_DRL_OFF 066E                          ?_Clear_No_Call_Warning 0070  
                                          l2000 01F0                                            l2010 0208  
                                          l2002 01F6                                            l1140 04C6  
                                          l2020 021C                                            l2012 020B  
                                          l2030 0471                                            l2022 0220  
                                          l2014 0210                                            l2006 0200  
                                          l2040 0450                                            l2104 0225  
                                          l2200 04E6                                            l2032 0477  
                                          l2024 0463                                            l2112 062E  
                                          l2016 0214                                            l2008 0204  
                                          l2120 0605                                            l1137 04BA  
                                          l2050 045E                                            l2042 0452  
                                          l2034 043E                                            l2114 066E  
                                          l2106 029F                                            l2202 04F1  
                                          l2026 0465                                            l1146 0515  
                                          l2018 0217                                            l2122 0617  
                                          l2052 0460                                            l2044 0458  
                                          l2036 043E                                            l2108 02A8  
                                          l2060 0316                                            l2028 046F  
                                          l2124 0611                                            l2140 05C9  
                                          l2046 0459                                            l2038 0444  
                                          l2062 0318                                            l2206 04F3  
                                          l2142 057B                                            l2126 061D  
                                          l2118 060B                                            l2230 0381  
                                          l2222 036C                                            l1430 0659  
                                          l2048 045B                                            l2080 0346  
                                          l2072 0337                                            l2056 030F  
                                          l2208 04FD                                            l2216 0637  
                                          l2144 0582                                            l2240 03A0  
                                          l2232 0383                                            l2224 036E  
                                          l2128 0674                                            l2090 0358  
                                          l2066 0323                                            l2074 0339  
                                          l2058 0314                                            l2250 03A6  
                                          l2242 03A1                                            l2234 0385  
                                          l2226 0375                                            l2084 034F  
                                          l2076 0340                                            l2068 0335  
                                          l2180 05BF                                            l2148 0586  
                                          l2252 03A7                                            l2244 03A2  
                                          l2236 0387                                            l2228 037E  
                                          l2260 0546                                            l1452 0629  
                                          l1444 0653                                            l2174 05E2  
                                          l2190 0570                                            l2182 05C3  
                                          l2246 03A4                                            l2238 039E  
                                          l2262 0547                                            l1446 0650  
                                          l2270 0672                                            l2192 0577  
                                          l2184 05C4                                            l2600 00CB  
                                          l2248 03A5                                            l2264 0549  
                                          l2440 0561                                            l1448 0656  
                                          l2186 05C6                                            l2178 05BC  
                                          l2610 00FA                                            l2602 00CE  
                                          l2266 054A                                            l2258 0541  
                                          l2442 0564                                            l2196 0579  
                                          l2188 0568                                            l1900 0438  
                                          l2540 02B4                                            l2620 011F  
                                          l2612 00FB                                            l2604 00D2  
                                          l1580 05A8                                            l1572 059C  
                                          l2268 0551                                            l2436 0555  
                                          l2444 063C                                            l1902 0439  
                                          l2550 02CB                                            l2534 02AC  
                                          l1910 0668                                            l2630 0133  
                                          l2622 0124                                            l2614 00FE  
                                          l2606 00DA                                            l1582 05F9  
                                          l1574 059E                                            l2438 055E  
                                          l1904 043B                                            l2552 02DD  
                                          l2544 02BF                                            l2536 02B0  
                                          l1912 066B                                            l2632 0141  
                                          l2624 012D                                            l2616 0106  
                                          l2608 00F1                                            l2560 0055  
                                          l2640 0150                                            l1920 0522  
                                          l1584 05FB                                            l1576 05A4  
                                          l2554 02F6                                            l2546 02C3  
                                          l2538 02B2                                            l1930 0497  
                                          l1906 0662                                            l1914 065C  
                                          l2730 0159                                            l2634 0146  
                                          l2626 0130                                            l2570 006C  
                                          l2562 005A                                            l1850 05EB  
                                          l1922 0525                                            l1578 05A6  
                                          l1586 0640                                            l2650 058F  
                                          l2732 0360                                            l1860 03E7  
                                          l1852 04A7                                            l2556 0303  
                                          l2548 02C5                                            l1932 04A5  
                                          l1908 0665                                            l1916 065F  
                                          l1940 0182                                            l2636 0149  
                                          l2628 0132                                            l2580 008F  
                                          l2572 006F                                            l2564 005D  
                                          l1844 05FF                                            l1924 0528  
                                          l2652 0592                                            l1870 0408  
                                          l1862 03EE                                            l1854 04AC  
                                          l1846 0644                                            l1926 0485  
                                          l1950 018B                                            l1942 0184  
                                          l2582 0097                                            l2574 0077  
                                          l2566 0065                                            l2558 004F  
                                          l1918 0517                                            l2654 0593  
                                          l1848 0632                                            l1872 040C  
                                          l1864 03F0                                            l1856 04B1  
                                          l1880 04FF                                            l1928 0489  
                                          l1952 018F                                            l1944 0186  
                                          l1936 017A                                            l2592 00B2  
                                          l2584 009B                                            l2576 007F  
                                          l2568 0069                                            l2656 0594  
                                          l2648 058C                                            l1890 0419  
                                          l1866 03FB                                            l1874 040E  
                                          l1858 04B3                                            l1882 0502  
                                          l1970 019D                                            l1962 0197  
                                          l1954 0190                                            l1946 0188  
                                          l2594 00BB                                            l2586 00A3  
                                          l2578 0087                                            l2658 0597  
                                          l1892 0424                                            l1876 0416  
                                          l1868 03FF                                            l1884 0507  
                                          l1964 019B                                            l1956 0192  
                                          l1948 0189                                            l2596 00C0  
                                          l2588 00A8                                            l1894 0429  
                                          l1886 0509                                            l1982 01A7  
                                          l1990 01D8                                            l2598 00C8  
                                          l1896 0430                                            l1888 0419  
                                          l1992 01DD                                            l1984 01C7  
                                          l1898 0432                                            l1994 01E3  
                                          l1986 01CE                                            l1978 01A2  
                                          l1996 01E7                                            l1988 01D4  
                                          l1998 01EA                                            u1000 01F0  
                                          u1001 01EF                                            u1010 01F6  
                                          u1011 01F5                                            u1100 0335  
                                          u1020 01FF                                            u1101 0334  
                                          u1021 01FE                                            u1110 033F  
                                          u1030 0204                                            u1111 033E  
                                          u1031 0203                                            u1200 0254  
                                          u1120 022C                                            u1040 0210  
                                          u1201 0252                                            u1121 022A  
                                          u1041 020F                                            u1210 025B  
                                          u1202 0255                                            u1130 0233  
                                          u1122 022D                                            u1050 021C  
                                          u1211 0259                                            u1131 0231  
                                          u1051 021B                                            u1300 028A  
                                          u1220 0262                                            u1212 025C  
                                          u1140 023A                                            u1132 0234  
                                          u1060 0477                                            u1301 0288  
                                          u1221 0260                                            u1141 0238  
                                          u1061 0476                                            u1070 0444  
                                          u1071 0443                                            u1080 0458  
                                          u1320 0290                                            u1240 0268  
                                          u1160 0240                                            u1081 0457  
                                          u1321 028E                                            u1241 0266  
                                          u1161 023E                                            u1410 05E9  
                                          u1330 0297                                            u1322 0291  
                                          u1314 028B                                            u1250 026F  
                                          u1242 0269                                            u1234 0263  
                                          u1170 0247                                            u1162 0241  
                                          u1154 023B                                            u1090 0322  
                                          u1411 05E7                                            u1331 0295  
                                          u1251 026D                                            u1171 0245  
                                          u1091 0321                                            u1420 05EA  
                                          u1340 029E                                            u1332 0298  
                                          u1260 0276                                            u1252 0270  
                                          u1180 024E                                            u1172 0248  
                                          u1341 029C                                            u1261 0274  
                                          u1181 024C                                            _LATA 0018  
                                          u1430 0570                                            u1431 056F  
                                          u1440 0577                                            u1360 02A7  
                                          u1280 027C                                            u1441 0576  
                                          u1361 02A5                                            u1281 027A  
                                          u1354 029F                                            u1290 0283  
                                          u1282 027D                                            u1274 0277  
                                          u1194 024F                                            u1450 04F1  
                                          u1291 0281                                            u1451 04F0  
                                          u1292 0284                                            u1460 04FD  
                                          u1461 04FC                                            u1374 02A8  
                                          u1800 0065                                            u1801 0064  
                                          u1810 0077                                            u1811 0076  
                                          u1900 0106                                            u1820 007F  
                                          u1901 0105                                            u1821 007E  
                                          u1910 011B                                            u1830 008F  
                                          u1911 011A                                            u1831 008E  
                                          u1760 02BE                                            u1920 0146  
                                          u1840 0097                                            u1761 02BD  
                                          u1921 0145                                            u1841 0096  
                                          u1770 02CB                                            u1850 00A3  
                                          u1771 02CA                                            u1851 00A2  
                                          u1860 00B1                                            u1780 0055  
                                          u1861 00B0                                            u1781 0054  
                                          u1870 00C0                                            u1790 005A  
                                          u1871 00BF                                            u1791 0059  
                                          u1880 00DA                                            u1881 00D9  
                                          u1890 00FA                                            u1891 00F9  
                                          _WPUA 1F39                                  _LIN_sendPacket 0462  
                                 _EUSART1_Write 0418                                 __end_of_POS_OFF 0662  
                                          _main 058C                                   ?_EUSART1_Read 0070  
                               _TMR0_StartTimer 0653                                            fsr0h 0005  
                                          fsr1h 0007                                            indf0 0000  
                                          fsr0l 0004                                            indf1 0001  
                                          fsr1l 0006                                            btemp 007E  
                                          start 0037                                   processLIN@cmd 007B  
                               ?_LIN_breakCheck 0070                         __end_of_TMR0_Initialize 0555  
                ??_TMR0_DefaultInterruptHandler 0070                   __end_of_OSCILLATOR_Initialize 05FF  
                             LIN_sendPacket@pid 0079                           _eusart1RxStatusBuffer 0020  
                                         ?_main 0070                                 LIN_init@command 0072  
                                         i1l302 04E2                                           i1l312 03E5  
                                         i1l305 04E4                                           i1l322 064B  
                                         i1l316 0540                                           i1l180 05E1  
                                         i1l325 064F                                           i1l319 0677  
                                         i1l372 0035                                           i1l373 0035  
                                         i1l365 0013                                           i1l470 05BA  
                                         i1l368 0026                                           i1l476 0676  
                               _TMR0_WriteTimer 062D                                           _OSCEN 0891  
                                         _TMR0H 059D                                           _TMR0L 059C  
                                         _TRISA 0012                                __end_of_LIN_init 052C  
                         __end_of_LIN_stopTimer 0648                       ?_TMR0_SetInterruptHandler 0070  
                          _EUSART1_Transmit_ISR 04C7                                __end_of_TMR0_ISR 05BB  
                       __end_of_PIN_MANAGER_IOC 0674                                  _WDT_Initialize 0640  
                        __end_of_LIN_sendPacket 0485                                  ?_EUSART1_Write 0070  
                                         pclath 000A                                  _LIN_startTimer 05BB  
                                ??_EUSART1_Read 0070                                           status 0003  
                                         wtemp0 007E      __end_of_EUSART1_DefaultFramingErrorHandler 0678  
          ??_EUSART1_DefaultFramingErrorHandler 0070             ?_EUSART1_DefaultFramingErrorHandler 0070  
            _EUSART1_DefaultFramingErrorHandler 0677                                ?_LIN_getChecksum 0070  
                   LIN_queuePacket@tempSchedule 006D                                 __initialization 0038  
                                  ?_LIN_handler 0070                      __end_of_EUSART1_Initialize 03AA  
                                  __end_of_main 059C                                     ?_HiBeam_OFF 0070  
                   ?_INTERRUPT_InterruptManager 0070                                          ??_main 007E  
                                     ??_DRL_OFF 0070                           ?_EUSART1_Transmit_ISR 0070  
                        __end_of_WDT_Initialize 0644                              LIN_sendPacket@data 007A  
                       __end_of_TMR0_StartTimer 0656                                       ??_POS_OFF 0070  
                        __end_of_LIN_startTimer 05C9                                 ?_LIN_sendPacket 0079  
                                        _ANSELA 1F38                                          _T0CON0 059E  
                                        _T0CON1 059F                                          _RC1REG 0119  
                                        _RC1STA 011D                                          i1l2130 052C  
                                        i1l2132 0534                                          i1l2220 05DF  
                                        i1l2134 0537                                          i1l2136 053D  
                                        i1l2400 04CE                                          _ODCONA 1F3A  
                                        i1l2138 053E                                          i1l2410 03AA  
                                        i1l2402 04D5                                          i1l2218 05D6  
                                        i1l2420 03C5                                          i1l2412 03B0  
                                        i1l2404 04D8                                          i1l2254 0648  
                                        i1l2422 03CB                                          i1l2414 03B5  
                                        i1l2406 04DE                                          i1l2430 05AC  
                                        i1l2256 064C                                          i1l2424 03D1  
                                        i1l2416 03BB                                          i1l2408 04DF  
                                        i1l2432 05AE                                          i1l2426 03DB  
                                        i1l2418 03C0                                          i1l2434 05B5  
                                        i1l2450 000F                                          i1l2428 03E2  
                                        i1l2460 002E                                          i1l2452 0017  
                                        i1l2454 001B                                          i1l2446 0006  
                                        i1l2456 001F                                          i1l2448 000B  
                                        i1l2458 002A                                          i1l2398 04C7  
                                        _DRL_ON 0668                                          _INLVLA 1F3C  
                                        u138_20 053D                                          u170_20 000F  
                                        u138_21 053C                                          u170_21 000E  
                                        u163_20 04CE                                          u147_20 05DF  
                                        u171_20 0017                                          u163_21 04CD  
                                        u147_21 05DE                                          u171_21 0016  
                                        u164_20 04DE                                          u172_20 001B  
                                        u164_21 04DD                                          u172_21 001A  
                                        u165_20 03B5                                          u173_20 001F  
                                        u165_21 03B4                                          u173_21 001E  
                                        u166_20 03C5                                          u174_20 002A  
                                        u166_21 03C4                                          u174_21 0029  
                                        u167_20 03DB                                          u175_20 002E  
                                        u167_21 03DA                                          u175_21 002D  
                                        u168_20 05B5                                          u168_21 05B4  
                                        u169_20 000B                                          u169_21 000A  
                                        _OSCFRQ 0893                                          _RX1PPS 1ECB  
                                        _TX1REG 011A                                          _WDTCON 080C  
                                        _TX1STA 011E                                          _POS_ON 065C  
                               _LIN_processData 0065                             _software_Initialize 063C  
                                  ?_TMR0_Reload 0070                                 _LIN_queuePacket 02AA  
                       __end_of_TMR0_WriteTimer 0632                        ?_EUSART1_SetErrorHandler 0070  
                                        _memcpy 04A7                                ?_TMR0_Initialize 0070  
                                        _memset 04FF                ??_EUSART1_SetOverrunErrorHandler 0072  
               ?_EUSART1_SetOverrunErrorHandler 0070                               __end_of_HiBeam_ON 0665  
                               ?_WDT_Initialize 0070                            ?_software_Initialize 0070  
                              _LIN_rxInProgress 0045                                 ??_EUSART1_Write 0070  
      TMR0_SetInterruptHandler@InterruptHandler 0070                                ?_PIN_MANAGER_IOC 0070  
                               ?_LIN_startTimer 0070                                 _eusart1RxBuffer 0028  
                               _eusart1TxBuffer 0030                               _SYSTEM_Initialize 0555  
                       __end_of__initialization 004C                              ?_SYSTEM_Initialize 0070  
                                 ?_LIN_checkPID 0070                   __end_of_EUSART1_RxDataHandler 0541  
                                     ?_LIN_init 0072                                  __pcstackCOMMON 0070  
                                 ?_LIN_enableRx 0070                                ??_LIN_calcParity 0070  
                               LIN_sendPacket@i 007D                                    __pidataBANK0 0671  
                           ??_SYSTEM_Initialize 0077                                       ?_TMR0_ISR 0070  
                          __end_of_EUSART1_Read 0462                          LIN_handler@rxDataIndex 0041  
                        ??_EUSART1_Transmit_ISR 0070                           ??_software_Initialize 0071  
                       ??_Clear_No_Call_Warning 0071                               ?_LIN_getFromTable 0070  
                   __end_of_EUSART1_Receive_ISR 03E6                          LIN_handler@LIN_rxState 0042  
                            ??_LIN_getFromTable 0071                                ?_TMR0_StartTimer 0070  
                     __end_of_SYSTEM_Initialize 0568                                   _eusart1RxHead 003D  
                                 _eusart1TxHead 0040                                   _eusart1RxTail 003C  
                                    __pbssBANK0 0020                                      __pbssBANK1 00A0  
                                 _eusart1TxTail 003F               _EUSART1_TxDefaultInterruptHandler 0061  
                                       ?_DRL_ON 0070                 ??_EUSART1_SetRxInterruptHandler 0072  
                                       ?_POS_ON 0070                        ?_EUSART1_get_last_status 0070  
                              ??_LIN_breakCheck 0071                                  ??_LIN_checkPID 0077  
                   __end_of_LIN_setTimerHandler 05F3                         __end_of_LIN_queuePacket 030E  
               __end_of_EUSART1_SetErrorHandler 0623                                  ??_LIN_enableRx 0070  
                                    __pmaintext 058C                                _LIN_timerHandler 05D6  
                                    ??_LIN_init 0076                             LIN_getChecksum@data 0071  
              __end_of_TMR0_SetInterruptHandler 0605                                      ??_TMR0_ISR 0070  
                                    __pintentry 0004                                ?_TMR0_WriteTimer 0070  
                                       ?_memcpy 0070                                         ?_memset 0070  
                         LIN_getChecksum@length 0075          __end_of_EUSART1_SetFramingErrorHandler 061D  
                _EUSART1_SetFramingErrorHandler 0617                                _LIN_timerRunning 0044  
                                       _DRL_OFF 066B                    ?_EUSART1_DefaultErrorHandler 0070  
                                       _SP1BRGH 011C                                         _SP1BRGL 011B  
                                       _OSCTUNE 0892                                         _SLRCONA 1F3B  
                                       _POS_OFF 065F                         LIN_getChecksum@checksum 0077  
                  __end_of_LIN_Slave_Initialize 05D6                                    ??_HiBeam_OFF 0070  
                           _EUSART1_is_rx_ready 05E2                               __end_of_func_F150 0224  
                    __end_of_EUSART1_is_tx_done 065C                             _EUSART1_is_tx_ready 0674  
                                       __ptext1 063C                                         __ptext2 0672  
                                       __ptext3 0650                                         __ptext4 0653  
                                       __ptext5 0628                                         __ptext6 0656  
                                       __ptext7 0673                                         __ptext8 0674  
                                       __ptext9 0659                               __end_of_func_main 0676  
                         _OSCILLATOR_Initialize 05F9                                ??_LIN_sendPacket 007C  
                            _EUSART1_Initialize 036C                        ??_PIN_MANAGER_Initialize 0070  
                 ??_EUSART1_DefaultErrorHandler 0070                                         clrloop0 05F4  
               __end_of_EUSART1_get_last_status 0671                       LIN_getFromTable@rxCommand 0075  
                          end_of_initialization 004C                            ?_EUSART1_is_rx_ready 0070  
                           ?_EUSART1_Initialize 0070                            ?_EUSART1_is_tx_ready 0070  
                                       memcpy@d 0077                                         memcpy@n 0074  
                                       memcpy@s 0078                                         memset@c 0072  
                                       memset@n 0074                                         memset@p 0076  
                            __end_of_HiBeam_OFF 0668                     _EUSART1_OverrunErrorHandler 00AF  
                              ?_LIN_queuePacket 0070           __end_of_EUSART1_SetRxInterruptHandler 0611  
                 _EUSART1_SetRxInterruptHandler 060B                                      _tempRxData 0053  
                                 _LIN_getPacket 0485                                  _TMR0_ReadTimer 0656  
                                 _LIN_disableRx 0637                            ??_EUSART1_Initialize 0072  
                              ??_WDT_Initialize 0070                               LIN_getPacket@data 0079  
                      _TMR0_SetInterruptHandler 05FF                                      _processLIN 057B  
                          __end_of_LIN_checkPID 04FF                             LIN_init@tableLength 0076  
                              ??_LIN_startTimer 0071                            __end_of_LIN_enableRx 0637  
                                 _scheduleTable 0623                                       _HiBeam_ON 0662  
                           EUSART1_Write@txData 0070                           ??_EUSART1_is_rx_ready 0070  
                         ??_EUSART1_is_tx_ready 0070                                  __end_of_DRL_ON 066B  
                                  _EUSART1_Read 043E                                  __end_of_POS_ON 065F  
                                 _LIN_rxCommand 0063                                  _TMR0_StopTimer 0650  
                        __end_of_TMR0_ReadTimer 0659                                  ?_LIN_getPacket 0079  
                                ?_LIN_disableRx 0070                                  __end_of_memcpy 04C7  
                        ?_OSCILLATOR_Initialize 0070                                  __end_of_memset 0516  
                           start_initialization 0038                                   _LIN_stopTimer 0644  
                      __end_of_LIN_timerHandler 05E2                            _LIN_Slave_Initialize 05C9  
                 __end_of_Clear_No_Call_Warning 0673                                      ?_HiBeam_ON 0070  
 EUSART1_SetRxInterruptHandler@interruptHandler 0070   EUSART1_SetTxInterruptHandler@interruptHandler 0070  
                         __end_of_EUSART1_Write 043E                                        ??_DRL_ON 0070  
                         LIN_startTimer@timeout 0071                                        ??_POS_ON 0070  
                        __end_of_TMR0_StopTimer 0653                               LIN_calcParity@CMD 0071  
                             LIN_calcParity@PID 0072                                 ?_TMR0_ReadTimer 0070  
                         _EUSART1_RxDataHandler 052C                  ?_EUSART1_SetRxInterruptHandler 0070  
                                   __pdataBANK0 006F                                        ??_memcpy 0076  
                                      ??_memset 0076                     __end_of_software_Initialize 0640  
                                    memset@dest 0070                                     ?_processLIN 0070  
                                _eusart1RxCount 003B                             LIN_init@processData 0074  
                                      ?_DRL_OFF 0070                                  ?_LIN_stopTimer 0070  
             _EUSART1_RxDefaultInterruptHandler 005F                                       ___latbits 0000  
                                 __pcstackBANK0 0068                                   __pcstackBANK1 00A8  
                             ??_LIN_getChecksum 0073                           ?_LIN_Slave_Initialize 0070  
                                      ?_POS_OFF 0070                 ??_EUSART1_SetTxInterruptHandler 0072  
              ??_EUSART1_SetFramingErrorHandler 0072                 ?_EUSART1_SetFramingErrorHandler 0070  
                         _TMR0_InterruptHandler 005B                                       __pnvBANK0 005B  
                                     __pnvBANK1 00AD                                 ?_TMR0_StopTimer 0070  
                               ??_LIN_getPacket 007A                          _PIN_MANAGER_Initialize 059C  
                                 ??_LIN_handler 00A8                                LIN_getChecksum@i 0076  
                               ??_LIN_disableRx 0070                              LIN_getChecksum@pid 0070  
                          LIN_sendPacket@length 007C                    ??_INTERRUPT_InterruptManager 0070  
                                     _lampFlags 0038                                        _BAUD1CON 011F  
                                     _lampState 0039      __end_of_EUSART1_DefaultOverrunErrorHandler 064C  
          ??_EUSART1_DefaultOverrunErrorHandler 0070             ?_EUSART1_DefaultOverrunErrorHandler 0070  
            _EUSART1_DefaultOverrunErrorHandler 0648                                       _func_F150 017A  
                          _EUSART1_ErrorHandler 00AD                         _EUSART1_SetErrorHandler 061D  
                                     _func_main 0675                                     ??_HiBeam_ON 0070  
                            _EUSART1_is_tx_done 0659                                 LIN_checkPID@pid 0077  
                             ??_TMR0_Initialize 0072                                        _LATAbits 0018  
       EUSART1_SetErrorHandler@interruptHandler 0070                             ?_EUSART1_is_tx_done 0070  
                                     clear_ram0 05F3                                        _PIE0bits 0716  
                                      _PIE1bits 0717                                    _LIN_checkPID 04E5  
                    ??_TMR0_SetInterruptHandler 0072                                        _PIR0bits 070C  
                                      _PIR1bits 070D                                   ??_TMR0_Reload 0070  
                                      _LIN_init 0516                          ?_EUSART1_RxDataHandler 0070  
                                  _LIN_enableRx 0632                                        _TMR0_ISR 05AC  
                              LIN_getPacket@cmd 007A                               ??_PIN_MANAGER_IOC 0070  
                           __end_of_LIN_handler 017A                                 ??_LIN_stopTimer 0070  
                          ??_EUSART1_is_tx_done 0070                                      ?_func_F150 0070  
                        ??_LIN_Slave_Initialize 0077                                      ?_func_main 0070  
                         EUSART1_Read@readValue 0070                                _LIN_getFromTable 030E  
         __end_of_EUSART1_SetTxInterruptHandler 060B                   _EUSART1_SetTxInterruptHandler 0605  
                                     memcpy@tmp 0076                         ??_OSCILLATOR_Initialize 0070  
                       _EUSART1_get_last_status 066E                               ??_TMR0_StartTimer 0070  
                           __end_of_TMR0_Reload 062D                       ??_EUSART1_SetErrorHandler 0072  
           __end_of_EUSART1_DefaultErrorHandler 0650                     _EUSART1_DefaultErrorHandler 064C  
                   __end_of_EUSART1_is_rx_ready 05EB                                      _T0CON0bits 059E  
                   __end_of_EUSART1_is_tx_ready 0675                                        __ptext10 0675  
                                      __ptext11 0555                                        __ptext20 036C  
                                      __ptext12 0640                                        __ptext21 0605  
                                      __ptext13 0541                                        __ptext30 065F  
                                      __ptext22 060B                                        __ptext14 059C  
                                      __ptext31 0662                                        __ptext23 0611  
                                      __ptext15 05F9                                        __ptext40 02AA  
                                      __ptext32 0665                                        __ptext24 0617  
                                      __ptext16 05C9                                        __ptext41 04A7  
                                      __ptext33 0668                                        __ptext25 061D  
                                      __ptext17 0516                                        __ptext50 0568  
                                      __ptext42 0462                                        __ptext34 066B  
                                      __ptext26 004F                                        __ptext18 05EB  
                                      __ptext51 066E                                        __ptext43 03E6  
                                      __ptext35 0485                                        __ptext27 057B  
                                      __ptext19 05FF                                        __ptext60 0648  
                                      __ptext52 043E                                        __ptext44 0418  
                                      __ptext36 04FF                                        __ptext28 017A  
                                      __ptext61 0677                                        __ptext53 05E2  
                                      __ptext45 0632                                        __ptext37 0644  
                                      __ptext29 065C                                        __ptext62 064C  
                                      __ptext46 0637                                        __ptext38 05BB  
                                      __ptext63 052C                                        __ptext55 05AC  
                                      __ptext47 04E5                                        __ptext39 062D  
                                      __ptext56 05D6                                        __ptext48 030E  
                                      __ptext57 0676                                        __ptext49 0224  
                                      __ptext58 04C7                                        __ptext59 03AA  
                             ?_LIN_timerHandler 0070                         TMR0_WriteTimer@timerVal 0070  
                            ??_LIN_timerHandler 0070                               ??_TMR0_WriteTimer 0070  
                        LIN_getFromTable@length 0074                                ??_TMR0_ReadTimer 0070  
          __end_of_TMR0_DefaultInterruptHandler 0677                    _TMR0_DefaultInterruptHandler 0676  
                                   _SIGNAL_Data 00A0                                      _RC1STAbits 011D  
                           _LIN_rxCommandLength 0067  EUSART1_SetOverrunErrorHandler@interruptHandler 0070  
                                   _LIN_handler 004F                                        int$flags 007E  
                               _LIN_getChecksum 03E6              __end_of_INTERRUPT_InterruptManager 0037  
                    _INTERRUPT_InterruptManager 0004                     _EUSART1_FramingErrorHandler 005D  
                           _EUSART1_Receive_ISR 03AA                                    ??_processLIN 007B  
                                   _LIN_timeout 006F                                  _LIN_calcParity 0224  
                                   ??_func_F150 0070                                      _INTCONbits 000B  
                                      memcpy@d1 0070                                        memcpy@s1 0072  
                                   ??_func_main 0070                             _LIN_setTimerHandler 05EB  
                                      intlevel1 0000                                ??_TMR0_StopTimer 0070  
                                 _CountCallBack 0043                           _Clear_No_Call_Warning 0672  
                          ?_EUSART1_Receive_ISR 0070                         ?_PIN_MANAGER_Initialize 0070  
        __end_of_EUSART1_SetOverrunErrorHandler 0617                  _EUSART1_SetOverrunErrorHandler 0611  
                         LIN_getFromTable@param 0070                    __end_of_EUSART1_Transmit_ISR 04E5  
                            __end_of_processLIN 058C                   ?_TMR0_DefaultInterruptHandler 0070  
                     ??_EUSART1_get_last_status 0070                                     _TMR0_Reload 0628  
                                    _LIN_packet 0046                            ?_LIN_setTimerHandler 0070  
EUSART1_SetFramingErrorHandler@interruptHandler 0070                  ?_EUSART1_SetTxInterruptHandler 0070  
                                _LIN_breakCheck 0568                              _eusart1RxLastError 003A  
                        __end_of_LIN_calcParity 02AA                                   __pstringtext1 0623  
                            LIN_queuePacket@cmd 006B                                 _TMR0_Initialize 0541  
                             ??_LIN_queuePacket 0068                                      _TX1STAbits 011E  
                         ??_EUSART1_Receive_ISR 0070                  __end_of_PIN_MANAGER_Initialize 05AC  
                           LIN_getFromTable@cmd 0073                                 _PIN_MANAGER_IOC 0673  
                              LIN_queuePacket@i 006C                         ??_EUSART1_RxDataHandler 0070  
                       __end_of_LIN_getChecksum 0418  
