

Microchip MPLAB XC8 Assembler V3.00 build 20241204225717 
                                                                                               Fri Nov 14 15:59:56 2025

Microchip MPLAB XC8 C Compiler v3.00 (Free license) build 20241204225717 Og1 
     1                           	processor	16F15213
     2                           	pagewidth 120
     3                           	opt	flic
     4                           	psect	idataBANK0,global,class=CODE,space=0,delta=2,noexec
     5                           	psect	stringtext1,global,class=STRCODE,space=0,delta=2,noexec
     6                           	psect	nvBANK0,global,class=BANK0,space=1,delta=1,noexec
     7                           	psect	cinit,global,class=CODE,space=0,merge=1,delta=2
     8                           	psect	bssBANK0,global,class=BANK0,space=1,delta=1,noexec
     9                           	psect	dataBANK0,global,class=BANK0,space=1,delta=1,noexec
    10                           	psect	bssBANK1,global,class=BANK1,space=1,delta=1,noexec
    11                           	psect	clrtext,global,class=CODE,space=0,delta=2
    12                           	psect	cstackBANK1,global,class=BANK1,space=1,delta=1,noexec
    13                           	psect	cstackCOMMON,global,class=COMMON,space=1,delta=1,noexec
    14                           	psect	cstackBANK0,global,class=BANK0,space=1,delta=1,noexec
    15                           	psect	maintext,global,class=CODE,space=0,merge=1,split=1,delta=2
    16                           	psect	text1,local,class=CODE,space=0,merge=1,delta=2
    17                           	psect	text2,local,class=CODE,space=0,merge=1,delta=2
    18                           	psect	text3,local,class=CODE,space=0,merge=1,delta=2
    19                           	psect	text4,local,class=CODE,space=0,merge=1,delta=2
    20                           	psect	text5,local,class=CODE,space=0,merge=1,delta=2
    21                           	psect	text6,local,class=CODE,space=0,merge=1,delta=2
    22                           	psect	text7,local,class=CODE,space=0,merge=1,delta=2
    23                           	psect	text8,local,class=CODE,space=0,merge=1,delta=2
    24                           	psect	text9,local,class=CODE,space=0,merge=1,delta=2
    25                           	psect	text10,local,class=CODE,space=0,merge=1,delta=2
    26                           	psect	text11,local,class=CODE,space=0,merge=1,delta=2
    27                           	psect	text12,local,class=CODE,space=0,merge=1,delta=2
    28                           	psect	text13,local,class=CODE,space=0,merge=1,delta=2
    29                           	psect	text14,local,class=CODE,space=0,merge=1,delta=2
    30                           	psect	text15,local,class=CODE,space=0,merge=1,delta=2
    31                           	psect	text16,local,class=CODE,space=0,merge=1,delta=2
    32                           	psect	text17,local,class=CODE,space=0,merge=1,delta=2
    33                           	psect	text18,local,class=CODE,space=0,merge=1,delta=2
    34                           	psect	text19,local,class=CODE,space=0,merge=1,delta=2
    35                           	psect	text20,local,class=CODE,space=0,merge=1,delta=2
    36                           	psect	text21,local,class=CODE,space=0,merge=1,delta=2
    37                           	psect	text22,local,class=CODE,space=0,merge=1,delta=2
    38                           	psect	text23,local,class=CODE,space=0,merge=1,delta=2
    39                           	psect	text24,local,class=CODE,space=0,merge=1,delta=2
    40                           	psect	text25,local,class=CODE,space=0,merge=1,delta=2,group=2
    41                           	psect	text26,local,class=CODE,space=0,merge=1,delta=2
    42                           	psect	text27,local,class=CODE,space=0,merge=1,delta=2
    43                           	psect	text28,local,class=CODE,space=0,merge=1,delta=2
    44                           	psect	text29,local,class=CODE,space=0,merge=1,delta=2
    45                           	psect	text30,local,class=CODE,space=0,merge=1,delta=2
    46                           	psect	text31,local,class=CODE,space=0,merge=1,delta=2
    47                           	psect	text32,local,class=CODE,space=0,merge=1,delta=2
    48                           	psect	text33,local,class=CODE,space=0,merge=1,delta=2
    49                           	psect	text34,local,class=CODE,space=0,merge=1,delta=2
    50                           	psect	text35,local,class=CODE,space=0,merge=1,delta=2
    51                           	psect	text36,local,class=CODE,space=0,merge=1,delta=2,group=2
    52                           	psect	text37,local,class=CODE,space=0,merge=1,delta=2
    53                           	psect	text38,local,class=CODE,space=0,merge=1,delta=2
    54                           	psect	text39,local,class=CODE,space=0,merge=1,delta=2
    55                           	psect	text40,local,class=CODE,space=0,merge=1,delta=2
    56                           	psect	text41,local,class=CODE,space=0,merge=1,delta=2
    57                           	psect	text42,local,class=CODE,space=0,merge=1,delta=2
    58                           	psect	text43,local,class=CODE,space=0,merge=1,delta=2
    59                           	psect	text44,local,class=CODE,space=0,merge=1,delta=2
    60                           	psect	text45,local,class=CODE,space=0,merge=1,delta=2
    61                           	psect	text46,local,class=CODE,space=0,merge=1,delta=2
    62                           	psect	text47,local,class=CODE,space=0,merge=1,delta=2
    63                           	psect	text48,local,class=CODE,space=0,merge=1,delta=2
    64                           	psect	intentry,global,class=CODE,space=0,delta=2
    65                           	psect	text50,local,class=CODE,space=0,merge=1,delta=2
    66                           	psect	text51,local,class=CODE,space=0,merge=1,delta=2
    67                           	psect	text52,local,class=CODE,space=0,merge=1,delta=2
    68                           	psect	text53,local,class=CODE,space=0,merge=1,delta=2
    69                           	psect	text54,local,class=CODE,space=0,merge=1,delta=2
    70                           	psect	text55,local,class=CODE,space=0,merge=1,delta=2
    71                           	psect	text56,local,class=CODE,space=0,merge=1,delta=2
    72                           	psect	text57,local,class=CODE,space=0,merge=1,delta=2
    73                           	psect	text58,local,class=CODE,space=0,merge=1,delta=2
    74                           	psect	text59,local,class=CODE,space=0,merge=1,delta=2
    75                           	psect	config,global,abs,ovrld,class=CONFIG,space=4,delta=2,noexec
    76                           	dabs	1,0x7E,2
    77     0000                     
    78                           ; Version 2.30
    79                           ; Generated 15/09/2020 GMT
    80                           ; 
    81                           ; Copyright © 2020, Microchip Technology Inc. and its subsidiaries ("Microchip")
    82                           ; All rights reserved.
    83                           ; 
    84                           ; This software is developed by Microchip Technology Inc. and its subsidiaries ("Microch
      +                          ip").
    85                           ; 
    86                           ; Redistribution and use in source and binary forms, with or without modification, are
    87                           ; permitted provided that the following conditions are met:
    88                           ; 
    89                           ;     1. Redistributions of source code must retain the above copyright notice, this lis
      +                          t of
    90                           ;        conditions and the following disclaimer.
    91                           ; 
    92                           ;     2. Redistributions in binary form must reproduce the above copyright notice, this 
      +                          list
    93                           ;        of conditions and the following disclaimer in the documentation and/or other
    94                           ;        materials provided with the distribution. Publication is not required when
    95                           ;        this file is used in an embedded application.
    96                           ; 
    97                           ;     3. Microchip's name may not be used to endorse or promote products derived from th
      +                          is
    98                           ;        software without specific prior written permission.
    99                           ; 
   100                           ; THIS SOFTWARE IS PROVIDED BY MICROCHIP "AS IS" AND ANY EXPRESS OR IMPLIED WARRANTIES,
   101                           ; INCLUDING, BUT NOT LIMITED TO, THE IMPLIED WARRANTIES OF MERCHANTABILITY AND FITNESS F
      +                          OR
   102                           ; PURPOSE ARE DISCLAIMED.  IN NO EVENT SHALL MICROCHIP BE LIABLE FOR ANY DIRECT, INDIREC
      +                          T,
   103                           ; INCIDENTAL, SPECIAL, EXEMPLARY, OR CONSEQUENTIAL DAMAGES (INCLUDING BUT NOT LIMITED TO
   104                           ; PROCUREMENT OF SUBSTITUTE GOODS OR SERVICES; LOSS OF USE, DATA OR PROFITS; OR BUSINESS
   105                           ; INTERRUPTION) HOWSOEVER CAUSED AND ON ANY THEORY OF LIABILITY, WHETHER IN CONTRACT, ST
      +                          RICT
   106                           ; LIABILITY, OR TORT (INCLUDING NEGLIGENCE OR OTHERWISE) ARISING IN ANY WAY OUT OF THE U
      +                          SE OF
   107                           ; THIS SOFTWARE, EVEN IF ADVISED OF THE POSSIBILITY OF SUCH DAMAGE.
   108                           ; 
   109                           ; 
   110                           ; Code-generator required, PIC16F15213 Definitions
   111                           ; 
   112                           ; SFR Addresses
   113     0008                     bsr             equ	8
   114     0005                     fsr0h           equ	5
   115     0004                     fsr0l           equ	4
   116     0007                     fsr1h           equ	7
   117     0006                     fsr1l           equ	6
   118     0000                     indf            equ	0
   119     0000                     indf0           equ	0
   120     0001                     indf1           equ	1
   121     000B                     intcon          equ	11
   122     0002                     pc              equ	2
   123     0002                     pcl             equ	2
   124     000A                     pclath          equ	10
   125     0003                     status          equ	3
   126     0009                     wreg            equ	9
   127     0000                     INDF0           equ	0	;# 
   128     0001                     INDF1           equ	1	;# 
   129     0002                     PCL             equ	2	;# 
   130     0003                     STATUS          equ	3	;# 
   131     0004                     FSR0L           equ	4	;# 
   132     0005                     FSR0H           equ	5	;# 
   133     0006                     FSR1L           equ	6	;# 
   134     0007                     FSR1H           equ	7	;# 
   135     0008                     BSR             equ	8	;# 
   136     0009                     WREG            equ	9	;# 
   137     000A                     PCLATH          equ	10	;# 
   138     000B                     INTCON          equ	11	;# 
   139     000C                     PORTA           equ	12	;# 
   140     0012                     TRISA           equ	18	;# 
   141     0018                     LATA            equ	24	;# 
   142     009A                     CPCON           equ	154	;# 
   143     009B                     ADRES           equ	155	;# 
   144     009B                     ADRESL          equ	155	;# 
   145     009C                     ADRESH          equ	156	;# 
   146     009D                     ADCON0          equ	157	;# 
   147     009E                     ADCON1          equ	158	;# 
   148     009F                     ADACT           equ	159	;# 
   149     0119                     RC1REG          equ	281	;# 
   150     011A                     TX1REG          equ	282	;# 
   151     011B                     SP1BRG          equ	283	;# 
   152     011B                     SP1BRGL         equ	283	;# 
   153     011C                     SP1BRGH         equ	284	;# 
   154     011D                     RC1STA          equ	285	;# 
   155     011E                     TX1STA          equ	286	;# 
   156     011F                     BAUD1CON        equ	287	;# 
   157     018C                     SSP1BUF         equ	396	;# 
   158     018D                     SSP1ADD         equ	397	;# 
   159     018E                     SSP1MSK         equ	398	;# 
   160     018F                     SSP1STAT        equ	399	;# 
   161     0190                     SSP1CON1        equ	400	;# 
   162     0191                     SSP1CON2        equ	401	;# 
   163     0192                     SSP1CON3        equ	402	;# 
   164     020C                     TMR1L           equ	524	;# 
   165     020D                     TMR1H           equ	525	;# 
   166     020E                     T1CON           equ	526	;# 
   167     020E                     TMR1CON         equ	526	;# 
   168     020F                     T1GCON          equ	527	;# 
   169     020F                     TMR1GCON        equ	527	;# 
   170     0210                     T1GATE          equ	528	;# 
   171     0210                     TMR1GATE        equ	528	;# 
   172     0211                     T1CLK           equ	529	;# 
   173     0211                     TMR1CLK         equ	529	;# 
   174     028C                     T2TMR           equ	652	;# 
   175     028C                     TMR2            equ	652	;# 
   176     028D                     T2PR            equ	653	;# 
   177     028D                     PR2             equ	653	;# 
   178     028E                     T2CON           equ	654	;# 
   179     028F                     T2HLT           equ	655	;# 
   180     0290                     T2CLKCON        equ	656	;# 
   181     0291                     T2RST           equ	657	;# 
   182     030C                     CCPR1           equ	780	;# 
   183     030C                     CCPR1L          equ	780	;# 
   184     030D                     CCPR1H          equ	781	;# 
   185     030E                     CCP1CON         equ	782	;# 
   186     030F                     CCP1CAP         equ	783	;# 
   187     0310                     CCPR2           equ	784	;# 
   188     0310                     CCPR2L          equ	784	;# 
   189     0311                     CCPR2H          equ	785	;# 
   190     0312                     CCP2CON         equ	786	;# 
   191     0313                     CCP2CAP         equ	787	;# 
   192     0314                     PWM3DC          equ	788	;# 
   193     0314                     PWM3DCL         equ	788	;# 
   194     0315                     PWM3DCH         equ	789	;# 
   195     0316                     PWM3CON         equ	790	;# 
   196     0318                     PWM4DC          equ	792	;# 
   197     0318                     PWM4DCL         equ	792	;# 
   198     0319                     PWM4DCH         equ	793	;# 
   199     031A                     PWM4CON         equ	794	;# 
   200     059C                     TMR0L           equ	1436	;# 
   201     059C                     TMR0            equ	1436	;# 
   202     059D                     TMR0H           equ	1437	;# 
   203     059D                     PR0             equ	1437	;# 
   204     059E                     T0CON0          equ	1438	;# 
   205     059F                     T0CON1          equ	1439	;# 
   206     070C                     PIR0            equ	1804	;# 
   207     070D                     PIR1            equ	1805	;# 
   208     070E                     PIR2            equ	1806	;# 
   209     0716                     PIE0            equ	1814	;# 
   210     0717                     PIE1            equ	1815	;# 
   211     0718                     PIE2            equ	1816	;# 
   212     080C                     WDTCON          equ	2060	;# 
   213     0811                     BORCON          equ	2065	;# 
   214     0813                     PCON0           equ	2067	;# 
   215     0814                     PCON1           equ	2068	;# 
   216     081A                     NVMADR          equ	2074	;# 
   217     081A                     NVMADRL         equ	2074	;# 
   218     081B                     NVMADRH         equ	2075	;# 
   219     081C                     NVMDAT          equ	2076	;# 
   220     081C                     NVMDATL         equ	2076	;# 
   221     081D                     NVMDATH         equ	2077	;# 
   222     081E                     NVMCON1         equ	2078	;# 
   223     081F                     NVMCON2         equ	2079	;# 
   224     088E                     OSCCON          equ	2190	;# 
   225     0890                     OSCSTAT         equ	2192	;# 
   226     0891                     OSCEN           equ	2193	;# 
   227     0892                     OSCTUNE         equ	2194	;# 
   228     0893                     OSCFRQ          equ	2195	;# 
   229     090C                     FVRCON          equ	2316	;# 
   230     1E8F                     PPSLOCK         equ	7823	;# 
   231     1E90                     INTPPS          equ	7824	;# 
   232     1E91                     T0CKIPPS        equ	7825	;# 
   233     1E92                     T1CKIPPS        equ	7826	;# 
   234     1E93                     T1GPPS          equ	7827	;# 
   235     1E9C                     T2INPPS         equ	7836	;# 
   236     1EA1                     CCP1PPS         equ	7841	;# 
   237     1EA2                     CCP2PPS         equ	7842	;# 
   238     1EC3                     ADACTPPS        equ	7875	;# 
   239     1EC5                     SSP1CLKPPS      equ	7877	;# 
   240     1EC6                     SSP1DATPPS      equ	7878	;# 
   241     1EC7                     SSP1SSPPS       equ	7879	;# 
   242     1ECB                     RX1PPS          equ	7883	;# 
   243     1ECB                     RX1DTPPS        equ	7883	;# 
   244     1ECB                     RXPPS           equ	7883	;# 
   245     1ECC                     CK1PPS          equ	7884	;# 
   246     1ECC                     TX1CKPPS        equ	7884	;# 
   247     1ECC                     CKPPS           equ	7884	;# 
   248     1F10                     RA0PPS          equ	7952	;# 
   249     1F11                     RA1PPS          equ	7953	;# 
   250     1F12                     RA2PPS          equ	7954	;# 
   251     1F14                     RA4PPS          equ	7956	;# 
   252     1F15                     RA5PPS          equ	7957	;# 
   253     1F38                     ANSELA          equ	7992	;# 
   254     1F39                     WPUA            equ	7993	;# 
   255     1F3A                     ODCONA          equ	7994	;# 
   256     1F3B                     SLRCONA         equ	7995	;# 
   257     1F3C                     INLVLA          equ	7996	;# 
   258     1F3D                     IOCAP           equ	7997	;# 
   259     1F3E                     IOCAN           equ	7998	;# 
   260     1F3F                     IOCAF           equ	7999	;# 
   261     1FE4                     STATUS_SHAD     equ	8164	;# 
   262     1FE5                     WREG_SHAD       equ	8165	;# 
   263     1FE6                     BSR_SHAD        equ	8166	;# 
   264     1FE7                     PCLATH_SHAD     equ	8167	;# 
   265     1FE8                     FSR0_SHAD       equ	8168	;# 
   266     1FE8                     FSR0L_SHAD      equ	8168	;# 
   267     1FE9                     FSR0H_SHAD      equ	8169	;# 
   268     1FEA                     FSR1L_SHAD      equ	8170	;# 
   269     1FEB                     FSR1H_SHAD      equ	8171	;# 
   270     1FED                     STKPTR          equ	8173	;# 
   271     1FEE                     TOSL            equ	8174	;# 
   272     1FEF                     TOSH            equ	8175	;# 
   273     0000                     INDF0           equ	0	;# 
   274     0001                     INDF1           equ	1	;# 
   275     0002                     PCL             equ	2	;# 
   276     0003                     STATUS          equ	3	;# 
   277     0004                     FSR0L           equ	4	;# 
   278     0005                     FSR0H           equ	5	;# 
   279     0006                     FSR1L           equ	6	;# 
   280     0007                     FSR1H           equ	7	;# 
   281     0008                     BSR             equ	8	;# 
   282     0009                     WREG            equ	9	;# 
   283     000A                     PCLATH          equ	10	;# 
   284     000B                     INTCON          equ	11	;# 
   285     000C                     PORTA           equ	12	;# 
   286     0012                     TRISA           equ	18	;# 
   287     0018                     LATA            equ	24	;# 
   288     009A                     CPCON           equ	154	;# 
   289     009B                     ADRES           equ	155	;# 
   290     009B                     ADRESL          equ	155	;# 
   291     009C                     ADRESH          equ	156	;# 
   292     009D                     ADCON0          equ	157	;# 
   293     009E                     ADCON1          equ	158	;# 
   294     009F                     ADACT           equ	159	;# 
   295     0119                     RC1REG          equ	281	;# 
   296     011A                     TX1REG          equ	282	;# 
   297     011B                     SP1BRG          equ	283	;# 
   298     011B                     SP1BRGL         equ	283	;# 
   299     011C                     SP1BRGH         equ	284	;# 
   300     011D                     RC1STA          equ	285	;# 
   301     011E                     TX1STA          equ	286	;# 
   302     011F                     BAUD1CON        equ	287	;# 
   303     018C                     SSP1BUF         equ	396	;# 
   304     018D                     SSP1ADD         equ	397	;# 
   305     018E                     SSP1MSK         equ	398	;# 
   306     018F                     SSP1STAT        equ	399	;# 
   307     0190                     SSP1CON1        equ	400	;# 
   308     0191                     SSP1CON2        equ	401	;# 
   309     0192                     SSP1CON3        equ	402	;# 
   310     020C                     TMR1L           equ	524	;# 
   311     020D                     TMR1H           equ	525	;# 
   312     020E                     T1CON           equ	526	;# 
   313     020E                     TMR1CON         equ	526	;# 
   314     020F                     T1GCON          equ	527	;# 
   315     020F                     TMR1GCON        equ	527	;# 
   316     0210                     T1GATE          equ	528	;# 
   317     0210                     TMR1GATE        equ	528	;# 
   318     0211                     T1CLK           equ	529	;# 
   319     0211                     TMR1CLK         equ	529	;# 
   320     028C                     T2TMR           equ	652	;# 
   321     028C                     TMR2            equ	652	;# 
   322     028D                     T2PR            equ	653	;# 
   323     028D                     PR2             equ	653	;# 
   324     028E                     T2CON           equ	654	;# 
   325     028F                     T2HLT           equ	655	;# 
   326     0290                     T2CLKCON        equ	656	;# 
   327     0291                     T2RST           equ	657	;# 
   328     030C                     CCPR1           equ	780	;# 
   329     030C                     CCPR1L          equ	780	;# 
   330     030D                     CCPR1H          equ	781	;# 
   331     030E                     CCP1CON         equ	782	;# 
   332     030F                     CCP1CAP         equ	783	;# 
   333     0310                     CCPR2           equ	784	;# 
   334     0310                     CCPR2L          equ	784	;# 
   335     0311                     CCPR2H          equ	785	;# 
   336     0312                     CCP2CON         equ	786	;# 
   337     0313                     CCP2CAP         equ	787	;# 
   338     0314                     PWM3DC          equ	788	;# 
   339     0314                     PWM3DCL         equ	788	;# 
   340     0315                     PWM3DCH         equ	789	;# 
   341     0316                     PWM3CON         equ	790	;# 
   342     0318                     PWM4DC          equ	792	;# 
   343     0318                     PWM4DCL         equ	792	;# 
   344     0319                     PWM4DCH         equ	793	;# 
   345     031A                     PWM4CON         equ	794	;# 
   346     059C                     TMR0L           equ	1436	;# 
   347     059C                     TMR0            equ	1436	;# 
   348     059D                     TMR0H           equ	1437	;# 
   349     059D                     PR0             equ	1437	;# 
   350     059E                     T0CON0          equ	1438	;# 
   351     059F                     T0CON1          equ	1439	;# 
   352     070C                     PIR0            equ	1804	;# 
   353     070D                     PIR1            equ	1805	;# 
   354     070E                     PIR2            equ	1806	;# 
   355     0716                     PIE0            equ	1814	;# 
   356     0717                     PIE1            equ	1815	;# 
   357     0718                     PIE2            equ	1816	;# 
   358     080C                     WDTCON          equ	2060	;# 
   359     0811                     BORCON          equ	2065	;# 
   360     0813                     PCON0           equ	2067	;# 
   361     0814                     PCON1           equ	2068	;# 
   362     081A                     NVMADR          equ	2074	;# 
   363     081A                     NVMADRL         equ	2074	;# 
   364     081B                     NVMADRH         equ	2075	;# 
   365     081C                     NVMDAT          equ	2076	;# 
   366     081C                     NVMDATL         equ	2076	;# 
   367     081D                     NVMDATH         equ	2077	;# 
   368     081E                     NVMCON1         equ	2078	;# 
   369     081F                     NVMCON2         equ	2079	;# 
   370     088E                     OSCCON          equ	2190	;# 
   371     0890                     OSCSTAT         equ	2192	;# 
   372     0891                     OSCEN           equ	2193	;# 
   373     0892                     OSCTUNE         equ	2194	;# 
   374     0893                     OSCFRQ          equ	2195	;# 
   375     090C                     FVRCON          equ	2316	;# 
   376     1E8F                     PPSLOCK         equ	7823	;# 
   377     1E90                     INTPPS          equ	7824	;# 
   378     1E91                     T0CKIPPS        equ	7825	;# 
   379     1E92                     T1CKIPPS        equ	7826	;# 
   380     1E93                     T1GPPS          equ	7827	;# 
   381     1E9C                     T2INPPS         equ	7836	;# 
   382     1EA1                     CCP1PPS         equ	7841	;# 
   383     1EA2                     CCP2PPS         equ	7842	;# 
   384     1EC3                     ADACTPPS        equ	7875	;# 
   385     1EC5                     SSP1CLKPPS      equ	7877	;# 
   386     1EC6                     SSP1DATPPS      equ	7878	;# 
   387     1EC7                     SSP1SSPPS       equ	7879	;# 
   388     1ECB                     RX1PPS          equ	7883	;# 
   389     1ECB                     RX1DTPPS        equ	7883	;# 
   390     1ECB                     RXPPS           equ	7883	;# 
   391     1ECC                     CK1PPS          equ	7884	;# 
   392     1ECC                     TX1CKPPS        equ	7884	;# 
   393     1ECC                     CKPPS           equ	7884	;# 
   394     1F10                     RA0PPS          equ	7952	;# 
   395     1F11                     RA1PPS          equ	7953	;# 
   396     1F12                     RA2PPS          equ	7954	;# 
   397     1F14                     RA4PPS          equ	7956	;# 
   398     1F15                     RA5PPS          equ	7957	;# 
   399     1F38                     ANSELA          equ	7992	;# 
   400     1F39                     WPUA            equ	7993	;# 
   401     1F3A                     ODCONA          equ	7994	;# 
   402     1F3B                     SLRCONA         equ	7995	;# 
   403     1F3C                     INLVLA          equ	7996	;# 
   404     1F3D                     IOCAP           equ	7997	;# 
   405     1F3E                     IOCAN           equ	7998	;# 
   406     1F3F                     IOCAF           equ	7999	;# 
   407     1FE4                     STATUS_SHAD     equ	8164	;# 
   408     1FE5                     WREG_SHAD       equ	8165	;# 
   409     1FE6                     BSR_SHAD        equ	8166	;# 
   410     1FE7                     PCLATH_SHAD     equ	8167	;# 
   411     1FE8                     FSR0_SHAD       equ	8168	;# 
   412     1FE8                     FSR0L_SHAD      equ	8168	;# 
   413     1FE9                     FSR0H_SHAD      equ	8169	;# 
   414     1FEA                     FSR1L_SHAD      equ	8170	;# 
   415     1FEB                     FSR1H_SHAD      equ	8171	;# 
   416     1FED                     STKPTR          equ	8173	;# 
   417     1FEE                     TOSL            equ	8174	;# 
   418     1FEF                     TOSH            equ	8175	;# 
   419     0000                     INDF0           equ	0	;# 
   420     0001                     INDF1           equ	1	;# 
   421     0002                     PCL             equ	2	;# 
   422     0003                     STATUS          equ	3	;# 
   423     0004                     FSR0L           equ	4	;# 
   424     0005                     FSR0H           equ	5	;# 
   425     0006                     FSR1L           equ	6	;# 
   426     0007                     FSR1H           equ	7	;# 
   427     0008                     BSR             equ	8	;# 
   428     0009                     WREG            equ	9	;# 
   429     000A                     PCLATH          equ	10	;# 
   430     000B                     INTCON          equ	11	;# 
   431     000C                     PORTA           equ	12	;# 
   432     0012                     TRISA           equ	18	;# 
   433     0018                     LATA            equ	24	;# 
   434     009A                     CPCON           equ	154	;# 
   435     009B                     ADRES           equ	155	;# 
   436     009B                     ADRESL          equ	155	;# 
   437     009C                     ADRESH          equ	156	;# 
   438     009D                     ADCON0          equ	157	;# 
   439     009E                     ADCON1          equ	158	;# 
   440     009F                     ADACT           equ	159	;# 
   441     0119                     RC1REG          equ	281	;# 
   442     011A                     TX1REG          equ	282	;# 
   443     011B                     SP1BRG          equ	283	;# 
   444     011B                     SP1BRGL         equ	283	;# 
   445     011C                     SP1BRGH         equ	284	;# 
   446     011D                     RC1STA          equ	285	;# 
   447     011E                     TX1STA          equ	286	;# 
   448     011F                     BAUD1CON        equ	287	;# 
   449     018C                     SSP1BUF         equ	396	;# 
   450     018D                     SSP1ADD         equ	397	;# 
   451     018E                     SSP1MSK         equ	398	;# 
   452     018F                     SSP1STAT        equ	399	;# 
   453     0190                     SSP1CON1        equ	400	;# 
   454     0191                     SSP1CON2        equ	401	;# 
   455     0192                     SSP1CON3        equ	402	;# 
   456     020C                     TMR1L           equ	524	;# 
   457     020D                     TMR1H           equ	525	;# 
   458     020E                     T1CON           equ	526	;# 
   459     020E                     TMR1CON         equ	526	;# 
   460     020F                     T1GCON          equ	527	;# 
   461     020F                     TMR1GCON        equ	527	;# 
   462     0210                     T1GATE          equ	528	;# 
   463     0210                     TMR1GATE        equ	528	;# 
   464     0211                     T1CLK           equ	529	;# 
   465     0211                     TMR1CLK         equ	529	;# 
   466     028C                     T2TMR           equ	652	;# 
   467     028C                     TMR2            equ	652	;# 
   468     028D                     T2PR            equ	653	;# 
   469     028D                     PR2             equ	653	;# 
   470     028E                     T2CON           equ	654	;# 
   471     028F                     T2HLT           equ	655	;# 
   472     0290                     T2CLKCON        equ	656	;# 
   473     0291                     T2RST           equ	657	;# 
   474     030C                     CCPR1           equ	780	;# 
   475     030C                     CCPR1L          equ	780	;# 
   476     030D                     CCPR1H          equ	781	;# 
   477     030E                     CCP1CON         equ	782	;# 
   478     030F                     CCP1CAP         equ	783	;# 
   479     0310                     CCPR2           equ	784	;# 
   480     0310                     CCPR2L          equ	784	;# 
   481     0311                     CCPR2H          equ	785	;# 
   482     0312                     CCP2CON         equ	786	;# 
   483     0313                     CCP2CAP         equ	787	;# 
   484     0314                     PWM3DC          equ	788	;# 
   485     0314                     PWM3DCL         equ	788	;# 
   486     0315                     PWM3DCH         equ	789	;# 
   487     0316                     PWM3CON         equ	790	;# 
   488     0318                     PWM4DC          equ	792	;# 
   489     0318                     PWM4DCL         equ	792	;# 
   490     0319                     PWM4DCH         equ	793	;# 
   491     031A                     PWM4CON         equ	794	;# 
   492     059C                     TMR0L           equ	1436	;# 
   493     059C                     TMR0            equ	1436	;# 
   494     059D                     TMR0H           equ	1437	;# 
   495     059D                     PR0             equ	1437	;# 
   496     059E                     T0CON0          equ	1438	;# 
   497     059F                     T0CON1          equ	1439	;# 
   498     070C                     PIR0            equ	1804	;# 
   499     070D                     PIR1            equ	1805	;# 
   500     070E                     PIR2            equ	1806	;# 
   501     0716                     PIE0            equ	1814	;# 
   502     0717                     PIE1            equ	1815	;# 
   503     0718                     PIE2            equ	1816	;# 
   504     080C                     WDTCON          equ	2060	;# 
   505     0811                     BORCON          equ	2065	;# 
   506     0813                     PCON0           equ	2067	;# 
   507     0814                     PCON1           equ	2068	;# 
   508     081A                     NVMADR          equ	2074	;# 
   509     081A                     NVMADRL         equ	2074	;# 
   510     081B                     NVMADRH         equ	2075	;# 
   511     081C                     NVMDAT          equ	2076	;# 
   512     081C                     NVMDATL         equ	2076	;# 
   513     081D                     NVMDATH         equ	2077	;# 
   514     081E                     NVMCON1         equ	2078	;# 
   515     081F                     NVMCON2         equ	2079	;# 
   516     088E                     OSCCON          equ	2190	;# 
   517     0890                     OSCSTAT         equ	2192	;# 
   518     0891                     OSCEN           equ	2193	;# 
   519     0892                     OSCTUNE         equ	2194	;# 
   520     0893                     OSCFRQ          equ	2195	;# 
   521     090C                     FVRCON          equ	2316	;# 
   522     1E8F                     PPSLOCK         equ	7823	;# 
   523     1E90                     INTPPS          equ	7824	;# 
   524     1E91                     T0CKIPPS        equ	7825	;# 
   525     1E92                     T1CKIPPS        equ	7826	;# 
   526     1E93                     T1GPPS          equ	7827	;# 
   527     1E9C                     T2INPPS         equ	7836	;# 
   528     1EA1                     CCP1PPS         equ	7841	;# 
   529     1EA2                     CCP2PPS         equ	7842	;# 
   530     1EC3                     ADACTPPS        equ	7875	;# 
   531     1EC5                     SSP1CLKPPS      equ	7877	;# 
   532     1EC6                     SSP1DATPPS      equ	7878	;# 
   533     1EC7                     SSP1SSPPS       equ	7879	;# 
   534     1ECB                     RX1PPS          equ	7883	;# 
   535     1ECB                     RX1DTPPS        equ	7883	;# 
   536     1ECB                     RXPPS           equ	7883	;# 
   537     1ECC                     CK1PPS          equ	7884	;# 
   538     1ECC                     TX1CKPPS        equ	7884	;# 
   539     1ECC                     CKPPS           equ	7884	;# 
   540     1F10                     RA0PPS          equ	7952	;# 
   541     1F11                     RA1PPS          equ	7953	;# 
   542     1F12                     RA2PPS          equ	7954	;# 
   543     1F14                     RA4PPS          equ	7956	;# 
   544     1F15                     RA5PPS          equ	7957	;# 
   545     1F38                     ANSELA          equ	7992	;# 
   546     1F39                     WPUA            equ	7993	;# 
   547     1F3A                     ODCONA          equ	7994	;# 
   548     1F3B                     SLRCONA         equ	7995	;# 
   549     1F3C                     INLVLA          equ	7996	;# 
   550     1F3D                     IOCAP           equ	7997	;# 
   551     1F3E                     IOCAN           equ	7998	;# 
   552     1F3F                     IOCAF           equ	7999	;# 
   553     1FE4                     STATUS_SHAD     equ	8164	;# 
   554     1FE5                     WREG_SHAD       equ	8165	;# 
   555     1FE6                     BSR_SHAD        equ	8166	;# 
   556     1FE7                     PCLATH_SHAD     equ	8167	;# 
   557     1FE8                     FSR0_SHAD       equ	8168	;# 
   558     1FE8                     FSR0L_SHAD      equ	8168	;# 
   559     1FE9                     FSR0H_SHAD      equ	8169	;# 
   560     1FEA                     FSR1L_SHAD      equ	8170	;# 
   561     1FEB                     FSR1H_SHAD      equ	8171	;# 
   562     1FED                     STKPTR          equ	8173	;# 
   563     1FEE                     TOSL            equ	8174	;# 
   564     1FEF                     TOSH            equ	8175	;# 
   565     0000                     INDF0           equ	0	;# 
   566     0001                     INDF1           equ	1	;# 
   567     0002                     PCL             equ	2	;# 
   568     0003                     STATUS          equ	3	;# 
   569     0004                     FSR0L           equ	4	;# 
   570     0005                     FSR0H           equ	5	;# 
   571     0006                     FSR1L           equ	6	;# 
   572     0007                     FSR1H           equ	7	;# 
   573     0008                     BSR             equ	8	;# 
   574     0009                     WREG            equ	9	;# 
   575     000A                     PCLATH          equ	10	;# 
   576     000B                     INTCON          equ	11	;# 
   577     000C                     PORTA           equ	12	;# 
   578     0012                     TRISA           equ	18	;# 
   579     0018                     LATA            equ	24	;# 
   580     009A                     CPCON           equ	154	;# 
   581     009B                     ADRES           equ	155	;# 
   582     009B                     ADRESL          equ	155	;# 
   583     009C                     ADRESH          equ	156	;# 
   584     009D                     ADCON0          equ	157	;# 
   585     009E                     ADCON1          equ	158	;# 
   586     009F                     ADACT           equ	159	;# 
   587     0119                     RC1REG          equ	281	;# 
   588     011A                     TX1REG          equ	282	;# 
   589     011B                     SP1BRG          equ	283	;# 
   590     011B                     SP1BRGL         equ	283	;# 
   591     011C                     SP1BRGH         equ	284	;# 
   592     011D                     RC1STA          equ	285	;# 
   593     011E                     TX1STA          equ	286	;# 
   594     011F                     BAUD1CON        equ	287	;# 
   595     018C                     SSP1BUF         equ	396	;# 
   596     018D                     SSP1ADD         equ	397	;# 
   597     018E                     SSP1MSK         equ	398	;# 
   598     018F                     SSP1STAT        equ	399	;# 
   599     0190                     SSP1CON1        equ	400	;# 
   600     0191                     SSP1CON2        equ	401	;# 
   601     0192                     SSP1CON3        equ	402	;# 
   602     020C                     TMR1L           equ	524	;# 
   603     020D                     TMR1H           equ	525	;# 
   604     020E                     T1CON           equ	526	;# 
   605     020E                     TMR1CON         equ	526	;# 
   606     020F                     T1GCON          equ	527	;# 
   607     020F                     TMR1GCON        equ	527	;# 
   608     0210                     T1GATE          equ	528	;# 
   609     0210                     TMR1GATE        equ	528	;# 
   610     0211                     T1CLK           equ	529	;# 
   611     0211                     TMR1CLK         equ	529	;# 
   612     028C                     T2TMR           equ	652	;# 
   613     028C                     TMR2            equ	652	;# 
   614     028D                     T2PR            equ	653	;# 
   615     028D                     PR2             equ	653	;# 
   616     028E                     T2CON           equ	654	;# 
   617     028F                     T2HLT           equ	655	;# 
   618     0290                     T2CLKCON        equ	656	;# 
   619     0291                     T2RST           equ	657	;# 
   620     030C                     CCPR1           equ	780	;# 
   621     030C                     CCPR1L          equ	780	;# 
   622     030D                     CCPR1H          equ	781	;# 
   623     030E                     CCP1CON         equ	782	;# 
   624     030F                     CCP1CAP         equ	783	;# 
   625     0310                     CCPR2           equ	784	;# 
   626     0310                     CCPR2L          equ	784	;# 
   627     0311                     CCPR2H          equ	785	;# 
   628     0312                     CCP2CON         equ	786	;# 
   629     0313                     CCP2CAP         equ	787	;# 
   630     0314                     PWM3DC          equ	788	;# 
   631     0314                     PWM3DCL         equ	788	;# 
   632     0315                     PWM3DCH         equ	789	;# 
   633     0316                     PWM3CON         equ	790	;# 
   634     0318                     PWM4DC          equ	792	;# 
   635     0318                     PWM4DCL         equ	792	;# 
   636     0319                     PWM4DCH         equ	793	;# 
   637     031A                     PWM4CON         equ	794	;# 
   638     059C                     TMR0L           equ	1436	;# 
   639     059C                     TMR0            equ	1436	;# 
   640     059D                     TMR0H           equ	1437	;# 
   641     059D                     PR0             equ	1437	;# 
   642     059E                     T0CON0          equ	1438	;# 
   643     059F                     T0CON1          equ	1439	;# 
   644     070C                     PIR0            equ	1804	;# 
   645     070D                     PIR1            equ	1805	;# 
   646     070E                     PIR2            equ	1806	;# 
   647     0716                     PIE0            equ	1814	;# 
   648     0717                     PIE1            equ	1815	;# 
   649     0718                     PIE2            equ	1816	;# 
   650     080C                     WDTCON          equ	2060	;# 
   651     0811                     BORCON          equ	2065	;# 
   652     0813                     PCON0           equ	2067	;# 
   653     0814                     PCON1           equ	2068	;# 
   654     081A                     NVMADR          equ	2074	;# 
   655     081A                     NVMADRL         equ	2074	;# 
   656     081B                     NVMADRH         equ	2075	;# 
   657     081C                     NVMDAT          equ	2076	;# 
   658     081C                     NVMDATL         equ	2076	;# 
   659     081D                     NVMDATH         equ	2077	;# 
   660     081E                     NVMCON1         equ	2078	;# 
   661     081F                     NVMCON2         equ	2079	;# 
   662     088E                     OSCCON          equ	2190	;# 
   663     0890                     OSCSTAT         equ	2192	;# 
   664     0891                     OSCEN           equ	2193	;# 
   665     0892                     OSCTUNE         equ	2194	;# 
   666     0893                     OSCFRQ          equ	2195	;# 
   667     090C                     FVRCON          equ	2316	;# 
   668     1E8F                     PPSLOCK         equ	7823	;# 
   669     1E90                     INTPPS          equ	7824	;# 
   670     1E91                     T0CKIPPS        equ	7825	;# 
   671     1E92                     T1CKIPPS        equ	7826	;# 
   672     1E93                     T1GPPS          equ	7827	;# 
   673     1E9C                     T2INPPS         equ	7836	;# 
   674     1EA1                     CCP1PPS         equ	7841	;# 
   675     1EA2                     CCP2PPS         equ	7842	;# 
   676     1EC3                     ADACTPPS        equ	7875	;# 
   677     1EC5                     SSP1CLKPPS      equ	7877	;# 
   678     1EC6                     SSP1DATPPS      equ	7878	;# 
   679     1EC7                     SSP1SSPPS       equ	7879	;# 
   680     1ECB                     RX1PPS          equ	7883	;# 
   681     1ECB                     RX1DTPPS        equ	7883	;# 
   682     1ECB                     RXPPS           equ	7883	;# 
   683     1ECC                     CK1PPS          equ	7884	;# 
   684     1ECC                     TX1CKPPS        equ	7884	;# 
   685     1ECC                     CKPPS           equ	7884	;# 
   686     1F10                     RA0PPS          equ	7952	;# 
   687     1F11                     RA1PPS          equ	7953	;# 
   688     1F12                     RA2PPS          equ	7954	;# 
   689     1F14                     RA4PPS          equ	7956	;# 
   690     1F15                     RA5PPS          equ	7957	;# 
   691     1F38                     ANSELA          equ	7992	;# 
   692     1F39                     WPUA            equ	7993	;# 
   693     1F3A                     ODCONA          equ	7994	;# 
   694     1F3B                     SLRCONA         equ	7995	;# 
   695     1F3C                     INLVLA          equ	7996	;# 
   696     1F3D                     IOCAP           equ	7997	;# 
   697     1F3E                     IOCAN           equ	7998	;# 
   698     1F3F                     IOCAF           equ	7999	;# 
   699     1FE4                     STATUS_SHAD     equ	8164	;# 
   700     1FE5                     WREG_SHAD       equ	8165	;# 
   701     1FE6                     BSR_SHAD        equ	8166	;# 
   702     1FE7                     PCLATH_SHAD     equ	8167	;# 
   703     1FE8                     FSR0_SHAD       equ	8168	;# 
   704     1FE8                     FSR0L_SHAD      equ	8168	;# 
   705     1FE9                     FSR0H_SHAD      equ	8169	;# 
   706     1FEA                     FSR1L_SHAD      equ	8170	;# 
   707     1FEB                     FSR1H_SHAD      equ	8171	;# 
   708     1FED                     STKPTR          equ	8173	;# 
   709     1FEE                     TOSL            equ	8174	;# 
   710     1FEF                     TOSH            equ	8175	;# 
   711     0000                     INDF0           equ	0	;# 
   712     0001                     INDF1           equ	1	;# 
   713     0002                     PCL             equ	2	;# 
   714     0003                     STATUS          equ	3	;# 
   715     0004                     FSR0L           equ	4	;# 
   716     0005                     FSR0H           equ	5	;# 
   717     0006                     FSR1L           equ	6	;# 
   718     0007                     FSR1H           equ	7	;# 
   719     0008                     BSR             equ	8	;# 
   720     0009                     WREG            equ	9	;# 
   721     000A                     PCLATH          equ	10	;# 
   722     000B                     INTCON          equ	11	;# 
   723     000C                     PORTA           equ	12	;# 
   724     0012                     TRISA           equ	18	;# 
   725     0018                     LATA            equ	24	;# 
   726     009A                     CPCON           equ	154	;# 
   727     009B                     ADRES           equ	155	;# 
   728     009B                     ADRESL          equ	155	;# 
   729     009C                     ADRESH          equ	156	;# 
   730     009D                     ADCON0          equ	157	;# 
   731     009E                     ADCON1          equ	158	;# 
   732     009F                     ADACT           equ	159	;# 
   733     0119                     RC1REG          equ	281	;# 
   734     011A                     TX1REG          equ	282	;# 
   735     011B                     SP1BRG          equ	283	;# 
   736     011B                     SP1BRGL         equ	283	;# 
   737     011C                     SP1BRGH         equ	284	;# 
   738     011D                     RC1STA          equ	285	;# 
   739     011E                     TX1STA          equ	286	;# 
   740     011F                     BAUD1CON        equ	287	;# 
   741     018C                     SSP1BUF         equ	396	;# 
   742     018D                     SSP1ADD         equ	397	;# 
   743     018E                     SSP1MSK         equ	398	;# 
   744     018F                     SSP1STAT        equ	399	;# 
   745     0190                     SSP1CON1        equ	400	;# 
   746     0191                     SSP1CON2        equ	401	;# 
   747     0192                     SSP1CON3        equ	402	;# 
   748     020C                     TMR1L           equ	524	;# 
   749     020D                     TMR1H           equ	525	;# 
   750     020E                     T1CON           equ	526	;# 
   751     020E                     TMR1CON         equ	526	;# 
   752     020F                     T1GCON          equ	527	;# 
   753     020F                     TMR1GCON        equ	527	;# 
   754     0210                     T1GATE          equ	528	;# 
   755     0210                     TMR1GATE        equ	528	;# 
   756     0211                     T1CLK           equ	529	;# 
   757     0211                     TMR1CLK         equ	529	;# 
   758     028C                     T2TMR           equ	652	;# 
   759     028C                     TMR2            equ	652	;# 
   760     028D                     T2PR            equ	653	;# 
   761     028D                     PR2             equ	653	;# 
   762     028E                     T2CON           equ	654	;# 
   763     028F                     T2HLT           equ	655	;# 
   764     0290                     T2CLKCON        equ	656	;# 
   765     0291                     T2RST           equ	657	;# 
   766     030C                     CCPR1           equ	780	;# 
   767     030C                     CCPR1L          equ	780	;# 
   768     030D                     CCPR1H          equ	781	;# 
   769     030E                     CCP1CON         equ	782	;# 
   770     030F                     CCP1CAP         equ	783	;# 
   771     0310                     CCPR2           equ	784	;# 
   772     0310                     CCPR2L          equ	784	;# 
   773     0311                     CCPR2H          equ	785	;# 
   774     0312                     CCP2CON         equ	786	;# 
   775     0313                     CCP2CAP         equ	787	;# 
   776     0314                     PWM3DC          equ	788	;# 
   777     0314                     PWM3DCL         equ	788	;# 
   778     0315                     PWM3DCH         equ	789	;# 
   779     0316                     PWM3CON         equ	790	;# 
   780     0318                     PWM4DC          equ	792	;# 
   781     0318                     PWM4DCL         equ	792	;# 
   782     0319                     PWM4DCH         equ	793	;# 
   783     031A                     PWM4CON         equ	794	;# 
   784     059C                     TMR0L           equ	1436	;# 
   785     059C                     TMR0            equ	1436	;# 
   786     059D                     TMR0H           equ	1437	;# 
   787     059D                     PR0             equ	1437	;# 
   788     059E                     T0CON0          equ	1438	;# 
   789     059F                     T0CON1          equ	1439	;# 
   790     070C                     PIR0            equ	1804	;# 
   791     070D                     PIR1            equ	1805	;# 
   792     070E                     PIR2            equ	1806	;# 
   793     0716                     PIE0            equ	1814	;# 
   794     0717                     PIE1            equ	1815	;# 
   795     0718                     PIE2            equ	1816	;# 
   796     080C                     WDTCON          equ	2060	;# 
   797     0811                     BORCON          equ	2065	;# 
   798     0813                     PCON0           equ	2067	;# 
   799     0814                     PCON1           equ	2068	;# 
   800     081A                     NVMADR          equ	2074	;# 
   801     081A                     NVMADRL         equ	2074	;# 
   802     081B                     NVMADRH         equ	2075	;# 
   803     081C                     NVMDAT          equ	2076	;# 
   804     081C                     NVMDATL         equ	2076	;# 
   805     081D                     NVMDATH         equ	2077	;# 
   806     081E                     NVMCON1         equ	2078	;# 
   807     081F                     NVMCON2         equ	2079	;# 
   808     088E                     OSCCON          equ	2190	;# 
   809     0890                     OSCSTAT         equ	2192	;# 
   810     0891                     OSCEN           equ	2193	;# 
   811     0892                     OSCTUNE         equ	2194	;# 
   812     0893                     OSCFRQ          equ	2195	;# 
   813     090C                     FVRCON          equ	2316	;# 
   814     1E8F                     PPSLOCK         equ	7823	;# 
   815     1E90                     INTPPS          equ	7824	;# 
   816     1E91                     T0CKIPPS        equ	7825	;# 
   817     1E92                     T1CKIPPS        equ	7826	;# 
   818     1E93                     T1GPPS          equ	7827	;# 
   819     1E9C                     T2INPPS         equ	7836	;# 
   820     1EA1                     CCP1PPS         equ	7841	;# 
   821     1EA2                     CCP2PPS         equ	7842	;# 
   822     1EC3                     ADACTPPS        equ	7875	;# 
   823     1EC5                     SSP1CLKPPS      equ	7877	;# 
   824     1EC6                     SSP1DATPPS      equ	7878	;# 
   825     1EC7                     SSP1SSPPS       equ	7879	;# 
   826     1ECB                     RX1PPS          equ	7883	;# 
   827     1ECB                     RX1DTPPS        equ	7883	;# 
   828     1ECB                     RXPPS           equ	7883	;# 
   829     1ECC                     CK1PPS          equ	7884	;# 
   830     1ECC                     TX1CKPPS        equ	7884	;# 
   831     1ECC                     CKPPS           equ	7884	;# 
   832     1F10                     RA0PPS          equ	7952	;# 
   833     1F11                     RA1PPS          equ	7953	;# 
   834     1F12                     RA2PPS          equ	7954	;# 
   835     1F14                     RA4PPS          equ	7956	;# 
   836     1F15                     RA5PPS          equ	7957	;# 
   837     1F38                     ANSELA          equ	7992	;# 
   838     1F39                     WPUA            equ	7993	;# 
   839     1F3A                     ODCONA          equ	7994	;# 
   840     1F3B                     SLRCONA         equ	7995	;# 
   841     1F3C                     INLVLA          equ	7996	;# 
   842     1F3D                     IOCAP           equ	7997	;# 
   843     1F3E                     IOCAN           equ	7998	;# 
   844     1F3F                     IOCAF           equ	7999	;# 
   845     1FE4                     STATUS_SHAD     equ	8164	;# 
   846     1FE5                     WREG_SHAD       equ	8165	;# 
   847     1FE6                     BSR_SHAD        equ	8166	;# 
   848     1FE7                     PCLATH_SHAD     equ	8167	;# 
   849     1FE8                     FSR0_SHAD       equ	8168	;# 
   850     1FE8                     FSR0L_SHAD      equ	8168	;# 
   851     1FE9                     FSR0H_SHAD      equ	8169	;# 
   852     1FEA                     FSR1L_SHAD      equ	8170	;# 
   853     1FEB                     FSR1H_SHAD      equ	8171	;# 
   854     1FED                     STKPTR          equ	8173	;# 
   855     1FEE                     TOSL            equ	8174	;# 
   856     1FEF                     TOSH            equ	8175	;# 
   857     0000                     INDF0           equ	0	;# 
   858     0001                     INDF1           equ	1	;# 
   859     0002                     PCL             equ	2	;# 
   860     0003                     STATUS          equ	3	;# 
   861     0004                     FSR0L           equ	4	;# 
   862     0005                     FSR0H           equ	5	;# 
   863     0006                     FSR1L           equ	6	;# 
   864     0007                     FSR1H           equ	7	;# 
   865     0008                     BSR             equ	8	;# 
   866     0009                     WREG            equ	9	;# 
   867     000A                     PCLATH          equ	10	;# 
   868     000B                     INTCON          equ	11	;# 
   869     000C                     PORTA           equ	12	;# 
   870     0012                     TRISA           equ	18	;# 
   871     0018                     LATA            equ	24	;# 
   872     009A                     CPCON           equ	154	;# 
   873     009B                     ADRES           equ	155	;# 
   874     009B                     ADRESL          equ	155	;# 
   875     009C                     ADRESH          equ	156	;# 
   876     009D                     ADCON0          equ	157	;# 
   877     009E                     ADCON1          equ	158	;# 
   878     009F                     ADACT           equ	159	;# 
   879     0119                     RC1REG          equ	281	;# 
   880     011A                     TX1REG          equ	282	;# 
   881     011B                     SP1BRG          equ	283	;# 
   882     011B                     SP1BRGL         equ	283	;# 
   883     011C                     SP1BRGH         equ	284	;# 
   884     011D                     RC1STA          equ	285	;# 
   885     011E                     TX1STA          equ	286	;# 
   886     011F                     BAUD1CON        equ	287	;# 
   887     018C                     SSP1BUF         equ	396	;# 
   888     018D                     SSP1ADD         equ	397	;# 
   889     018E                     SSP1MSK         equ	398	;# 
   890     018F                     SSP1STAT        equ	399	;# 
   891     0190                     SSP1CON1        equ	400	;# 
   892     0191                     SSP1CON2        equ	401	;# 
   893     0192                     SSP1CON3        equ	402	;# 
   894     020C                     TMR1L           equ	524	;# 
   895     020D                     TMR1H           equ	525	;# 
   896     020E                     T1CON           equ	526	;# 
   897     020E                     TMR1CON         equ	526	;# 
   898     020F                     T1GCON          equ	527	;# 
   899     020F                     TMR1GCON        equ	527	;# 
   900     0210                     T1GATE          equ	528	;# 
   901     0210                     TMR1GATE        equ	528	;# 
   902     0211                     T1CLK           equ	529	;# 
   903     0211                     TMR1CLK         equ	529	;# 
   904     028C                     T2TMR           equ	652	;# 
   905     028C                     TMR2            equ	652	;# 
   906     028D                     T2PR            equ	653	;# 
   907     028D                     PR2             equ	653	;# 
   908     028E                     T2CON           equ	654	;# 
   909     028F                     T2HLT           equ	655	;# 
   910     0290                     T2CLKCON        equ	656	;# 
   911     0291                     T2RST           equ	657	;# 
   912     030C                     CCPR1           equ	780	;# 
   913     030C                     CCPR1L          equ	780	;# 
   914     030D                     CCPR1H          equ	781	;# 
   915     030E                     CCP1CON         equ	782	;# 
   916     030F                     CCP1CAP         equ	783	;# 
   917     0310                     CCPR2           equ	784	;# 
   918     0310                     CCPR2L          equ	784	;# 
   919     0311                     CCPR2H          equ	785	;# 
   920     0312                     CCP2CON         equ	786	;# 
   921     0313                     CCP2CAP         equ	787	;# 
   922     0314                     PWM3DC          equ	788	;# 
   923     0314                     PWM3DCL         equ	788	;# 
   924     0315                     PWM3DCH         equ	789	;# 
   925     0316                     PWM3CON         equ	790	;# 
   926     0318                     PWM4DC          equ	792	;# 
   927     0318                     PWM4DCL         equ	792	;# 
   928     0319                     PWM4DCH         equ	793	;# 
   929     031A                     PWM4CON         equ	794	;# 
   930     059C                     TMR0L           equ	1436	;# 
   931     059C                     TMR0            equ	1436	;# 
   932     059D                     TMR0H           equ	1437	;# 
   933     059D                     PR0             equ	1437	;# 
   934     059E                     T0CON0          equ	1438	;# 
   935     059F                     T0CON1          equ	1439	;# 
   936     070C                     PIR0            equ	1804	;# 
   937     070D                     PIR1            equ	1805	;# 
   938     070E                     PIR2            equ	1806	;# 
   939     0716                     PIE0            equ	1814	;# 
   940     0717                     PIE1            equ	1815	;# 
   941     0718                     PIE2            equ	1816	;# 
   942     080C                     WDTCON          equ	2060	;# 
   943     0811                     BORCON          equ	2065	;# 
   944     0813                     PCON0           equ	2067	;# 
   945     0814                     PCON1           equ	2068	;# 
   946     081A                     NVMADR          equ	2074	;# 
   947     081A                     NVMADRL         equ	2074	;# 
   948     081B                     NVMADRH         equ	2075	;# 
   949     081C                     NVMDAT          equ	2076	;# 
   950     081C                     NVMDATL         equ	2076	;# 
   951     081D                     NVMDATH         equ	2077	;# 
   952     081E                     NVMCON1         equ	2078	;# 
   953     081F                     NVMCON2         equ	2079	;# 
   954     088E                     OSCCON          equ	2190	;# 
   955     0890                     OSCSTAT         equ	2192	;# 
   956     0891                     OSCEN           equ	2193	;# 
   957     0892                     OSCTUNE         equ	2194	;# 
   958     0893                     OSCFRQ          equ	2195	;# 
   959     090C                     FVRCON          equ	2316	;# 
   960     1E8F                     PPSLOCK         equ	7823	;# 
   961     1E90                     INTPPS          equ	7824	;# 
   962     1E91                     T0CKIPPS        equ	7825	;# 
   963     1E92                     T1CKIPPS        equ	7826	;# 
   964     1E93                     T1GPPS          equ	7827	;# 
   965     1E9C                     T2INPPS         equ	7836	;# 
   966     1EA1                     CCP1PPS         equ	7841	;# 
   967     1EA2                     CCP2PPS         equ	7842	;# 
   968     1EC3                     ADACTPPS        equ	7875	;# 
   969     1EC5                     SSP1CLKPPS      equ	7877	;# 
   970     1EC6                     SSP1DATPPS      equ	7878	;# 
   971     1EC7                     SSP1SSPPS       equ	7879	;# 
   972     1ECB                     RX1PPS          equ	7883	;# 
   973     1ECB                     RX1DTPPS        equ	7883	;# 
   974     1ECB                     RXPPS           equ	7883	;# 
   975     1ECC                     CK1PPS          equ	7884	;# 
   976     1ECC                     TX1CKPPS        equ	7884	;# 
   977     1ECC                     CKPPS           equ	7884	;# 
   978     1F10                     RA0PPS          equ	7952	;# 
   979     1F11                     RA1PPS          equ	7953	;# 
   980     1F12                     RA2PPS          equ	7954	;# 
   981     1F14                     RA4PPS          equ	7956	;# 
   982     1F15                     RA5PPS          equ	7957	;# 
   983     1F38                     ANSELA          equ	7992	;# 
   984     1F39                     WPUA            equ	7993	;# 
   985     1F3A                     ODCONA          equ	7994	;# 
   986     1F3B                     SLRCONA         equ	7995	;# 
   987     1F3C                     INLVLA          equ	7996	;# 
   988     1F3D                     IOCAP           equ	7997	;# 
   989     1F3E                     IOCAN           equ	7998	;# 
   990     1F3F                     IOCAF           equ	7999	;# 
   991     1FE4                     STATUS_SHAD     equ	8164	;# 
   992     1FE5                     WREG_SHAD       equ	8165	;# 
   993     1FE6                     BSR_SHAD        equ	8166	;# 
   994     1FE7                     PCLATH_SHAD     equ	8167	;# 
   995     1FE8                     FSR0_SHAD       equ	8168	;# 
   996     1FE8                     FSR0L_SHAD      equ	8168	;# 
   997     1FE9                     FSR0H_SHAD      equ	8169	;# 
   998     1FEA                     FSR1L_SHAD      equ	8170	;# 
   999     1FEB                     FSR1H_SHAD      equ	8171	;# 
  1000     1FED                     STKPTR          equ	8173	;# 
  1001     1FEE                     TOSL            equ	8174	;# 
  1002     1FEF                     TOSH            equ	8175	;# 
  1003     0000                     INDF0           equ	0	;# 
  1004     0001                     INDF1           equ	1	;# 
  1005     0002                     PCL             equ	2	;# 
  1006     0003                     STATUS          equ	3	;# 
  1007     0004                     FSR0L           equ	4	;# 
  1008     0005                     FSR0H           equ	5	;# 
  1009     0006                     FSR1L           equ	6	;# 
  1010     0007                     FSR1H           equ	7	;# 
  1011     0008                     BSR             equ	8	;# 
  1012     0009                     WREG            equ	9	;# 
  1013     000A                     PCLATH          equ	10	;# 
  1014     000B                     INTCON          equ	11	;# 
  1015     000C                     PORTA           equ	12	;# 
  1016     0012                     TRISA           equ	18	;# 
  1017     0018                     LATA            equ	24	;# 
  1018     009A                     CPCON           equ	154	;# 
  1019     009B                     ADRES           equ	155	;# 
  1020     009B                     ADRESL          equ	155	;# 
  1021     009C                     ADRESH          equ	156	;# 
  1022     009D                     ADCON0          equ	157	;# 
  1023     009E                     ADCON1          equ	158	;# 
  1024     009F                     ADACT           equ	159	;# 
  1025     0119                     RC1REG          equ	281	;# 
  1026     011A                     TX1REG          equ	282	;# 
  1027     011B                     SP1BRG          equ	283	;# 
  1028     011B                     SP1BRGL         equ	283	;# 
  1029     011C                     SP1BRGH         equ	284	;# 
  1030     011D                     RC1STA          equ	285	;# 
  1031     011E                     TX1STA          equ	286	;# 
  1032     011F                     BAUD1CON        equ	287	;# 
  1033     018C                     SSP1BUF         equ	396	;# 
  1034     018D                     SSP1ADD         equ	397	;# 
  1035     018E                     SSP1MSK         equ	398	;# 
  1036     018F                     SSP1STAT        equ	399	;# 
  1037     0190                     SSP1CON1        equ	400	;# 
  1038     0191                     SSP1CON2        equ	401	;# 
  1039     0192                     SSP1CON3        equ	402	;# 
  1040     020C                     TMR1L           equ	524	;# 
  1041     020D                     TMR1H           equ	525	;# 
  1042     020E                     T1CON           equ	526	;# 
  1043     020E                     TMR1CON         equ	526	;# 
  1044     020F                     T1GCON          equ	527	;# 
  1045     020F                     TMR1GCON        equ	527	;# 
  1046     0210                     T1GATE          equ	528	;# 
  1047     0210                     TMR1GATE        equ	528	;# 
  1048     0211                     T1CLK           equ	529	;# 
  1049     0211                     TMR1CLK         equ	529	;# 
  1050     028C                     T2TMR           equ	652	;# 
  1051     028C                     TMR2            equ	652	;# 
  1052     028D                     T2PR            equ	653	;# 
  1053     028D                     PR2             equ	653	;# 
  1054     028E                     T2CON           equ	654	;# 
  1055     028F                     T2HLT           equ	655	;# 
  1056     0290                     T2CLKCON        equ	656	;# 
  1057     0291                     T2RST           equ	657	;# 
  1058     030C                     CCPR1           equ	780	;# 
  1059     030C                     CCPR1L          equ	780	;# 
  1060     030D                     CCPR1H          equ	781	;# 
  1061     030E                     CCP1CON         equ	782	;# 
  1062     030F                     CCP1CAP         equ	783	;# 
  1063     0310                     CCPR2           equ	784	;# 
  1064     0310                     CCPR2L          equ	784	;# 
  1065     0311                     CCPR2H          equ	785	;# 
  1066     0312                     CCP2CON         equ	786	;# 
  1067     0313                     CCP2CAP         equ	787	;# 
  1068     0314                     PWM3DC          equ	788	;# 
  1069     0314                     PWM3DCL         equ	788	;# 
  1070     0315                     PWM3DCH         equ	789	;# 
  1071     0316                     PWM3CON         equ	790	;# 
  1072     0318                     PWM4DC          equ	792	;# 
  1073     0318                     PWM4DCL         equ	792	;# 
  1074     0319                     PWM4DCH         equ	793	;# 
  1075     031A                     PWM4CON         equ	794	;# 
  1076     059C                     TMR0L           equ	1436	;# 
  1077     059C                     TMR0            equ	1436	;# 
  1078     059D                     TMR0H           equ	1437	;# 
  1079     059D                     PR0             equ	1437	;# 
  1080     059E                     T0CON0          equ	1438	;# 
  1081     059F                     T0CON1          equ	1439	;# 
  1082     070C                     PIR0            equ	1804	;# 
  1083     070D                     PIR1            equ	1805	;# 
  1084     070E                     PIR2            equ	1806	;# 
  1085     0716                     PIE0            equ	1814	;# 
  1086     0717                     PIE1            equ	1815	;# 
  1087     0718                     PIE2            equ	1816	;# 
  1088     080C                     WDTCON          equ	2060	;# 
  1089     0811                     BORCON          equ	2065	;# 
  1090     0813                     PCON0           equ	2067	;# 
  1091     0814                     PCON1           equ	2068	;# 
  1092     081A                     NVMADR          equ	2074	;# 
  1093     081A                     NVMADRL         equ	2074	;# 
  1094     081B                     NVMADRH         equ	2075	;# 
  1095     081C                     NVMDAT          equ	2076	;# 
  1096     081C                     NVMDATL         equ	2076	;# 
  1097     081D                     NVMDATH         equ	2077	;# 
  1098     081E                     NVMCON1         equ	2078	;# 
  1099     081F                     NVMCON2         equ	2079	;# 
  1100     088E                     OSCCON          equ	2190	;# 
  1101     0890                     OSCSTAT         equ	2192	;# 
  1102     0891                     OSCEN           equ	2193	;# 
  1103     0892                     OSCTUNE         equ	2194	;# 
  1104     0893                     OSCFRQ          equ	2195	;# 
  1105     090C                     FVRCON          equ	2316	;# 
  1106     1E8F                     PPSLOCK         equ	7823	;# 
  1107     1E90                     INTPPS          equ	7824	;# 
  1108     1E91                     T0CKIPPS        equ	7825	;# 
  1109     1E92                     T1CKIPPS        equ	7826	;# 
  1110     1E93                     T1GPPS          equ	7827	;# 
  1111     1E9C                     T2INPPS         equ	7836	;# 
  1112     1EA1                     CCP1PPS         equ	7841	;# 
  1113     1EA2                     CCP2PPS         equ	7842	;# 
  1114     1EC3                     ADACTPPS        equ	7875	;# 
  1115     1EC5                     SSP1CLKPPS      equ	7877	;# 
  1116     1EC6                     SSP1DATPPS      equ	7878	;# 
  1117     1EC7                     SSP1SSPPS       equ	7879	;# 
  1118     1ECB                     RX1PPS          equ	7883	;# 
  1119     1ECB                     RX1DTPPS        equ	7883	;# 
  1120     1ECB                     RXPPS           equ	7883	;# 
  1121     1ECC                     CK1PPS          equ	7884	;# 
  1122     1ECC                     TX1CKPPS        equ	7884	;# 
  1123     1ECC                     CKPPS           equ	7884	;# 
  1124     1F10                     RA0PPS          equ	7952	;# 
  1125     1F11                     RA1PPS          equ	7953	;# 
  1126     1F12                     RA2PPS          equ	7954	;# 
  1127     1F14                     RA4PPS          equ	7956	;# 
  1128     1F15                     RA5PPS          equ	7957	;# 
  1129     1F38                     ANSELA          equ	7992	;# 
  1130     1F39                     WPUA            equ	7993	;# 
  1131     1F3A                     ODCONA          equ	7994	;# 
  1132     1F3B                     SLRCONA         equ	7995	;# 
  1133     1F3C                     INLVLA          equ	7996	;# 
  1134     1F3D                     IOCAP           equ	7997	;# 
  1135     1F3E                     IOCAN           equ	7998	;# 
  1136     1F3F                     IOCAF           equ	7999	;# 
  1137     1FE4                     STATUS_SHAD     equ	8164	;# 
  1138     1FE5                     WREG_SHAD       equ	8165	;# 
  1139     1FE6                     BSR_SHAD        equ	8166	;# 
  1140     1FE7                     PCLATH_SHAD     equ	8167	;# 
  1141     1FE8                     FSR0_SHAD       equ	8168	;# 
  1142     1FE8                     FSR0L_SHAD      equ	8168	;# 
  1143     1FE9                     FSR0H_SHAD      equ	8169	;# 
  1144     1FEA                     FSR1L_SHAD      equ	8170	;# 
  1145     1FEB                     FSR1H_SHAD      equ	8171	;# 
  1146     1FED                     STKPTR          equ	8173	;# 
  1147     1FEE                     TOSL            equ	8174	;# 
  1148     1FEF                     TOSH            equ	8175	;# 
  1149     0000                     INDF0           equ	0	;# 
  1150     0001                     INDF1           equ	1	;# 
  1151     0002                     PCL             equ	2	;# 
  1152     0003                     STATUS          equ	3	;# 
  1153     0004                     FSR0L           equ	4	;# 
  1154     0005                     FSR0H           equ	5	;# 
  1155     0006                     FSR1L           equ	6	;# 
  1156     0007                     FSR1H           equ	7	;# 
  1157     0008                     BSR             equ	8	;# 
  1158     0009                     WREG            equ	9	;# 
  1159     000A                     PCLATH          equ	10	;# 
  1160     000B                     INTCON          equ	11	;# 
  1161     000C                     PORTA           equ	12	;# 
  1162     0012                     TRISA           equ	18	;# 
  1163     0018                     LATA            equ	24	;# 
  1164     009A                     CPCON           equ	154	;# 
  1165     009B                     ADRES           equ	155	;# 
  1166     009B                     ADRESL          equ	155	;# 
  1167     009C                     ADRESH          equ	156	;# 
  1168     009D                     ADCON0          equ	157	;# 
  1169     009E                     ADCON1          equ	158	;# 
  1170     009F                     ADACT           equ	159	;# 
  1171     0119                     RC1REG          equ	281	;# 
  1172     011A                     TX1REG          equ	282	;# 
  1173     011B                     SP1BRG          equ	283	;# 
  1174     011B                     SP1BRGL         equ	283	;# 
  1175     011C                     SP1BRGH         equ	284	;# 
  1176     011D                     RC1STA          equ	285	;# 
  1177     011E                     TX1STA          equ	286	;# 
  1178     011F                     BAUD1CON        equ	287	;# 
  1179     018C                     SSP1BUF         equ	396	;# 
  1180     018D                     SSP1ADD         equ	397	;# 
  1181     018E                     SSP1MSK         equ	398	;# 
  1182     018F                     SSP1STAT        equ	399	;# 
  1183     0190                     SSP1CON1        equ	400	;# 
  1184     0191                     SSP1CON2        equ	401	;# 
  1185     0192                     SSP1CON3        equ	402	;# 
  1186     020C                     TMR1L           equ	524	;# 
  1187     020D                     TMR1H           equ	525	;# 
  1188     020E                     T1CON           equ	526	;# 
  1189     020E                     TMR1CON         equ	526	;# 
  1190     020F                     T1GCON          equ	527	;# 
  1191     020F                     TMR1GCON        equ	527	;# 
  1192     0210                     T1GATE          equ	528	;# 
  1193     0210                     TMR1GATE        equ	528	;# 
  1194     0211                     T1CLK           equ	529	;# 
  1195     0211                     TMR1CLK         equ	529	;# 
  1196     028C                     T2TMR           equ	652	;# 
  1197     028C                     TMR2            equ	652	;# 
  1198     028D                     T2PR            equ	653	;# 
  1199     028D                     PR2             equ	653	;# 
  1200     028E                     T2CON           equ	654	;# 
  1201     028F                     T2HLT           equ	655	;# 
  1202     0290                     T2CLKCON        equ	656	;# 
  1203     0291                     T2RST           equ	657	;# 
  1204     030C                     CCPR1           equ	780	;# 
  1205     030C                     CCPR1L          equ	780	;# 
  1206     030D                     CCPR1H          equ	781	;# 
  1207     030E                     CCP1CON         equ	782	;# 
  1208     030F                     CCP1CAP         equ	783	;# 
  1209     0310                     CCPR2           equ	784	;# 
  1210     0310                     CCPR2L          equ	784	;# 
  1211     0311                     CCPR2H          equ	785	;# 
  1212     0312                     CCP2CON         equ	786	;# 
  1213     0313                     CCP2CAP         equ	787	;# 
  1214     0314                     PWM3DC          equ	788	;# 
  1215     0314                     PWM3DCL         equ	788	;# 
  1216     0315                     PWM3DCH         equ	789	;# 
  1217     0316                     PWM3CON         equ	790	;# 
  1218     0318                     PWM4DC          equ	792	;# 
  1219     0318                     PWM4DCL         equ	792	;# 
  1220     0319                     PWM4DCH         equ	793	;# 
  1221     031A                     PWM4CON         equ	794	;# 
  1222     059C                     TMR0L           equ	1436	;# 
  1223     059C                     TMR0            equ	1436	;# 
  1224     059D                     TMR0H           equ	1437	;# 
  1225     059D                     PR0             equ	1437	;# 
  1226     059E                     T0CON0          equ	1438	;# 
  1227     059F                     T0CON1          equ	1439	;# 
  1228     070C                     PIR0            equ	1804	;# 
  1229     070D                     PIR1            equ	1805	;# 
  1230     070E                     PIR2            equ	1806	;# 
  1231     0716                     PIE0            equ	1814	;# 
  1232     0717                     PIE1            equ	1815	;# 
  1233     0718                     PIE2            equ	1816	;# 
  1234     080C                     WDTCON          equ	2060	;# 
  1235     0811                     BORCON          equ	2065	;# 
  1236     0813                     PCON0           equ	2067	;# 
  1237     0814                     PCON1           equ	2068	;# 
  1238     081A                     NVMADR          equ	2074	;# 
  1239     081A                     NVMADRL         equ	2074	;# 
  1240     081B                     NVMADRH         equ	2075	;# 
  1241     081C                     NVMDAT          equ	2076	;# 
  1242     081C                     NVMDATL         equ	2076	;# 
  1243     081D                     NVMDATH         equ	2077	;# 
  1244     081E                     NVMCON1         equ	2078	;# 
  1245     081F                     NVMCON2         equ	2079	;# 
  1246     088E                     OSCCON          equ	2190	;# 
  1247     0890                     OSCSTAT         equ	2192	;# 
  1248     0891                     OSCEN           equ	2193	;# 
  1249     0892                     OSCTUNE         equ	2194	;# 
  1250     0893                     OSCFRQ          equ	2195	;# 
  1251     090C                     FVRCON          equ	2316	;# 
  1252     1E8F                     PPSLOCK         equ	7823	;# 
  1253     1E90                     INTPPS          equ	7824	;# 
  1254     1E91                     T0CKIPPS        equ	7825	;# 
  1255     1E92                     T1CKIPPS        equ	7826	;# 
  1256     1E93                     T1GPPS          equ	7827	;# 
  1257     1E9C                     T2INPPS         equ	7836	;# 
  1258     1EA1                     CCP1PPS         equ	7841	;# 
  1259     1EA2                     CCP2PPS         equ	7842	;# 
  1260     1EC3                     ADACTPPS        equ	7875	;# 
  1261     1EC5                     SSP1CLKPPS      equ	7877	;# 
  1262     1EC6                     SSP1DATPPS      equ	7878	;# 
  1263     1EC7                     SSP1SSPPS       equ	7879	;# 
  1264     1ECB                     RX1PPS          equ	7883	;# 
  1265     1ECB                     RX1DTPPS        equ	7883	;# 
  1266     1ECB                     RXPPS           equ	7883	;# 
  1267     1ECC                     CK1PPS          equ	7884	;# 
  1268     1ECC                     TX1CKPPS        equ	7884	;# 
  1269     1ECC                     CKPPS           equ	7884	;# 
  1270     1F10                     RA0PPS          equ	7952	;# 
  1271     1F11                     RA1PPS          equ	7953	;# 
  1272     1F12                     RA2PPS          equ	7954	;# 
  1273     1F14                     RA4PPS          equ	7956	;# 
  1274     1F15                     RA5PPS          equ	7957	;# 
  1275     1F38                     ANSELA          equ	7992	;# 
  1276     1F39                     WPUA            equ	7993	;# 
  1277     1F3A                     ODCONA          equ	7994	;# 
  1278     1F3B                     SLRCONA         equ	7995	;# 
  1279     1F3C                     INLVLA          equ	7996	;# 
  1280     1F3D                     IOCAP           equ	7997	;# 
  1281     1F3E                     IOCAN           equ	7998	;# 
  1282     1F3F                     IOCAF           equ	7999	;# 
  1283     1FE4                     STATUS_SHAD     equ	8164	;# 
  1284     1FE5                     WREG_SHAD       equ	8165	;# 
  1285     1FE6                     BSR_SHAD        equ	8166	;# 
  1286     1FE7                     PCLATH_SHAD     equ	8167	;# 
  1287     1FE8                     FSR0_SHAD       equ	8168	;# 
  1288     1FE8                     FSR0L_SHAD      equ	8168	;# 
  1289     1FE9                     FSR0H_SHAD      equ	8169	;# 
  1290     1FEA                     FSR1L_SHAD      equ	8170	;# 
  1291     1FEB                     FSR1H_SHAD      equ	8171	;# 
  1292     1FED                     STKPTR          equ	8173	;# 
  1293     1FEE                     TOSL            equ	8174	;# 
  1294     1FEF                     TOSH            equ	8175	;# 
  1295                           
  1296                           	psect	idataBANK0
  1297     067E                     __pidataBANK0:
  1298                           
  1299                           ;initializer for _LIN_timeout
  1300     067E  340A               	retlw	10
  1301                           
  1302                           	psect	stringtext1
  1303     0640                     __pstringtext1:
  1304     0640                     _scheduleTable:
  1305     0640  3401               	retlw	1
  1306     0641  3401               	retlw	1
  1307     0642  3408               	retlw	8
  1308     0643  34A0               	retlw	low (_SIGNAL_Data| 0)
  1309     0644  3400               	retlw	high (_SIGNAL_Data| 0)
  1310     0645                     __end_of_scheduleTable:
  1311                           
  1312                           	psect	nvBANK0
  1313     0053                     __pnvBANK0:
  1314     0053                     _TMR0_InterruptHandler:
  1315     0053                     	ds	2
  1316     0055                     _EUSART1_ErrorHandler:
  1317     0055                     	ds	2
  1318     0057                     _EUSART1_OverrunErrorHandler:
  1319     0057                     	ds	2
  1320     0059                     _EUSART1_FramingErrorHandler:
  1321     0059                     	ds	2
  1322     005B                     _EUSART1_RxDefaultInterruptHandler:
  1323     005B                     	ds	2
  1324     005D                     _EUSART1_TxDefaultInterruptHandler:
  1325     005D                     	ds	2
  1326     005F                     _LIN_rxCommand:
  1327     005F                     	ds	2
  1328     0061                     _LIN_processData:
  1329     0061                     	ds	2
  1330     0063                     _LIN_rxCommandLength:
  1331     0063                     	ds	1
  1332     0012                     _TRISA          set	18
  1333     0018                     _LATA           set	24
  1334     000B                     _INTCONbits     set	11
  1335     0018                     _LATAbits       set	24
  1336     0119                     _RC1REG         set	281
  1337     011A                     _TX1REG         set	282
  1338     011C                     _SP1BRGH        set	284
  1339     011B                     _SP1BRGL        set	283
  1340     011E                     _TX1STA         set	286
  1341     011D                     _RC1STA         set	285
  1342     011F                     _BAUD1CON       set	287
  1343     011D                     _RC1STAbits     set	285
  1344     011E                     _TX1STAbits     set	286
  1345     059E                     _T0CON0bits     set	1438
  1346     059E                     _T0CON0         set	1438
  1347     059C                     _TMR0L          set	1436
  1348     059D                     _TMR0H          set	1437
  1349     059F                     _T0CON1         set	1439
  1350     070D                     _PIR1bits       set	1805
  1351     070C                     _PIR0bits       set	1804
  1352     0716                     _PIE0bits       set	1814
  1353     0717                     _PIE1bits       set	1815
  1354     080C                     _WDTCON         set	2060
  1355     0892                     _OSCTUNE        set	2194
  1356     0893                     _OSCFRQ         set	2195
  1357     0891                     _OSCEN          set	2193
  1358     1ECB                     _RX1PPS         set	7883
  1359     1F10                     _RA0PPS         set	7952
  1360     1F3C                     _INLVLA         set	7996
  1361     1F3B                     _SLRCONA        set	7995
  1362     1F3A                     _ODCONA         set	7994
  1363     1F39                     _WPUA           set	7993
  1364     1F38                     _ANSELA         set	7992
  1365                           
  1366                           	psect	cinit
  1367     0038                     start_initialization:	
  1368                           ; #config settings
  1369                           
  1370     0038                     __initialization:
  1371                           
  1372                           ; Initialize objects allocated to BANK0
  1373     0038  3186  267E  3180   	fcall	__pidataBANK0	;fetch initializer
  1374     003B  00ED               	movwf	__pdataBANK0& (0+127)
  1375                           
  1376                           ; Clear objects allocated to BANK0
  1377     003C  3020               	movlw	low __pbssBANK0
  1378     003D  0084               	movwf	4
  1379     003E  3000               	movlw	high __pbssBANK0
  1380     003F  0085               	movwf	5
  1381     0040  3033               	movlw	51
  1382     0041  3186  2610  3180   	fcall	clear_ram0
  1383                           
  1384                           ; Clear objects allocated to BANK1
  1385     0044  30A0               	movlw	low __pbssBANK1
  1386     0045  0084               	movwf	4
  1387     0046  3000               	movlw	high __pbssBANK1
  1388     0047  0085               	movwf	5
  1389     0048  3008               	movlw	8
  1390     0049  3186  2610  3180   	fcall	clear_ram0
  1391     004C                     end_of_initialization:	
  1392                           ;End of C runtime variable initialization code
  1393                           
  1394     004C                     __end_of__initialization:
  1395     004C  107E               	bcf	int$flags,0	;clear compiler interrupt flag (level 1)
  1396     004D  0140               	movlb	0
  1397     004E  2DF5               	ljmp	_main	;jump to C main() function
  1398                           
  1399                           	psect	bssBANK0
  1400     0020                     __pbssBANK0:
  1401     0020                     _eusart1RxStatusBuffer:
  1402     0020                     	ds	8
  1403     0028                     _eusart1RxBuffer:
  1404     0028                     	ds	8
  1405     0030                     _eusart1TxBuffer:
  1406     0030                     	ds	8
  1407     0038                     _eusart1RxLastError:
  1408     0038                     	ds	1
  1409     0039                     _eusart1RxCount:
  1410     0039                     	ds	1
  1411     003A                     _eusart1RxTail:
  1412     003A                     	ds	1
  1413     003B                     _eusart1RxHead:
  1414     003B                     	ds	1
  1415     003C                     _eusart1TxBufferRemaining:
  1416     003C                     	ds	1
  1417     003D                     _eusart1TxTail:
  1418     003D                     	ds	1
  1419     003E                     _eusart1TxHead:
  1420     003E                     	ds	1
  1421     003F                     LIN_handler@rxDataIndex:
  1422     003F                     	ds	1
  1423     0040                     LIN_handler@LIN_rxState:
  1424     0040                     	ds	1
  1425     0041                     _CountCallBack:
  1426     0041                     	ds	1
  1427     0042                     _LIN_timerRunning:
  1428     0042                     	ds	1
  1429     0043                     _LIN_rxInProgress:
  1430     0043                     	ds	1
  1431     0044                     _lampFlags:
  1432     0044                     	ds	1
  1433     0045                     _lampState:
  1434     0045                     	ds	1
  1435     0046                     _LIN_packet:
  1436     0046                     	ds	13
  1437                           
  1438                           	psect	dataBANK0
  1439     006D                     __pdataBANK0:
  1440     006D                     _LIN_timeout:
  1441     006D                     	ds	1
  1442                           
  1443                           	psect	bssBANK1
  1444     00A0                     __pbssBANK1:
  1445     00A0                     _SIGNAL_Data:
  1446     00A0                     	ds	8
  1447                           
  1448                           	psect	clrtext
  1449     0610                     clear_ram0:	
  1450                           ;	Called with FSR0 containing the base address, and
  1451                           ;	WREG with the size to clear
  1452                           
  1453     0610  0064               	clrwdt	;clear the watchdog before getting into this loop
  1454     0611                     clrloop0:
  1455     0611  0180               	clrf	0	;clear RAM location pointed to by FSR
  1456     0612  3101               	addfsr 0,1
  1457     0613  0B89               	decfsz	9,f	;Have we reached the end of clearing yet?
  1458     0614  2E11               	goto	clrloop0	;have we reached the end yet?
  1459     0615  3400               	retlw	0	;all done for this memory range, return
  1460                           
  1461                           	psect	cstackBANK1
  1462     00A8                     __pcstackBANK1:
  1463     00A8                     ??_LIN_handler:
  1464                           
  1465                           ; 1 bytes @ 0x0
  1466     00A8                     	ds	5
  1467                           
  1468                           	psect	cstackCOMMON
  1469     0070                     __pcstackCOMMON:
  1470     0070                     ?_processLIN:
  1471     0070                     ?_LIN_stopTimer:	
  1472                           ; 1 bytes @ 0x0
  1473                           
  1474     0070                     ?_LIN_enableRx:	
  1475                           ; 1 bytes @ 0x0
  1476                           
  1477     0070                     ?_LIN_setTimerHandler:	
  1478                           ; 1 bytes @ 0x0
  1479                           
  1480     0070                     ?_LIN_getChecksum:	
  1481                           ; 1 bytes @ 0x0
  1482                           
  1483     0070                     ?_EUSART1_is_rx_ready:	
  1484                           ; 1 bytes @ 0x0
  1485                           
  1486     0070                     ?_LIN_startTimer:	
  1487                           ; 1 bytes @ 0x0
  1488                           
  1489     0070                     ?_LIN_breakCheck:	
  1490                           ; 1 bytes @ 0x0
  1491                           
  1492     0070                     ?_EUSART1_Read:	
  1493                           ; 1 bytes @ 0x0
  1494                           
  1495     0070                     ?_LIN_checkPID:	
  1496                           ; 1 bytes @ 0x0
  1497                           
  1498     0070                     ?_LIN_getFromTable:	
  1499                           ; 1 bytes @ 0x0
  1500                           
  1501     0070                     ?_LIN_disableRx:	
  1502                           ; 1 bytes @ 0x0
  1503                           
  1504     0070                     ?_EUSART1_Write:	
  1505                           ; 1 bytes @ 0x0
  1506                           
  1507     0070                     ?_LIN_calcParity:	
  1508                           ; 1 bytes @ 0x0
  1509                           
  1510     0070                     ?_TMR0_WriteTimer:	
  1511                           ; 1 bytes @ 0x0
  1512                           
  1513     0070                     ?_TMR0_SetInterruptHandler:	
  1514                           ; 1 bytes @ 0x0
  1515                           
  1516     0070                     ?_EUSART1_get_last_status:	
  1517                           ; 1 bytes @ 0x0
  1518                           
  1519     0070                     ?_EUSART1_SetRxInterruptHandler:	
  1520                           ; 1 bytes @ 0x0
  1521                           
  1522     0070                     ?_EUSART1_Receive_ISR:	
  1523                           ; 1 bytes @ 0x0
  1524                           
  1525     0070                     ?_EUSART1_SetTxInterruptHandler:	
  1526                           ; 1 bytes @ 0x0
  1527                           
  1528     0070                     ?_EUSART1_Transmit_ISR:	
  1529                           ; 1 bytes @ 0x0
  1530                           
  1531     0070                     ?_EUSART1_SetFramingErrorHandler:	
  1532                           ; 1 bytes @ 0x0
  1533                           
  1534     0070                     ?_EUSART1_DefaultFramingErrorHandler:	
  1535                           ; 1 bytes @ 0x0
  1536                           
  1537     0070                     ?_EUSART1_SetOverrunErrorHandler:	
  1538                           ; 1 bytes @ 0x0
  1539                           
  1540     0070                     ?_EUSART1_DefaultOverrunErrorHandler:	
  1541                           ; 1 bytes @ 0x0
  1542                           
  1543     0070                     ?_EUSART1_SetErrorHandler:	
  1544                           ; 1 bytes @ 0x0
  1545                           
  1546     0070                     ?_EUSART1_DefaultErrorHandler:	
  1547                           ; 1 bytes @ 0x0
  1548                           
  1549     0070                     ?_EUSART1_RxDataHandler:	
  1550                           ; 1 bytes @ 0x0
  1551                           
  1552     0070                     ?_TMR0_ISR:	
  1553                           ; 1 bytes @ 0x0
  1554                           
  1555     0070                     ?_PIN_MANAGER_Initialize:	
  1556                           ; 1 bytes @ 0x0
  1557                           
  1558     0070                     ?_OSCILLATOR_Initialize:	
  1559                           ; 1 bytes @ 0x0
  1560                           
  1561     0070                     ?_WDT_Initialize:	
  1562                           ; 1 bytes @ 0x0
  1563                           
  1564     0070                     ?_TMR0_Initialize:	
  1565                           ; 1 bytes @ 0x0
  1566                           
  1567     0070                     ?_TMR0_DefaultInterruptHandler:	
  1568                           ; 1 bytes @ 0x0
  1569                           
  1570     0070                     ?_POS_ON:	
  1571                           ; 1 bytes @ 0x0
  1572                           
  1573     0070                     ?_POS_OFF:	
  1574                           ; 1 bytes @ 0x0
  1575                           
  1576     0070                     ?_DRL_ON:	
  1577                           ; 1 bytes @ 0x0
  1578                           
  1579     0070                     ?_DRL_OFF:	
  1580                           ; 1 bytes @ 0x0
  1581                           
  1582     0070                     ?_LOBEAM_ON:	
  1583                           ; 1 bytes @ 0x0
  1584                           
  1585     0070                     ?_LOBEAM_OFF:	
  1586                           ; 1 bytes @ 0x0
  1587                           
  1588     0070                     ?_HIBEAM_ON:	
  1589                           ; 1 bytes @ 0x0
  1590                           
  1591     0070                     ?_HIBEAM_OFF:	
  1592                           ; 1 bytes @ 0x0
  1593                           
  1594     0070                     ?_LEFT_ON:	
  1595                           ; 1 bytes @ 0x0
  1596                           
  1597     0070                     ?_LEFT_OFF:	
  1598                           ; 1 bytes @ 0x0
  1599                           
  1600     0070                     ?_RIGHT_ON:	
  1601                           ; 1 bytes @ 0x0
  1602                           
  1603     0070                     ?_RIGHT_OFF:	
  1604                           ; 1 bytes @ 0x0
  1605                           
  1606     0070                     ?_LIN_Slave_Initialize:	
  1607                           ; 1 bytes @ 0x0
  1608                           
  1609     0070                     ?_LIN_queuePacket:	
  1610                           ; 1 bytes @ 0x0
  1611                           
  1612     0070                     ?_LIN_handler:	
  1613                           ; 1 bytes @ 0x0
  1614                           
  1615     0070                     ?_LIN_timerHandler:	
  1616                           ; 1 bytes @ 0x0
  1617                           
  1618     0070                     ?_EUSART1_Initialize:	
  1619                           ; 1 bytes @ 0x0
  1620                           
  1621     0070                     ?_INTERRUPT_InterruptManager:	
  1622                           ; 1 bytes @ 0x0
  1623                           
  1624     0070                     ?_SYSTEM_Initialize:	
  1625                           ; 1 bytes @ 0x0
  1626                           
  1627     0070                     ?_main:	
  1628                           ; 1 bytes @ 0x0
  1629                           
  1630     0070                     ?i1_LIN_stopTimer:	
  1631                           ; 1 bytes @ 0x0
  1632                           
  1633     0070                     ?_memcpy:	
  1634                           ; 1 bytes @ 0x0
  1635                           
  1636     0070                     ?_memset:	
  1637                           ; 2 bytes @ 0x0
  1638                           
  1639     0070                     LIN_getFromTable@param:	
  1640                           ; 2 bytes @ 0x0
  1641                           
  1642     0070                     LIN_getChecksum@pid:	
  1643                           ; 1 bytes @ 0x0
  1644                           
  1645     0070                     EUSART1_Read@readValue:	
  1646                           ; 1 bytes @ 0x0
  1647                           
  1648     0070                     EUSART1_Write@txData:	
  1649                           ; 1 bytes @ 0x0
  1650                           
  1651     0070                     TMR0_WriteTimer@timerVal:	
  1652                           ; 1 bytes @ 0x0
  1653                           
  1654     0070                     EUSART1_SetFramingErrorHandler@interruptHandler:	
  1655                           ; 1 bytes @ 0x0
  1656                           
  1657     0070                     EUSART1_SetOverrunErrorHandler@interruptHandler:	
  1658                           ; 2 bytes @ 0x0
  1659                           
  1660     0070                     EUSART1_SetErrorHandler@interruptHandler:	
  1661                           ; 2 bytes @ 0x0
  1662                           
  1663     0070                     EUSART1_SetTxInterruptHandler@interruptHandler:	
  1664                           ; 2 bytes @ 0x0
  1665                           
  1666     0070                     EUSART1_SetRxInterruptHandler@interruptHandler:	
  1667                           ; 2 bytes @ 0x0
  1668                           
  1669     0070                     TMR0_SetInterruptHandler@InterruptHandler:	
  1670                           ; 2 bytes @ 0x0
  1671                           
  1672     0070                     memcpy@d1:	
  1673                           ; 2 bytes @ 0x0
  1674                           
  1675     0070                     memset@dest:	
  1676                           ; 2 bytes @ 0x0
  1677                           
  1678     0070                     ??_LIN_stopTimer:	
  1679                           ; 2 bytes @ 0x0
  1680                           
  1681     0070                     ??_LIN_enableRx:	
  1682                           ; 1 bytes @ 0x0
  1683                           
  1684     0070                     ??_EUSART1_is_rx_ready:	
  1685                           ; 1 bytes @ 0x0
  1686                           
  1687     0070                     ??_EUSART1_Read:	
  1688                           ; 1 bytes @ 0x0
  1689                           
  1690     0070                     ??_LIN_disableRx:	
  1691                           ; 1 bytes @ 0x0
  1692                           
  1693     0070                     ??_EUSART1_Write:	
  1694                           ; 1 bytes @ 0x0
  1695                           
  1696     0070                     ??_LIN_calcParity:	
  1697                           ; 1 bytes @ 0x0
  1698                           
  1699     0070                     ??_TMR0_WriteTimer:	
  1700                           ; 1 bytes @ 0x0
  1701                           
  1702     0070                     ??_EUSART1_get_last_status:	
  1703                           ; 1 bytes @ 0x0
  1704                           
  1705     0070                     ??_EUSART1_Receive_ISR:	
  1706                           ; 1 bytes @ 0x0
  1707                           
  1708     0070                     ??_EUSART1_Transmit_ISR:	
  1709                           ; 1 bytes @ 0x0
  1710                           
  1711     0070                     ??_EUSART1_DefaultFramingErrorHandler:	
  1712                           ; 1 bytes @ 0x0
  1713                           
  1714     0070                     ??_EUSART1_DefaultOverrunErrorHandler:	
  1715                           ; 1 bytes @ 0x0
  1716                           
  1717     0070                     ??_EUSART1_DefaultErrorHandler:	
  1718                           ; 1 bytes @ 0x0
  1719                           
  1720     0070                     ??_EUSART1_RxDataHandler:	
  1721                           ; 1 bytes @ 0x0
  1722                           
  1723     0070                     ??_TMR0_ISR:	
  1724                           ; 1 bytes @ 0x0
  1725                           
  1726     0070                     ??_PIN_MANAGER_Initialize:	
  1727                           ; 1 bytes @ 0x0
  1728                           
  1729     0070                     ??_OSCILLATOR_Initialize:	
  1730                           ; 1 bytes @ 0x0
  1731                           
  1732     0070                     ??_WDT_Initialize:	
  1733                           ; 1 bytes @ 0x0
  1734                           
  1735     0070                     ??_TMR0_DefaultInterruptHandler:	
  1736                           ; 1 bytes @ 0x0
  1737                           
  1738     0070                     ??_POS_ON:	
  1739                           ; 1 bytes @ 0x0
  1740                           
  1741     0070                     ??_POS_OFF:	
  1742                           ; 1 bytes @ 0x0
  1743                           
  1744     0070                     ??_DRL_ON:	
  1745                           ; 1 bytes @ 0x0
  1746                           
  1747     0070                     ??_DRL_OFF:	
  1748                           ; 1 bytes @ 0x0
  1749                           
  1750     0070                     ??_LOBEAM_ON:	
  1751                           ; 1 bytes @ 0x0
  1752                           
  1753     0070                     ??_LOBEAM_OFF:	
  1754                           ; 1 bytes @ 0x0
  1755                           
  1756     0070                     ??_HIBEAM_ON:	
  1757                           ; 1 bytes @ 0x0
  1758                           
  1759     0070                     ??_HIBEAM_OFF:	
  1760                           ; 1 bytes @ 0x0
  1761                           
  1762     0070                     ??_LEFT_ON:	
  1763                           ; 1 bytes @ 0x0
  1764                           
  1765     0070                     ??_LEFT_OFF:	
  1766                           ; 1 bytes @ 0x0
  1767                           
  1768     0070                     ??_RIGHT_ON:	
  1769                           ; 1 bytes @ 0x0
  1770                           
  1771     0070                     ??_RIGHT_OFF:	
  1772                           ; 1 bytes @ 0x0
  1773                           
  1774     0070                     ??_LIN_timerHandler:	
  1775                           ; 1 bytes @ 0x0
  1776                           
  1777     0070                     ??_INTERRUPT_InterruptManager:	
  1778                           ; 1 bytes @ 0x0
  1779                           
  1780     0070                     ??i1_LIN_stopTimer:	
  1781                           ; 1 bytes @ 0x0
  1782                           
  1783                           
  1784                           ; 1 bytes @ 0x0
  1785     0070                     	ds	1
  1786     0071                     LIN_calcParity@CMD:
  1787     0071                     LIN_startTimer@timeout:	
  1788                           ; 1 bytes @ 0x1
  1789                           
  1790     0071                     LIN_getChecksum@data:	
  1791                           ; 1 bytes @ 0x1
  1792                           
  1793     0071                     ??_LIN_startTimer:	
  1794                           ; 2 bytes @ 0x1
  1795                           
  1796     0071                     ??_LIN_breakCheck:	
  1797                           ; 1 bytes @ 0x1
  1798                           
  1799     0071                     ??_LIN_getFromTable:	
  1800                           ; 1 bytes @ 0x1
  1801                           
  1802                           
  1803                           ; 1 bytes @ 0x1
  1804     0071                     	ds	1
  1805     0072                     ?_LIN_init:
  1806     0072                     LIN_calcParity@PID:	
  1807                           ; 1 bytes @ 0x2
  1808                           
  1809     0072                     LIN_init@command:	
  1810                           ; 1 bytes @ 0x2
  1811                           
  1812     0072                     memcpy@s1:	
  1813                           ; 2 bytes @ 0x2
  1814                           
  1815     0072                     memset@c:	
  1816                           ; 2 bytes @ 0x2
  1817                           
  1818     0072                     ??_LIN_setTimerHandler:	
  1819                           ; 2 bytes @ 0x2
  1820                           
  1821     0072                     ??_TMR0_SetInterruptHandler:	
  1822                           ; 1 bytes @ 0x2
  1823                           
  1824     0072                     ??_EUSART1_SetRxInterruptHandler:	
  1825                           ; 1 bytes @ 0x2
  1826                           
  1827     0072                     ??_EUSART1_SetTxInterruptHandler:	
  1828                           ; 1 bytes @ 0x2
  1829                           
  1830     0072                     ??_EUSART1_SetFramingErrorHandler:	
  1831                           ; 1 bytes @ 0x2
  1832                           
  1833     0072                     ??_EUSART1_SetOverrunErrorHandler:	
  1834                           ; 1 bytes @ 0x2
  1835                           
  1836     0072                     ??_EUSART1_SetErrorHandler:	
  1837                           ; 1 bytes @ 0x2
  1838                           
  1839     0072                     ??_TMR0_Initialize:	
  1840                           ; 1 bytes @ 0x2
  1841                           
  1842     0072                     ??_EUSART1_Initialize:	
  1843                           ; 1 bytes @ 0x2
  1844                           
  1845                           
  1846                           ; 1 bytes @ 0x2
  1847     0072                     	ds	1
  1848     0073                     LIN_getFromTable@cmd:
  1849     0073                     ??_LIN_getChecksum:	
  1850                           ; 1 bytes @ 0x3
  1851                           
  1852                           
  1853                           ; 1 bytes @ 0x3
  1854     0073                     	ds	1
  1855     0074                     LIN_getFromTable@length:
  1856     0074                     LIN_init@processData:	
  1857                           ; 1 bytes @ 0x4
  1858                           
  1859     0074                     memcpy@n:	
  1860                           ; 2 bytes @ 0x4
  1861                           
  1862     0074                     memset@n:	
  1863                           ; 2 bytes @ 0x4
  1864                           
  1865                           
  1866                           ; 2 bytes @ 0x4
  1867     0074                     	ds	1
  1868     0075                     LIN_getChecksum@length:
  1869     0075                     LIN_getFromTable@rxCommand:	
  1870                           ; 1 bytes @ 0x5
  1871                           
  1872                           
  1873                           ; 2 bytes @ 0x5
  1874     0075                     	ds	1
  1875     0076                     LIN_init@tableLength:
  1876     0076                     LIN_getChecksum@i:	
  1877                           ; 1 bytes @ 0x6
  1878                           
  1879     0076                     memcpy@tmp:	
  1880                           ; 1 bytes @ 0x6
  1881                           
  1882     0076                     memset@p:	
  1883                           ; 1 bytes @ 0x6
  1884                           
  1885     0076                     ??_LIN_init:	
  1886                           ; 1 bytes @ 0x6
  1887                           
  1888     0076                     ??_memcpy:	
  1889                           ; 1 bytes @ 0x6
  1890                           
  1891     0076                     ??_memset:	
  1892                           ; 1 bytes @ 0x6
  1893                           
  1894                           
  1895                           ; 1 bytes @ 0x6
  1896     0076                     	ds	1
  1897     0077                     LIN_checkPID@pid:
  1898     0077                     memcpy@d:	
  1899                           ; 1 bytes @ 0x7
  1900                           
  1901     0077                     LIN_getChecksum@checksum:	
  1902                           ; 1 bytes @ 0x7
  1903                           
  1904     0077                     ??_LIN_checkPID:	
  1905                           ; 2 bytes @ 0x7
  1906                           
  1907     0077                     ??_LIN_Slave_Initialize:	
  1908                           ; 1 bytes @ 0x7
  1909                           
  1910     0077                     ??_SYSTEM_Initialize:	
  1911                           ; 1 bytes @ 0x7
  1912                           
  1913                           
  1914                           ; 1 bytes @ 0x7
  1915     0077                     	ds	1
  1916     0078                     memcpy@s:
  1917                           
  1918                           ; 1 bytes @ 0x8
  1919     0078                     	ds	1
  1920     0079                     ?_LIN_getPacket:
  1921     0079                     ?_LIN_sendPacket:	
  1922                           ; 1 bytes @ 0x9
  1923                           
  1924     0079                     LIN_sendPacket@pid:	
  1925                           ; 1 bytes @ 0x9
  1926                           
  1927     0079                     LIN_getPacket@data:	
  1928                           ; 1 bytes @ 0x9
  1929                           
  1930                           
  1931                           ; 1 bytes @ 0x9
  1932     0079                     	ds	1
  1933     007A                     LIN_getPacket@cmd:
  1934     007A                     LIN_sendPacket@data:	
  1935                           ; 1 bytes @ 0xA
  1936                           
  1937     007A                     ??_LIN_getPacket:	
  1938                           ; 2 bytes @ 0xA
  1939                           
  1940                           
  1941                           ; 1 bytes @ 0xA
  1942     007A                     	ds	1
  1943     007B                     ??_processLIN:
  1944                           
  1945                           ; 1 bytes @ 0xB
  1946     007B                     	ds	1
  1947     007C                     LIN_sendPacket@length:
  1948     007C                     ??_LIN_sendPacket:	
  1949                           ; 1 bytes @ 0xC
  1950                           
  1951                           
  1952                           ; 1 bytes @ 0xC
  1953     007C                     	ds	1
  1954     007D                     LIN_sendPacket@i:
  1955                           
  1956                           ; 1 bytes @ 0xD
  1957     007D                     	ds	1
  1958     007E                     ??_main:
  1959                           
  1960                           	psect	cstackBANK0
  1961     0064                     __pcstackBANK0:	
  1962                           ; 1 bytes @ 0xE
  1963                           
  1964     0064                     processLIN@cmd:
  1965     0064                     ??_LIN_queuePacket:	
  1966                           ; 1 bytes @ 0x0
  1967                           
  1968                           
  1969                           ; 1 bytes @ 0x0
  1970     0064                     	ds	1
  1971     0065                     LIN_queuePacket@cmd:
  1972     0065                     processLIN@tempRxData:	
  1973                           ; 1 bytes @ 0x1
  1974                           
  1975                           
  1976                           ; 8 bytes @ 0x1
  1977     0065                     	ds	1
  1978     0066                     LIN_queuePacket@i:
  1979                           
  1980                           ; 1 bytes @ 0x2
  1981     0066                     	ds	1
  1982     0067                     LIN_queuePacket@tempSchedule:
  1983                           
  1984                           ; 2 bytes @ 0x3
  1985     0067                     	ds	6
  1986                           
  1987                           	psect	maintext
  1988     05F5                     __pmaintext:	
  1989 ;;
  1990 ;;Main: autosize = 0, tempsize = 0, incstack = 0, save=0
  1991 ;;
  1992 ;; *************** function _main *****************
  1993 ;; Defined at:
  1994 ;;		line 53 in file "main.c"
  1995 ;; Parameters:    Size  Location     Type
  1996 ;;		None
  1997 ;; Auto vars:     Size  Location     Type
  1998 ;;		None
  1999 ;; Return value:  Size  Location     Type
  2000 ;;                  1    wreg      void 
  2001 ;; Registers used:
  2002 ;;		wreg, fsr0l, fsr0h, fsr1l, fsr1h, status,2, status,0, pclath, cstack
  2003 ;; Tracked objects:
  2004 ;;		On entry : B3F/0
  2005 ;;		On exit  : 0/0
  2006 ;;		Unchanged: 0/0
  2007 ;; Data sizes:     COMMON   BANK0   BANK1   BANK2
  2008 ;;      Params:         0       0       0       0
  2009 ;;      Locals:         0       0       0       0
  2010 ;;      Temps:          0       0       0       0
  2011 ;;      Totals:         0       0       0       0
  2012 ;;Total ram usage:        0 bytes
  2013 ;; Hardware stack levels required when called: 9
  2014 ;; This function calls:
  2015 ;;		_LIN_handler
  2016 ;;		_SYSTEM_Initialize
  2017 ;; This function is called by:
  2018 ;;		Startup code after reset
  2019 ;; This function uses a non-reentrant model
  2020 ;;
  2021                           
  2022     05F5                     _main:	
  2023                           ;psect for function _main
  2024                           
  2025     05F5                     l2524:	
  2026                           ;incstack = 0
  2027                           ; Regs used in _main: [wreg-fsr1h+status,2+status,0+pclath+cstack]
  2028                           
  2029                           
  2030                           ;main.c: 56:     SYSTEM_Initialize();
  2031     05F5  3185  2586  3185   	fcall	_SYSTEM_Initialize
  2032     05F8                     l2526:
  2033                           
  2034                           ;main.c: 62:     (INTCONbits.GIE = 1);
  2035     05F8  178B               	bsf	11,7	;volatile
  2036     05F9                     l2528:
  2037                           
  2038                           ;main.c: 65:     (INTCONbits.PEIE = 1);
  2039     05F9  170B               	bsf	11,6	;volatile
  2040     05FA                     l2530:
  2041                           
  2042                           ;main.c: 74:     {;main.c: 76:         LIN_handler();
  2043     05FA  3180  204F  3185   	fcall	_LIN_handler
  2044     05FD  2DFA               	goto	l2530
  2045     05FE  2837               	ljmp	start
  2046     05FF                     __end_of_main:
  2047                           
  2048                           	psect	text1
  2049     0586                     __ptext1:	
  2050 ;; *************** function _SYSTEM_Initialize *****************
  2051 ;; Defined at:
  2052 ;;		line 50 in file "mcc_generated_files/mcc.c"
  2053 ;; Parameters:    Size  Location     Type
  2054 ;;		None
  2055 ;; Auto vars:     Size  Location     Type
  2056 ;;		None
  2057 ;; Return value:  Size  Location     Type
  2058 ;;                  1    wreg      void 
  2059 ;; Registers used:
  2060 ;;		wreg, status,2, status,0, pclath, cstack
  2061 ;; Tracked objects:
  2062 ;;		On entry : 0/0
  2063 ;;		On exit  : 0/0
  2064 ;;		Unchanged: 0/0
  2065 ;; Data sizes:     COMMON   BANK0   BANK1   BANK2
  2066 ;;      Params:         0       0       0       0
  2067 ;;      Locals:         0       0       0       0
  2068 ;;      Temps:          0       0       0       0
  2069 ;;      Totals:         0       0       0       0
  2070 ;;Total ram usage:        0 bytes
  2071 ;; Hardware stack levels used: 1
  2072 ;; Hardware stack levels required when called: 8
  2073 ;; This function calls:
  2074 ;;		_EUSART1_Initialize
  2075 ;;		_LIN_Slave_Initialize
  2076 ;;		_OSCILLATOR_Initialize
  2077 ;;		_PIN_MANAGER_Initialize
  2078 ;;		_TMR0_Initialize
  2079 ;;		_WDT_Initialize
  2080 ;; This function is called by:
  2081 ;;		_main
  2082 ;; This function uses a non-reentrant model
  2083 ;;
  2084                           
  2085     0586                     _SYSTEM_Initialize:	
  2086                           ;psect for function _SYSTEM_Initialize
  2087                           
  2088     0586                     l2318:	
  2089                           ;incstack = 0
  2090                           ; Regs used in _SYSTEM_Initialize: [wreg+status,2+status,0+pclath+cstack]
  2091                           
  2092                           
  2093                           ;mcc_generated_files/mcc.c: 53:     PIN_MANAGER_Initialize();
  2094     0586  3185  2599  3185   	fcall	_PIN_MANAGER_Initialize
  2095                           
  2096                           ;mcc_generated_files/mcc.c: 54:     OSCILLATOR_Initialize();
  2097     0589  3186  2616  3185   	fcall	_OSCILLATOR_Initialize
  2098                           
  2099                           ;mcc_generated_files/mcc.c: 55:     WDT_Initialize();
  2100     058C  3186  2666  3185   	fcall	_WDT_Initialize
  2101     058F                     l2320:
  2102                           
  2103                           ;mcc_generated_files/mcc.c: 56:     TMR0_Initialize();
  2104     058F  3185  2572  3185   	fcall	_TMR0_Initialize
  2105     0592                     l2322:
  2106                           
  2107                           ;mcc_generated_files/mcc.c: 57:     EUSART1_Initialize();
  2108     0592  3183  239F  3185   	fcall	_EUSART1_Initialize
  2109     0595                     l2324:
  2110                           
  2111                           ;mcc_generated_files/mcc.c: 58:     LIN_Slave_Initialize();
  2112     0595  3185  25CE  3185   	fcall	_LIN_Slave_Initialize
  2113     0598                     l484:
  2114     0598  0008               	return
  2115     0599                     __end_of_SYSTEM_Initialize:
  2116                           
  2117                           	psect	text2
  2118     0666                     __ptext2:	
  2119 ;; *************** function _WDT_Initialize *****************
  2120 ;; Defined at:
  2121 ;;		line 71 in file "mcc_generated_files/mcc.c"
  2122 ;; Parameters:    Size  Location     Type
  2123 ;;		None
  2124 ;; Auto vars:     Size  Location     Type
  2125 ;;		None
  2126 ;; Return value:  Size  Location     Type
  2127 ;;                  1    wreg      void 
  2128 ;; Registers used:
  2129 ;;		status,2
  2130 ;; Tracked objects:
  2131 ;;		On entry : 0/0
  2132 ;;		On exit  : 0/0
  2133 ;;		Unchanged: 0/0
  2134 ;; Data sizes:     COMMON   BANK0   BANK1   BANK2
  2135 ;;      Params:         0       0       0       0
  2136 ;;      Locals:         0       0       0       0
  2137 ;;      Temps:          0       0       0       0
  2138 ;;      Totals:         0       0       0       0
  2139 ;;Total ram usage:        0 bytes
  2140 ;; Hardware stack levels used: 1
  2141 ;; Hardware stack levels required when called: 4
  2142 ;; This function calls:
  2143 ;;		Nothing
  2144 ;; This function is called by:
  2145 ;;		_SYSTEM_Initialize
  2146 ;; This function uses a non-reentrant model
  2147 ;;
  2148                           
  2149     0666                     _WDT_Initialize:	
  2150                           ;psect for function _WDT_Initialize
  2151                           
  2152     0666                     l1542:	
  2153                           ;incstack = 0
  2154                           ; Regs used in _WDT_Initialize: [status,2]
  2155                           
  2156                           
  2157                           ;mcc_generated_files/mcc.c: 74:     WDTCON = 0x00;
  2158     0666  0150               	movlb	16	; select bank16
  2159     0667  018C               	clrf	12	;volatile
  2160     0668                     l490:
  2161     0668  0008               	return
  2162     0669                     __end_of_WDT_Initialize:
  2163                           
  2164                           	psect	text3
  2165     0572                     __ptext3:	
  2166 ;; *************** function _TMR0_Initialize *****************
  2167 ;; Defined at:
  2168 ;;		line 61 in file "mcc_generated_files/tmr0.c"
  2169 ;; Parameters:    Size  Location     Type
  2170 ;;		None
  2171 ;; Auto vars:     Size  Location     Type
  2172 ;;		None
  2173 ;; Return value:  Size  Location     Type
  2174 ;;                  1    wreg      void 
  2175 ;; Registers used:
  2176 ;;		wreg, status,2, status,0, pclath, cstack
  2177 ;; Tracked objects:
  2178 ;;		On entry : 0/0
  2179 ;;		On exit  : 0/0
  2180 ;;		Unchanged: 0/0
  2181 ;; Data sizes:     COMMON   BANK0   BANK1   BANK2
  2182 ;;      Params:         0       0       0       0
  2183 ;;      Locals:         0       0       0       0
  2184 ;;      Temps:          0       0       0       0
  2185 ;;      Totals:         0       0       0       0
  2186 ;;Total ram usage:        0 bytes
  2187 ;; Hardware stack levels used: 1
  2188 ;; Hardware stack levels required when called: 5
  2189 ;; This function calls:
  2190 ;;		_TMR0_SetInterruptHandler
  2191 ;; This function is called by:
  2192 ;;		_SYSTEM_Initialize
  2193 ;; This function uses a non-reentrant model
  2194 ;;
  2195                           
  2196     0572                     _TMR0_Initialize:	
  2197                           ;psect for function _TMR0_Initialize
  2198                           
  2199     0572                     l2180:	
  2200                           ;incstack = 0
  2201                           ; Regs used in _TMR0_Initialize: [wreg+status,2+status,0+pclath+cstack]
  2202                           
  2203                           
  2204                           ;mcc_generated_files/tmr0.c: 66:     T0CON1 = 0x45;
  2205     0572  3045               	movlw	69
  2206     0573  014B               	movlb	11	; select bank11
  2207     0574  009F               	movwf	31	;volatile
  2208                           
  2209                           ;mcc_generated_files/tmr0.c: 69:     TMR0H = 0xF9;
  2210     0575  30F9               	movlw	249
  2211     0576  009D               	movwf	29	;volatile
  2212     0577                     l2182:
  2213                           
  2214                           ;mcc_generated_files/tmr0.c: 72:     TMR0L = 0x00;
  2215     0577  019C               	clrf	28	;volatile
  2216     0578                     l2184:
  2217                           
  2218                           ;mcc_generated_files/tmr0.c: 75:     PIR0bits.TMR0IF = 0;
  2219     0578  014E               	movlb	14	; select bank14
  2220     0579  128C               	bcf	12,5	;volatile
  2221     057A                     l2186:
  2222                           
  2223                           ;mcc_generated_files/tmr0.c: 78:     PIE0bits.TMR0IE = 1;
  2224     057A  1696               	bsf	22,5	;volatile
  2225     057B                     l2188:
  2226                           
  2227                           ;mcc_generated_files/tmr0.c: 81:     TMR0_SetInterruptHandler(TMR0_DefaultInterruptHandl
      +                          er);
  2228     057B  3085               	movlw	low _TMR0_DefaultInterruptHandler
  2229     057C  00F0               	movwf	TMR0_SetInterruptHandler@InterruptHandler
  2230     057D  3006               	movlw	high _TMR0_DefaultInterruptHandler
  2231     057E  00F1               	movwf	TMR0_SetInterruptHandler@InterruptHandler+1
  2232     057F  3186  261C  3185   	fcall	_TMR0_SetInterruptHandler
  2233     0582                     l2190:
  2234                           
  2235                           ;mcc_generated_files/tmr0.c: 84:     T0CON0 = 0x80;
  2236     0582  3080               	movlw	128
  2237     0583  014B               	movlb	11	; select bank11
  2238     0584  009E               	movwf	30	;volatile
  2239     0585                     l537:
  2240     0585  0008               	return
  2241     0586                     __end_of_TMR0_Initialize:
  2242                           
  2243                           	psect	text4
  2244     0599                     __ptext4:	
  2245 ;; *************** function _PIN_MANAGER_Initialize *****************
  2246 ;; Defined at:
  2247 ;;		line 55 in file "mcc_generated_files/pin_manager.c"
  2248 ;; Parameters:    Size  Location     Type
  2249 ;;		None
  2250 ;; Auto vars:     Size  Location     Type
  2251 ;;		None
  2252 ;; Return value:  Size  Location     Type
  2253 ;;                  1    wreg      void 
  2254 ;; Registers used:
  2255 ;;		status,2
  2256 ;; Tracked objects:
  2257 ;;		On entry : 0/0
  2258 ;;		On exit  : 0/0
  2259 ;;		Unchanged: 0/0
  2260 ;; Data sizes:     COMMON   BANK0   BANK1   BANK2
  2261 ;;      Params:         0       0       0       0
  2262 ;;      Locals:         0       0       0       0
  2263 ;;      Temps:          0       0       0       0
  2264 ;;      Totals:         0       0       0       0
  2265 ;;Total ram usage:        0 bytes
  2266 ;; Hardware stack levels used: 1
  2267 ;; Hardware stack levels required when called: 4
  2268 ;; This function calls:
  2269 ;;		Nothing
  2270 ;; This function is called by:
  2271 ;;		_SYSTEM_Initialize
  2272 ;; This function uses a non-reentrant model
  2273 ;;
  2274                           
  2275     0599                     _PIN_MANAGER_Initialize:	
  2276                           ;psect for function _PIN_MANAGER_Initialize
  2277                           
  2278     0599                     l1526:	
  2279                           ;incstack = 0
  2280                           ; Regs used in _PIN_MANAGER_Initialize: [status,2]
  2281                           
  2282                           
  2283                           ;mcc_generated_files/pin_manager.c: 60:     LATA = 0x00;
  2284     0599  0140               	movlb	0	; select bank0
  2285     059A  0198               	clrf	24	;volatile
  2286     059B                     l1528:
  2287                           
  2288                           ;mcc_generated_files/pin_manager.c: 65:     TRISA = 0x0C;
  2289     059B  300C               	movlw	12
  2290     059C  0092               	movwf	18	;volatile
  2291                           
  2292                           ;mcc_generated_files/pin_manager.c: 70:     ANSELA = 0x00;
  2293     059D  017E               	movlb	62	; select bank62
  2294     059E  01B8               	clrf	56	;volatile
  2295                           
  2296                           ;mcc_generated_files/pin_manager.c: 75:     WPUA = 0x00;
  2297     059F  01B9               	clrf	57	;volatile
  2298                           
  2299                           ;mcc_generated_files/pin_manager.c: 80:     ODCONA = 0x00;
  2300     05A0  01BA               	clrf	58	;volatile
  2301     05A1                     l1530:
  2302                           
  2303                           ;mcc_generated_files/pin_manager.c: 85:     SLRCONA = 0x37;
  2304     05A1  3037               	movlw	55
  2305     05A2  00BB               	movwf	59	;volatile
  2306     05A3                     l1532:
  2307                           
  2308                           ;mcc_generated_files/pin_manager.c: 90:     INLVLA = 0x3F;
  2309     05A3  303F               	movlw	63
  2310     05A4  00BC               	movwf	60	;volatile
  2311     05A5                     l1534:
  2312                           
  2313                           ;mcc_generated_files/pin_manager.c: 99:     RX1PPS = 0x02;
  2314     05A5  3002               	movlw	2
  2315     05A6  017D               	movlb	61	; select bank61
  2316     05A7  00CB               	movwf	75	;volatile
  2317     05A8                     l1536:
  2318                           
  2319                           ;mcc_generated_files/pin_manager.c: 100:     RA0PPS = 0x05;
  2320     05A8  3005               	movlw	5
  2321     05A9  017E               	movlb	62	; select bank62
  2322     05AA  0090               	movwf	16	;volatile
  2323     05AB                     l511:
  2324     05AB  0008               	return
  2325     05AC                     __end_of_PIN_MANAGER_Initialize:
  2326                           
  2327                           	psect	text5
  2328     0616                     __ptext5:	
  2329 ;; *************** function _OSCILLATOR_Initialize *****************
  2330 ;; Defined at:
  2331 ;;		line 61 in file "mcc_generated_files/mcc.c"
  2332 ;; Parameters:    Size  Location     Type
  2333 ;;		None
  2334 ;; Auto vars:     Size  Location     Type
  2335 ;;		None
  2336 ;; Return value:  Size  Location     Type
  2337 ;;                  1    wreg      void 
  2338 ;; Registers used:
  2339 ;;		status,2
  2340 ;; Tracked objects:
  2341 ;;		On entry : 0/0
  2342 ;;		On exit  : 0/0
  2343 ;;		Unchanged: 0/0
  2344 ;; Data sizes:     COMMON   BANK0   BANK1   BANK2
  2345 ;;      Params:         0       0       0       0
  2346 ;;      Locals:         0       0       0       0
  2347 ;;      Temps:          0       0       0       0
  2348 ;;      Totals:         0       0       0       0
  2349 ;;Total ram usage:        0 bytes
  2350 ;; Hardware stack levels used: 1
  2351 ;; Hardware stack levels required when called: 4
  2352 ;; This function calls:
  2353 ;;		Nothing
  2354 ;; This function is called by:
  2355 ;;		_SYSTEM_Initialize
  2356 ;; This function uses a non-reentrant model
  2357 ;;
  2358                           
  2359     0616                     _OSCILLATOR_Initialize:	
  2360                           ;psect for function _OSCILLATOR_Initialize
  2361                           
  2362     0616                     l1538:	
  2363                           ;incstack = 0
  2364                           ; Regs used in _OSCILLATOR_Initialize: [status,2]
  2365                           
  2366                           
  2367                           ;mcc_generated_files/mcc.c: 64:     OSCEN = 0x00;
  2368     0616  0151               	movlb	17	; select bank17
  2369     0617  0191               	clrf	17	;volatile
  2370     0618                     l1540:
  2371                           
  2372                           ;mcc_generated_files/mcc.c: 66:     OSCFRQ = 0x05;
  2373     0618  3005               	movlw	5
  2374     0619  0093               	movwf	19	;volatile
  2375                           
  2376                           ;mcc_generated_files/mcc.c: 68:     OSCTUNE = 0x00;
  2377     061A  0192               	clrf	18	;volatile
  2378     061B                     l487:
  2379     061B  0008               	return
  2380     061C                     __end_of_OSCILLATOR_Initialize:
  2381                           
  2382                           	psect	text6
  2383     05CE                     __ptext6:	
  2384 ;; *************** function _LIN_Slave_Initialize *****************
  2385 ;; Defined at:
  2386 ;;		line 88 in file "mcc_generated_files/LINDrivers/lin_app.c"
  2387 ;; Parameters:    Size  Location     Type
  2388 ;;		None
  2389 ;; Auto vars:     Size  Location     Type
  2390 ;;		None
  2391 ;; Return value:  Size  Location     Type
  2392 ;;                  1    wreg      void 
  2393 ;; Registers used:
  2394 ;;		wreg, status,2, status,0, pclath, cstack
  2395 ;; Tracked objects:
  2396 ;;		On entry : 0/0
  2397 ;;		On exit  : 0/0
  2398 ;;		Unchanged: 0/0
  2399 ;; Data sizes:     COMMON   BANK0   BANK1   BANK2
  2400 ;;      Params:         0       0       0       0
  2401 ;;      Locals:         0       0       0       0
  2402 ;;      Temps:          0       0       0       0
  2403 ;;      Totals:         0       0       0       0
  2404 ;;Total ram usage:        0 bytes
  2405 ;; Hardware stack levels used: 1
  2406 ;; Hardware stack levels required when called: 7
  2407 ;; This function calls:
  2408 ;;		_LIN_init
  2409 ;; This function is called by:
  2410 ;;		_SYSTEM_Initialize
  2411 ;; This function uses a non-reentrant model
  2412 ;;
  2413                           
  2414     05CE                     _LIN_Slave_Initialize:	
  2415                           ;psect for function _LIN_Slave_Initialize
  2416                           
  2417     05CE                     l1970:	
  2418                           ;incstack = 0
  2419                           ; Regs used in _LIN_Slave_Initialize: [wreg+status,2+status,0+pclath+cstack]
  2420                           
  2421                           
  2422                           ;mcc_generated_files/LINDrivers/lin_app.c: 90:     LIN_init((sizeof(scheduleTable)/sizeo
      +                          f(lin_rx_cmd_t)), scheduleTable, processLIN);
  2423     05CE  3040               	movlw	low (_scheduleTable| (0+32768))
  2424     05CF  00F2               	movwf	LIN_init@command
  2425     05D0  3086               	movlw	high (_scheduleTable| (0+32768))
  2426     05D1  00F3               	movwf	LIN_init@command+1
  2427     05D2  3089               	movlw	low _processLIN
  2428     05D3  00F4               	movwf	LIN_init@processData
  2429     05D4  3001               	movlw	high _processLIN
  2430     05D5  00F5               	movwf	LIN_init@processData+1
  2431     05D6  3001               	movlw	1
  2432     05D7  3185  2547  3185   	fcall	_LIN_init
  2433     05DA                     l67:
  2434     05DA  0008               	return
  2435     05DB                     __end_of_LIN_Slave_Initialize:
  2436                           
  2437                           	psect	text7
  2438     0547                     __ptext7:	
  2439 ;; *************** function _LIN_init *****************
  2440 ;; Defined at:
  2441 ;;		line 57 in file "mcc_generated_files/LINDrivers/lin_slave.c"
  2442 ;; Parameters:    Size  Location     Type
  2443 ;;  tableLength     1    wreg     unsigned char 
  2444 ;;  command         2    2[COMMON] const PTR const struct .
  2445 ;;		 -> scheduleTable(5), 
  2446 ;;  processData     2    4[COMMON] PTR FTN()void 
  2447 ;;		 -> processLIN(1), 
  2448 ;; Auto vars:     Size  Location     Type
  2449 ;;  tableLength     1    6[COMMON] unsigned char 
  2450 ;; Return value:  Size  Location     Type
  2451 ;;                  1    wreg      void 
  2452 ;; Registers used:
  2453 ;;		wreg, status,2, status,0, pclath, cstack
  2454 ;; Tracked objects:
  2455 ;;		On entry : 0/0
  2456 ;;		On exit  : 0/0
  2457 ;;		Unchanged: 0/0
  2458 ;; Data sizes:     COMMON   BANK0   BANK1   BANK2
  2459 ;;      Params:         4       0       0       0
  2460 ;;      Locals:         1       0       0       0
  2461 ;;      Temps:          0       0       0       0
  2462 ;;      Totals:         5       0       0       0
  2463 ;;Total ram usage:        5 bytes
  2464 ;; Hardware stack levels used: 1
  2465 ;; Hardware stack levels required when called: 6
  2466 ;; This function calls:
  2467 ;;		_LIN_enableRx
  2468 ;;		_LIN_setTimerHandler
  2469 ;;		_LIN_stopTimer
  2470 ;; This function is called by:
  2471 ;;		_LIN_Slave_Initialize
  2472 ;; This function uses a non-reentrant model
  2473 ;;
  2474                           
  2475     0547                     _LIN_init:	
  2476                           ;psect for function _LIN_init
  2477                           
  2478                           
  2479                           ;incstack = 0
  2480                           ; Regs used in _LIN_init: [wreg+status,2+status,0+pclath+cstack]
  2481                           ;LIN_init@tableLength stored from wreg
  2482     0547  00F6               	movwf	LIN_init@tableLength
  2483     0548                     l1834:
  2484                           
  2485                           ;mcc_generated_files/LINDrivers/lin_slave.c: 58:     LIN_rxCommand = command;
  2486     0548  0873               	movf	LIN_init@command+1,w
  2487     0549  0140               	movlb	0	; select bank0
  2488     054A  00E0               	movwf	_LIN_rxCommand+1
  2489     054B  0872               	movf	LIN_init@command,w
  2490     054C  00DF               	movwf	_LIN_rxCommand
  2491                           
  2492                           ;mcc_generated_files/LINDrivers/lin_slave.c: 59:     LIN_rxCommandLength = tableLength;
  2493     054D  0876               	movf	LIN_init@tableLength,w
  2494     054E  00E3               	movwf	_LIN_rxCommandLength
  2495                           
  2496                           ;mcc_generated_files/LINDrivers/lin_slave.c: 60:     LIN_processData = processData;
  2497     054F  0875               	movf	LIN_init@processData+1,w
  2498     0550  00E2               	movwf	_LIN_processData+1
  2499     0551  0874               	movf	LIN_init@processData,w
  2500     0552  00E1               	movwf	_LIN_processData
  2501     0553                     l1836:
  2502                           
  2503                           ;mcc_generated_files/LINDrivers/lin_slave.c: 61:     LIN_stopTimer();
  2504     0553  3186  2645  3185   	fcall	_LIN_stopTimer
  2505     0556                     l1838:
  2506                           
  2507                           ;mcc_generated_files/LINDrivers/lin_slave.c: 62:     LIN_enableRx();
  2508     0556  3186  264F  3185   	fcall	_LIN_enableRx
  2509     0559                     l1840:
  2510                           
  2511                           ;mcc_generated_files/LINDrivers/lin_slave.c: 63:     LIN_setTimerHandler();
  2512     0559  3186  2608  3185   	fcall	_LIN_setTimerHandler
  2513     055C                     l173:
  2514     055C  0008               	return
  2515     055D                     __end_of_LIN_init:
  2516                           
  2517                           	psect	text8
  2518     0608                     __ptext8:	
  2519 ;; *************** function _LIN_setTimerHandler *****************
  2520 ;; Defined at:
  2521 ;;		line 300 in file "mcc_generated_files/LINDrivers/lin_slave.c"
  2522 ;; Parameters:    Size  Location     Type
  2523 ;;		None
  2524 ;; Auto vars:     Size  Location     Type
  2525 ;;		None
  2526 ;; Return value:  Size  Location     Type
  2527 ;;                  1    wreg      void 
  2528 ;; Registers used:
  2529 ;;		wreg, status,2, status,0, pclath, cstack
  2530 ;; Tracked objects:
  2531 ;;		On entry : 0/0
  2532 ;;		On exit  : 0/0
  2533 ;;		Unchanged: 0/0
  2534 ;; Data sizes:     COMMON   BANK0   BANK1   BANK2
  2535 ;;      Params:         0       0       0       0
  2536 ;;      Locals:         0       0       0       0
  2537 ;;      Temps:          0       0       0       0
  2538 ;;      Totals:         0       0       0       0
  2539 ;;Total ram usage:        0 bytes
  2540 ;; Hardware stack levels used: 1
  2541 ;; Hardware stack levels required when called: 5
  2542 ;; This function calls:
  2543 ;;		_TMR0_SetInterruptHandler
  2544 ;; This function is called by:
  2545 ;;		_LIN_init
  2546 ;; This function uses a non-reentrant model
  2547 ;;
  2548                           
  2549     0608                     _LIN_setTimerHandler:	
  2550                           ;psect for function _LIN_setTimerHandler
  2551                           
  2552     0608                     l1778:	
  2553                           ;incstack = 0
  2554                           ; Regs used in _LIN_setTimerHandler: [wreg+status,2+status,0+pclath+cstack]
  2555                           
  2556                           
  2557                           ;mcc_generated_files/LINDrivers/lin_slave.c: 301:     TMR0_SetInterruptHandler(LIN_timer
      +                          Handler);
  2558     0608  30E8               	movlw	low _LIN_timerHandler
  2559     0609  00F0               	movwf	TMR0_SetInterruptHandler@InterruptHandler
  2560     060A  3005               	movlw	high _LIN_timerHandler
  2561     060B  00F1               	movwf	TMR0_SetInterruptHandler@InterruptHandler+1
  2562     060C  3186  261C  3186   	fcall	_TMR0_SetInterruptHandler
  2563     060F                     l267:
  2564     060F  0008               	return
  2565     0610                     __end_of_LIN_setTimerHandler:
  2566                           
  2567                           	psect	text9
  2568     061C                     __ptext9:	
  2569 ;; *************** function _TMR0_SetInterruptHandler *****************
  2570 ;; Defined at:
  2571 ;;		line 134 in file "mcc_generated_files/tmr0.c"
  2572 ;; Parameters:    Size  Location     Type
  2573 ;;  InterruptHan    2    0[COMMON] PTR FTN()void 
  2574 ;;		 -> TMR0_DefaultInterruptHandler(1), LIN_timerHandler(1), 
  2575 ;; Auto vars:     Size  Location     Type
  2576 ;;		None
  2577 ;; Return value:  Size  Location     Type
  2578 ;;                  1    wreg      void 
  2579 ;; Registers used:
  2580 ;;		wreg
  2581 ;; Tracked objects:
  2582 ;;		On entry : 0/0
  2583 ;;		On exit  : 0/0
  2584 ;;		Unchanged: 0/0
  2585 ;; Data sizes:     COMMON   BANK0   BANK1   BANK2
  2586 ;;      Params:         2       0       0       0
  2587 ;;      Locals:         0       0       0       0
  2588 ;;      Temps:          0       0       0       0
  2589 ;;      Totals:         2       0       0       0
  2590 ;;Total ram usage:        2 bytes
  2591 ;; Hardware stack levels used: 1
  2592 ;; Hardware stack levels required when called: 4
  2593 ;; This function calls:
  2594 ;;		Nothing
  2595 ;; This function is called by:
  2596 ;;		_LIN_setTimerHandler
  2597 ;;		_TMR0_Initialize
  2598 ;; This function uses a non-reentrant model
  2599 ;;
  2600                           
  2601     061C                     _TMR0_SetInterruptHandler:	
  2602                           ;psect for function _TMR0_SetInterruptHandler
  2603                           
  2604     061C                     l1770:	
  2605                           ;incstack = 0
  2606                           ; Regs used in _TMR0_SetInterruptHandler: [wreg]
  2607                           
  2608                           
  2609                           ;mcc_generated_files/tmr0.c: 135:     TMR0_InterruptHandler = InterruptHandler;
  2610     061C  0871               	movf	TMR0_SetInterruptHandler@InterruptHandler+1,w
  2611     061D  0140               	movlb	0	; select bank0
  2612     061E  00D4               	movwf	_TMR0_InterruptHandler+1
  2613     061F  0870               	movf	TMR0_SetInterruptHandler@InterruptHandler,w
  2614     0620  00D3               	movwf	_TMR0_InterruptHandler
  2615     0621                     l559:
  2616     0621  0008               	return
  2617     0622                     __end_of_TMR0_SetInterruptHandler:
  2618                           
  2619                           	psect	text10
  2620     039F                     __ptext10:	
  2621 ;; *************** function _EUSART1_Initialize *****************
  2622 ;; Defined at:
  2623 ;;		line 88 in file "mcc_generated_files/eusart1.c"
  2624 ;; Parameters:    Size  Location     Type
  2625 ;;		None
  2626 ;; Auto vars:     Size  Location     Type
  2627 ;;		None
  2628 ;; Return value:  Size  Location     Type
  2629 ;;                  1    wreg      void 
  2630 ;; Registers used:
  2631 ;;		wreg, status,2, status,0, pclath, cstack
  2632 ;; Tracked objects:
  2633 ;;		On entry : 0/0
  2634 ;;		On exit  : 0/0
  2635 ;;		Unchanged: 0/0
  2636 ;; Data sizes:     COMMON   BANK0   BANK1   BANK2
  2637 ;;      Params:         0       0       0       0
  2638 ;;      Locals:         0       0       0       0
  2639 ;;      Temps:          0       0       0       0
  2640 ;;      Totals:         0       0       0       0
  2641 ;;Total ram usage:        0 bytes
  2642 ;; Hardware stack levels used: 1
  2643 ;; Hardware stack levels required when called: 5
  2644 ;; This function calls:
  2645 ;;		_EUSART1_SetErrorHandler
  2646 ;;		_EUSART1_SetFramingErrorHandler
  2647 ;;		_EUSART1_SetOverrunErrorHandler
  2648 ;;		_EUSART1_SetRxInterruptHandler
  2649 ;;		_EUSART1_SetTxInterruptHandler
  2650 ;; This function is called by:
  2651 ;;		_SYSTEM_Initialize
  2652 ;; This function uses a non-reentrant model
  2653 ;;
  2654                           
  2655     039F                     _EUSART1_Initialize:	
  2656                           ;psect for function _EUSART1_Initialize
  2657                           
  2658     039F                     l2144:	
  2659                           ;incstack = 0
  2660                           ; Regs used in _EUSART1_Initialize: [wreg+status,2+status,0+pclath+cstack]
  2661                           
  2662                           
  2663                           ;mcc_generated_files/eusart1.c: 91:     PIE1bits.RC1IE = 0;
  2664     039F  014E               	movlb	14	; select bank14
  2665     03A0  1217               	bcf	23,4	;volatile
  2666     03A1                     l2146:
  2667                           
  2668                           ;mcc_generated_files/eusart1.c: 92:     EUSART1_SetRxInterruptHandler(EUSART1_Receive_IS
      +                          R);
  2669     03A1  30DD               	movlw	low _EUSART1_Receive_ISR
  2670     03A2  00F0               	movwf	EUSART1_SetRxInterruptHandler@interruptHandler
  2671     03A3  3003               	movlw	high _EUSART1_Receive_ISR
  2672     03A4  00F1               	movwf	EUSART1_SetRxInterruptHandler@interruptHandler+1
  2673     03A5  3186  2628  3183   	fcall	_EUSART1_SetRxInterruptHandler
  2674     03A8                     l2148:
  2675                           
  2676                           ;mcc_generated_files/eusart1.c: 93:     PIE1bits.TX1IE = 0;
  2677     03A8  014E               	movlb	14	; select bank14
  2678     03A9  1197               	bcf	23,3	;volatile
  2679                           
  2680                           ;mcc_generated_files/eusart1.c: 94:     EUSART1_SetTxInterruptHandler(EUSART1_Transmit_I
      +                          SR);
  2681     03AA  30F8               	movlw	low _EUSART1_Transmit_ISR
  2682     03AB  00F0               	movwf	EUSART1_SetTxInterruptHandler@interruptHandler
  2683     03AC  3004               	movlw	high _EUSART1_Transmit_ISR
  2684     03AD  00F1               	movwf	EUSART1_SetTxInterruptHandler@interruptHandler+1
  2685     03AE  3186  2622  3183   	fcall	_EUSART1_SetTxInterruptHandler
  2686     03B1                     l2150:
  2687                           
  2688                           ;mcc_generated_files/eusart1.c: 98:     BAUD1CON = 0x09;
  2689     03B1  3009               	movlw	9
  2690     03B2  0142               	movlb	2	; select bank2
  2691     03B3  009F               	movwf	31	;volatile
  2692     03B4                     l2152:
  2693                           
  2694                           ;mcc_generated_files/eusart1.c: 101:     RC1STA = 0x90;
  2695     03B4  3090               	movlw	144
  2696     03B5  009D               	movwf	29	;volatile
  2697     03B6                     l2154:
  2698                           
  2699                           ;mcc_generated_files/eusart1.c: 104:     TX1STA = 0x24;
  2700     03B6  3024               	movlw	36
  2701     03B7  009E               	movwf	30	;volatile
  2702     03B8                     l2156:
  2703                           
  2704                           ;mcc_generated_files/eusart1.c: 107:     SP1BRGL = 0xFF;
  2705     03B8  30FF               	movlw	255
  2706     03B9  009B               	movwf	27	;volatile
  2707     03BA                     l2158:
  2708                           
  2709                           ;mcc_generated_files/eusart1.c: 110:     SP1BRGH = 0x02;
  2710     03BA  3002               	movlw	2
  2711     03BB  009C               	movwf	28	;volatile
  2712                           
  2713                           ;mcc_generated_files/eusart1.c: 113:     EUSART1_SetFramingErrorHandler(EUSART1_DefaultF
      +                          ramingErrorHandler);
  2714     03BC  3086               	movlw	low _EUSART1_DefaultFramingErrorHandler
  2715     03BD  00F0               	movwf	EUSART1_SetFramingErrorHandler@interruptHandler
  2716     03BE  3006               	movlw	high _EUSART1_DefaultFramingErrorHandler
  2717     03BF  00F1               	movwf	EUSART1_SetFramingErrorHandler@interruptHandler+1
  2718     03C0  3186  2634  3183   	fcall	_EUSART1_SetFramingErrorHandler
  2719                           
  2720                           ;mcc_generated_files/eusart1.c: 114:     EUSART1_SetOverrunErrorHandler(EUSART1_DefaultO
      +                          verrunErrorHandler);
  2721     03C3  305E               	movlw	low _EUSART1_DefaultOverrunErrorHandler
  2722     03C4  00F0               	movwf	EUSART1_SetOverrunErrorHandler@interruptHandler
  2723     03C5  3006               	movlw	high _EUSART1_DefaultOverrunErrorHandler
  2724     03C6  00F1               	movwf	EUSART1_SetOverrunErrorHandler@interruptHandler+1
  2725     03C7  3186  262E  3183   	fcall	_EUSART1_SetOverrunErrorHandler
  2726                           
  2727                           ;mcc_generated_files/eusart1.c: 115:     EUSART1_SetErrorHandler(EUSART1_DefaultErrorHan
      +                          dler);
  2728     03CA  3062               	movlw	low _EUSART1_DefaultErrorHandler
  2729     03CB  00F0               	movwf	EUSART1_SetErrorHandler@interruptHandler
  2730     03CC  3006               	movlw	high _EUSART1_DefaultErrorHandler
  2731     03CD  00F1               	movwf	EUSART1_SetErrorHandler@interruptHandler+1
  2732     03CE  3186  263A  3183   	fcall	_EUSART1_SetErrorHandler
  2733     03D1                     l2160:
  2734                           
  2735                           ;mcc_generated_files/eusart1.c: 117:     eusart1RxLastError.status = 0;
  2736     03D1  0140               	movlb	0	; select bank0
  2737     03D2  01B8               	clrf	_eusart1RxLastError	;volatile
  2738     03D3                     l2162:
  2739                           
  2740                           ;mcc_generated_files/eusart1.c: 120:     eusart1TxHead = 0;
  2741     03D3  01BE               	clrf	_eusart1TxHead	;volatile
  2742     03D4                     l2164:
  2743                           
  2744                           ;mcc_generated_files/eusart1.c: 121:     eusart1TxTail = 0;
  2745     03D4  01BD               	clrf	_eusart1TxTail	;volatile
  2746     03D5                     l2166:
  2747                           
  2748                           ;mcc_generated_files/eusart1.c: 122:     eusart1TxBufferRemaining = sizeof(eusart1TxBuff
      +                          er);
  2749     03D5  3008               	movlw	8
  2750     03D6  00BC               	movwf	_eusart1TxBufferRemaining	;volatile
  2751     03D7                     l2168:
  2752                           
  2753                           ;mcc_generated_files/eusart1.c: 124:     eusart1RxHead = 0;
  2754     03D7  01BB               	clrf	_eusart1RxHead	;volatile
  2755     03D8                     l2170:
  2756                           
  2757                           ;mcc_generated_files/eusart1.c: 125:     eusart1RxTail = 0;
  2758     03D8  01BA               	clrf	_eusart1RxTail	;volatile
  2759     03D9                     l2172:
  2760                           
  2761                           ;mcc_generated_files/eusart1.c: 126:     eusart1RxCount = 0;
  2762     03D9  01B9               	clrf	_eusart1RxCount	;volatile
  2763     03DA                     l2174:
  2764                           
  2765                           ;mcc_generated_files/eusart1.c: 129:     PIE1bits.RC1IE = 1;
  2766     03DA  014E               	movlb	14	; select bank14
  2767     03DB  1617               	bsf	23,4	;volatile
  2768     03DC                     l355:
  2769     03DC  0008               	return
  2770     03DD                     __end_of_EUSART1_Initialize:
  2771                           
  2772                           	psect	text11
  2773     0622                     __ptext11:	
  2774 ;; *************** function _EUSART1_SetTxInterruptHandler *****************
  2775 ;; Defined at:
  2776 ;;		line 276 in file "mcc_generated_files/eusart1.c"
  2777 ;; Parameters:    Size  Location     Type
  2778 ;;  interruptHan    2    0[COMMON] PTR FTN()void 
  2779 ;;		 -> EUSART1_Transmit_ISR(1), 
  2780 ;; Auto vars:     Size  Location     Type
  2781 ;;		None
  2782 ;; Return value:  Size  Location     Type
  2783 ;;                  1    wreg      void 
  2784 ;; Registers used:
  2785 ;;		wreg
  2786 ;; Tracked objects:
  2787 ;;		On entry : 0/0
  2788 ;;		On exit  : 0/0
  2789 ;;		Unchanged: 0/0
  2790 ;; Data sizes:     COMMON   BANK0   BANK1   BANK2
  2791 ;;      Params:         2       0       0       0
  2792 ;;      Locals:         0       0       0       0
  2793 ;;      Temps:          0       0       0       0
  2794 ;;      Totals:         2       0       0       0
  2795 ;;Total ram usage:        2 bytes
  2796 ;; Hardware stack levels used: 1
  2797 ;; Hardware stack levels required when called: 4
  2798 ;; This function calls:
  2799 ;;		Nothing
  2800 ;; This function is called by:
  2801 ;;		_EUSART1_Initialize
  2802 ;; This function uses a non-reentrant model
  2803 ;;
  2804                           
  2805     0622                     _EUSART1_SetTxInterruptHandler:	
  2806                           ;psect for function _EUSART1_SetTxInterruptHandler
  2807                           
  2808     0622                     l1948:	
  2809                           ;incstack = 0
  2810                           ; Regs used in _EUSART1_SetTxInterruptHandler: [wreg]
  2811                           
  2812                           
  2813                           ;mcc_generated_files/eusart1.c: 277:     EUSART1_TxDefaultInterruptHandler = interruptHa
      +                          ndler;
  2814     0622  0871               	movf	EUSART1_SetTxInterruptHandler@interruptHandler+1,w
  2815     0623  0140               	movlb	0	; select bank0
  2816     0624  00DE               	movwf	_EUSART1_TxDefaultInterruptHandler+1
  2817     0625  0870               	movf	EUSART1_SetTxInterruptHandler@interruptHandler,w
  2818     0626  00DD               	movwf	_EUSART1_TxDefaultInterruptHandler
  2819     0627                     l421:
  2820     0627  0008               	return
  2821     0628                     __end_of_EUSART1_SetTxInterruptHandler:
  2822                           
  2823                           	psect	text12
  2824     0628                     __ptext12:	
  2825 ;; *************** function _EUSART1_SetRxInterruptHandler *****************
  2826 ;; Defined at:
  2827 ;;		line 280 in file "mcc_generated_files/eusart1.c"
  2828 ;; Parameters:    Size  Location     Type
  2829 ;;  interruptHan    2    0[COMMON] PTR FTN()void 
  2830 ;;		 -> EUSART1_Receive_ISR(1), 
  2831 ;; Auto vars:     Size  Location     Type
  2832 ;;		None
  2833 ;; Return value:  Size  Location     Type
  2834 ;;                  1    wreg      void 
  2835 ;; Registers used:
  2836 ;;		wreg
  2837 ;; Tracked objects:
  2838 ;;		On entry : 0/0
  2839 ;;		On exit  : 0/0
  2840 ;;		Unchanged: 0/0
  2841 ;; Data sizes:     COMMON   BANK0   BANK1   BANK2
  2842 ;;      Params:         2       0       0       0
  2843 ;;      Locals:         0       0       0       0
  2844 ;;      Temps:          0       0       0       0
  2845 ;;      Totals:         2       0       0       0
  2846 ;;Total ram usage:        2 bytes
  2847 ;; Hardware stack levels used: 1
  2848 ;; Hardware stack levels required when called: 4
  2849 ;; This function calls:
  2850 ;;		Nothing
  2851 ;; This function is called by:
  2852 ;;		_EUSART1_Initialize
  2853 ;; This function uses a non-reentrant model
  2854 ;;
  2855                           
  2856     0628                     _EUSART1_SetRxInterruptHandler:	
  2857                           ;psect for function _EUSART1_SetRxInterruptHandler
  2858                           
  2859     0628                     l1946:	
  2860                           ;incstack = 0
  2861                           ; Regs used in _EUSART1_SetRxInterruptHandler: [wreg]
  2862                           
  2863                           
  2864                           ;mcc_generated_files/eusart1.c: 281:     EUSART1_RxDefaultInterruptHandler = interruptHa
      +                          ndler;
  2865     0628  0871               	movf	EUSART1_SetRxInterruptHandler@interruptHandler+1,w
  2866     0629  0140               	movlb	0	; select bank0
  2867     062A  00DC               	movwf	_EUSART1_RxDefaultInterruptHandler+1
  2868     062B  0870               	movf	EUSART1_SetRxInterruptHandler@interruptHandler,w
  2869     062C  00DB               	movwf	_EUSART1_RxDefaultInterruptHandler
  2870     062D                     l424:
  2871     062D  0008               	return
  2872     062E                     __end_of_EUSART1_SetRxInterruptHandler:
  2873                           
  2874                           	psect	text13
  2875     062E                     __ptext13:	
  2876 ;; *************** function _EUSART1_SetOverrunErrorHandler *****************
  2877 ;; Defined at:
  2878 ;;		line 268 in file "mcc_generated_files/eusart1.c"
  2879 ;; Parameters:    Size  Location     Type
  2880 ;;  interruptHan    2    0[COMMON] PTR FTN()void 
  2881 ;;		 -> EUSART1_DefaultOverrunErrorHandler(1), 
  2882 ;; Auto vars:     Size  Location     Type
  2883 ;;		None
  2884 ;; Return value:  Size  Location     Type
  2885 ;;                  1    wreg      void 
  2886 ;; Registers used:
  2887 ;;		wreg
  2888 ;; Tracked objects:
  2889 ;;		On entry : 0/0
  2890 ;;		On exit  : 0/0
  2891 ;;		Unchanged: 0/0
  2892 ;; Data sizes:     COMMON   BANK0   BANK1   BANK2
  2893 ;;      Params:         2       0       0       0
  2894 ;;      Locals:         0       0       0       0
  2895 ;;      Temps:          0       0       0       0
  2896 ;;      Totals:         2       0       0       0
  2897 ;;Total ram usage:        2 bytes
  2898 ;; Hardware stack levels used: 1
  2899 ;; Hardware stack levels required when called: 4
  2900 ;; This function calls:
  2901 ;;		Nothing
  2902 ;; This function is called by:
  2903 ;;		_EUSART1_Initialize
  2904 ;; This function uses a non-reentrant model
  2905 ;;
  2906                           
  2907     062E                     _EUSART1_SetOverrunErrorHandler:	
  2908                           ;psect for function _EUSART1_SetOverrunErrorHandler
  2909                           
  2910     062E                     l1952:	
  2911                           ;incstack = 0
  2912                           ; Regs used in _EUSART1_SetOverrunErrorHandler: [wreg]
  2913                           
  2914                           
  2915                           ;mcc_generated_files/eusart1.c: 269:     EUSART1_OverrunErrorHandler = interruptHandler;
  2916     062E  0871               	movf	EUSART1_SetOverrunErrorHandler@interruptHandler+1,w
  2917     062F  0140               	movlb	0	; select bank0
  2918     0630  00D8               	movwf	_EUSART1_OverrunErrorHandler+1
  2919     0631  0870               	movf	EUSART1_SetOverrunErrorHandler@interruptHandler,w
  2920     0632  00D7               	movwf	_EUSART1_OverrunErrorHandler
  2921     0633                     l415:
  2922     0633  0008               	return
  2923     0634                     __end_of_EUSART1_SetOverrunErrorHandler:
  2924                           
  2925                           	psect	text14
  2926     0634                     __ptext14:	
  2927 ;; *************** function _EUSART1_SetFramingErrorHandler *****************
  2928 ;; Defined at:
  2929 ;;		line 264 in file "mcc_generated_files/eusart1.c"
  2930 ;; Parameters:    Size  Location     Type
  2931 ;;  interruptHan    2    0[COMMON] PTR FTN()void 
  2932 ;;		 -> EUSART1_DefaultFramingErrorHandler(1), 
  2933 ;; Auto vars:     Size  Location     Type
  2934 ;;		None
  2935 ;; Return value:  Size  Location     Type
  2936 ;;                  1    wreg      void 
  2937 ;; Registers used:
  2938 ;;		wreg
  2939 ;; Tracked objects:
  2940 ;;		On entry : 0/0
  2941 ;;		On exit  : 0/0
  2942 ;;		Unchanged: 0/0
  2943 ;; Data sizes:     COMMON   BANK0   BANK1   BANK2
  2944 ;;      Params:         2       0       0       0
  2945 ;;      Locals:         0       0       0       0
  2946 ;;      Temps:          0       0       0       0
  2947 ;;      Totals:         2       0       0       0
  2948 ;;Total ram usage:        2 bytes
  2949 ;; Hardware stack levels used: 1
  2950 ;; Hardware stack levels required when called: 4
  2951 ;; This function calls:
  2952 ;;		Nothing
  2953 ;; This function is called by:
  2954 ;;		_EUSART1_Initialize
  2955 ;; This function uses a non-reentrant model
  2956 ;;
  2957                           
  2958     0634                     _EUSART1_SetFramingErrorHandler:	
  2959                           ;psect for function _EUSART1_SetFramingErrorHandler
  2960                           
  2961     0634                     l1950:	
  2962                           ;incstack = 0
  2963                           ; Regs used in _EUSART1_SetFramingErrorHandler: [wreg]
  2964                           
  2965                           
  2966                           ;mcc_generated_files/eusart1.c: 265:     EUSART1_FramingErrorHandler = interruptHandler;
  2967     0634  0871               	movf	EUSART1_SetFramingErrorHandler@interruptHandler+1,w
  2968     0635  0140               	movlb	0	; select bank0
  2969     0636  00DA               	movwf	_EUSART1_FramingErrorHandler+1
  2970     0637  0870               	movf	EUSART1_SetFramingErrorHandler@interruptHandler,w
  2971     0638  00D9               	movwf	_EUSART1_FramingErrorHandler
  2972     0639                     l412:
  2973     0639  0008               	return
  2974     063A                     __end_of_EUSART1_SetFramingErrorHandler:
  2975                           
  2976                           	psect	text15
  2977     063A                     __ptext15:	
  2978 ;; *************** function _EUSART1_SetErrorHandler *****************
  2979 ;; Defined at:
  2980 ;;		line 272 in file "mcc_generated_files/eusart1.c"
  2981 ;; Parameters:    Size  Location     Type
  2982 ;;  interruptHan    2    0[COMMON] PTR FTN()void 
  2983 ;;		 -> EUSART1_DefaultErrorHandler(1), 
  2984 ;; Auto vars:     Size  Location     Type
  2985 ;;		None
  2986 ;; Return value:  Size  Location     Type
  2987 ;;                  1    wreg      void 
  2988 ;; Registers used:
  2989 ;;		wreg
  2990 ;; Tracked objects:
  2991 ;;		On entry : 0/0
  2992 ;;		On exit  : 0/0
  2993 ;;		Unchanged: 0/0
  2994 ;; Data sizes:     COMMON   BANK0   BANK1   BANK2
  2995 ;;      Params:         2       0       0       0
  2996 ;;      Locals:         0       0       0       0
  2997 ;;      Temps:          0       0       0       0
  2998 ;;      Totals:         2       0       0       0
  2999 ;;Total ram usage:        2 bytes
  3000 ;; Hardware stack levels used: 1
  3001 ;; Hardware stack levels required when called: 4
  3002 ;; This function calls:
  3003 ;;		Nothing
  3004 ;; This function is called by:
  3005 ;;		_EUSART1_Initialize
  3006 ;; This function uses a non-reentrant model
  3007 ;;
  3008                           
  3009     063A                     _EUSART1_SetErrorHandler:	
  3010                           ;psect for function _EUSART1_SetErrorHandler
  3011                           
  3012     063A                     l1954:	
  3013                           ;incstack = 0
  3014                           ; Regs used in _EUSART1_SetErrorHandler: [wreg]
  3015                           
  3016                           
  3017                           ;mcc_generated_files/eusart1.c: 273:     EUSART1_ErrorHandler = interruptHandler;
  3018     063A  0871               	movf	EUSART1_SetErrorHandler@interruptHandler+1,w
  3019     063B  0140               	movlb	0	; select bank0
  3020     063C  00D6               	movwf	_EUSART1_ErrorHandler+1
  3021     063D  0870               	movf	EUSART1_SetErrorHandler@interruptHandler,w
  3022     063E  00D5               	movwf	_EUSART1_ErrorHandler
  3023     063F                     l418:
  3024     063F  0008               	return
  3025     0640                     __end_of_EUSART1_SetErrorHandler:
  3026                           
  3027                           	psect	text16
  3028     004F                     __ptext16:	
  3029 ;; *************** function _LIN_handler *****************
  3030 ;; Defined at:
  3031 ;;		line 91 in file "mcc_generated_files/LINDrivers/lin_slave.c"
  3032 ;; Parameters:    Size  Location     Type
  3033 ;;		None
  3034 ;; Auto vars:     Size  Location     Type
  3035 ;;		None
  3036 ;; Return value:  Size  Location     Type
  3037 ;;                  1    wreg      enum E204
  3038 ;; Registers used:
  3039 ;;		wreg, fsr0l, fsr0h, fsr1l, fsr1h, status,2, status,0, pclath, cstack
  3040 ;; Tracked objects:
  3041 ;;		On entry : 0/0
  3042 ;;		On exit  : 0/0
  3043 ;;		Unchanged: 0/0
  3044 ;; Data sizes:     COMMON   BANK0   BANK1   BANK2
  3045 ;;      Params:         0       0       0       0
  3046 ;;      Locals:         0       0       0       0
  3047 ;;      Temps:          0       0       5       0
  3048 ;;      Totals:         0       0       5       0
  3049 ;;Total ram usage:        5 bytes
  3050 ;; Hardware stack levels used: 1
  3051 ;; Hardware stack levels required when called: 7
  3052 ;; This function calls:
  3053 ;;		NULL
  3054 ;;		_EUSART1_Read
  3055 ;;		_EUSART1_is_rx_ready
  3056 ;;		_LIN_breakCheck
  3057 ;;		_LIN_checkPID
  3058 ;;		_LIN_disableRx
  3059 ;;		_LIN_enableRx
  3060 ;;		_LIN_getChecksum
  3061 ;;		_LIN_getFromTable
  3062 ;;		_LIN_queuePacket
  3063 ;;		_LIN_startTimer
  3064 ;;		_LIN_stopTimer
  3065 ;;		_memset
  3066 ;;		_processLIN
  3067 ;; This function is called by:
  3068 ;;		_main
  3069 ;; This function uses a non-reentrant model
  3070 ;;
  3071                           
  3072     004F                     _LIN_handler:	
  3073                           ;psect for function _LIN_handler
  3074                           
  3075     004F                     l2434:	
  3076                           ;incstack = 0
  3077                           ; Regs used in _LIN_handler: [wreg-fsr1h+status,2+status,0+pclath+cstack]
  3078                           
  3079                           
  3080                           ;mcc_generated_files/LINDrivers/lin_slave.c: 92:     static lin_rx_state_t LIN_rxState =
      +                           LIN_RX_IDLE;;mcc_generated_files/LINDrivers/lin_slave.c: 93:     static uint8_t rxDataI
      +                          ndex = 0;;mcc_generated_files/LINDrivers/lin_slave.c: 95:     if(LIN_rxInProgress == 1){
  3081     004F  0140               	movlb	0	; select bank0
  3082     0050  0343               	decf	_LIN_rxInProgress,w
  3083     0051  1D03               	btfss	3,2
  3084     0052  2854               	goto	u1991
  3085     0053  2855               	goto	u1990
  3086     0054                     u1991:
  3087     0054  295F               	goto	l2516
  3088     0055                     u1990:
  3089     0055                     l2436:
  3090                           
  3091                           ;mcc_generated_files/LINDrivers/lin_slave.c: 96:         if(LIN_timerRunning == 0){
  3092     0055  0842               	movf	_LIN_timerRunning,w
  3093     0056  1D03               	btfss	3,2
  3094     0057  2859               	goto	u2001
  3095     0058  285A               	goto	u2000
  3096     0059                     u2001:
  3097     0059  295F               	goto	l2516
  3098     005A                     u2000:
  3099     005A                     l2438:
  3100                           
  3101                           ;mcc_generated_files/LINDrivers/lin_slave.c: 98:             LIN_rxState = LIN_RX_ERROR;
  3102     005A  3008               	movlw	8
  3103     005B  00C0               	movwf	LIN_handler@LIN_rxState
  3104     005C  295F               	goto	l2516
  3105     005D                     l2440:
  3106                           
  3107                           ;mcc_generated_files/LINDrivers/lin_slave.c: 104:             if(EUSART1_is_rx_ready() >
      +                           0){
  3108     005D  3185  25FF  3180   	fcall	_EUSART1_is_rx_ready
  3109     0060  3A00               	xorlw	0
  3110     0061  1903               	skipnz
  3111     0062  2864               	goto	u2011
  3112     0063  2865               	goto	u2010
  3113     0064                     u2011:
  3114     0064  2988               	goto	l219
  3115     0065                     u2010:
  3116     0065                     l2442:
  3117                           
  3118                           ;mcc_generated_files/LINDrivers/lin_slave.c: 106:                 LIN_startTimer(20);
  3119     0065  3014               	movlw	20
  3120     0066  3185  25DB  3180   	fcall	_LIN_startTimer
  3121     0069                     l2444:
  3122                           
  3123                           ;mcc_generated_files/LINDrivers/lin_slave.c: 107:                 LIN_rxInProgress = 1;
  3124     0069  3001               	movlw	1
  3125     006A  0140               	movlb	0	; select bank0
  3126     006B  00C3               	movwf	_LIN_rxInProgress
  3127     006C                     l2446:
  3128                           
  3129                           ;mcc_generated_files/LINDrivers/lin_slave.c: 108:                 LIN_rxState = LIN_RX_B
      +                          REAK;
  3130     006C  3001               	movlw	1
  3131     006D  00C0               	movwf	LIN_handler@LIN_rxState
  3132     006E  2988               	goto	l219
  3133     006F                     l2448:
  3134                           
  3135                           ;mcc_generated_files/LINDrivers/lin_slave.c: 112:             if(EUSART1_is_rx_ready() >
      +                           0){
  3136     006F  3185  25FF  3180   	fcall	_EUSART1_is_rx_ready
  3137     0072  3A00               	xorlw	0
  3138     0073  1903               	skipnz
  3139     0074  2876               	goto	u2021
  3140     0075  2877               	goto	u2020
  3141     0076                     u2021:
  3142     0076  2988               	goto	l219
  3143     0077                     u2020:
  3144     0077                     l2450:
  3145                           
  3146                           ;mcc_generated_files/LINDrivers/lin_slave.c: 113:                 if(LIN_breakCheck() ==
      +                           1){
  3147     0077  3185  25AC  3180   	fcall	_LIN_breakCheck
  3148     007A  3A01               	xorlw	1
  3149     007B  1D03               	skipz
  3150     007C  287E               	goto	u2031
  3151     007D  287F               	goto	u2030
  3152     007E                     u2031:
  3153     007E  2883               	goto	l195
  3154     007F                     u2030:
  3155     007F                     l2452:
  3156                           
  3157                           ;mcc_generated_files/LINDrivers/lin_slave.c: 114:                     LIN_rxState = LIN_
      +                          RX_SYNC;
  3158     007F  3002               	movlw	2
  3159     0080  0140               	movlb	0	; select bank0
  3160     0081  00C0               	movwf	LIN_handler@LIN_rxState
  3161                           
  3162                           ;mcc_generated_files/LINDrivers/lin_slave.c: 115:                 } else {
  3163     0082  2988               	goto	l219
  3164     0083                     l195:
  3165                           
  3166                           ;mcc_generated_files/LINDrivers/lin_slave.c: 116:                     LIN_rxState = LIN_
      +                          RX_ERROR;
  3167     0083  3008               	movlw	8
  3168     0084  0140               	movlb	0	; select bank0
  3169     0085  00C0               	movwf	LIN_handler@LIN_rxState
  3170     0086  2988               	goto	l219
  3171     0087                     l2454:
  3172                           
  3173                           ;mcc_generated_files/LINDrivers/lin_slave.c: 121:             if(EUSART1_is_rx_ready() >
      +                           0){
  3174     0087  3185  25FF  3180   	fcall	_EUSART1_is_rx_ready
  3175     008A  3A00               	xorlw	0
  3176     008B  1903               	skipnz
  3177     008C  288E               	goto	u2041
  3178     008D  288F               	goto	u2040
  3179     008E                     u2041:
  3180     008E  2988               	goto	l219
  3181     008F                     u2040:
  3182     008F                     l2456:
  3183                           
  3184                           ;mcc_generated_files/LINDrivers/lin_slave.c: 122:                 if(EUSART1_Read() == 0
      +                          x55){
  3185     008F  3184  246F  3180   	fcall	_EUSART1_Read
  3186     0092  3A55               	xorlw	85
  3187     0093  1D03               	skipz
  3188     0094  2896               	goto	u2051
  3189     0095  2897               	goto	u2050
  3190     0096                     u2051:
  3191     0096  2883               	goto	l195
  3192     0097                     u2050:
  3193     0097                     l2458:
  3194                           
  3195                           ;mcc_generated_files/LINDrivers/lin_slave.c: 123:                     LIN_rxState = LIN_
      +                          RX_PID;
  3196     0097  3003               	movlw	3
  3197     0098  0140               	movlb	0	; select bank0
  3198     0099  00C0               	movwf	LIN_handler@LIN_rxState
  3199                           
  3200                           ;mcc_generated_files/LINDrivers/lin_slave.c: 124:                 } else {
  3201     009A  2988               	goto	l219
  3202     009B                     l2460:
  3203                           
  3204                           ;mcc_generated_files/LINDrivers/lin_slave.c: 130:             if(EUSART1_is_rx_ready() >
      +                           0){
  3205     009B  3185  25FF  3180   	fcall	_EUSART1_is_rx_ready
  3206     009E  3A00               	xorlw	0
  3207     009F  1903               	skipnz
  3208     00A0  28A2               	goto	u2061
  3209     00A1  28A3               	goto	u2060
  3210     00A2                     u2061:
  3211     00A2  2988               	goto	l219
  3212     00A3                     u2060:
  3213     00A3                     l2462:
  3214                           
  3215                           ;mcc_generated_files/LINDrivers/lin_slave.c: 131:                 LIN_packet.PID = EUSAR
      +                          T1_Read();
  3216     00A3  3184  246F  3180   	fcall	_EUSART1_Read
  3217     00A6  0140               	movlb	0	; select bank0
  3218     00A7  00C6               	movwf	_LIN_packet
  3219     00A8                     l2464:
  3220                           
  3221                           ;mcc_generated_files/LINDrivers/lin_slave.c: 134:                 if(LIN_checkPID(LIN_pa
      +                          cket.PID) == 0){
  3222     00A8  0846               	movf	_LIN_packet,w
  3223     00A9  3185  2516  3180   	fcall	_LIN_checkPID
  3224     00AC  3A00               	xorlw	0
  3225     00AD  1D03               	skipz
  3226     00AE  28B0               	goto	u2071
  3227     00AF  28B1               	goto	u2070
  3228     00B0                     u2071:
  3229     00B0  28B2               	goto	l2468
  3230     00B1                     u2070:
  3231     00B1  2883               	goto	l195
  3232     00B2                     l2468:
  3233                           
  3234                           ;mcc_generated_files/LINDrivers/lin_slave.c: 138:                 LIN_packet.type = LIN_
      +                          getFromTable(LIN_packet.PID, TYPE);
  3235     00B2  01F0               	clrf	LIN_getFromTable@param
  3236     00B3  0AF0               	incf	LIN_getFromTable@param,f
  3237     00B4  0140               	movlb	0	; select bank0
  3238     00B5  0846               	movf	_LIN_packet,w
  3239     00B6  3183  2341  3180   	fcall	_LIN_getFromTable
  3240     00B9  0140               	movlb	0	; select bank0
  3241     00BA  00D0               	movwf	_LIN_packet+10
  3242     00BB                     l2470:
  3243                           
  3244                           ;mcc_generated_files/LINDrivers/lin_slave.c: 139:                 if(LIN_packet.type == 
      +                          RECEIVE){
  3245     00BB  0350               	decf	_LIN_packet+10,w
  3246     00BC  1D03               	btfss	3,2
  3247     00BD  28BF               	goto	u2081
  3248     00BE  28C0               	goto	u2080
  3249     00BF                     u2081:
  3250     00BF  28CB               	goto	l2476
  3251     00C0                     u2080:
  3252     00C0                     l2472:
  3253                           
  3254                           ;mcc_generated_files/LINDrivers/lin_slave.c: 140:                     LIN_packet.length 
      +                          = LIN_getFromTable(LIN_packet.PID, LENGTH);
  3255     00C0  3002               	movlw	2
  3256     00C1  00F0               	movwf	LIN_getFromTable@param
  3257     00C2  0846               	movf	_LIN_packet,w
  3258     00C3  3183  2341  3180   	fcall	_LIN_getFromTable
  3259     00C6  0140               	movlb	0	; select bank0
  3260     00C7  00D1               	movwf	_LIN_packet+11
  3261     00C8                     l2474:
  3262                           
  3263                           ;mcc_generated_files/LINDrivers/lin_slave.c: 141:                     LIN_rxState = LIN_
      +                          RX_DATA;
  3264     00C8  3004               	movlw	4
  3265     00C9  00C0               	movwf	LIN_handler@LIN_rxState
  3266                           
  3267                           ;mcc_generated_files/LINDrivers/lin_slave.c: 142:                 }
  3268     00CA  2988               	goto	l219
  3269     00CB                     l2476:
  3270                           
  3271                           ;mcc_generated_files/LINDrivers/lin_slave.c: 144:                     LIN_disableRx();
  3272     00CB  3186  2654  3180   	fcall	_LIN_disableRx
  3273     00CE                     l2478:
  3274                           
  3275                           ;mcc_generated_files/LINDrivers/lin_slave.c: 145:                     LIN_rxState = LIN_
      +                          RX_TX_DATA;
  3276     00CE  3006               	movlw	6
  3277     00CF  0140               	movlb	0	; select bank0
  3278     00D0  00C0               	movwf	LIN_handler@LIN_rxState
  3279     00D1  2988               	goto	l219
  3280     00D2                     l2480:
  3281                           
  3282                           ;mcc_generated_files/LINDrivers/lin_slave.c: 150:             if(EUSART1_is_rx_ready() >
      +                           0){
  3283     00D2  3185  25FF  3180   	fcall	_EUSART1_is_rx_ready
  3284     00D5  3A00               	xorlw	0
  3285     00D6  1903               	skipnz
  3286     00D7  28D9               	goto	u2091
  3287     00D8  28DA               	goto	u2090
  3288     00D9                     u2091:
  3289     00D9  2988               	goto	l219
  3290     00DA                     u2090:
  3291     00DA                     l2482:
  3292                           
  3293                           ;mcc_generated_files/LINDrivers/lin_slave.c: 151:                 LIN_packet.data[rxData
      +                          Index] = EUSART1_Read();
  3294     00DA  3184  246F  3180   	fcall	_EUSART1_Read
  3295     00DD  0141               	movlb	1	; select bank1
  3296     00DE  00A8               	movwf	??_LIN_handler^(0+128)
  3297     00DF  3047               	movlw	low (_LIN_packet+1)
  3298     00E0  00A9               	movwf	(??_LIN_handler+1)^(0+128)
  3299     00E1  3000               	movlw	high (_LIN_packet+1)
  3300     00E2  00AA               	movwf	((??_LIN_handler+1)^(0+128)+1)
  3301     00E3  0140               	movlb	0	; select bank0
  3302     00E4  083F               	movf	LIN_handler@rxDataIndex,w
  3303     00E5  0141               	movlb	1	; select bank1
  3304     00E6  0729               	addwf	(??_LIN_handler+1)^(0+128),w
  3305     00E7  00AB               	movwf	(??_LIN_handler+3)^(0+128)
  3306     00E8  3000               	movlw	0
  3307     00E9  3D2A               	addwfc	(??_LIN_handler+2)^(0+128),w
  3308     00EA  00AC               	movwf	(??_LIN_handler+4)^(0+128)
  3309     00EB  082B               	movf	(??_LIN_handler+3)^(0+128),w
  3310     00EC  0086               	movwf	6
  3311     00ED  082C               	movf	(??_LIN_handler+4)^(0+128),w
  3312     00EE  0087               	movwf	7
  3313     00EF  0828               	movf	??_LIN_handler^(0+128),w
  3314     00F0  0081               	movwf	1
  3315     00F1                     l2484:
  3316                           
  3317                           ;mcc_generated_files/LINDrivers/lin_slave.c: 152:                 if(++rxDataIndex >= LI
      +                          N_packet.length){
  3318     00F1  0140               	movlb	0	; select bank0
  3319     00F2  0851               	movf	_LIN_packet+11,w
  3320     00F3  0141               	movlb	1	; select bank1
  3321     00F4  00A8               	movwf	??_LIN_handler^(0+128)
  3322     00F5  01A9               	clrf	(??_LIN_handler^(0+128)+1)
  3323     00F6  1BA8               	btfsc	??_LIN_handler^(0+128),7
  3324     00F7  03A9               	decf	(??_LIN_handler^(0+128)+1),f
  3325     00F8  3001               	movlw	1
  3326     00F9  0140               	movlb	0	; select bank0
  3327     00FA  07BF               	addwf	LIN_handler@rxDataIndex,f
  3328     00FB  0141               	movlb	1	; select bank1
  3329     00FC  0829               	movf	(??_LIN_handler+1)^(0+128),w
  3330     00FD  3A80               	xorlw	128
  3331     00FE  3C80               	sublw	128
  3332     00FF  1D03               	skipz
  3333     0100  2904               	goto	u2105
  3334     0101  0828               	movf	??_LIN_handler^(0+128),w
  3335     0102  0140               	movlb	0	; select bank0
  3336     0103  023F               	subwf	LIN_handler@rxDataIndex,w
  3337     0104                     u2105:
  3338     0104  1C03               	skipc
  3339     0105  2907               	goto	u2101
  3340     0106  2908               	goto	u2100
  3341     0107                     u2101:
  3342     0107  2988               	goto	l219
  3343     0108                     u2100:
  3344     0108                     l2486:
  3345                           
  3346                           ;mcc_generated_files/LINDrivers/lin_slave.c: 154:                     rxDataIndex = 0;
  3347     0108  0140               	movlb	0	; select bank0
  3348     0109  01BF               	clrf	LIN_handler@rxDataIndex
  3349     010A                     l2488:
  3350                           
  3351                           ;mcc_generated_files/LINDrivers/lin_slave.c: 155:                     LIN_rxState = LIN_
      +                          RX_CHECKSUM;
  3352     010A  3005               	movlw	5
  3353     010B  00C0               	movwf	LIN_handler@LIN_rxState
  3354     010C  2988               	goto	l219
  3355     010D                     l2490:
  3356                           
  3357                           ;mcc_generated_files/LINDrivers/lin_slave.c: 160:             if(EUSART1_is_rx_ready() >
      +                           0){
  3358     010D  3185  25FF  3180   	fcall	_EUSART1_is_rx_ready
  3359     0110  3A00               	xorlw	0
  3360     0111  1903               	skipnz
  3361     0112  2914               	goto	u2111
  3362     0113  2915               	goto	u2110
  3363     0114                     u2111:
  3364     0114  2988               	goto	l219
  3365     0115                     u2110:
  3366     0115                     l2492:
  3367                           
  3368                           ;mcc_generated_files/LINDrivers/lin_slave.c: 161:                 LIN_packet.checksum = 
      +                          EUSART1_Read();
  3369     0115  3184  246F  3180   	fcall	_EUSART1_Read
  3370     0118  0140               	movlb	0	; select bank0
  3371     0119  00CF               	movwf	_LIN_packet+9
  3372                           
  3373                           ;mcc_generated_files/LINDrivers/lin_slave.c: 162:                 if(LIN_packet.checksum
      +                           != LIN_getChecksum(LIN_packet.length, LIN_packet.PID, LIN_packet.data)) {
  3374     011A  0846               	movf	_LIN_packet,w
  3375     011B  00F0               	movwf	LIN_getChecksum@pid
  3376     011C  3047               	movlw	low (_LIN_packet+1)
  3377     011D  00F1               	movwf	LIN_getChecksum@data
  3378     011E  3000               	movlw	high (_LIN_packet+1)
  3379     011F  00F2               	movwf	LIN_getChecksum@data+1
  3380     0120  0851               	movf	_LIN_packet+11,w
  3381     0121  3184  2417  3180   	fcall	_LIN_getChecksum
  3382     0124  0140               	movlb	0	; select bank0
  3383     0125  064F               	xorwf	_LIN_packet+9,w
  3384     0126  1903               	skipnz
  3385     0127  2929               	goto	u2121
  3386     0128  292A               	goto	u2120
  3387     0129                     u2121:
  3388     0129  292B               	goto	l211
  3389     012A                     u2120:
  3390     012A  2883               	goto	l195
  3391     012B                     l211:	
  3392                           ;mcc_generated_files/LINDrivers/lin_slave.c: 165:                 else {
  3393                           
  3394                           
  3395                           ;mcc_generated_files/LINDrivers/lin_slave.c: 166:                     LIN_rxState = LIN_
      +                          RX_RDY;
  3396     012B  3007               	movlw	7
  3397     012C  00C0               	movwf	LIN_handler@LIN_rxState
  3398     012D  2988               	goto	l219
  3399     012E                     l2496:
  3400                           
  3401                           ;mcc_generated_files/LINDrivers/lin_slave.c: 171:             LIN_queuePacket(LIN_packet
      +                          .PID);
  3402     012E  0140               	movlb	0	; select bank0
  3403     012F  0846               	movf	_LIN_packet,w
  3404     0130  3182  22DF  3180   	fcall	_LIN_queuePacket
  3405     0133                     l2498:
  3406                           
  3407                           ;mcc_generated_files/LINDrivers/lin_slave.c: 172:             LIN_rxState = LIN_RX_RDY;
  3408     0133  3007               	movlw	7
  3409     0134  0140               	movlb	0	; select bank0
  3410     0135  00C0               	movwf	LIN_handler@LIN_rxState
  3411     0136                     l214:	
  3412                           ;mcc_generated_files/LINDrivers/lin_slave.c: 173:         case LIN_RX_RDY:
  3413                           
  3414                           
  3415                           ;mcc_generated_files/LINDrivers/lin_slave.c: 174:             LIN_processData();
  3416     0136  0140               	movlb	0	; select bank0
  3417     0137  0862               	movf	_LIN_processData+1,w
  3418     0138  008A               	movwf	10
  3419     0139  0861               	movf	_LIN_processData,w
  3420     013A  000A               	callw
  3421     013B  3180               	pagesel	$
  3422     013C                     l2500:
  3423                           
  3424                           ;mcc_generated_files/LINDrivers/lin_slave.c: 176:             LIN_stopTimer();
  3425     013C  3186  2645  3180   	fcall	_LIN_stopTimer
  3426     013F                     l2502:
  3427                           
  3428                           ;mcc_generated_files/LINDrivers/lin_slave.c: 177:             rxDataIndex = 0;
  3429     013F  0140               	movlb	0	; select bank0
  3430     0140  01BF               	clrf	LIN_handler@rxDataIndex
  3431     0141                     l2504:
  3432                           
  3433                           ;mcc_generated_files/LINDrivers/lin_slave.c: 178:             LIN_rxInProgress = 0;
  3434     0141  01C3               	clrf	_LIN_rxInProgress
  3435     0142                     l2506:
  3436                           
  3437                           ;mcc_generated_files/LINDrivers/lin_slave.c: 179:             memset(LIN_packet.rawPacke
      +                          t, 0, sizeof(LIN_packet.rawPacket));
  3438     0142  3046               	movlw	low _LIN_packet
  3439     0143  00F0               	movwf	memset@dest
  3440     0144  3000               	movlw	high _LIN_packet
  3441     0145  00F1               	movwf	memset@dest+1
  3442     0146  3000               	movlw	0
  3443     0147  00F2               	movwf	memset@c
  3444     0148  00F3               	movwf	memset@c+1
  3445     0149  300D               	movlw	13
  3446     014A  00F4               	movwf	memset@n
  3447     014B  3000               	movlw	0
  3448     014C  00F5               	movwf	memset@n+1
  3449     014D  3185  2530  3180   	fcall	_memset
  3450     0150                     l2508:
  3451                           
  3452                           ;mcc_generated_files/LINDrivers/lin_slave.c: 181:             if(TX1STAbits.TRMT){
  3453     0150  0142               	movlb	2	; select bank2
  3454     0151  1C9E               	btfss	30,1	;volatile
  3455     0152  2954               	goto	u2131
  3456     0153  2955               	goto	u2130
  3457     0154                     u2131:
  3458     0154  295B               	goto	l217
  3459     0155                     u2130:
  3460     0155                     l2510:
  3461                           
  3462                           ;mcc_generated_files/LINDrivers/lin_slave.c: 182:                 LIN_enableRx();
  3463     0155  3186  264F  3180   	fcall	_LIN_enableRx
  3464     0158                     l2512:
  3465                           
  3466                           ;mcc_generated_files/LINDrivers/lin_slave.c: 183:                 LIN_rxState = LIN_RX_I
      +                          DLE;
  3467     0158  0140               	movlb	0	; select bank0
  3468     0159  01C0               	clrf	LIN_handler@LIN_rxState
  3469                           
  3470                           ;mcc_generated_files/LINDrivers/lin_slave.c: 184:             } else {
  3471     015A  2988               	goto	l219
  3472     015B                     l217:
  3473                           
  3474                           ;mcc_generated_files/LINDrivers/lin_slave.c: 185:                 LIN_rxState = LIN_RX_W
      +                          AIT;
  3475     015B  3009               	movlw	9
  3476     015C  0140               	movlb	0	; select bank0
  3477     015D  00C0               	movwf	LIN_handler@LIN_rxState
  3478     015E  2988               	goto	l219
  3479     015F                     l2516:
  3480     015F  0840               	movf	LIN_handler@LIN_rxState,w
  3481     0160  0141               	movlb	1	; select bank1
  3482     0161  00A8               	movwf	??_LIN_handler^(0+128)
  3483     0162  01A9               	clrf	(??_LIN_handler^(0+128)+1)
  3484                           
  3485                           ; Switch on 2 bytes has been partitioned into a top level switch of size 1, and 1 sub-sw
      +                          itches
  3486                           ; Switch size 1, requested type "simple"
  3487                           ; Number of cases is 1, Range of values is 0 to 0
  3488                           ; switch strategies available:
  3489                           ; Name         Instructions Cycles
  3490                           ; simple_byte            4     3 (average)
  3491                           ; direct_byte            8     6 (fixed)
  3492                           ; jumptable            260     6 (fixed)
  3493                           ;	Chosen strategy is simple_byte
  3494     0163  0829               	movf	(??_LIN_handler+1)^(0+128),w
  3495     0164  3A00               	xorlw	0	; case 0
  3496     0165  1903               	skipnz
  3497     0166  2968               	goto	l2602
  3498     0167  2988               	goto	l219
  3499     0168                     l2602:
  3500                           
  3501                           ; Switch size 1, requested type "simple"
  3502                           ; Number of cases is 10, Range of values is 0 to 9
  3503                           ; switch strategies available:
  3504                           ; Name         Instructions Cycles
  3505                           ; direct_byte           26     6 (fixed)
  3506                           ; simple_byte           31    16 (average)
  3507                           ; jumptable            260     6 (fixed)
  3508                           ;	Chosen strategy is simple_byte
  3509     0168  0828               	movf	??_LIN_handler^(0+128),w
  3510     0169  3A00               	xorlw	0	; case 0
  3511     016A  1903               	skipnz
  3512     016B  285D               	goto	l2440
  3513     016C  3A01               	xorlw	1	; case 1
  3514     016D  1903               	skipnz
  3515     016E  286F               	goto	l2448
  3516     016F  3A03               	xorlw	3	; case 2
  3517     0170  1903               	skipnz
  3518     0171  2887               	goto	l2454
  3519     0172  3A01               	xorlw	1	; case 3
  3520     0173  1903               	skipnz
  3521     0174  289B               	goto	l2460
  3522     0175  3A07               	xorlw	7	; case 4
  3523     0176  1903               	skipnz
  3524     0177  28D2               	goto	l2480
  3525     0178  3A01               	xorlw	1	; case 5
  3526     0179  1903               	skipnz
  3527     017A  290D               	goto	l2490
  3528     017B  3A03               	xorlw	3	; case 6
  3529     017C  1903               	skipnz
  3530     017D  292E               	goto	l2496
  3531     017E  3A01               	xorlw	1	; case 7
  3532     017F  1903               	skipnz
  3533     0180  2936               	goto	l214
  3534     0181  3A0F               	xorlw	15	; case 8
  3535     0182  1903               	skipnz
  3536     0183  293C               	goto	l2500
  3537     0184  3A01               	xorlw	1	; case 9
  3538     0185  1903               	skipnz
  3539     0186  2950               	goto	l2508
  3540     0187  2988               	goto	l219
  3541     0188                     l219:
  3542     0188  0008               	return
  3543     0189                     __end_of_LIN_handler:
  3544                           
  3545                           	psect	text17
  3546     0189                     __ptext17:	
  3547 ;; *************** function _processLIN *****************
  3548 ;; Defined at:
  3549 ;;		line 94 in file "mcc_generated_files/LINDrivers/lin_app.c"
  3550 ;; Parameters:    Size  Location     Type
  3551 ;;		None
  3552 ;; Auto vars:     Size  Location     Type
  3553 ;;  tempRxData      8    1[BANK0 ] unsigned char [8]
  3554 ;;  cmd             1    0[BANK0 ] unsigned char 
  3555 ;; Return value:  Size  Location     Type
  3556 ;;                  1    wreg      void 
  3557 ;; Registers used:
  3558 ;;		wreg, fsr0l, fsr0h, fsr1l, fsr1h, status,2, status,0, pclath, cstack
  3559 ;; Tracked objects:
  3560 ;;		On entry : 0/0
  3561 ;;		On exit  : 0/0
  3562 ;;		Unchanged: 0/0
  3563 ;; Data sizes:     COMMON   BANK0   BANK1   BANK2
  3564 ;;      Params:         0       0       0       0
  3565 ;;      Locals:         0       9       0       0
  3566 ;;      Temps:          0       0       0       0
  3567 ;;      Totals:         0       9       0       0
  3568 ;;Total ram usage:        9 bytes
  3569 ;; Hardware stack levels used: 1
  3570 ;; Hardware stack levels required when called: 6
  3571 ;; This function calls:
  3572 ;;		_DRL_OFF
  3573 ;;		_DRL_ON
  3574 ;;		_HIBEAM_OFF
  3575 ;;		_HIBEAM_ON
  3576 ;;		_LEFT_OFF
  3577 ;;		_LEFT_ON
  3578 ;;		_LIN_getPacket
  3579 ;;		_LOBEAM_OFF
  3580 ;;		_LOBEAM_ON
  3581 ;;		_POS_OFF
  3582 ;;		_POS_ON
  3583 ;;		_RIGHT_OFF
  3584 ;;		_RIGHT_ON
  3585 ;; This function is called by:
  3586 ;;		_LIN_Slave_Initialize
  3587 ;;		_LIN_handler
  3588 ;; This function uses a non-reentrant model
  3589 ;;
  3590                           
  3591     0189                     _processLIN:	
  3592                           ;psect for function _processLIN
  3593                           
  3594     0189                     l1972:	
  3595                           ;incstack = 0
  3596                           ; Regs used in _processLIN: [wreg-fsr1h+status,2+status,0+pclath+cstack]
  3597                           
  3598                           
  3599                           ;mcc_generated_files/LINDrivers/lin_app.c: 95:     uint8_t tempRxData[8];;mcc_generated_
      +                          files/LINDrivers/lin_app.c: 96:     uint8_t cmd;;mcc_generated_files/LINDrivers/lin_app.
      +                          c: 98:     cmd = LIN_getPacket(tempRxData);
  3600     0189  3065               	movlw	(low (processLIN@tempRxData| 0))& (0+255)
  3601     018A  00F9               	movwf	LIN_getPacket@data
  3602     018B  3184  24B6  3181   	fcall	_LIN_getPacket
  3603     018E  0140               	movlb	0	; select bank0
  3604     018F  00E4               	movwf	processLIN@cmd
  3605     0190                     l1974:
  3606                           
  3607                           ;mcc_generated_files/LINDrivers/lin_app.c: 99:     lampState.Byte = 0;
  3608     0190  01C5               	clrf	_lampState
  3609     0191                     l1976:
  3610                           
  3611                           ;mcc_generated_files/LINDrivers/lin_app.c: 100:     lampFlags.Byte = 0;
  3612     0191  01C4               	clrf	_lampFlags
  3613                           
  3614                           ;mcc_generated_files/LINDrivers/lin_app.c: 102:     switch(cmd){
  3615     0192  2A0C               	goto	l2038
  3616     0193                     l1978:
  3617                           
  3618                           ;mcc_generated_files/LINDrivers/lin_app.c: 105:             if ((tempRxData[2] == 0x49) 
      +                          || (tempRxData[2] == 0x51)) {
  3619     0193  3049               	movlw	73
  3620     0194  0667               	xorwf	processLIN@tempRxData+2,w
  3621     0195  1903               	btfsc	3,2
  3622     0196  2998               	goto	u1391
  3623     0197  2999               	goto	u1390
  3624     0198                     u1391:
  3625     0198  299F               	goto	l1982
  3626     0199                     u1390:
  3627     0199                     l1980:
  3628     0199  3051               	movlw	81
  3629     019A  0667               	xorwf	processLIN@tempRxData+2,w
  3630     019B  1D03               	btfss	3,2
  3631     019C  299E               	goto	u1401
  3632     019D  299F               	goto	u1400
  3633     019E                     u1401:
  3634     019E  29A3               	goto	l1986
  3635     019F                     u1400:
  3636     019F                     l1982:
  3637                           
  3638                           ;mcc_generated_files/LINDrivers/lin_app.c: 106:               lampState.mode = eOFF_DRL;
  3639     019F  30F8               	movlw	-8
  3640     01A0  05C5               	andwf	_lampState,f
  3641     01A1                     l1984:
  3642                           
  3643                           ;mcc_generated_files/LINDrivers/lin_app.c: 107:               lampFlags.fDRL = 1;
  3644     01A1  1444               	bsf	_lampFlags,0
  3645                           
  3646                           ;mcc_generated_files/LINDrivers/lin_app.c: 108:             } else if ((tempRxData[2] ==
      +                           0x0A) || (tempRxData[2] == 0x14) ||
  3647     01A2  29EF               	goto	l2024
  3648     01A3                     l1986:
  3649     01A3  300A               	movlw	10
  3650     01A4  0667               	xorwf	processLIN@tempRxData+2,w
  3651     01A5  1903               	btfsc	3,2
  3652     01A6  29A8               	goto	u1411
  3653     01A7  29A9               	goto	u1410
  3654     01A8                     u1411:
  3655     01A8  29B5               	goto	l1992
  3656     01A9                     u1410:
  3657     01A9                     l1988:
  3658     01A9  3014               	movlw	20
  3659     01AA  0667               	xorwf	processLIN@tempRxData+2,w
  3660     01AB  1903               	btfsc	3,2
  3661     01AC  29AE               	goto	u1421
  3662     01AD  29AF               	goto	u1420
  3663     01AE                     u1421:
  3664     01AE  29B5               	goto	l1992
  3665     01AF                     u1420:
  3666     01AF                     l1990:
  3667     01AF  3012               	movlw	18
  3668     01B0  0667               	xorwf	processLIN@tempRxData+2,w
  3669     01B1  1D03               	btfss	3,2
  3670     01B2  29B4               	goto	u1431
  3671     01B3  29B5               	goto	u1430
  3672     01B4                     u1431:
  3673     01B4  29BB               	goto	l1996
  3674     01B5                     u1430:
  3675     01B5                     l1992:
  3676                           
  3677                           ;mcc_generated_files/LINDrivers/lin_app.c: 109:                        (tempRxData[2] ==
      +                           0x12)) {;mcc_generated_files/LINDrivers/lin_app.c: 110:               lampState.mode = 
      +                          ePOS;
  3678     01B5  0845               	movf	_lampState,w
  3679     01B6  39F8               	andlw	-8
  3680     01B7  3801               	iorlw	1
  3681     01B8  00C5               	movwf	_lampState
  3682     01B9                     l1994:
  3683                           
  3684                           ;mcc_generated_files/LINDrivers/lin_app.c: 111:               lampFlags.fPOS = 1;
  3685     01B9  14C4               	bsf	_lampFlags,1
  3686                           
  3687                           ;mcc_generated_files/LINDrivers/lin_app.c: 112:             } else if ((tempRxData[2] ==
      +                           0x8C) ||
  3688     01BA  29EF               	goto	l2024
  3689     01BB                     l1996:
  3690     01BB  308C               	movlw	140
  3691     01BC  0667               	xorwf	processLIN@tempRxData+2,w
  3692     01BD  1903               	btfsc	3,2
  3693     01BE  29C0               	goto	u1441
  3694     01BF  29C1               	goto	u1440
  3695     01C0                     u1441:
  3696     01C0  29CD               	goto	l2002
  3697     01C1                     u1440:
  3698     01C1                     l1998:
  3699     01C1  3094               	movlw	148
  3700     01C2  0667               	xorwf	processLIN@tempRxData+2,w
  3701     01C3  1903               	btfsc	3,2
  3702     01C4  29C6               	goto	u1451
  3703     01C5  29C7               	goto	u1450
  3704     01C6                     u1451:
  3705     01C6  29CD               	goto	l2002
  3706     01C7                     u1450:
  3707     01C7                     l2000:
  3708     01C7  30AC               	movlw	172
  3709     01C8  0667               	xorwf	processLIN@tempRxData+2,w
  3710     01C9  1D03               	btfss	3,2
  3711     01CA  29CC               	goto	u1461
  3712     01CB  29CD               	goto	u1460
  3713     01CC                     u1461:
  3714     01CC  29D3               	goto	l2008
  3715     01CD                     u1460:
  3716     01CD                     l2002:
  3717                           
  3718                           ;mcc_generated_files/LINDrivers/lin_app.c: 114:                        (tempRxData[2] ==
      +                           0xAC)) {;mcc_generated_files/LINDrivers/lin_app.c: 115:               lampState.mode = 
      +                          eAUTO_LOBEAM_POS;
  3719     01CD  0845               	movf	_lampState,w
  3720     01CE  39F8               	andlw	-8
  3721     01CF  3803               	iorlw	3
  3722     01D0  00C5               	movwf	_lampState
  3723     01D1                     l2004:
  3724                           
  3725                           ;mcc_generated_files/LINDrivers/lin_app.c: 116:               lampFlags.fLOBEAM = 1;
  3726     01D1  1544               	bsf	_lampFlags,2
  3727     01D2  29B9               	goto	l1994
  3728     01D3                     l2008:
  3729     01D3  304C               	movlw	76
  3730     01D4  0667               	xorwf	processLIN@tempRxData+2,w
  3731     01D5  1D03               	btfss	3,2
  3732     01D6  29D8               	goto	u1471
  3733     01D7  29D9               	goto	u1470
  3734     01D8                     u1471:
  3735     01D8  29DE               	goto	l2014
  3736     01D9                     u1470:
  3737     01D9                     l2010:
  3738                           
  3739                           ;mcc_generated_files/LINDrivers/lin_app.c: 119:               lampState.mode = eAUTO_DRL
      +                          ;
  3740     01D9  0845               	movf	_lampState,w
  3741     01DA  39F8               	andlw	-8
  3742     01DB  3802               	iorlw	2
  3743     01DC  00C5               	movwf	_lampState
  3744     01DD  29A1               	goto	l1984
  3745     01DE                     l2014:
  3746     01DE  300B               	movlw	11
  3747     01DF  0667               	xorwf	processLIN@tempRxData+2,w
  3748     01E0  1903               	btfsc	3,2
  3749     01E1  29E3               	goto	u1481
  3750     01E2  29E4               	goto	u1480
  3751     01E3                     u1481:
  3752     01E3  29EA               	goto	l2018
  3753     01E4                     u1480:
  3754     01E4                     l2016:
  3755     01E4  3013               	movlw	19
  3756     01E5  0667               	xorwf	processLIN@tempRxData+2,w
  3757     01E6  1D03               	btfss	3,2
  3758     01E7  29E9               	goto	u1491
  3759     01E8  29EA               	goto	u1490
  3760     01E9                     u1491:
  3761     01E9  29EF               	goto	l79
  3762     01EA                     u1490:
  3763     01EA                     l2018:
  3764                           
  3765                           ;mcc_generated_files/LINDrivers/lin_app.c: 122:                        (tempRxData[2] ==
      +                           0x13)) {;mcc_generated_files/LINDrivers/lin_app.c: 123:               lampState.mode = 
      +                          eLOBEAM;
  3766     01EA  0845               	movf	_lampState,w
  3767     01EB  39F8               	andlw	-8
  3768     01EC  3804               	iorlw	4
  3769     01ED  00C5               	movwf	_lampState
  3770     01EE  29D1               	goto	l2004
  3771     01EF                     l79:
  3772     01EF                     l2024:
  3773                           
  3774                           ;mcc_generated_files/LINDrivers/lin_app.c: 129:             if ((tempRxData[1] & 0B10000
      +                          000) == 0B10000000) {
  3775     01EF  1FE6               	btfss	processLIN@tempRxData+1,7
  3776     01F0  29F2               	goto	u1501
  3777     01F1  29F3               	goto	u1500
  3778     01F2                     u1501:
  3779     01F2  29F6               	goto	l89
  3780     01F3                     u1500:
  3781     01F3                     l2026:
  3782                           
  3783                           ;mcc_generated_files/LINDrivers/lin_app.c: 130:               lampState.OverTaking = 1;
  3784     01F3  15C5               	bsf	_lampState,3
  3785                           
  3786                           ;mcc_generated_files/LINDrivers/lin_app.c: 131:               lampFlags.fHIBEAM = 1;
  3787     01F4  15C4               	bsf	_lampFlags,3
  3788                           
  3789                           ;mcc_generated_files/LINDrivers/lin_app.c: 132:             }
  3790     01F5  29FC               	goto	l90
  3791     01F6                     l89:	
  3792                           ;mcc_generated_files/LINDrivers/lin_app.c: 135:             else if ((tempRxData[1] & 0B
      +                          01000000) == 0B01000000) {
  3793                           
  3794     01F6  1F66               	btfss	processLIN@tempRxData+1,6
  3795     01F7  29F9               	goto	u1511
  3796     01F8  29FA               	goto	u1510
  3797     01F9                     u1511:
  3798     01F9  29FC               	goto	l90
  3799     01FA                     u1510:
  3800     01FA                     l2028:
  3801                           
  3802                           ;mcc_generated_files/LINDrivers/lin_app.c: 136:               lampState.HighBeam = 1;
  3803     01FA  1745               	bsf	_lampState,6
  3804                           
  3805                           ;mcc_generated_files/LINDrivers/lin_app.c: 137:               lampFlags.fHIBEAM = 1;
  3806     01FB  15C4               	bsf	_lampFlags,3
  3807     01FC                     l90:
  3808                           
  3809                           ;mcc_generated_files/LINDrivers/lin_app.c: 141:             if ((tempRxData[1] & 0B00010
      +                          000) == 0B00010000) {
  3810     01FC  1E66               	btfss	processLIN@tempRxData+1,4
  3811     01FD  29FF               	goto	u1521
  3812     01FE  2A00               	goto	u1520
  3813     01FF                     u1521:
  3814     01FF  2A02               	goto	l92
  3815     0200                     u1520:
  3816     0200                     l2030:
  3817                           
  3818                           ;mcc_generated_files/LINDrivers/lin_app.c: 142:               lampState.TurnLeft = 1;
  3819     0200  1645               	bsf	_lampState,4
  3820                           
  3821                           ;mcc_generated_files/LINDrivers/lin_app.c: 143:               lampFlags.fLEFT = 1;
  3822     0201  16C4               	bsf	_lampFlags,5
  3823     0202                     l92:	
  3824                           ;mcc_generated_files/LINDrivers/lin_app.c: 144:             }
  3825                           
  3826                           
  3827                           ;mcc_generated_files/LINDrivers/lin_app.c: 147:             if ((tempRxData[1] & 0B00100
      +                          000) == 0B00100000) {
  3828     0202  1EE6               	btfss	processLIN@tempRxData+1,5
  3829     0203  2A05               	goto	u1531
  3830     0204  2A06               	goto	u1530
  3831     0205                     u1531:
  3832     0205  2A11               	goto	l94
  3833     0206                     u1530:
  3834     0206                     l2032:
  3835                           
  3836                           ;mcc_generated_files/LINDrivers/lin_app.c: 148:               lampState.TurnRight = 1;
  3837     0206  16C5               	bsf	_lampState,5
  3838                           
  3839                           ;mcc_generated_files/LINDrivers/lin_app.c: 149:               lampFlags.fRIGHT = 1;
  3840     0207  1744               	bsf	_lampFlags,6
  3841     0208  2A11               	goto	l94
  3842     0209                     l2034:
  3843                           
  3844                           ;mcc_generated_files/LINDrivers/lin_app.c: 170:             lampState.Byte = 0;
  3845     0209  01C5               	clrf	_lampState
  3846                           
  3847                           ;mcc_generated_files/LINDrivers/lin_app.c: 171:             lampFlags.Byte = 0;
  3848     020A  01C4               	clrf	_lampFlags
  3849                           
  3850                           ;mcc_generated_files/LINDrivers/lin_app.c: 172:             break;
  3851     020B  2A11               	goto	l94
  3852     020C                     l2038:
  3853     020C  0864               	movf	processLIN@cmd,w
  3854                           
  3855                           ; Switch size 1, requested type "simple"
  3856                           ; Number of cases is 1, Range of values is 1 to 1
  3857                           ; switch strategies available:
  3858                           ; Name         Instructions Cycles
  3859                           ; simple_byte            4     3 (average)
  3860                           ; direct_byte           11     9 (fixed)
  3861                           ; jumptable            263     9 (fixed)
  3862                           ;	Chosen strategy is simple_byte
  3863     020D  3A01               	xorlw	1	; case 1
  3864     020E  1903               	skipnz
  3865     020F  2993               	goto	l1978
  3866     0210  2A09               	goto	l2034
  3867     0211                     l94:
  3868                           
  3869                           ;mcc_generated_files/LINDrivers/lin_app.c: 177:     if (lampFlags.fDRL) {
  3870     0211  1C44               	btfss	_lampFlags,0
  3871     0212  2A14               	goto	u1541
  3872     0213  2A15               	goto	u1540
  3873     0214                     u1541:
  3874     0214  2A19               	goto	l2042
  3875     0215                     u1540:
  3876     0215                     l2040:
  3877                           
  3878                           ;mcc_generated_files/LINDrivers/lin_app.c: 178:       DRL_ON();
  3879     0215  3186  2675  3181   	fcall	_DRL_ON
  3880                           
  3881                           ;mcc_generated_files/LINDrivers/lin_app.c: 179:     } else {
  3882     0218  2A1C               	goto	l2044
  3883     0219                     l2042:
  3884                           
  3885                           ;mcc_generated_files/LINDrivers/lin_app.c: 180:       DRL_OFF();
  3886     0219  3186  2678  3181   	fcall	_DRL_OFF
  3887     021C                     l2044:
  3888                           
  3889                           ;mcc_generated_files/LINDrivers/lin_app.c: 183:     if (lampFlags.fPOS) {
  3890     021C  0140               	movlb	0	; select bank0
  3891     021D  1CC4               	btfss	_lampFlags,1
  3892     021E  2A20               	goto	u1551
  3893     021F  2A21               	goto	u1550
  3894     0220                     u1551:
  3895     0220  2A25               	goto	l2048
  3896     0221                     u1550:
  3897     0221                     l2046:
  3898                           
  3899                           ;mcc_generated_files/LINDrivers/lin_app.c: 184:       POS_ON();
  3900     0221  3186  2669  3181   	fcall	_POS_ON
  3901                           
  3902                           ;mcc_generated_files/LINDrivers/lin_app.c: 185:     } else {
  3903     0224  2A28               	goto	l2050
  3904     0225                     l2048:
  3905                           
  3906                           ;mcc_generated_files/LINDrivers/lin_app.c: 186:       POS_OFF();
  3907     0225  3186  266C  3181   	fcall	_POS_OFF
  3908     0228                     l2050:
  3909                           
  3910                           ;mcc_generated_files/LINDrivers/lin_app.c: 189:     if (lampFlags.fLOBEAM) {
  3911     0228  0140               	movlb	0	; select bank0
  3912     0229  1D44               	btfss	_lampFlags,2
  3913     022A  2A2C               	goto	u1561
  3914     022B  2A2D               	goto	u1560
  3915     022C                     u1561:
  3916     022C  2A31               	goto	l2054
  3917     022D                     u1560:
  3918     022D                     l2052:
  3919                           
  3920                           ;mcc_generated_files/LINDrivers/lin_app.c: 190:       LOBEAM_ON();
  3921     022D  3186  2681  3181   	fcall	_LOBEAM_ON
  3922                           
  3923                           ;mcc_generated_files/LINDrivers/lin_app.c: 191:     } else {
  3924     0230  2A34               	goto	l2056
  3925     0231                     l2054:
  3926                           
  3927                           ;mcc_generated_files/LINDrivers/lin_app.c: 192:       LOBEAM_OFF();
  3928     0231  3186  2682  3181   	fcall	_LOBEAM_OFF
  3929     0234                     l2056:
  3930                           
  3931                           ;mcc_generated_files/LINDrivers/lin_app.c: 195:     if (lampFlags.fHIBEAM) {
  3932     0234  0140               	movlb	0	; select bank0
  3933     0235  1DC4               	btfss	_lampFlags,3
  3934     0236  2A38               	goto	u1571
  3935     0237  2A39               	goto	u1570
  3936     0238                     u1571:
  3937     0238  2A3D               	goto	l2060
  3938     0239                     u1570:
  3939     0239                     l2058:
  3940                           
  3941                           ;mcc_generated_files/LINDrivers/lin_app.c: 196:       HIBEAM_ON();
  3942     0239  3186  266F  3181   	fcall	_HIBEAM_ON
  3943                           
  3944                           ;mcc_generated_files/LINDrivers/lin_app.c: 197:     } else {
  3945     023C  2A40               	goto	l2062
  3946     023D                     l2060:
  3947                           
  3948                           ;mcc_generated_files/LINDrivers/lin_app.c: 198:       HIBEAM_OFF();
  3949     023D  3186  2672  3181   	fcall	_HIBEAM_OFF
  3950     0240                     l2062:
  3951                           
  3952                           ;mcc_generated_files/LINDrivers/lin_app.c: 201:     if (lampFlags.fLEFT) {
  3953     0240  0140               	movlb	0	; select bank0
  3954     0241  1EC4               	btfss	_lampFlags,5
  3955     0242  2A44               	goto	u1581
  3956     0243  2A45               	goto	u1580
  3957     0244                     u1581:
  3958     0244  2A49               	goto	l2066
  3959     0245                     u1580:
  3960     0245                     l2064:
  3961                           
  3962                           ;mcc_generated_files/LINDrivers/lin_app.c: 202:       LEFT_ON();
  3963     0245  3186  2683  3181   	fcall	_LEFT_ON
  3964                           
  3965                           ;mcc_generated_files/LINDrivers/lin_app.c: 203:     } else {
  3966     0248  2A4C               	goto	l2068
  3967     0249                     l2066:
  3968                           
  3969                           ;mcc_generated_files/LINDrivers/lin_app.c: 204:       LEFT_OFF();
  3970     0249  3186  2684  3181   	fcall	_LEFT_OFF
  3971     024C                     l2068:
  3972                           
  3973                           ;mcc_generated_files/LINDrivers/lin_app.c: 207:     if (lampFlags.fRIGHT) {
  3974     024C  0140               	movlb	0	; select bank0
  3975     024D  1F44               	btfss	_lampFlags,6
  3976     024E  2A50               	goto	u1591
  3977     024F  2A51               	goto	u1590
  3978     0250                     u1591:
  3979     0250  2A55               	goto	l2072
  3980     0251                     u1590:
  3981     0251                     l2070:
  3982                           
  3983                           ;mcc_generated_files/LINDrivers/lin_app.c: 208:       RIGHT_ON();
  3984     0251  3186  267F  3181   	fcall	_RIGHT_ON
  3985                           
  3986                           ;mcc_generated_files/LINDrivers/lin_app.c: 209:     } else {
  3987     0254  2A58               	goto	l108
  3988     0255                     l2072:
  3989                           
  3990                           ;mcc_generated_files/LINDrivers/lin_app.c: 210:       RIGHT_OFF();
  3991     0255  3186  2680  3181   	fcall	_RIGHT_OFF
  3992     0258                     l108:
  3993     0258  0008               	return
  3994     0259                     __end_of_processLIN:
  3995                           
  3996                           	psect	text18
  3997     067F                     __ptext18:	
  3998 ;; *************** function _RIGHT_ON *****************
  3999 ;; Defined at:
  4000 ;;		line 81 in file "mcc_generated_files/LINDrivers/lin_app.c"
  4001 ;; Parameters:    Size  Location     Type
  4002 ;;		None
  4003 ;; Auto vars:     Size  Location     Type
  4004 ;;		None
  4005 ;; Return value:  Size  Location     Type
  4006 ;;                  1    wreg      void 
  4007 ;; Registers used:
  4008 ;;		None
  4009 ;; Tracked objects:
  4010 ;;		On entry : 0/0
  4011 ;;		On exit  : 0/0
  4012 ;;		Unchanged: 0/0
  4013 ;; Data sizes:     COMMON   BANK0   BANK1   BANK2
  4014 ;;      Params:         0       0       0       0
  4015 ;;      Locals:         0       0       0       0
  4016 ;;      Temps:          0       0       0       0
  4017 ;;      Totals:         0       0       0       0
  4018 ;;Total ram usage:        0 bytes
  4019 ;; Hardware stack levels used: 1
  4020 ;; Hardware stack levels required when called: 4
  4021 ;; This function calls:
  4022 ;;		Nothing
  4023 ;; This function is called by:
  4024 ;;		_processLIN
  4025 ;; This function uses a non-reentrant model
  4026 ;;
  4027                           
  4028     067F                     _RIGHT_ON:	
  4029                           ;psect for function _RIGHT_ON
  4030                           
  4031     067F                     l57:	
  4032                           ;incstack = 0
  4033                           ; Regs used in _RIGHT_ON: []
  4034                           
  4035     067F  0008               	return
  4036     0680                     __end_of_RIGHT_ON:
  4037                           
  4038                           	psect	text19
  4039     0680                     __ptext19:	
  4040 ;; *************** function _RIGHT_OFF *****************
  4041 ;; Defined at:
  4042 ;;		line 82 in file "mcc_generated_files/LINDrivers/lin_app.c"
  4043 ;; Parameters:    Size  Location     Type
  4044 ;;		None
  4045 ;; Auto vars:     Size  Location     Type
  4046 ;;		None
  4047 ;; Return value:  Size  Location     Type
  4048 ;;                  1    wreg      void 
  4049 ;; Registers used:
  4050 ;;		None
  4051 ;; Tracked objects:
  4052 ;;		On entry : 0/0
  4053 ;;		On exit  : 0/0
  4054 ;;		Unchanged: 0/0
  4055 ;; Data sizes:     COMMON   BANK0   BANK1   BANK2
  4056 ;;      Params:         0       0       0       0
  4057 ;;      Locals:         0       0       0       0
  4058 ;;      Temps:          0       0       0       0
  4059 ;;      Totals:         0       0       0       0
  4060 ;;Total ram usage:        0 bytes
  4061 ;; Hardware stack levels used: 1
  4062 ;; Hardware stack levels required when called: 4
  4063 ;; This function calls:
  4064 ;;		Nothing
  4065 ;; This function is called by:
  4066 ;;		_processLIN
  4067 ;; This function uses a non-reentrant model
  4068 ;;
  4069                           
  4070     0680                     _RIGHT_OFF:	
  4071                           ;psect for function _RIGHT_OFF
  4072                           
  4073     0680                     l60:	
  4074                           ;incstack = 0
  4075                           ; Regs used in _RIGHT_OFF: []
  4076                           
  4077     0680  0008               	return
  4078     0681                     __end_of_RIGHT_OFF:
  4079                           
  4080                           	psect	text20
  4081     0669                     __ptext20:	
  4082 ;; *************** function _POS_ON *****************
  4083 ;; Defined at:
  4084 ;;		line 71 in file "mcc_generated_files/LINDrivers/lin_app.c"
  4085 ;; Parameters:    Size  Location     Type
  4086 ;;		None
  4087 ;; Auto vars:     Size  Location     Type
  4088 ;;		None
  4089 ;; Return value:  Size  Location     Type
  4090 ;;                  1    wreg      void 
  4091 ;; Registers used:
  4092 ;;		None
  4093 ;; Tracked objects:
  4094 ;;		On entry : 0/0
  4095 ;;		On exit  : 0/0
  4096 ;;		Unchanged: 0/0
  4097 ;; Data sizes:     COMMON   BANK0   BANK1   BANK2
  4098 ;;      Params:         0       0       0       0
  4099 ;;      Locals:         0       0       0       0
  4100 ;;      Temps:          0       0       0       0
  4101 ;;      Totals:         0       0       0       0
  4102 ;;Total ram usage:        0 bytes
  4103 ;; Hardware stack levels used: 1
  4104 ;; Hardware stack levels required when called: 4
  4105 ;; This function calls:
  4106 ;;		Nothing
  4107 ;; This function is called by:
  4108 ;;		_processLIN
  4109 ;; This function uses a non-reentrant model
  4110 ;;
  4111                           
  4112     0669                     _POS_ON:	
  4113                           ;psect for function _POS_ON
  4114                           
  4115     0669                     l15:	
  4116                           ;incstack = 0
  4117                           ; Regs used in _POS_ON: []
  4118                           
  4119     0669  0140               	movlb	0	; select bank0
  4120     066A  1698               	bsf	24,5	;volatile
  4121     066B                     l17:
  4122     066B  0008               	return
  4123     066C                     __end_of_POS_ON:
  4124                           
  4125                           	psect	text21
  4126     066C                     __ptext21:	
  4127 ;; *************** function _POS_OFF *****************
  4128 ;; Defined at:
  4129 ;;		line 72 in file "mcc_generated_files/LINDrivers/lin_app.c"
  4130 ;; Parameters:    Size  Location     Type
  4131 ;;		None
  4132 ;; Auto vars:     Size  Location     Type
  4133 ;;		None
  4134 ;; Return value:  Size  Location     Type
  4135 ;;                  1    wreg      void 
  4136 ;; Registers used:
  4137 ;;		None
  4138 ;; Tracked objects:
  4139 ;;		On entry : 0/0
  4140 ;;		On exit  : 0/0
  4141 ;;		Unchanged: 0/0
  4142 ;; Data sizes:     COMMON   BANK0   BANK1   BANK2
  4143 ;;      Params:         0       0       0       0
  4144 ;;      Locals:         0       0       0       0
  4145 ;;      Temps:          0       0       0       0
  4146 ;;      Totals:         0       0       0       0
  4147 ;;Total ram usage:        0 bytes
  4148 ;; Hardware stack levels used: 1
  4149 ;; Hardware stack levels required when called: 4
  4150 ;; This function calls:
  4151 ;;		Nothing
  4152 ;; This function is called by:
  4153 ;;		_processLIN
  4154 ;; This function uses a non-reentrant model
  4155 ;;
  4156                           
  4157     066C                     _POS_OFF:	
  4158                           ;psect for function _POS_OFF
  4159                           
  4160     066C                     l20:	
  4161                           ;incstack = 0
  4162                           ; Regs used in _POS_OFF: []
  4163                           
  4164     066C  0140               	movlb	0	; select bank0
  4165     066D  1298               	bcf	24,5	;volatile
  4166     066E                     l22:
  4167     066E  0008               	return
  4168     066F                     __end_of_POS_OFF:
  4169                           
  4170                           	psect	text22
  4171     0681                     __ptext22:	
  4172 ;; *************** function _LOBEAM_ON *****************
  4173 ;; Defined at:
  4174 ;;		line 75 in file "mcc_generated_files/LINDrivers/lin_app.c"
  4175 ;; Parameters:    Size  Location     Type
  4176 ;;		None
  4177 ;; Auto vars:     Size  Location     Type
  4178 ;;		None
  4179 ;; Return value:  Size  Location     Type
  4180 ;;                  1    wreg      void 
  4181 ;; Registers used:
  4182 ;;		None
  4183 ;; Tracked objects:
  4184 ;;		On entry : 0/0
  4185 ;;		On exit  : 0/0
  4186 ;;		Unchanged: 0/0
  4187 ;; Data sizes:     COMMON   BANK0   BANK1   BANK2
  4188 ;;      Params:         0       0       0       0
  4189 ;;      Locals:         0       0       0       0
  4190 ;;      Temps:          0       0       0       0
  4191 ;;      Totals:         0       0       0       0
  4192 ;;Total ram usage:        0 bytes
  4193 ;; Hardware stack levels used: 1
  4194 ;; Hardware stack levels required when called: 4
  4195 ;; This function calls:
  4196 ;;		Nothing
  4197 ;; This function is called by:
  4198 ;;		_processLIN
  4199 ;; This function uses a non-reentrant model
  4200 ;;
  4201                           
  4202     0681                     _LOBEAM_ON:	
  4203                           ;psect for function _LOBEAM_ON
  4204                           
  4205     0681                     l35:	
  4206                           ;incstack = 0
  4207                           ; Regs used in _LOBEAM_ON: []
  4208                           
  4209     0681  0008               	return
  4210     0682                     __end_of_LOBEAM_ON:
  4211                           
  4212                           	psect	text23
  4213     0682                     __ptext23:	
  4214 ;; *************** function _LOBEAM_OFF *****************
  4215 ;; Defined at:
  4216 ;;		line 76 in file "mcc_generated_files/LINDrivers/lin_app.c"
  4217 ;; Parameters:    Size  Location     Type
  4218 ;;		None
  4219 ;; Auto vars:     Size  Location     Type
  4220 ;;		None
  4221 ;; Return value:  Size  Location     Type
  4222 ;;                  1    wreg      void 
  4223 ;; Registers used:
  4224 ;;		None
  4225 ;; Tracked objects:
  4226 ;;		On entry : 0/0
  4227 ;;		On exit  : 0/0
  4228 ;;		Unchanged: 0/0
  4229 ;; Data sizes:     COMMON   BANK0   BANK1   BANK2
  4230 ;;      Params:         0       0       0       0
  4231 ;;      Locals:         0       0       0       0
  4232 ;;      Temps:          0       0       0       0
  4233 ;;      Totals:         0       0       0       0
  4234 ;;Total ram usage:        0 bytes
  4235 ;; Hardware stack levels used: 1
  4236 ;; Hardware stack levels required when called: 4
  4237 ;; This function calls:
  4238 ;;		Nothing
  4239 ;; This function is called by:
  4240 ;;		_processLIN
  4241 ;; This function uses a non-reentrant model
  4242 ;;
  4243                           
  4244     0682                     _LOBEAM_OFF:	
  4245                           ;psect for function _LOBEAM_OFF
  4246                           
  4247     0682                     l38:	
  4248                           ;incstack = 0
  4249                           ; Regs used in _LOBEAM_OFF: []
  4250                           
  4251     0682  0008               	return
  4252     0683                     __end_of_LOBEAM_OFF:
  4253                           
  4254                           	psect	text24
  4255     04B6                     __ptext24:	
  4256 ;; *************** function _LIN_getPacket *****************
  4257 ;; Defined at:
  4258 ;;		line 202 in file "mcc_generated_files/LINDrivers/lin_slave.c"
  4259 ;; Parameters:    Size  Location     Type
  4260 ;;  data            1    9[COMMON] PTR unsigned char 
  4261 ;;		 -> processLIN@tempRxData(8), 
  4262 ;; Auto vars:     Size  Location     Type
  4263 ;;  cmd             1   10[COMMON] unsigned char 
  4264 ;; Return value:  Size  Location     Type
  4265 ;;                  1    wreg      unsigned char 
  4266 ;; Registers used:
  4267 ;;		wreg, fsr1l, fsr1h, status,2, status,0, pclath, cstack
  4268 ;; Tracked objects:
  4269 ;;		On entry : 0/0
  4270 ;;		On exit  : 0/0
  4271 ;;		Unchanged: 0/0
  4272 ;; Data sizes:     COMMON   BANK0   BANK1   BANK2
  4273 ;;      Params:         1       0       0       0
  4274 ;;      Locals:         1       0       0       0
  4275 ;;      Temps:          0       0       0       0
  4276 ;;      Totals:         2       0       0       0
  4277 ;;Total ram usage:        2 bytes
  4278 ;; Hardware stack levels used: 1
  4279 ;; Hardware stack levels required when called: 5
  4280 ;; This function calls:
  4281 ;;		_memcpy
  4282 ;;		_memset
  4283 ;; This function is called by:
  4284 ;;		_processLIN
  4285 ;; This function uses a non-reentrant model
  4286 ;;
  4287                           
  4288     04B6                     _LIN_getPacket:	
  4289                           ;psect for function _LIN_getPacket
  4290                           
  4291     04B6                     l1842:	
  4292                           ;incstack = 0
  4293                           ; Regs used in _LIN_getPacket: [wreg+fsr1l+fsr1h+status,2+status,0+pclath+cstack]
  4294                           
  4295                           
  4296                           ;mcc_generated_files/LINDrivers/lin_slave.c: 203:     uint8_t cmd = LIN_packet.PID & 0x3
      +                          F;
  4297     04B6  0140               	movlb	0	; select bank0
  4298     04B7  0846               	movf	_LIN_packet,w
  4299     04B8  393F               	andlw	63
  4300     04B9  00FA               	movwf	LIN_getPacket@cmd
  4301     04BA                     l1844:
  4302                           
  4303                           ;mcc_generated_files/LINDrivers/lin_slave.c: 205:     memcpy(data, LIN_packet.data, size
      +                          of(LIN_packet.data));
  4304     04BA  0879               	movf	LIN_getPacket@data,w
  4305     04BB  00F0               	movwf	memcpy@d1
  4306     04BC  01F1               	clrf	memcpy@d1+1
  4307     04BD  3047               	movlw	low (_LIN_packet+1)
  4308     04BE  00F2               	movwf	memcpy@s1
  4309     04BF  3000               	movlw	high (_LIN_packet+1)
  4310     04C0  00F3               	movwf	memcpy@s1+1
  4311     04C1  3008               	movlw	8
  4312     04C2  00F4               	movwf	memcpy@n
  4313     04C3  3000               	movlw	0
  4314     04C4  00F5               	movwf	memcpy@n+1
  4315     04C5  3184  24D8  3184   	fcall	_memcpy
  4316     04C8                     l1846:
  4317                           
  4318                           ;mcc_generated_files/LINDrivers/lin_slave.c: 206:     memset(LIN_packet.rawPacket, 0, si
      +                          zeof(LIN_packet.rawPacket));
  4319     04C8  3046               	movlw	low _LIN_packet
  4320     04C9  00F0               	movwf	memset@dest
  4321     04CA  3000               	movlw	high _LIN_packet
  4322     04CB  00F1               	movwf	memset@dest+1
  4323     04CC  3000               	movlw	0
  4324     04CD  00F2               	movwf	memset@c
  4325     04CE  00F3               	movwf	memset@c+1
  4326     04CF  300D               	movlw	13
  4327     04D0  00F4               	movwf	memset@n
  4328     04D1  3000               	movlw	0
  4329     04D2  00F5               	movwf	memset@n+1
  4330     04D3  3185  2530  3184   	fcall	_memset
  4331     04D6                     l1848:
  4332                           
  4333                           ;mcc_generated_files/LINDrivers/lin_slave.c: 208:     return cmd;
  4334     04D6  087A               	movf	LIN_getPacket@cmd,w
  4335     04D7                     l228:
  4336     04D7  0008               	return
  4337     04D8                     __end_of_LIN_getPacket:
  4338                           
  4339                           	psect	text25
  4340     0530                     __ptext25:	
  4341 ;; *************** function _memset *****************
  4342 ;; Defined at:
  4343 ;;		line 3 in file "C:\Program Files\Microchip\xc8\v3.00\pic\sources\c99\common\memset.c"
  4344 ;; Parameters:    Size  Location     Type
  4345 ;;  dest            2    0[COMMON] PTR void 
  4346 ;;		 -> LIN_packet(13), 
  4347 ;;  c               2    2[COMMON] int 
  4348 ;;  n               2    4[COMMON] unsigned int 
  4349 ;; Auto vars:     Size  Location     Type
  4350 ;;  p               1    6[COMMON] PTR unsigned char 
  4351 ;;		 -> LIN_packet(13), 
  4352 ;; Return value:  Size  Location     Type
  4353 ;;                  2    0[COMMON] PTR void 
  4354 ;; Registers used:
  4355 ;;		wreg, fsr1l, fsr1h, status,2, status,0
  4356 ;; Tracked objects:
  4357 ;;		On entry : 0/0
  4358 ;;		On exit  : 0/0
  4359 ;;		Unchanged: 0/0
  4360 ;; Data sizes:     COMMON   BANK0   BANK1   BANK2
  4361 ;;      Params:         6       0       0       0
  4362 ;;      Locals:         1       0       0       0
  4363 ;;      Temps:          0       0       0       0
  4364 ;;      Totals:         7       0       0       0
  4365 ;;Total ram usage:        7 bytes
  4366 ;; Hardware stack levels used: 1
  4367 ;; Hardware stack levels required when called: 4
  4368 ;; This function calls:
  4369 ;;		Nothing
  4370 ;; This function is called by:
  4371 ;;		_LIN_handler
  4372 ;;		_LIN_getPacket
  4373 ;; This function uses a non-reentrant model
  4374 ;;
  4375                           
  4376     0530                     _memset:	
  4377                           ;psect for function _memset
  4378                           
  4379     0530                     l1808:	
  4380                           ;incstack = 0
  4381                           ; Regs used in _memset: [wreg+fsr1l+fsr1h+status,2+status,0]
  4382                           
  4383     0530  0870               	movf	memset@dest,w
  4384     0531  00F6               	movwf	memset@p
  4385     0532  2D3A               	goto	l1814
  4386     0533                     l1810:
  4387     0533  0876               	movf	memset@p,w
  4388     0534  0086               	movwf	6
  4389     0535  0187               	clrf	7
  4390     0536  0872               	movf	memset@c,w
  4391     0537  0081               	movwf	1
  4392     0538                     l1812:
  4393     0538  3001               	movlw	1
  4394     0539  07F6               	addwf	memset@p,f
  4395     053A                     l1814:
  4396     053A  3001               	movlw	1
  4397     053B  02F4               	subwf	memset@n,f
  4398     053C  3000               	movlw	0
  4399     053D  3BF5               	subwfb	memset@n+1,f
  4400     053E  0A74               	incf	memset@n,w
  4401     053F  1D03               	skipz
  4402     0540  2D45               	goto	u1021
  4403     0541  0A75               	incf	memset@n+1,w
  4404     0542  1D03               	btfss	3,2
  4405     0543  2D45               	goto	u1021
  4406     0544  2D46               	goto	u1020
  4407     0545                     u1021:
  4408     0545  2D33               	goto	l1810
  4409     0546                     u1020:
  4410     0546                     l1116:
  4411     0546  0008               	return
  4412     0547                     __end_of_memset:
  4413                           
  4414                           	psect	text26
  4415     0683                     __ptext26:	
  4416 ;; *************** function _LEFT_ON *****************
  4417 ;; Defined at:
  4418 ;;		line 79 in file "mcc_generated_files/LINDrivers/lin_app.c"
  4419 ;; Parameters:    Size  Location     Type
  4420 ;;		None
  4421 ;; Auto vars:     Size  Location     Type
  4422 ;;		None
  4423 ;; Return value:  Size  Location     Type
  4424 ;;                  1    wreg      void 
  4425 ;; Registers used:
  4426 ;;		None
  4427 ;; Tracked objects:
  4428 ;;		On entry : 0/0
  4429 ;;		On exit  : 0/0
  4430 ;;		Unchanged: 0/0
  4431 ;; Data sizes:     COMMON   BANK0   BANK1   BANK2
  4432 ;;      Params:         0       0       0       0
  4433 ;;      Locals:         0       0       0       0
  4434 ;;      Temps:          0       0       0       0
  4435 ;;      Totals:         0       0       0       0
  4436 ;;Total ram usage:        0 bytes
  4437 ;; Hardware stack levels used: 1
  4438 ;; Hardware stack levels required when called: 4
  4439 ;; This function calls:
  4440 ;;		Nothing
  4441 ;; This function is called by:
  4442 ;;		_processLIN
  4443 ;; This function uses a non-reentrant model
  4444 ;;
  4445                           
  4446     0683                     _LEFT_ON:	
  4447                           ;psect for function _LEFT_ON
  4448                           
  4449     0683                     l51:	
  4450                           ;incstack = 0
  4451                           ; Regs used in _LEFT_ON: []
  4452                           
  4453     0683  0008               	return
  4454     0684                     __end_of_LEFT_ON:
  4455                           
  4456                           	psect	text27
  4457     0684                     __ptext27:	
  4458 ;; *************** function _LEFT_OFF *****************
  4459 ;; Defined at:
  4460 ;;		line 80 in file "mcc_generated_files/LINDrivers/lin_app.c"
  4461 ;; Parameters:    Size  Location     Type
  4462 ;;		None
  4463 ;; Auto vars:     Size  Location     Type
  4464 ;;		None
  4465 ;; Return value:  Size  Location     Type
  4466 ;;                  1    wreg      void 
  4467 ;; Registers used:
  4468 ;;		None
  4469 ;; Tracked objects:
  4470 ;;		On entry : 0/0
  4471 ;;		On exit  : 0/0
  4472 ;;		Unchanged: 0/0
  4473 ;; Data sizes:     COMMON   BANK0   BANK1   BANK2
  4474 ;;      Params:         0       0       0       0
  4475 ;;      Locals:         0       0       0       0
  4476 ;;      Temps:          0       0       0       0
  4477 ;;      Totals:         0       0       0       0
  4478 ;;Total ram usage:        0 bytes
  4479 ;; Hardware stack levels used: 1
  4480 ;; Hardware stack levels required when called: 4
  4481 ;; This function calls:
  4482 ;;		Nothing
  4483 ;; This function is called by:
  4484 ;;		_processLIN
  4485 ;; This function uses a non-reentrant model
  4486 ;;
  4487                           
  4488     0684                     _LEFT_OFF:	
  4489                           ;psect for function _LEFT_OFF
  4490                           
  4491     0684                     l54:	
  4492                           ;incstack = 0
  4493                           ; Regs used in _LEFT_OFF: []
  4494                           
  4495     0684  0008               	return
  4496     0685                     __end_of_LEFT_OFF:
  4497                           
  4498                           	psect	text28
  4499     066F                     __ptext28:	
  4500 ;; *************** function _HIBEAM_ON *****************
  4501 ;; Defined at:
  4502 ;;		line 77 in file "mcc_generated_files/LINDrivers/lin_app.c"
  4503 ;; Parameters:    Size  Location     Type
  4504 ;;		None
  4505 ;; Auto vars:     Size  Location     Type
  4506 ;;		None
  4507 ;; Return value:  Size  Location     Type
  4508 ;;                  1    wreg      void 
  4509 ;; Registers used:
  4510 ;;		None
  4511 ;; Tracked objects:
  4512 ;;		On entry : 0/0
  4513 ;;		On exit  : 0/0
  4514 ;;		Unchanged: 0/0
  4515 ;; Data sizes:     COMMON   BANK0   BANK1   BANK2
  4516 ;;      Params:         0       0       0       0
  4517 ;;      Locals:         0       0       0       0
  4518 ;;      Temps:          0       0       0       0
  4519 ;;      Totals:         0       0       0       0
  4520 ;;Total ram usage:        0 bytes
  4521 ;; Hardware stack levels used: 1
  4522 ;; Hardware stack levels required when called: 4
  4523 ;; This function calls:
  4524 ;;		Nothing
  4525 ;; This function is called by:
  4526 ;;		_processLIN
  4527 ;; This function uses a non-reentrant model
  4528 ;;
  4529                           
  4530     066F                     _HIBEAM_ON:	
  4531                           ;psect for function _HIBEAM_ON
  4532                           
  4533     066F                     l41:	
  4534                           ;incstack = 0
  4535                           ; Regs used in _HIBEAM_ON: []
  4536                           
  4537     066F  0140               	movlb	0	; select bank0
  4538     0670  1618               	bsf	24,4	;volatile
  4539     0671                     l43:
  4540     0671  0008               	return
  4541     0672                     __end_of_HIBEAM_ON:
  4542                           
  4543                           	psect	text29
  4544     0672                     __ptext29:	
  4545 ;; *************** function _HIBEAM_OFF *****************
  4546 ;; Defined at:
  4547 ;;		line 78 in file "mcc_generated_files/LINDrivers/lin_app.c"
  4548 ;; Parameters:    Size  Location     Type
  4549 ;;		None
  4550 ;; Auto vars:     Size  Location     Type
  4551 ;;		None
  4552 ;; Return value:  Size  Location     Type
  4553 ;;                  1    wreg      void 
  4554 ;; Registers used:
  4555 ;;		None
  4556 ;; Tracked objects:
  4557 ;;		On entry : 0/0
  4558 ;;		On exit  : 0/0
  4559 ;;		Unchanged: 0/0
  4560 ;; Data sizes:     COMMON   BANK0   BANK1   BANK2
  4561 ;;      Params:         0       0       0       0
  4562 ;;      Locals:         0       0       0       0
  4563 ;;      Temps:          0       0       0       0
  4564 ;;      Totals:         0       0       0       0
  4565 ;;Total ram usage:        0 bytes
  4566 ;; Hardware stack levels used: 1
  4567 ;; Hardware stack levels required when called: 4
  4568 ;; This function calls:
  4569 ;;		Nothing
  4570 ;; This function is called by:
  4571 ;;		_processLIN
  4572 ;; This function uses a non-reentrant model
  4573 ;;
  4574                           
  4575     0672                     _HIBEAM_OFF:	
  4576                           ;psect for function _HIBEAM_OFF
  4577                           
  4578     0672                     l46:	
  4579                           ;incstack = 0
  4580                           ; Regs used in _HIBEAM_OFF: []
  4581                           
  4582     0672  0140               	movlb	0	; select bank0
  4583     0673  1218               	bcf	24,4	;volatile
  4584     0674                     l48:
  4585     0674  0008               	return
  4586     0675                     __end_of_HIBEAM_OFF:
  4587                           
  4588                           	psect	text30
  4589     0675                     __ptext30:	
  4590 ;; *************** function _DRL_ON *****************
  4591 ;; Defined at:
  4592 ;;		line 73 in file "mcc_generated_files/LINDrivers/lin_app.c"
  4593 ;; Parameters:    Size  Location     Type
  4594 ;;		None
  4595 ;; Auto vars:     Size  Location     Type
  4596 ;;		None
  4597 ;; Return value:  Size  Location     Type
  4598 ;;                  1    wreg      void 
  4599 ;; Registers used:
  4600 ;;		None
  4601 ;; Tracked objects:
  4602 ;;		On entry : 0/0
  4603 ;;		On exit  : 0/0
  4604 ;;		Unchanged: 0/0
  4605 ;; Data sizes:     COMMON   BANK0   BANK1   BANK2
  4606 ;;      Params:         0       0       0       0
  4607 ;;      Locals:         0       0       0       0
  4608 ;;      Temps:          0       0       0       0
  4609 ;;      Totals:         0       0       0       0
  4610 ;;Total ram usage:        0 bytes
  4611 ;; Hardware stack levels used: 1
  4612 ;; Hardware stack levels required when called: 4
  4613 ;; This function calls:
  4614 ;;		Nothing
  4615 ;; This function is called by:
  4616 ;;		_processLIN
  4617 ;; This function uses a non-reentrant model
  4618 ;;
  4619                           
  4620     0675                     _DRL_ON:	
  4621                           ;psect for function _DRL_ON
  4622                           
  4623     0675                     l25:	
  4624                           ;incstack = 0
  4625                           ; Regs used in _DRL_ON: []
  4626                           
  4627     0675  0140               	movlb	0	; select bank0
  4628     0676  1498               	bsf	24,1	;volatile
  4629     0677                     l27:
  4630     0677  0008               	return
  4631     0678                     __end_of_DRL_ON:
  4632                           
  4633                           	psect	text31
  4634     0678                     __ptext31:	
  4635 ;; *************** function _DRL_OFF *****************
  4636 ;; Defined at:
  4637 ;;		line 74 in file "mcc_generated_files/LINDrivers/lin_app.c"
  4638 ;; Parameters:    Size  Location     Type
  4639 ;;		None
  4640 ;; Auto vars:     Size  Location     Type
  4641 ;;		None
  4642 ;; Return value:  Size  Location     Type
  4643 ;;                  1    wreg      void 
  4644 ;; Registers used:
  4645 ;;		None
  4646 ;; Tracked objects:
  4647 ;;		On entry : 0/0
  4648 ;;		On exit  : 0/0
  4649 ;;		Unchanged: 0/0
  4650 ;; Data sizes:     COMMON   BANK0   BANK1   BANK2
  4651 ;;      Params:         0       0       0       0
  4652 ;;      Locals:         0       0       0       0
  4653 ;;      Temps:          0       0       0       0
  4654 ;;      Totals:         0       0       0       0
  4655 ;;Total ram usage:        0 bytes
  4656 ;; Hardware stack levels used: 1
  4657 ;; Hardware stack levels required when called: 4
  4658 ;; This function calls:
  4659 ;;		Nothing
  4660 ;; This function is called by:
  4661 ;;		_processLIN
  4662 ;; This function uses a non-reentrant model
  4663 ;;
  4664                           
  4665     0678                     _DRL_OFF:	
  4666                           ;psect for function _DRL_OFF
  4667                           
  4668     0678                     l30:	
  4669                           ;incstack = 0
  4670                           ; Regs used in _DRL_OFF: []
  4671                           
  4672     0678  0140               	movlb	0	; select bank0
  4673     0679  1098               	bcf	24,1	;volatile
  4674     067A                     l32:
  4675     067A  0008               	return
  4676     067B                     __end_of_DRL_OFF:
  4677                           
  4678                           	psect	text32
  4679     0645                     __ptext32:	
  4680 ;; *************** function _LIN_stopTimer *****************
  4681 ;; Defined at:
  4682 ;;		line 304 in file "mcc_generated_files/LINDrivers/lin_slave.c"
  4683 ;; Parameters:    Size  Location     Type
  4684 ;;		None
  4685 ;; Auto vars:     Size  Location     Type
  4686 ;;		None
  4687 ;; Return value:  Size  Location     Type
  4688 ;;                  1    wreg      void 
  4689 ;; Registers used:
  4690 ;;		status,2
  4691 ;; Tracked objects:
  4692 ;;		On entry : 0/0
  4693 ;;		On exit  : 0/0
  4694 ;;		Unchanged: 0/0
  4695 ;; Data sizes:     COMMON   BANK0   BANK1   BANK2
  4696 ;;      Params:         0       0       0       0
  4697 ;;      Locals:         0       0       0       0
  4698 ;;      Temps:          0       0       0       0
  4699 ;;      Totals:         0       0       0       0
  4700 ;;Total ram usage:        0 bytes
  4701 ;; Hardware stack levels used: 1
  4702 ;; Hardware stack levels required when called: 4
  4703 ;; This function calls:
  4704 ;;		Nothing
  4705 ;; This function is called by:
  4706 ;;		_LIN_init
  4707 ;;		_LIN_handler
  4708 ;; This function uses a non-reentrant model
  4709 ;;
  4710                           
  4711     0645                     _LIN_stopTimer:	
  4712                           ;psect for function _LIN_stopTimer
  4713                           
  4714     0645                     l1772:	
  4715                           ;incstack = 0
  4716                           ; Regs used in _LIN_stopTimer: [status,2]
  4717                           
  4718                           
  4719                           ;mcc_generated_files/LINDrivers/lin_slave.c: 305:     __nop();
  4720     0645  0000               	nop
  4721     0646                     l1774:
  4722                           
  4723                           ;mcc_generated_files/LINDrivers/lin_slave.c: 307:     CountCallBack = 0;
  4724     0646  0140               	movlb	0	; select bank0
  4725     0647  01C1               	clrf	_CountCallBack	;volatile
  4726                           
  4727                           ;mcc_generated_files/LINDrivers/lin_slave.c: 308:     LIN_timerRunning = 0;
  4728     0648  01C2               	clrf	_LIN_timerRunning
  4729     0649                     l270:
  4730     0649  0008               	return
  4731     064A                     __end_of_LIN_stopTimer:
  4732                           
  4733                           	psect	text33
  4734     05DB                     __ptext33:	
  4735 ;; *************** function _LIN_startTimer *****************
  4736 ;; Defined at:
  4737 ;;		line 283 in file "mcc_generated_files/LINDrivers/lin_slave.c"
  4738 ;; Parameters:    Size  Location     Type
  4739 ;;  timeout         1    wreg     unsigned char 
  4740 ;; Auto vars:     Size  Location     Type
  4741 ;;  timeout         1    1[COMMON] unsigned char 
  4742 ;; Return value:  Size  Location     Type
  4743 ;;                  1    wreg      void 
  4744 ;; Registers used:
  4745 ;;		wreg, status,2, status,0, pclath, cstack
  4746 ;; Tracked objects:
  4747 ;;		On entry : 0/0
  4748 ;;		On exit  : 0/0
  4749 ;;		Unchanged: 0/0
  4750 ;; Data sizes:     COMMON   BANK0   BANK1   BANK2
  4751 ;;      Params:         0       0       0       0
  4752 ;;      Locals:         1       0       0       0
  4753 ;;      Temps:          0       0       0       0
  4754 ;;      Totals:         1       0       0       0
  4755 ;;Total ram usage:        1 bytes
  4756 ;; Hardware stack levels used: 1
  4757 ;; Hardware stack levels required when called: 5
  4758 ;; This function calls:
  4759 ;;		_TMR0_WriteTimer
  4760 ;; This function is called by:
  4761 ;;		_LIN_handler
  4762 ;; This function uses a non-reentrant model
  4763 ;;
  4764                           
  4765     05DB                     _LIN_startTimer:	
  4766                           ;psect for function _LIN_startTimer
  4767                           
  4768                           
  4769                           ;incstack = 0
  4770                           ; Regs used in _LIN_startTimer: [wreg+status,2+status,0+pclath+cstack]
  4771                           ;LIN_startTimer@timeout stored from wreg
  4772     05DB  00F1               	movwf	LIN_startTimer@timeout
  4773     05DC                     l2102:
  4774                           
  4775                           ;mcc_generated_files/LINDrivers/lin_slave.c: 284:     LIN_timeout = timeout;
  4776     05DC  0871               	movf	LIN_startTimer@timeout,w
  4777     05DD  0140               	movlb	0	; select bank0
  4778     05DE  00ED               	movwf	_LIN_timeout
  4779     05DF                     l2104:
  4780                           
  4781                           ;mcc_generated_files/LINDrivers/lin_slave.c: 285:     TMR0_WriteTimer(0);
  4782     05DF  3000               	movlw	0
  4783     05E0  3186  264A  3185   	fcall	_TMR0_WriteTimer
  4784     05E3                     l2106:
  4785                           
  4786                           ;mcc_generated_files/LINDrivers/lin_slave.c: 286:     __nop();
  4787     05E3  0000               	nop
  4788     05E4                     l2108:
  4789                           
  4790                           ;mcc_generated_files/LINDrivers/lin_slave.c: 287:     LIN_timerRunning = 1;
  4791     05E4  3001               	movlw	1
  4792     05E5  0140               	movlb	0	; select bank0
  4793     05E6  00C2               	movwf	_LIN_timerRunning
  4794     05E7                     l260:
  4795     05E7  0008               	return
  4796     05E8                     __end_of_LIN_startTimer:
  4797                           
  4798                           	psect	text34
  4799     064A                     __ptext34:	
  4800 ;; *************** function _TMR0_WriteTimer *****************
  4801 ;; Defined at:
  4802 ;;		line 109 in file "mcc_generated_files/tmr0.c"
  4803 ;; Parameters:    Size  Location     Type
  4804 ;;  timerVal        1    wreg     unsigned char 
  4805 ;; Auto vars:     Size  Location     Type
  4806 ;;  timerVal        1    0[COMMON] unsigned char 
  4807 ;; Return value:  Size  Location     Type
  4808 ;;                  1    wreg      void 
  4809 ;; Registers used:
  4810 ;;		wreg
  4811 ;; Tracked objects:
  4812 ;;		On entry : 0/0
  4813 ;;		On exit  : 0/0
  4814 ;;		Unchanged: 0/0
  4815 ;; Data sizes:     COMMON   BANK0   BANK1   BANK2
  4816 ;;      Params:         0       0       0       0
  4817 ;;      Locals:         1       0       0       0
  4818 ;;      Temps:          0       0       0       0
  4819 ;;      Totals:         1       0       0       0
  4820 ;;Total ram usage:        1 bytes
  4821 ;; Hardware stack levels used: 1
  4822 ;; Hardware stack levels required when called: 4
  4823 ;; This function calls:
  4824 ;;		Nothing
  4825 ;; This function is called by:
  4826 ;;		_LIN_startTimer
  4827 ;; This function uses a non-reentrant model
  4828 ;;
  4829                           
  4830     064A                     _TMR0_WriteTimer:	
  4831                           ;psect for function _TMR0_WriteTimer
  4832                           
  4833                           
  4834                           ;incstack = 0
  4835                           ; Regs used in _TMR0_WriteTimer: [wreg]
  4836                           ;TMR0_WriteTimer@timerVal stored from wreg
  4837     064A  00F0               	movwf	TMR0_WriteTimer@timerVal
  4838     064B                     l1940:
  4839                           
  4840                           ;mcc_generated_files/tmr0.c: 109: void TMR0_WriteTimer(uint8_t timerVal);mcc_generated_f
      +                          iles/tmr0.c: 110: {;mcc_generated_files/tmr0.c: 112:     TMR0L = timerVal;
  4841     064B  0870               	movf	TMR0_WriteTimer@timerVal,w
  4842     064C  014B               	movlb	11	; select bank11
  4843     064D  009C               	movwf	28	;volatile
  4844     064E                     l549:
  4845     064E  0008               	return
  4846     064F                     __end_of_TMR0_WriteTimer:
  4847                           
  4848                           	psect	text35
  4849     02DF                     __ptext35:	
  4850 ;; *************** function _LIN_queuePacket *****************
  4851 ;; Defined at:
  4852 ;;		line 66 in file "mcc_generated_files/LINDrivers/lin_slave.c"
  4853 ;; Parameters:    Size  Location     Type
  4854 ;;  cmd             1    wreg     unsigned char 
  4855 ;; Auto vars:     Size  Location     Type
  4856 ;;  cmd             1    1[BANK0 ] unsigned char 
  4857 ;;  i               1    2[BANK0 ] unsigned char 
  4858 ;;  tempSchedule    2    3[BANK0 ] PTR const struct .
  4859 ;;		 -> NULL(0), scheduleTable(5), 
  4860 ;; Return value:  Size  Location     Type
  4861 ;;                  1    wreg      void 
  4862 ;; Registers used:
  4863 ;;		wreg, fsr0l, fsr0h, fsr1l, fsr1h, status,2, status,0, pclath, cstack
  4864 ;; Tracked objects:
  4865 ;;		On entry : 0/0
  4866 ;;		On exit  : 0/0
  4867 ;;		Unchanged: 0/0
  4868 ;; Data sizes:     COMMON   BANK0   BANK1   BANK2
  4869 ;;      Params:         0       0       0       0
  4870 ;;      Locals:         0       4       0       0
  4871 ;;      Temps:          0       1       0       0
  4872 ;;      Totals:         0       5       0       0
  4873 ;;Total ram usage:        5 bytes
  4874 ;; Hardware stack levels used: 1
  4875 ;; Hardware stack levels required when called: 6
  4876 ;; This function calls:
  4877 ;;		_LIN_getChecksum
  4878 ;;		_LIN_sendPacket
  4879 ;;		_memcpy
  4880 ;; This function is called by:
  4881 ;;		_LIN_handler
  4882 ;; This function uses a non-reentrant model
  4883 ;;
  4884                           
  4885     02DF                     _LIN_queuePacket:	
  4886                           ;psect for function _LIN_queuePacket
  4887                           
  4888                           
  4889                           ;incstack = 0
  4890                           ; Regs used in _LIN_queuePacket: [wreg-fsr1h+status,2+status,0+pclath+cstack]
  4891                           ;LIN_queuePacket@cmd stored from wreg
  4892     02DF  0140               	movlb	0	; select bank0
  4893     02E0  00E5               	movwf	LIN_queuePacket@cmd
  4894     02E1                     l2410:
  4895                           
  4896                           ;mcc_generated_files/LINDrivers/lin_slave.c: 67:     const lin_rx_cmd_t* tempSchedule = 
      +                          LIN_rxCommand;
  4897     02E1  0860               	movf	_LIN_rxCommand+1,w
  4898     02E2  00E8               	movwf	LIN_queuePacket@tempSchedule+1
  4899     02E3  085F               	movf	_LIN_rxCommand,w
  4900     02E4  00E7               	movwf	LIN_queuePacket@tempSchedule
  4901     02E5                     l2412:
  4902                           
  4903                           ;mcc_generated_files/LINDrivers/lin_slave.c: 69:     cmd &= 0x3F;
  4904     02E5  303F               	movlw	63
  4905     02E6  05E5               	andwf	LIN_queuePacket@cmd,f
  4906     02E7                     l2414:
  4907                           
  4908                           ;mcc_generated_files/LINDrivers/lin_slave.c: 70:     for(uint8_t i = 0; i < LIN_rxComman
      +                          dLength; i++){
  4909     02E7  01E6               	clrf	LIN_queuePacket@i
  4910     02E8  2AFA               	goto	l2424
  4911     02E9                     l2416:
  4912                           
  4913                           ;mcc_generated_files/LINDrivers/lin_slave.c: 71:         if(cmd == tempSchedule->cmd){
  4914     02E9  0867               	movf	LIN_queuePacket@tempSchedule,w
  4915     02EA  0084               	movwf	4
  4916     02EB  0868               	movf	LIN_queuePacket@tempSchedule+1,w
  4917     02EC  0085               	movwf	5
  4918     02ED  0800               	movf	0,w	;code access
  4919     02EE  0665               	xorwf	LIN_queuePacket@cmd,w
  4920     02EF  1D03               	skipz
  4921     02F0  2AF2               	goto	u1971
  4922     02F1  2AF3               	goto	u1970
  4923     02F2                     u1971:
  4924     02F2  2AF4               	goto	l2420
  4925     02F3                     u1970:
  4926     02F3  2B00               	goto	l2426
  4927     02F4                     l2420:
  4928                           
  4929                           ;mcc_generated_files/LINDrivers/lin_slave.c: 74:         tempSchedule++;
  4930     02F4  3005               	movlw	5
  4931     02F5  07E7               	addwf	LIN_queuePacket@tempSchedule,f
  4932     02F6  3000               	movlw	0
  4933     02F7  3DE8               	addwfc	LIN_queuePacket@tempSchedule+1,f
  4934     02F8                     l2422:
  4935                           
  4936                           ;mcc_generated_files/LINDrivers/lin_slave.c: 75:     }
  4937     02F8  3001               	movlw	1
  4938     02F9  07E6               	addwf	LIN_queuePacket@i,f
  4939     02FA                     l2424:
  4940     02FA  0863               	movf	_LIN_rxCommandLength,w
  4941     02FB  0266               	subwf	LIN_queuePacket@i,w
  4942     02FC  1C03               	skipc
  4943     02FD  2AFF               	goto	u1981
  4944     02FE  2B00               	goto	u1980
  4945     02FF                     u1981:
  4946     02FF  2AE9               	goto	l2416
  4947     0300                     u1980:
  4948     0300                     l2426:
  4949                           
  4950                           ;mcc_generated_files/LINDrivers/lin_slave.c: 77:     LIN_packet.type = tempSchedule->typ
      +                          e;
  4951     0300  3001               	movlw	1
  4952     0301  0767               	addwf	LIN_queuePacket@tempSchedule,w
  4953     0302  0084               	movwf	4
  4954     0303  0868               	movf	LIN_queuePacket@tempSchedule+1,w
  4955     0304  1803               	skipnc
  4956     0305  3E01               	addlw	1
  4957     0306  0085               	movwf	5
  4958     0307  0800               	movf	0,w	;code access
  4959     0308  00D0               	movwf	_LIN_packet+10
  4960                           
  4961                           ;mcc_generated_files/LINDrivers/lin_slave.c: 78:     LIN_packet.length = tempSchedule->l
      +                          ength;
  4962     0309  3002               	movlw	2
  4963     030A  0767               	addwf	LIN_queuePacket@tempSchedule,w
  4964     030B  0084               	movwf	4
  4965     030C  0868               	movf	LIN_queuePacket@tempSchedule+1,w
  4966     030D  1803               	skipnc
  4967     030E  3E01               	addlw	1
  4968     030F  0085               	movwf	5
  4969     0310  0800               	movf	0,w	;code access
  4970     0311  00D1               	movwf	_LIN_packet+11
  4971     0312                     l2428:
  4972                           
  4973                           ;mcc_generated_files/LINDrivers/lin_slave.c: 82:     memcpy(LIN_packet.data, tempSchedul
      +                          e->data, LIN_packet.length);
  4974     0312  3047               	movlw	low (_LIN_packet+1)
  4975     0313  00F0               	movwf	memcpy@d1
  4976     0314  3000               	movlw	high (_LIN_packet+1)
  4977     0315  00F1               	movwf	memcpy@d1+1
  4978     0316  3003               	movlw	3
  4979     0317  0767               	addwf	LIN_queuePacket@tempSchedule,w
  4980     0318  0084               	movwf	4
  4981     0319  0868               	movf	LIN_queuePacket@tempSchedule+1,w
  4982     031A  1803               	skipnc
  4983     031B  3E01               	addlw	1
  4984     031C  0085               	movwf	5
  4985     031D  3F00               	moviw [0]fsr0
  4986     031E  00F2               	movwf	memcpy@s1
  4987     031F  3F01               	moviw [1]fsr0
  4988     0320  00F3               	movwf	memcpy@s1+1
  4989     0321  0851               	movf	_LIN_packet+11,w
  4990     0322  00F4               	movwf	memcpy@n
  4991     0323  01F5               	clrf	memcpy@n+1
  4992     0324  1BF4               	btfsc	memcpy@n,7
  4993     0325  03F5               	decf	memcpy@n+1,f
  4994     0326  3184  24D8  3182   	fcall	_memcpy
  4995     0329                     l2430:
  4996                           
  4997                           ;mcc_generated_files/LINDrivers/lin_slave.c: 85:     LIN_packet.checksum = LIN_getChecks
      +                          um(LIN_packet.length, LIN_packet.PID, LIN_packet.data);
  4998     0329  0140               	movlb	0	; select bank0
  4999     032A  0846               	movf	_LIN_packet,w
  5000     032B  00F0               	movwf	LIN_getChecksum@pid
  5001     032C  3047               	movlw	low (_LIN_packet+1)
  5002     032D  00F1               	movwf	LIN_getChecksum@data
  5003     032E  3000               	movlw	high (_LIN_packet+1)
  5004     032F  00F2               	movwf	LIN_getChecksum@data+1
  5005     0330  0851               	movf	_LIN_packet+11,w
  5006     0331  3184  2417  3182   	fcall	_LIN_getChecksum
  5007     0334  0140               	movlb	0	; select bank0
  5008     0335  00CF               	movwf	_LIN_packet+9
  5009     0336                     l2432:
  5010                           
  5011                           ;mcc_generated_files/LINDrivers/lin_slave.c: 86:     LIN_sendPacket(LIN_packet.length, L
      +                          IN_packet.PID, LIN_packet.data);
  5012     0336  0846               	movf	_LIN_packet,w
  5013     0337  00F9               	movwf	LIN_sendPacket@pid
  5014     0338  3047               	movlw	low (_LIN_packet+1)
  5015     0339  00FA               	movwf	LIN_sendPacket@data
  5016     033A  3000               	movlw	high (_LIN_packet+1)
  5017     033B  00FB               	movwf	LIN_sendPacket@data+1
  5018     033C  0851               	movf	_LIN_packet+11,w
  5019     033D  3184  2493  3182   	fcall	_LIN_sendPacket
  5020     0340                     l180:
  5021     0340  0008               	return
  5022     0341                     __end_of_LIN_queuePacket:
  5023                           
  5024                           	psect	text36
  5025     04D8                     __ptext36:	
  5026 ;; *************** function _memcpy *****************
  5027 ;; Defined at:
  5028 ;;		line 4 in file "C:\Program Files\Microchip\xc8\v3.00\pic\sources\c99\common\memcpy.c"
  5029 ;; Parameters:    Size  Location     Type
  5030 ;;  d1              2    0[COMMON] PTR void 
  5031 ;;		 -> LIN_packet(13), processLIN@tempRxData(8), 
  5032 ;;  s1              2    2[COMMON] PTR const void 
  5033 ;;		 -> LIN_packet$data(8), LIN_packet(13), SIGNAL_Data(8), 
  5034 ;;  n               2    4[COMMON] unsigned int 
  5035 ;; Auto vars:     Size  Location     Type
  5036 ;;  s               1    8[COMMON] PTR const unsigned char 
  5037 ;;		 -> LIN_packet$data(8), LIN_packet(13), SIGNAL_Data(8), 
  5038 ;;  d               1    7[COMMON] PTR unsigned char 
  5039 ;;		 -> LIN_packet(13), processLIN@tempRxData(8), 
  5040 ;;  tmp             1    6[COMMON] unsigned char 
  5041 ;; Return value:  Size  Location     Type
  5042 ;;                  2    0[COMMON] PTR void 
  5043 ;; Registers used:
  5044 ;;		wreg, fsr1l, fsr1h, status,2, status,0
  5045 ;; Tracked objects:
  5046 ;;		On entry : 0/0
  5047 ;;		On exit  : 0/0
  5048 ;;		Unchanged: 0/0
  5049 ;; Data sizes:     COMMON   BANK0   BANK1   BANK2
  5050 ;;      Params:         6       0       0       0
  5051 ;;      Locals:         3       0       0       0
  5052 ;;      Temps:          0       0       0       0
  5053 ;;      Totals:         9       0       0       0
  5054 ;;Total ram usage:        9 bytes
  5055 ;; Hardware stack levels used: 1
  5056 ;; Hardware stack levels required when called: 4
  5057 ;; This function calls:
  5058 ;;		Nothing
  5059 ;; This function is called by:
  5060 ;;		_LIN_queuePacket
  5061 ;;		_LIN_getPacket
  5062 ;; This function uses a non-reentrant model
  5063 ;;
  5064                           
  5065     04D8                     _memcpy:	
  5066                           ;psect for function _memcpy
  5067                           
  5068     04D8                     l1780:	
  5069                           ;incstack = 0
  5070                           ; Regs used in _memcpy: [wreg+fsr1l+fsr1h+status,2+status,0]
  5071                           
  5072     04D8  0872               	movf	memcpy@s1,w
  5073     04D9  00F8               	movwf	memcpy@s
  5074     04DA  0870               	movf	memcpy@d1,w
  5075     04DB  00F7               	movwf	memcpy@d
  5076     04DC  2CEB               	goto	l1107
  5077     04DD                     l1782:
  5078     04DD  0878               	movf	memcpy@s,w
  5079     04DE  0086               	movwf	6
  5080     04DF  0187               	clrf	7
  5081     04E0  0801               	movf	1,w
  5082     04E1  00F6               	movwf	memcpy@tmp
  5083     04E2                     l1784:
  5084     04E2  3001               	movlw	1
  5085     04E3  07F8               	addwf	memcpy@s,f
  5086     04E4                     l1786:
  5087     04E4  0877               	movf	memcpy@d,w
  5088     04E5  0086               	movwf	6
  5089     04E6  0187               	clrf	7
  5090     04E7  0876               	movf	memcpy@tmp,w
  5091     04E8  0081               	movwf	1
  5092     04E9  3001               	movlw	1
  5093     04EA  07F7               	addwf	memcpy@d,f
  5094     04EB                     l1107:
  5095     04EB  3001               	movlw	1
  5096     04EC  02F4               	subwf	memcpy@n,f
  5097     04ED  3000               	movlw	0
  5098     04EE  3BF5               	subwfb	memcpy@n+1,f
  5099     04EF  0A74               	incf	memcpy@n,w
  5100     04F0  1D03               	skipz
  5101     04F1  2CF6               	goto	u991
  5102     04F2  0A75               	incf	memcpy@n+1,w
  5103     04F3  1D03               	btfss	3,2
  5104     04F4  2CF6               	goto	u991
  5105     04F5  2CF7               	goto	u990
  5106     04F6                     u991:
  5107     04F6  2CDD               	goto	l1782
  5108     04F7                     u990:
  5109     04F7                     l1110:
  5110     04F7  0008               	return
  5111     04F8                     __end_of_memcpy:
  5112                           
  5113                           	psect	text37
  5114     0493                     __ptext37:	
  5115 ;; *************** function _LIN_sendPacket *****************
  5116 ;; Defined at:
  5117 ;;		line 192 in file "mcc_generated_files/LINDrivers/lin_slave.c"
  5118 ;; Parameters:    Size  Location     Type
  5119 ;;  length          1    wreg     unsigned char 
  5120 ;;  pid             1    9[COMMON] unsigned char 
  5121 ;;  data            2   10[COMMON] PTR unsigned char 
  5122 ;;		 -> LIN_packet(13), 
  5123 ;; Auto vars:     Size  Location     Type
  5124 ;;  length          1   12[COMMON] unsigned char 
  5125 ;;  i               1   13[COMMON] unsigned char 
  5126 ;; Return value:  Size  Location     Type
  5127 ;;                  1    wreg      void 
  5128 ;; Registers used:
  5129 ;;		wreg, fsr1l, fsr1h, status,2, status,0, pclath, cstack
  5130 ;; Tracked objects:
  5131 ;;		On entry : 0/0
  5132 ;;		On exit  : 0/0
  5133 ;;		Unchanged: 0/0
  5134 ;; Data sizes:     COMMON   BANK0   BANK1   BANK2
  5135 ;;      Params:         3       0       0       0
  5136 ;;      Locals:         2       0       0       0
  5137 ;;      Temps:          0       0       0       0
  5138 ;;      Totals:         5       0       0       0
  5139 ;;Total ram usage:        5 bytes
  5140 ;; Hardware stack levels used: 1
  5141 ;; Hardware stack levels required when called: 5
  5142 ;; This function calls:
  5143 ;;		_EUSART1_Write
  5144 ;;		_LIN_getChecksum
  5145 ;; This function is called by:
  5146 ;;		_LIN_queuePacket
  5147 ;; This function uses a non-reentrant model
  5148 ;;
  5149                           
  5150     0493                     _LIN_sendPacket:	
  5151                           ;psect for function _LIN_sendPacket
  5152                           
  5153                           
  5154                           ;incstack = 0
  5155                           ; Regs used in _LIN_sendPacket: [wreg+fsr1l+fsr1h+status,2+status,0+pclath+cstack]
  5156                           ;LIN_sendPacket@length stored from wreg
  5157     0493  00FC               	movwf	LIN_sendPacket@length
  5158     0494                     l1852:
  5159                           
  5160                           ;mcc_generated_files/LINDrivers/lin_slave.c: 195:     for(uint8_t i = 0; i < length; i++
      +                          ){
  5161     0494  01FD               	clrf	LIN_sendPacket@i
  5162     0495  2CA2               	goto	l1858
  5163     0496                     l1854:
  5164                           
  5165                           ;mcc_generated_files/LINDrivers/lin_slave.c: 196:         EUSART1_Write(*(data + i));
  5166     0496  087D               	movf	LIN_sendPacket@i,w
  5167     0497  077A               	addwf	LIN_sendPacket@data,w
  5168     0498  0086               	movwf	6
  5169     0499  3000               	movlw	0
  5170     049A  3D7B               	addwfc	LIN_sendPacket@data+1,w
  5171     049B  0087               	movwf	7
  5172     049C  0801               	movf	1,w
  5173     049D  3184  2449  3184   	fcall	_EUSART1_Write
  5174     04A0                     l1856:
  5175                           
  5176                           ;mcc_generated_files/LINDrivers/lin_slave.c: 197:     }
  5177     04A0  3001               	movlw	1
  5178     04A1  07FD               	addwf	LIN_sendPacket@i,f
  5179     04A2                     l1858:
  5180     04A2  087C               	movf	LIN_sendPacket@length,w
  5181     04A3  027D               	subwf	LIN_sendPacket@i,w
  5182     04A4  1C03               	skipc
  5183     04A5  2CA7               	goto	u1061
  5184     04A6  2CA8               	goto	u1060
  5185     04A7                     u1061:
  5186     04A7  2C96               	goto	l1854
  5187     04A8                     u1060:
  5188     04A8                     l1860:
  5189                           
  5190                           ;mcc_generated_files/LINDrivers/lin_slave.c: 199:     EUSART1_Write(LIN_getChecksum(leng
      +                          th, pid, data));
  5191     04A8  0879               	movf	LIN_sendPacket@pid,w
  5192     04A9  00F0               	movwf	LIN_getChecksum@pid
  5193     04AA  087B               	movf	LIN_sendPacket@data+1,w
  5194     04AB  00F2               	movwf	LIN_getChecksum@data+1
  5195     04AC  087A               	movf	LIN_sendPacket@data,w
  5196     04AD  00F1               	movwf	LIN_getChecksum@data
  5197     04AE  087C               	movf	LIN_sendPacket@length,w
  5198     04AF  3184  2417  3184   	fcall	_LIN_getChecksum
  5199     04B2  3184  2449  3184   	fcall	_EUSART1_Write
  5200     04B5                     l225:
  5201     04B5  0008               	return
  5202     04B6                     __end_of_LIN_sendPacket:
  5203                           
  5204                           	psect	text38
  5205     0417                     __ptext38:	
  5206 ;; *************** function _LIN_getChecksum *****************
  5207 ;; Defined at:
  5208 ;;		line 270 in file "mcc_generated_files/LINDrivers/lin_slave.c"
  5209 ;; Parameters:    Size  Location     Type
  5210 ;;  length          1    wreg     unsigned char 
  5211 ;;  pid             1    0[COMMON] unsigned char 
  5212 ;;  data            2    1[COMMON] PTR unsigned char 
  5213 ;;		 -> LIN_packet(13), 
  5214 ;; Auto vars:     Size  Location     Type
  5215 ;;  length          1    5[COMMON] unsigned char 
  5216 ;;  i               1    6[COMMON] unsigned char 
  5217 ;;  checksum        2    7[COMMON] unsigned short 
  5218 ;; Return value:  Size  Location     Type
  5219 ;;                  1    wreg      unsigned char 
  5220 ;; Registers used:
  5221 ;;		wreg, fsr1l, fsr1h, status,2, status,0
  5222 ;; Tracked objects:
  5223 ;;		On entry : 0/0
  5224 ;;		On exit  : 0/0
  5225 ;;		Unchanged: 0/0
  5226 ;; Data sizes:     COMMON   BANK0   BANK1   BANK2
  5227 ;;      Params:         3       0       0       0
  5228 ;;      Locals:         4       0       0       0
  5229 ;;      Temps:          2       0       0       0
  5230 ;;      Totals:         9       0       0       0
  5231 ;;Total ram usage:        9 bytes
  5232 ;; Hardware stack levels used: 1
  5233 ;; Hardware stack levels required when called: 4
  5234 ;; This function calls:
  5235 ;;		Nothing
  5236 ;; This function is called by:
  5237 ;;		_LIN_queuePacket
  5238 ;;		_LIN_handler
  5239 ;;		_LIN_sendPacket
  5240 ;; This function uses a non-reentrant model
  5241 ;;
  5242                           
  5243     0417                     _LIN_getChecksum:	
  5244                           ;psect for function _LIN_getChecksum
  5245                           
  5246                           
  5247                           ;incstack = 0
  5248                           ; Regs used in _LIN_getChecksum: [wreg+fsr1l+fsr1h+status,2+status,0]
  5249                           ;LIN_getChecksum@length stored from wreg
  5250     0417  00F5               	movwf	LIN_getChecksum@length
  5251     0418                     l1788:
  5252                           
  5253                           ;mcc_generated_files/LINDrivers/lin_slave.c: 271:     uint16_t checksum = pid;
  5254     0418  0870               	movf	LIN_getChecksum@pid,w
  5255     0419  00F3               	movwf	??_LIN_getChecksum
  5256     041A  01F4               	clrf	??_LIN_getChecksum+1
  5257     041B  0873               	movf	??_LIN_getChecksum,w
  5258     041C  00F7               	movwf	LIN_getChecksum@checksum
  5259     041D  0874               	movf	??_LIN_getChecksum+1,w
  5260     041E  00F8               	movwf	LIN_getChecksum@checksum+1
  5261     041F                     l1790:
  5262                           
  5263                           ;mcc_generated_files/LINDrivers/lin_slave.c: 273:     for (uint8_t i = 0; i < length; i+
      +                          +){
  5264     041F  01F6               	clrf	LIN_getChecksum@i
  5265     0420  2C3F               	goto	l1802
  5266     0421                     l1792:
  5267                           
  5268                           ;mcc_generated_files/LINDrivers/lin_slave.c: 274:         checksum = checksum + *data++;
  5269     0421  0871               	movf	LIN_getChecksum@data,w
  5270     0422  0086               	movwf	6
  5271     0423  0872               	movf	LIN_getChecksum@data+1,w
  5272     0424  0087               	movwf	7
  5273     0425  0801               	movf	1,w
  5274     0426  0777               	addwf	LIN_getChecksum@checksum,w
  5275     0427  00F7               	movwf	LIN_getChecksum@checksum
  5276     0428  0878               	movf	LIN_getChecksum@checksum+1,w
  5277     0429  1803               	skipnc
  5278     042A  0A78               	incf	LIN_getChecksum@checksum+1,w
  5279     042B  00F8               	movwf	LIN_getChecksum@checksum+1
  5280     042C                     l1794:
  5281     042C  3001               	movlw	1
  5282     042D  07F1               	addwf	LIN_getChecksum@data,f
  5283     042E  3000               	movlw	0
  5284     042F  3DF2               	addwfc	LIN_getChecksum@data+1,f
  5285     0430                     l1796:
  5286                           
  5287                           ;mcc_generated_files/LINDrivers/lin_slave.c: 275:         if(checksum > 0xFF)
  5288     0430  3001               	movlw	1
  5289     0431  0278               	subwf	LIN_getChecksum@checksum+1,w
  5290     0432  3000               	movlw	0
  5291     0433  1903               	skipnz
  5292     0434  0277               	subwf	LIN_getChecksum@checksum,w
  5293     0435  1C03               	skipc
  5294     0436  2C38               	goto	u1001
  5295     0437  2C39               	goto	u1000
  5296     0438                     u1001:
  5297     0438  2C3D               	goto	l1800
  5298     0439                     u1000:
  5299     0439                     l1798:
  5300                           
  5301                           ;mcc_generated_files/LINDrivers/lin_slave.c: 276:             checksum -= 0xFF;
  5302     0439  30FF               	movlw	255
  5303     043A  02F7               	subwf	LIN_getChecksum@checksum,f
  5304     043B  3000               	movlw	0
  5305     043C  3BF8               	subwfb	LIN_getChecksum@checksum+1,f
  5306     043D                     l1800:
  5307                           
  5308                           ;mcc_generated_files/LINDrivers/lin_slave.c: 277:     }
  5309     043D  3001               	movlw	1
  5310     043E  07F6               	addwf	LIN_getChecksum@i,f
  5311     043F                     l1802:
  5312     043F  0875               	movf	LIN_getChecksum@length,w
  5313     0440  0276               	subwf	LIN_getChecksum@i,w
  5314     0441  1C03               	skipc
  5315     0442  2C44               	goto	u1011
  5316     0443  2C45               	goto	u1010
  5317     0444                     u1011:
  5318     0444  2C21               	goto	l1792
  5319     0445                     u1010:
  5320     0445                     l256:
  5321                           
  5322                           ;mcc_generated_files/LINDrivers/lin_slave.c: 278:     checksum = ~checksum;
  5323     0445  09F7               	comf	LIN_getChecksum@checksum,f
  5324     0446  09F8               	comf	LIN_getChecksum@checksum+1,f
  5325     0447                     l1804:
  5326                           
  5327                           ;mcc_generated_files/LINDrivers/lin_slave.c: 280:     return (uint8_t)checksum;
  5328     0447  0877               	movf	LIN_getChecksum@checksum,w
  5329     0448                     l257:
  5330     0448  0008               	return
  5331     0449                     __end_of_LIN_getChecksum:
  5332                           
  5333                           	psect	text39
  5334     0449                     __ptext39:	
  5335 ;; *************** function _EUSART1_Write *****************
  5336 ;; Defined at:
  5337 ;;		line 173 in file "mcc_generated_files/eusart1.c"
  5338 ;; Parameters:    Size  Location     Type
  5339 ;;  txData          1    wreg     unsigned char 
  5340 ;; Auto vars:     Size  Location     Type
  5341 ;;  txData          1    0[COMMON] unsigned char 
  5342 ;; Return value:  Size  Location     Type
  5343 ;;                  1    wreg      void 
  5344 ;; Registers used:
  5345 ;;		wreg, fsr1l, fsr1h, status,2, status,0
  5346 ;; Tracked objects:
  5347 ;;		On entry : 0/0
  5348 ;;		On exit  : 0/0
  5349 ;;		Unchanged: 0/0
  5350 ;; Data sizes:     COMMON   BANK0   BANK1   BANK2
  5351 ;;      Params:         0       0       0       0
  5352 ;;      Locals:         1       0       0       0
  5353 ;;      Temps:          0       0       0       0
  5354 ;;      Totals:         1       0       0       0
  5355 ;;Total ram usage:        1 bytes
  5356 ;; Hardware stack levels used: 1
  5357 ;; Hardware stack levels required when called: 4
  5358 ;; This function calls:
  5359 ;;		Nothing
  5360 ;; This function is called by:
  5361 ;;		_LIN_sendPacket
  5362 ;; This function uses a non-reentrant model
  5363 ;;
  5364                           
  5365     0449                     _EUSART1_Write:	
  5366                           ;psect for function _EUSART1_Write
  5367                           
  5368                           
  5369                           ;incstack = 0
  5370                           ; Regs used in _EUSART1_Write: [wreg+fsr1l+fsr1h+status,2+status,0]
  5371                           ;EUSART1_Write@txData stored from wreg
  5372     0449  00F0               	movwf	EUSART1_Write@txData
  5373     044A                     l1816:
  5374     044A                     l1818:	
  5375                           ;mcc_generated_files/eusart1.c: 173: void EUSART1_Write(uint8_t txData);mcc_generated_fi
      +                          les/eusart1.c: 174: {;mcc_generated_files/eusart1.c: 175:     while(0 == eusart1TxBuffer
      +                          Remaining)
  5376                           
  5377                           
  5378                           ;mcc_generated_files/eusart1.c: 175:     while(0 == eusart1TxBufferRemaining)
  5379     044A  0140               	movlb	0	; select bank0
  5380     044B  083C               	movf	_eusart1TxBufferRemaining,w	;volatile
  5381     044C  1903               	btfsc	3,2
  5382     044D  2C4F               	goto	u1031
  5383     044E  2C50               	goto	u1030
  5384     044F                     u1031:
  5385     044F  2C4A               	goto	l1818
  5386     0450                     u1030:
  5387     0450                     l379:
  5388                           
  5389                           ;mcc_generated_files/eusart1.c: 179:     if(0 == PIE1bits.TX1IE)
  5390     0450  014E               	movlb	14	; select bank14
  5391     0451  1997               	btfsc	23,3	;volatile
  5392     0452  2C54               	goto	u1041
  5393     0453  2C55               	goto	u1040
  5394     0454                     u1041:
  5395     0454  2C59               	goto	l380
  5396     0455                     u1040:
  5397     0455                     l1820:
  5398                           
  5399                           ;mcc_generated_files/eusart1.c: 180:     {;mcc_generated_files/eusart1.c: 181:         T
      +                          X1REG = txData;
  5400     0455  0870               	movf	EUSART1_Write@txData,w
  5401     0456  0142               	movlb	2	; select bank2
  5402     0457  009A               	movwf	26	;volatile
  5403                           
  5404                           ;mcc_generated_files/eusart1.c: 182:     }
  5405     0458  2C6C               	goto	l1832
  5406     0459                     l380:	
  5407                           ;mcc_generated_files/eusart1.c: 183:     else
  5408                           
  5409                           
  5410                           ;mcc_generated_files/eusart1.c: 184:     {;mcc_generated_files/eusart1.c: 185:         P
      +                          IE1bits.TX1IE = 0;
  5411     0459  1197               	bcf	23,3	;volatile
  5412     045A                     l1822:
  5413                           
  5414                           ;mcc_generated_files/eusart1.c: 186:         eusart1TxBuffer[eusart1TxHead++] = txData;
  5415     045A  0140               	movlb	0	; select bank0
  5416     045B  083E               	movf	_eusart1TxHead,w
  5417     045C  3E30               	addlw	(low (_eusart1TxBuffer| 0))& (0+255)
  5418     045D  0086               	movwf	6
  5419     045E  0187               	clrf	7
  5420     045F  0870               	movf	EUSART1_Write@txData,w
  5421     0460  0081               	movwf	1
  5422     0461                     l1824:
  5423     0461  3001               	movlw	1
  5424     0462  07BE               	addwf	_eusart1TxHead,f	;volatile
  5425     0463                     l1826:
  5426                           
  5427                           ;mcc_generated_files/eusart1.c: 187:         if(sizeof(eusart1TxBuffer) <= eusart1TxHead
      +                          )
  5428     0463  3008               	movlw	8
  5429     0464  023E               	subwf	_eusart1TxHead,w	;volatile
  5430     0465  1C03               	skipc
  5431     0466  2C68               	goto	u1051
  5432     0467  2C69               	goto	u1050
  5433     0468                     u1051:
  5434     0468  2C6A               	goto	l1830
  5435     0469                     u1050:
  5436     0469                     l1828:
  5437                           
  5438                           ;mcc_generated_files/eusart1.c: 188:         {;mcc_generated_files/eusart1.c: 189:      
      +                                 eusart1TxHead = 0;
  5439     0469  01BE               	clrf	_eusart1TxHead	;volatile
  5440     046A                     l1830:
  5441                           
  5442                           ;mcc_generated_files/eusart1.c: 191:         eusart1TxBufferRemaining--;
  5443     046A  3001               	movlw	1
  5444     046B  02BC               	subwf	_eusart1TxBufferRemaining,f	;volatile
  5445     046C                     l1832:
  5446                           
  5447                           ;mcc_generated_files/eusart1.c: 193:     PIE1bits.TX1IE = 1;
  5448     046C  014E               	movlb	14	; select bank14
  5449     046D  1597               	bsf	23,3	;volatile
  5450     046E                     l383:
  5451     046E  0008               	return
  5452     046F                     __end_of_EUSART1_Write:
  5453                           
  5454                           	psect	text40
  5455     064F                     __ptext40:	
  5456 ;; *************** function _LIN_enableRx *****************
  5457 ;; Defined at:
  5458 ;;		line 311 in file "mcc_generated_files/LINDrivers/lin_slave.c"
  5459 ;; Parameters:    Size  Location     Type
  5460 ;;		None
  5461 ;; Auto vars:     Size  Location     Type
  5462 ;;		None
  5463 ;; Return value:  Size  Location     Type
  5464 ;;                  1    wreg      void 
  5465 ;; Registers used:
  5466 ;;		None
  5467 ;; Tracked objects:
  5468 ;;		On entry : 0/0
  5469 ;;		On exit  : 0/0
  5470 ;;		Unchanged: 0/0
  5471 ;; Data sizes:     COMMON   BANK0   BANK1   BANK2
  5472 ;;      Params:         0       0       0       0
  5473 ;;      Locals:         0       0       0       0
  5474 ;;      Temps:          0       0       0       0
  5475 ;;      Totals:         0       0       0       0
  5476 ;;Total ram usage:        0 bytes
  5477 ;; Hardware stack levels used: 1
  5478 ;; Hardware stack levels required when called: 4
  5479 ;; This function calls:
  5480 ;;		Nothing
  5481 ;; This function is called by:
  5482 ;;		_LIN_init
  5483 ;;		_LIN_handler
  5484 ;; This function uses a non-reentrant model
  5485 ;;
  5486                           
  5487     064F                     _LIN_enableRx:	
  5488                           ;psect for function _LIN_enableRx
  5489                           
  5490     064F                     l1776:	
  5491                           ;incstack = 0
  5492                           ; Regs used in _LIN_enableRx: []
  5493                           
  5494                           
  5495                           ;mcc_generated_files/LINDrivers/lin_slave.c: 312:     RC1STAbits.CREN = 1;
  5496     064F  0142               	movlb	2	; select bank2
  5497     0650  161D               	bsf	29,4	;volatile
  5498                           
  5499                           ;mcc_generated_files/LINDrivers/lin_slave.c: 313:     PIE1bits.RC1IE = 1;
  5500     0651  014E               	movlb	14	; select bank14
  5501     0652  1617               	bsf	23,4	;volatile
  5502     0653                     l273:
  5503     0653  0008               	return
  5504     0654                     __end_of_LIN_enableRx:
  5505                           
  5506                           	psect	text41
  5507     0654                     __ptext41:	
  5508 ;; *************** function _LIN_disableRx *****************
  5509 ;; Defined at:
  5510 ;;		line 316 in file "mcc_generated_files/LINDrivers/lin_slave.c"
  5511 ;; Parameters:    Size  Location     Type
  5512 ;;		None
  5513 ;; Auto vars:     Size  Location     Type
  5514 ;;		None
  5515 ;; Return value:  Size  Location     Type
  5516 ;;                  1    wreg      void 
  5517 ;; Registers used:
  5518 ;;		None
  5519 ;; Tracked objects:
  5520 ;;		On entry : 0/0
  5521 ;;		On exit  : 0/0
  5522 ;;		Unchanged: 0/0
  5523 ;; Data sizes:     COMMON   BANK0   BANK1   BANK2
  5524 ;;      Params:         0       0       0       0
  5525 ;;      Locals:         0       0       0       0
  5526 ;;      Temps:          0       0       0       0
  5527 ;;      Totals:         0       0       0       0
  5528 ;;Total ram usage:        0 bytes
  5529 ;; Hardware stack levels used: 1
  5530 ;; Hardware stack levels required when called: 4
  5531 ;; This function calls:
  5532 ;;		Nothing
  5533 ;; This function is called by:
  5534 ;;		_LIN_handler
  5535 ;; This function uses a non-reentrant model
  5536 ;;
  5537                           
  5538     0654                     _LIN_disableRx:	
  5539                           ;psect for function _LIN_disableRx
  5540                           
  5541     0654                     l2138:	
  5542                           ;incstack = 0
  5543                           ; Regs used in _LIN_disableRx: []
  5544                           
  5545                           
  5546                           ;mcc_generated_files/LINDrivers/lin_slave.c: 317:     RC1STAbits.CREN = 0;
  5547     0654  0142               	movlb	2	; select bank2
  5548     0655  121D               	bcf	29,4	;volatile
  5549                           
  5550                           ;mcc_generated_files/LINDrivers/lin_slave.c: 318:     PIE1bits.RC1IE = 0;
  5551     0656  014E               	movlb	14	; select bank14
  5552     0657  1217               	bcf	23,4	;volatile
  5553     0658                     l276:
  5554     0658  0008               	return
  5555     0659                     __end_of_LIN_disableRx:
  5556                           
  5557                           	psect	text42
  5558     0516                     __ptext42:	
  5559 ;; *************** function _LIN_checkPID *****************
  5560 ;; Defined at:
  5561 ;;		line 241 in file "mcc_generated_files/LINDrivers/lin_slave.c"
  5562 ;; Parameters:    Size  Location     Type
  5563 ;;  pid             1    wreg     unsigned char 
  5564 ;; Auto vars:     Size  Location     Type
  5565 ;;  pid             1    7[COMMON] unsigned char 
  5566 ;; Return value:  Size  Location     Type
  5567 ;;                  1    wreg      _Bool 
  5568 ;; Registers used:
  5569 ;;		wreg, fsr0l, fsr0h, status,2, status,0, pclath, cstack
  5570 ;; Tracked objects:
  5571 ;;		On entry : 0/0
  5572 ;;		On exit  : 0/0
  5573 ;;		Unchanged: 0/0
  5574 ;; Data sizes:     COMMON   BANK0   BANK1   BANK2
  5575 ;;      Params:         0       0       0       0
  5576 ;;      Locals:         1       0       0       0
  5577 ;;      Temps:          0       0       0       0
  5578 ;;      Totals:         1       0       0       0
  5579 ;;Total ram usage:        1 bytes
  5580 ;; Hardware stack levels used: 1
  5581 ;; Hardware stack levels required when called: 5
  5582 ;; This function calls:
  5583 ;;		_LIN_calcParity
  5584 ;;		_LIN_getFromTable
  5585 ;; This function is called by:
  5586 ;;		_LIN_handler
  5587 ;; This function uses a non-reentrant model
  5588 ;;
  5589                           
  5590     0516                     _LIN_checkPID:	
  5591                           ;psect for function _LIN_checkPID
  5592                           
  5593                           
  5594                           ;incstack = 0
  5595                           ; Regs used in _LIN_checkPID: [wreg-fsr0h+status,2+status,0+pclath+cstack]
  5596                           ;LIN_checkPID@pid stored from wreg
  5597     0516  00F7               	movwf	LIN_checkPID@pid
  5598     0517                     l2122:
  5599                           
  5600                           ;mcc_generated_files/LINDrivers/lin_slave.c: 242:     if(LIN_getFromTable(pid, TYPE) == 
      +                          ERROR)
  5601     0517  01F0               	clrf	LIN_getFromTable@param
  5602     0518  0AF0               	incf	LIN_getFromTable@param,f
  5603     0519  0877               	movf	LIN_checkPID@pid,w
  5604     051A  3183  2341  3185   	fcall	_LIN_getFromTable
  5605     051D  3A02               	xorlw	2
  5606     051E  1D03               	skipz
  5607     051F  2D21               	goto	u1661
  5608     0520  2D22               	goto	u1660
  5609     0521                     u1661:
  5610     0521  2D24               	goto	l2128
  5611     0522                     u1660:
  5612     0522                     l2124:
  5613                           
  5614                           ;mcc_generated_files/LINDrivers/lin_slave.c: 243:         return 0;
  5615     0522  3000               	movlw	0
  5616     0523  2D2F               	goto	l246
  5617     0524                     l2128:
  5618                           
  5619                           ;mcc_generated_files/LINDrivers/lin_slave.c: 245:     if(pid == LIN_calcParity(pid & 0x3
      +                          F))
  5620     0524  0877               	movf	LIN_checkPID@pid,w
  5621     0525  393F               	andlw	63
  5622     0526  3182  2259  3185   	fcall	_LIN_calcParity
  5623     0529  0677               	xorwf	LIN_checkPID@pid,w
  5624     052A  1D03               	skipz
  5625     052B  2D2D               	goto	u1671
  5626     052C  2D2E               	goto	u1670
  5627     052D                     u1671:
  5628     052D  2D22               	goto	l2124
  5629     052E                     u1670:
  5630     052E                     l2130:
  5631                           
  5632                           ;mcc_generated_files/LINDrivers/lin_slave.c: 246:         return 1;
  5633     052E  3001               	movlw	1
  5634     052F                     l246:
  5635     052F  0008               	return
  5636     0530                     __end_of_LIN_checkPID:
  5637                           
  5638                           	psect	text43
  5639     0341                     __ptext43:	
  5640 ;; *************** function _LIN_getFromTable *****************
  5641 ;; Defined at:
  5642 ;;		line 211 in file "mcc_generated_files/LINDrivers/lin_slave.c"
  5643 ;; Parameters:    Size  Location     Type
  5644 ;;  cmd             1    wreg     unsigned char 
  5645 ;;  param           1    0[COMMON] enum E221
  5646 ;; Auto vars:     Size  Location     Type
  5647 ;;  cmd             1    3[COMMON] unsigned char 
  5648 ;;  length          1    4[COMMON] unsigned char 
  5649 ;;  rxCommand       2    5[COMMON] PTR const struct .
  5650 ;;		 -> NULL(0), scheduleTable(5), 
  5651 ;; Return value:  Size  Location     Type
  5652 ;;                  1    wreg      unsigned char 
  5653 ;; Registers used:
  5654 ;;		wreg, fsr0l, fsr0h, status,2, status,0, pclath
  5655 ;; Tracked objects:
  5656 ;;		On entry : 0/0
  5657 ;;		On exit  : 0/0
  5658 ;;		Unchanged: 0/0
  5659 ;; Data sizes:     COMMON   BANK0   BANK1   BANK2
  5660 ;;      Params:         1       0       0       0
  5661 ;;      Locals:         4       0       0       0
  5662 ;;      Temps:          2       0       0       0
  5663 ;;      Totals:         7       0       0       0
  5664 ;;Total ram usage:        7 bytes
  5665 ;; Hardware stack levels used: 1
  5666 ;; Hardware stack levels required when called: 4
  5667 ;; This function calls:
  5668 ;;		Nothing
  5669 ;; This function is called by:
  5670 ;;		_LIN_handler
  5671 ;;		_LIN_checkPID
  5672 ;; This function uses a non-reentrant model
  5673 ;;
  5674                           
  5675     0341                     _LIN_getFromTable:	
  5676                           ;psect for function _LIN_getFromTable
  5677                           
  5678                           
  5679                           ;incstack = 0
  5680                           ; Regs used in _LIN_getFromTable: [wreg-fsr0h+status,2+status,0+pclath]
  5681                           ;LIN_getFromTable@cmd stored from wreg
  5682     0341  00F3               	movwf	LIN_getFromTable@cmd
  5683     0342                     l1884:
  5684                           
  5685                           ;mcc_generated_files/LINDrivers/lin_slave.c: 212:     const lin_rx_cmd_t* rxCommand = LI
      +                          N_rxCommand;
  5686     0342  0140               	movlb	0	; select bank0
  5687     0343  0860               	movf	_LIN_rxCommand+1,w
  5688     0344  00F6               	movwf	LIN_getFromTable@rxCommand+1
  5689     0345  085F               	movf	_LIN_rxCommand,w
  5690     0346  00F5               	movwf	LIN_getFromTable@rxCommand
  5691     0347                     l1886:
  5692                           
  5693                           ;mcc_generated_files/LINDrivers/lin_slave.c: 214:     cmd &= 0x3F;
  5694     0347  303F               	movlw	63
  5695     0348  05F3               	andwf	LIN_getFromTable@cmd,f
  5696     0349                     l1888:
  5697                           
  5698                           ;mcc_generated_files/LINDrivers/lin_slave.c: 216:     for(uint8_t length = 0; length < L
      +                          IN_rxCommandLength; length++){
  5699     0349  01F4               	clrf	LIN_getFromTable@length
  5700     034A  2B6C               	goto	l1902
  5701     034B                     l1890:
  5702                           
  5703                           ;mcc_generated_files/LINDrivers/lin_slave.c: 217:         if(cmd == rxCommand->cmd){
  5704     034B  0875               	movf	LIN_getFromTable@rxCommand,w
  5705     034C  0084               	movwf	4
  5706     034D  0876               	movf	LIN_getFromTable@rxCommand+1,w
  5707     034E  0085               	movwf	5
  5708     034F  0800               	movf	0,w	;code access
  5709     0350  0673               	xorwf	LIN_getFromTable@cmd,w
  5710     0351  1D03               	skipz
  5711     0352  2B54               	goto	u1091
  5712     0353  2B55               	goto	u1090
  5713     0354                     u1091:
  5714     0354  2B56               	goto	l1894
  5715     0355                     u1090:
  5716     0355  2B8B               	goto	l1918
  5717     0356                     l1894:
  5718                           
  5719                           ;mcc_generated_files/LINDrivers/lin_slave.c: 220:         rxCommand++;
  5720     0356  3005               	movlw	5
  5721     0357  07F5               	addwf	LIN_getFromTable@rxCommand,f
  5722     0358  3000               	movlw	0
  5723     0359  3DF6               	addwfc	LIN_getFromTable@rxCommand+1,f
  5724                           
  5725                           ;mcc_generated_files/LINDrivers/lin_slave.c: 222:         if(length == (LIN_rxCommandLen
      +                          gth-1)){
  5726     035A  0863               	movf	_LIN_rxCommandLength,w
  5727     035B  3EFF               	addlw	255
  5728     035C  00F1               	movwf	??_LIN_getFromTable
  5729     035D  30FF               	movlw	255
  5730     035E  1803               	skipnc
  5731     035F  3000               	movlw	0
  5732     0360  00F2               	movwf	??_LIN_getFromTable+1
  5733     0361  0874               	movf	LIN_getFromTable@length,w
  5734     0362  0671               	xorwf	??_LIN_getFromTable,w
  5735     0363  0472               	iorwf	??_LIN_getFromTable+1,w
  5736     0364  1D03               	skipz
  5737     0365  2B67               	goto	u1101
  5738     0366  2B68               	goto	u1100
  5739     0367                     u1101:
  5740     0367  2B6A               	goto	l1900
  5741     0368                     u1100:
  5742     0368                     l1896:
  5743                           
  5744                           ;mcc_generated_files/LINDrivers/lin_slave.c: 223:             return ERROR;
  5745     0368  3002               	movlw	2
  5746     0369  2B9E               	goto	l236
  5747     036A                     l1900:
  5748                           
  5749                           ;mcc_generated_files/LINDrivers/lin_slave.c: 225:     }
  5750     036A  3001               	movlw	1
  5751     036B  07F4               	addwf	LIN_getFromTable@length,f
  5752     036C                     l1902:
  5753     036C  0863               	movf	_LIN_rxCommandLength,w
  5754     036D  0274               	subwf	LIN_getFromTable@length,w
  5755     036E  1C03               	skipc
  5756     036F  2B71               	goto	u1111
  5757     0370  2B72               	goto	u1110
  5758     0371                     u1111:
  5759     0371  2B4B               	goto	l1890
  5760     0372                     u1110:
  5761     0372  2B8B               	goto	l1918
  5762     0373                     l1904:
  5763                           
  5764                           ;mcc_generated_files/LINDrivers/lin_slave.c: 229:             return rxCommand->cmd;
  5765     0373  0875               	movf	LIN_getFromTable@rxCommand,w
  5766     0374  0084               	movwf	4
  5767     0375  0876               	movf	LIN_getFromTable@rxCommand+1,w
  5768     0376  0085               	movwf	5
  5769     0377  0800               	movf	0,w	;code access
  5770     0378  2B9E               	goto	l236
  5771     0379                     l1908:
  5772                           
  5773                           ;mcc_generated_files/LINDrivers/lin_slave.c: 231:             return rxCommand->type;
  5774     0379  3001               	movlw	1
  5775     037A  0775               	addwf	LIN_getFromTable@rxCommand,w
  5776     037B  0084               	movwf	4
  5777     037C  0876               	movf	LIN_getFromTable@rxCommand+1,w
  5778     037D  1803               	skipnc
  5779     037E  3E01               	addlw	1
  5780     037F  0085               	movwf	5
  5781     0380  0800               	movf	0,w	;code access
  5782     0381  2B9E               	goto	l236
  5783     0382                     l1912:
  5784                           
  5785                           ;mcc_generated_files/LINDrivers/lin_slave.c: 233:             return rxCommand->length;
  5786     0382  3002               	movlw	2
  5787     0383  0775               	addwf	LIN_getFromTable@rxCommand,w
  5788     0384  0084               	movwf	4
  5789     0385  0876               	movf	LIN_getFromTable@rxCommand+1,w
  5790     0386  1803               	skipnc
  5791     0387  3E01               	addlw	1
  5792     0388  0085               	movwf	5
  5793     0389  0800               	movf	0,w	;code access
  5794     038A  2B9E               	goto	l236
  5795     038B                     l1918:
  5796     038B  0870               	movf	LIN_getFromTable@param,w
  5797     038C  00F1               	movwf	??_LIN_getFromTable
  5798     038D  01F2               	clrf	??_LIN_getFromTable+1
  5799                           
  5800                           ; Switch on 2 bytes has been partitioned into a top level switch of size 1, and 1 sub-sw
      +                          itches
  5801                           ; Switch size 1, requested type "simple"
  5802                           ; Number of cases is 1, Range of values is 0 to 0
  5803                           ; switch strategies available:
  5804                           ; Name         Instructions Cycles
  5805                           ; simple_byte            4     3 (average)
  5806                           ; direct_byte            8     6 (fixed)
  5807                           ; jumptable            260     6 (fixed)
  5808                           ;	Chosen strategy is simple_byte
  5809     038E  0872               	movf	??_LIN_getFromTable+1,w
  5810     038F  3A00               	xorlw	0	; case 0
  5811     0390  1903               	skipnz
  5812     0391  2B93               	goto	l2604
  5813     0392  2B68               	goto	l1896
  5814     0393                     l2604:
  5815                           
  5816                           ; Switch size 1, requested type "simple"
  5817                           ; Number of cases is 3, Range of values is 0 to 2
  5818                           ; switch strategies available:
  5819                           ; Name         Instructions Cycles
  5820                           ; simple_byte           10     6 (average)
  5821                           ; direct_byte           12     6 (fixed)
  5822                           ; jumptable            260     6 (fixed)
  5823                           ;	Chosen strategy is simple_byte
  5824     0393  0871               	movf	??_LIN_getFromTable,w
  5825     0394  3A00               	xorlw	0	; case 0
  5826     0395  1903               	skipnz
  5827     0396  2B73               	goto	l1904
  5828     0397  3A01               	xorlw	1	; case 1
  5829     0398  1903               	skipnz
  5830     0399  2B79               	goto	l1908
  5831     039A  3A03               	xorlw	3	; case 2
  5832     039B  1903               	skipnz
  5833     039C  2B82               	goto	l1912
  5834     039D  2B68               	goto	l1896
  5835     039E                     l236:
  5836     039E  0008               	return
  5837     039F                     __end_of_LIN_getFromTable:
  5838                           
  5839                           	psect	text44
  5840     0259                     __ptext44:	
  5841 ;; *************** function _LIN_calcParity *****************
  5842 ;; Defined at:
  5843 ;;		line 252 in file "mcc_generated_files/LINDrivers/lin_slave.c"
  5844 ;; Parameters:    Size  Location     Type
  5845 ;;  CMD             1    wreg     unsigned char 
  5846 ;; Auto vars:     Size  Location     Type
  5847 ;;  CMD             1    1[COMMON] unsigned char 
  5848 ;;  PID             1    2[COMMON] struct .
  5849 ;; Return value:  Size  Location     Type
  5850 ;;                  1    wreg      unsigned char 
  5851 ;; Registers used:
  5852 ;;		wreg, status,0
  5853 ;; Tracked objects:
  5854 ;;		On entry : 0/0
  5855 ;;		On exit  : 0/0
  5856 ;;		Unchanged: 0/0
  5857 ;; Data sizes:     COMMON   BANK0   BANK1   BANK2
  5858 ;;      Params:         0       0       0       0
  5859 ;;      Locals:         2       0       0       0
  5860 ;;      Temps:          1       0       0       0
  5861 ;;      Totals:         3       0       0       0
  5862 ;;Total ram usage:        3 bytes
  5863 ;; Hardware stack levels used: 1
  5864 ;; Hardware stack levels required when called: 4
  5865 ;; This function calls:
  5866 ;;		Nothing
  5867 ;; This function is called by:
  5868 ;;		_LIN_checkPID
  5869 ;; This function uses a non-reentrant model
  5870 ;;
  5871                           
  5872     0259                     _LIN_calcParity:	
  5873                           ;psect for function _LIN_calcParity
  5874                           
  5875                           
  5876                           ;incstack = 0
  5877                           ; Regs used in _LIN_calcParity: [wreg+status,0]
  5878                           ;LIN_calcParity@CMD stored from wreg
  5879     0259  00F1               	movwf	LIN_calcParity@CMD
  5880     025A                     l1932:
  5881                           
  5882                           ;mcc_generated_files/LINDrivers/lin_slave.c: 253:     lin_pid_t PID;;mcc_generated_files
      +                          /LINDrivers/lin_slave.c: 254:     PID.rawPID = CMD;
  5883     025A  0871               	movf	LIN_calcParity@CMD,w
  5884     025B  00F2               	movwf	LIN_calcParity@PID
  5885                           
  5886                           ;mcc_generated_files/LINDrivers/lin_slave.c: 259:     PID.P0 = PID.ID0 ^ PID.ID1;
  5887     025C  18F2               	btfsc	LIN_calcParity@PID,1
  5888     025D  2A5F               	goto	u1121
  5889     025E  2A61               	goto	u1120
  5890     025F                     u1121:
  5891     025F  3001               	movlw	1
  5892     0260  2A62               	goto	u1122
  5893     0261                     u1120:
  5894     0261  3000               	movlw	0
  5895     0262                     u1122:
  5896     0262  00F0               	movwf	??_LIN_calcParity
  5897     0263  1872               	btfsc	LIN_calcParity@PID,0
  5898     0264  2A66               	goto	u1131
  5899     0265  2A68               	goto	u1130
  5900     0266                     u1131:
  5901     0266  3001               	movlw	1
  5902     0267  2A69               	goto	u1132
  5903     0268                     u1130:
  5904     0268  3000               	movlw	0
  5905     0269                     u1132:
  5906     0269  0670               	xorwf	??_LIN_calcParity,w
  5907     026A  1D03               	skipz
  5908     026B  2A6D               	goto	u1141
  5909     026C  2A6F               	goto	u1140
  5910     026D                     u1141:
  5911     026D  1772               	bsf	LIN_calcParity@PID,6
  5912     026E  2A70               	goto	u1154
  5913     026F                     u1140:
  5914     026F  1372               	bcf	LIN_calcParity@PID,6
  5915     0270                     u1154:
  5916                           
  5917                           ;mcc_generated_files/LINDrivers/lin_slave.c: 260:     PID.P0 = PID.P0 ^ PID.ID2;
  5918     0270  1972               	btfsc	LIN_calcParity@PID,2
  5919     0271  2A73               	goto	u1161
  5920     0272  2A75               	goto	u1160
  5921     0273                     u1161:
  5922     0273  3001               	movlw	1
  5923     0274  2A76               	goto	u1162
  5924     0275                     u1160:
  5925     0275  3000               	movlw	0
  5926     0276                     u1162:
  5927     0276  00F0               	movwf	??_LIN_calcParity
  5928     0277  1B72               	btfsc	LIN_calcParity@PID,6
  5929     0278  2A7A               	goto	u1171
  5930     0279  2A7C               	goto	u1170
  5931     027A                     u1171:
  5932     027A  3001               	movlw	1
  5933     027B  2A7D               	goto	u1172
  5934     027C                     u1170:
  5935     027C  3000               	movlw	0
  5936     027D                     u1172:
  5937     027D  0670               	xorwf	??_LIN_calcParity,w
  5938     027E  1D03               	skipz
  5939     027F  2A81               	goto	u1181
  5940     0280  2A83               	goto	u1180
  5941     0281                     u1181:
  5942     0281  1772               	bsf	LIN_calcParity@PID,6
  5943     0282  2A84               	goto	u1194
  5944     0283                     u1180:
  5945     0283  1372               	bcf	LIN_calcParity@PID,6
  5946     0284                     u1194:
  5947                           
  5948                           ;mcc_generated_files/LINDrivers/lin_slave.c: 261:     PID.P0 = PID.P0 ^ PID.ID4;
  5949     0284  1A72               	btfsc	LIN_calcParity@PID,4
  5950     0285  2A87               	goto	u1201
  5951     0286  2A89               	goto	u1200
  5952     0287                     u1201:
  5953     0287  3001               	movlw	1
  5954     0288  2A8A               	goto	u1202
  5955     0289                     u1200:
  5956     0289  3000               	movlw	0
  5957     028A                     u1202:
  5958     028A  00F0               	movwf	??_LIN_calcParity
  5959     028B  1B72               	btfsc	LIN_calcParity@PID,6
  5960     028C  2A8E               	goto	u1211
  5961     028D  2A90               	goto	u1210
  5962     028E                     u1211:
  5963     028E  3001               	movlw	1
  5964     028F  2A91               	goto	u1212
  5965     0290                     u1210:
  5966     0290  3000               	movlw	0
  5967     0291                     u1212:
  5968     0291  0670               	xorwf	??_LIN_calcParity,w
  5969     0292  1D03               	skipz
  5970     0293  2A95               	goto	u1221
  5971     0294  2A97               	goto	u1220
  5972     0295                     u1221:
  5973     0295  1772               	bsf	LIN_calcParity@PID,6
  5974     0296  2A98               	goto	u1234
  5975     0297                     u1220:
  5976     0297  1372               	bcf	LIN_calcParity@PID,6
  5977     0298                     u1234:
  5978                           
  5979                           ;mcc_generated_files/LINDrivers/lin_slave.c: 262:     PID.P1 = PID.ID1 ^ PID.ID3;
  5980     0298  19F2               	btfsc	LIN_calcParity@PID,3
  5981     0299  2A9B               	goto	u1241
  5982     029A  2A9D               	goto	u1240
  5983     029B                     u1241:
  5984     029B  3001               	movlw	1
  5985     029C  2A9E               	goto	u1242
  5986     029D                     u1240:
  5987     029D  3000               	movlw	0
  5988     029E                     u1242:
  5989     029E  00F0               	movwf	??_LIN_calcParity
  5990     029F  18F2               	btfsc	LIN_calcParity@PID,1
  5991     02A0  2AA2               	goto	u1251
  5992     02A1  2AA4               	goto	u1250
  5993     02A2                     u1251:
  5994     02A2  3001               	movlw	1
  5995     02A3  2AA5               	goto	u1252
  5996     02A4                     u1250:
  5997     02A4  3000               	movlw	0
  5998     02A5                     u1252:
  5999     02A5  0670               	xorwf	??_LIN_calcParity,w
  6000     02A6  1D03               	skipz
  6001     02A7  2AA9               	goto	u1261
  6002     02A8  2AAB               	goto	u1260
  6003     02A9                     u1261:
  6004     02A9  17F2               	bsf	LIN_calcParity@PID,7
  6005     02AA  2AAC               	goto	u1274
  6006     02AB                     u1260:
  6007     02AB  13F2               	bcf	LIN_calcParity@PID,7
  6008     02AC                     u1274:
  6009                           
  6010                           ;mcc_generated_files/LINDrivers/lin_slave.c: 263:     PID.P1 = PID.P1 ^ PID.ID4;
  6011     02AC  1A72               	btfsc	LIN_calcParity@PID,4
  6012     02AD  2AAF               	goto	u1281
  6013     02AE  2AB1               	goto	u1280
  6014     02AF                     u1281:
  6015     02AF  3001               	movlw	1
  6016     02B0  2AB2               	goto	u1282
  6017     02B1                     u1280:
  6018     02B1  3000               	movlw	0
  6019     02B2                     u1282:
  6020     02B2  00F0               	movwf	??_LIN_calcParity
  6021     02B3  1BF2               	btfsc	LIN_calcParity@PID,7
  6022     02B4  2AB6               	goto	u1291
  6023     02B5  2AB8               	goto	u1290
  6024     02B6                     u1291:
  6025     02B6  3001               	movlw	1
  6026     02B7  2AB9               	goto	u1292
  6027     02B8                     u1290:
  6028     02B8  3000               	movlw	0
  6029     02B9                     u1292:
  6030     02B9  0670               	xorwf	??_LIN_calcParity,w
  6031     02BA  1D03               	skipz
  6032     02BB  2ABD               	goto	u1301
  6033     02BC  2ABF               	goto	u1300
  6034     02BD                     u1301:
  6035     02BD  17F2               	bsf	LIN_calcParity@PID,7
  6036     02BE  2AC0               	goto	u1314
  6037     02BF                     u1300:
  6038     02BF  13F2               	bcf	LIN_calcParity@PID,7
  6039     02C0                     u1314:
  6040                           
  6041                           ;mcc_generated_files/LINDrivers/lin_slave.c: 264:     PID.P1 = PID.P1 ^ PID.ID5;
  6042     02C0  1AF2               	btfsc	LIN_calcParity@PID,5
  6043     02C1  2AC3               	goto	u1321
  6044     02C2  2AC5               	goto	u1320
  6045     02C3                     u1321:
  6046     02C3  3001               	movlw	1
  6047     02C4  2AC6               	goto	u1322
  6048     02C5                     u1320:
  6049     02C5  3000               	movlw	0
  6050     02C6                     u1322:
  6051     02C6  00F0               	movwf	??_LIN_calcParity
  6052     02C7  1BF2               	btfsc	LIN_calcParity@PID,7
  6053     02C8  2ACA               	goto	u1331
  6054     02C9  2ACC               	goto	u1330
  6055     02CA                     u1331:
  6056     02CA  3001               	movlw	1
  6057     02CB  2ACD               	goto	u1332
  6058     02CC                     u1330:
  6059     02CC  3000               	movlw	0
  6060     02CD                     u1332:
  6061     02CD  0670               	xorwf	??_LIN_calcParity,w
  6062     02CE  1D03               	skipz
  6063     02CF  2AD1               	goto	u1341
  6064     02D0  2AD3               	goto	u1340
  6065     02D1                     u1341:
  6066     02D1  17F2               	bsf	LIN_calcParity@PID,7
  6067     02D2  2AD4               	goto	u1354
  6068     02D3                     u1340:
  6069     02D3  13F2               	bcf	LIN_calcParity@PID,7
  6070     02D4                     u1354:
  6071     02D4                     l1934:
  6072                           
  6073                           ;mcc_generated_files/LINDrivers/lin_slave.c: 265:     PID.P1 = ~PID.P1;
  6074     02D4  1003               	clrc
  6075     02D5  1FF2               	btfss	LIN_calcParity@PID,7
  6076     02D6  1403               	setc
  6077     02D7  1803               	btfsc	3,0
  6078     02D8  2ADA               	goto	u1361
  6079     02D9  2ADC               	goto	u1360
  6080     02DA                     u1361:
  6081     02DA  17F2               	bsf	LIN_calcParity@PID,7
  6082     02DB  2ADD               	goto	u1374
  6083     02DC                     u1360:
  6084     02DC  13F2               	bcf	LIN_calcParity@PID,7
  6085     02DD                     u1374:
  6086     02DD                     l1936:
  6087                           
  6088                           ;mcc_generated_files/LINDrivers/lin_slave.c: 267:     return PID.rawPID;
  6089     02DD  0872               	movf	LIN_calcParity@PID,w
  6090     02DE                     l250:
  6091     02DE  0008               	return
  6092     02DF                     __end_of_LIN_calcParity:
  6093                           
  6094                           	psect	text45
  6095     05AC                     __ptext45:	
  6096 ;; *************** function _LIN_breakCheck *****************
  6097 ;; Defined at:
  6098 ;;		line 321 in file "mcc_generated_files/LINDrivers/lin_slave.c"
  6099 ;; Parameters:    Size  Location     Type
  6100 ;;		None
  6101 ;; Auto vars:     Size  Location     Type
  6102 ;;		None
  6103 ;; Return value:  Size  Location     Type
  6104 ;;                  1    wreg      _Bool 
  6105 ;; Registers used:
  6106 ;;		wreg, fsr1l, fsr1h, status,2, status,0, pclath, cstack
  6107 ;; Tracked objects:
  6108 ;;		On entry : 0/0
  6109 ;;		On exit  : 0/0
  6110 ;;		Unchanged: 0/0
  6111 ;; Data sizes:     COMMON   BANK0   BANK1   BANK2
  6112 ;;      Params:         0       0       0       0
  6113 ;;      Locals:         0       0       0       0
  6114 ;;      Temps:          0       0       0       0
  6115 ;;      Totals:         0       0       0       0
  6116 ;;Total ram usage:        0 bytes
  6117 ;; Hardware stack levels used: 1
  6118 ;; Hardware stack levels required when called: 5
  6119 ;; This function calls:
  6120 ;;		_EUSART1_Read
  6121 ;;		_EUSART1_get_last_status
  6122 ;; This function is called by:
  6123 ;;		_LIN_handler
  6124 ;; This function uses a non-reentrant model
  6125 ;;
  6126                           
  6127     05AC                     _LIN_breakCheck:	
  6128                           ;psect for function _LIN_breakCheck
  6129                           
  6130     05AC                     l2110:	
  6131                           ;incstack = 0
  6132                           ; Regs used in _LIN_breakCheck: [wreg+fsr1l+fsr1h+status,2+status,0+pclath+cstack]
  6133                           
  6134                           
  6135                           ;mcc_generated_files/LINDrivers/lin_slave.c: 323:     if((EUSART1_Read() == 0x00) && (EU
      +                          SART1_get_last_status().ferr == 1)){
  6136     05AC  3184  246F  3185   	fcall	_EUSART1_Read
  6137     05AF  3A00               	xorlw	0
  6138     05B0  1D03               	skipz
  6139     05B1  2DB3               	goto	u1641
  6140     05B2  2DB4               	goto	u1640
  6141     05B3                     u1641:
  6142     05B3  2DBD               	goto	l2118
  6143     05B4                     u1640:
  6144     05B4                     l2112:
  6145     05B4  3186  267B  3185   	fcall	_EUSART1_get_last_status
  6146     05B7  1C89               	btfss	9,1
  6147     05B8  2DBA               	goto	u1651
  6148     05B9  2DBB               	goto	u1650
  6149     05BA                     u1651:
  6150     05BA  2DBD               	goto	l2118
  6151     05BB                     u1650:
  6152     05BB                     l2114:
  6153                           
  6154                           ;mcc_generated_files/LINDrivers/lin_slave.c: 324:         return 1;
  6155     05BB  3001               	movlw	1
  6156     05BC  2DBE               	goto	l280
  6157     05BD                     l2118:
  6158                           
  6159                           ;mcc_generated_files/LINDrivers/lin_slave.c: 327:     return 0;
  6160     05BD  3000               	movlw	0
  6161     05BE                     l280:
  6162     05BE  0008               	return
  6163     05BF                     __end_of_LIN_breakCheck:
  6164                           
  6165                           	psect	text46
  6166     067B                     __ptext46:	
  6167 ;; *************** function _EUSART1_get_last_status *****************
  6168 ;; Defined at:
  6169 ;;		line 147 in file "mcc_generated_files/eusart1.c"
  6170 ;; Parameters:    Size  Location     Type
  6171 ;;		None
  6172 ;; Auto vars:     Size  Location     Type
  6173 ;;		None
  6174 ;; Return value:  Size  Location     Type
  6175 ;;                  1    wreg      struct .
  6176 ;; Registers used:
  6177 ;;		wreg
  6178 ;; Tracked objects:
  6179 ;;		On entry : 0/0
  6180 ;;		On exit  : 0/0
  6181 ;;		Unchanged: 0/0
  6182 ;; Data sizes:     COMMON   BANK0   BANK1   BANK2
  6183 ;;      Params:         0       0       0       0
  6184 ;;      Locals:         0       0       0       0
  6185 ;;      Temps:          0       0       0       0
  6186 ;;      Totals:         0       0       0       0
  6187 ;;Total ram usage:        0 bytes
  6188 ;; Hardware stack levels used: 1
  6189 ;; Hardware stack levels required when called: 4
  6190 ;; This function calls:
  6191 ;;		Nothing
  6192 ;; This function is called by:
  6193 ;;		_LIN_breakCheck
  6194 ;; This function uses a non-reentrant model
  6195 ;;
  6196                           
  6197     067B                     _EUSART1_get_last_status:	
  6198                           ;psect for function _EUSART1_get_last_status
  6199                           
  6200     067B                     l1942:	
  6201                           ;incstack = 0
  6202                           ; Regs used in _EUSART1_get_last_status: [wreg]
  6203                           
  6204                           
  6205                           ;mcc_generated_files/eusart1.c: 148:     return eusart1RxLastError;
  6206     067B  0140               	movlb	0	; select bank0
  6207     067C  0838               	movf	_eusart1RxLastError,w	;volatile
  6208     067D                     l367:
  6209     067D  0008               	return
  6210     067E                     __end_of_EUSART1_get_last_status:
  6211                           
  6212                           	psect	text47
  6213     046F                     __ptext47:	
  6214 ;; *************** function _EUSART1_Read *****************
  6215 ;; Defined at:
  6216 ;;		line 151 in file "mcc_generated_files/eusart1.c"
  6217 ;; Parameters:    Size  Location     Type
  6218 ;;		None
  6219 ;; Auto vars:     Size  Location     Type
  6220 ;;  readValue       1    0[COMMON] unsigned char 
  6221 ;; Return value:  Size  Location     Type
  6222 ;;                  1    wreg      unsigned char 
  6223 ;; Registers used:
  6224 ;;		wreg, fsr1l, fsr1h, status,2, status,0
  6225 ;; Tracked objects:
  6226 ;;		On entry : 0/0
  6227 ;;		On exit  : 0/0
  6228 ;;		Unchanged: 0/0
  6229 ;; Data sizes:     COMMON   BANK0   BANK1   BANK2
  6230 ;;      Params:         0       0       0       0
  6231 ;;      Locals:         1       0       0       0
  6232 ;;      Temps:          0       0       0       0
  6233 ;;      Totals:         1       0       0       0
  6234 ;;Total ram usage:        1 bytes
  6235 ;; Hardware stack levels used: 1
  6236 ;; Hardware stack levels required when called: 4
  6237 ;; This function calls:
  6238 ;;		Nothing
  6239 ;; This function is called by:
  6240 ;;		_LIN_handler
  6241 ;;		_LIN_breakCheck
  6242 ;; This function uses a non-reentrant model
  6243 ;;
  6244                           
  6245     046F                     _EUSART1_Read:	
  6246                           ;psect for function _EUSART1_Read
  6247                           
  6248     046F                     l1862:	
  6249                           ;incstack = 0
  6250                           ; Regs used in _EUSART1_Read: [wreg+fsr1l+fsr1h+status,2+status,0]
  6251                           
  6252     046F                     l1864:	
  6253                           ;mcc_generated_files/eusart1.c: 155:     while(0 == eusart1RxCount)
  6254                           
  6255                           
  6256                           ;mcc_generated_files/eusart1.c: 155:     while(0 == eusart1RxCount)
  6257     046F  0140               	movlb	0	; select bank0
  6258     0470  0839               	movf	_eusart1RxCount,w	;volatile
  6259     0471  1903               	btfsc	3,2
  6260     0472  2C74               	goto	u1071
  6261     0473  2C75               	goto	u1070
  6262     0474                     u1071:
  6263     0474  2C6F               	goto	l1864
  6264     0475                     u1070:
  6265     0475                     l1866:
  6266                           
  6267                           ;mcc_generated_files/eusart1.c: 159:     eusart1RxLastError = eusart1RxStatusBuffer[eusa
      +                          rt1RxTail];
  6268     0475  083A               	movf	_eusart1RxTail,w	;volatile
  6269     0476  3E20               	addlw	(low (_eusart1RxStatusBuffer| 0))& (0+255)
  6270     0477  0086               	movwf	6
  6271     0478  0187               	clrf	7
  6272     0479  0801               	movf	1,w
  6273     047A  00B8               	movwf	_eusart1RxLastError	;volatile
  6274                           
  6275                           ;mcc_generated_files/eusart1.c: 161:     readValue = eusart1RxBuffer[eusart1RxTail++];
  6276     047B  083A               	movf	_eusart1RxTail,w
  6277     047C  3E28               	addlw	(low (_eusart1RxBuffer| 0))& (0+255)
  6278     047D  0086               	movwf	6
  6279     047E  0187               	clrf	7
  6280     047F  0801               	movf	1,w
  6281     0480  00F0               	movwf	EUSART1_Read@readValue
  6282     0481                     l1868:
  6283     0481  3001               	movlw	1
  6284     0482  07BA               	addwf	_eusart1RxTail,f	;volatile
  6285     0483                     l1870:
  6286                           
  6287                           ;mcc_generated_files/eusart1.c: 162:     if(sizeof(eusart1RxBuffer) <= eusart1RxTail)
  6288     0483  3008               	movlw	8
  6289     0484  023A               	subwf	_eusart1RxTail,w	;volatile
  6290     0485  1C03               	skipc
  6291     0486  2C88               	goto	u1081
  6292     0487  2C89               	goto	u1080
  6293     0488                     u1081:
  6294     0488  2C8A               	goto	l1874
  6295     0489                     u1080:
  6296     0489                     l1872:
  6297                           
  6298                           ;mcc_generated_files/eusart1.c: 163:     {;mcc_generated_files/eusart1.c: 164:         e
      +                          usart1RxTail = 0;
  6299     0489  01BA               	clrf	_eusart1RxTail	;volatile
  6300     048A                     l1874:
  6301                           
  6302                           ;mcc_generated_files/eusart1.c: 166:     PIE1bits.RC1IE = 0;
  6303     048A  014E               	movlb	14	; select bank14
  6304     048B  1217               	bcf	23,4	;volatile
  6305     048C                     l1876:
  6306                           
  6307                           ;mcc_generated_files/eusart1.c: 167:     eusart1RxCount--;
  6308     048C  3001               	movlw	1
  6309     048D  0140               	movlb	0	; select bank0
  6310     048E  02B9               	subwf	_eusart1RxCount,f	;volatile
  6311     048F                     l1878:
  6312                           
  6313                           ;mcc_generated_files/eusart1.c: 168:     PIE1bits.RC1IE = 1;
  6314     048F  014E               	movlb	14	; select bank14
  6315     0490  1617               	bsf	23,4	;volatile
  6316     0491                     l1880:
  6317                           
  6318                           ;mcc_generated_files/eusart1.c: 170:     return readValue;
  6319     0491  0870               	movf	EUSART1_Read@readValue,w
  6320     0492                     l374:
  6321     0492  0008               	return
  6322     0493                     __end_of_EUSART1_Read:
  6323                           
  6324                           	psect	text48
  6325     05FF                     __ptext48:	
  6326 ;; *************** function _EUSART1_is_rx_ready *****************
  6327 ;; Defined at:
  6328 ;;		line 137 in file "mcc_generated_files/eusart1.c"
  6329 ;; Parameters:    Size  Location     Type
  6330 ;;		None
  6331 ;; Auto vars:     Size  Location     Type
  6332 ;;		None
  6333 ;; Return value:  Size  Location     Type
  6334 ;;                  1    wreg      _Bool 
  6335 ;; Registers used:
  6336 ;;		wreg, status,2, status,0
  6337 ;; Tracked objects:
  6338 ;;		On entry : 0/0
  6339 ;;		On exit  : 0/0
  6340 ;;		Unchanged: 0/0
  6341 ;; Data sizes:     COMMON   BANK0   BANK1   BANK2
  6342 ;;      Params:         0       0       0       0
  6343 ;;      Locals:         0       0       0       0
  6344 ;;      Temps:          0       0       0       0
  6345 ;;      Totals:         0       0       0       0
  6346 ;;Total ram usage:        0 bytes
  6347 ;; Hardware stack levels used: 1
  6348 ;; Hardware stack levels required when called: 4
  6349 ;; This function calls:
  6350 ;;		Nothing
  6351 ;; This function is called by:
  6352 ;;		_LIN_handler
  6353 ;; This function uses a non-reentrant model
  6354 ;;
  6355                           
  6356     05FF                     _EUSART1_is_rx_ready:	
  6357                           ;psect for function _EUSART1_is_rx_ready
  6358                           
  6359     05FF                     l2098:	
  6360                           ;incstack = 0
  6361                           ; Regs used in _EUSART1_is_rx_ready: [wreg+status,2+status,0]
  6362                           
  6363                           
  6364                           ;mcc_generated_files/eusart1.c: 139:     return (eusart1RxCount ? 1 : 0);
  6365     05FF  0140               	movlb	0	; select bank0
  6366     0600  0839               	movf	_eusart1RxCount,w	;volatile
  6367     0601  1D03               	btfss	3,2
  6368     0602  2E04               	goto	u1621
  6369     0603  2E06               	goto	u1620
  6370     0604                     u1621:
  6371     0604  3001               	movlw	1
  6372     0605  2E07               	goto	u1630
  6373     0606                     u1620:
  6374     0606  3000               	movlw	0
  6375     0607                     u1630:
  6376     0607                     l361:
  6377     0607  0008               	return
  6378     0608                     __end_of_EUSART1_is_rx_ready:
  6379                           
  6380                           	psect	intentry
  6381     0004                     __pintentry:	
  6382 ;; *************** function _INTERRUPT_InterruptManager *****************
  6383 ;; Defined at:
  6384 ;;		line 52 in file "mcc_generated_files/interrupt_manager.c"
  6385 ;; Parameters:    Size  Location     Type
  6386 ;;		None
  6387 ;; Auto vars:     Size  Location     Type
  6388 ;;		None
  6389 ;; Return value:  Size  Location     Type
  6390 ;;                  1    wreg      void 
  6391 ;; Registers used:
  6392 ;;		wreg, fsr1l, fsr1h, status,2, status,0, pclath, cstack
  6393 ;; Tracked objects:
  6394 ;;		On entry : 0/0
  6395 ;;		On exit  : 0/0
  6396 ;;		Unchanged: 0/0
  6397 ;; Data sizes:     COMMON   BANK0   BANK1   BANK2
  6398 ;;      Params:         0       0       0       0
  6399 ;;      Locals:         0       0       0       0
  6400 ;;      Temps:          0       0       0       0
  6401 ;;      Totals:         0       0       0       0
  6402 ;;Total ram usage:        0 bytes
  6403 ;; Hardware stack levels used: 1
  6404 ;; Hardware stack levels required when called: 3
  6405 ;; This function calls:
  6406 ;;		NULL
  6407 ;;		_EUSART1_Receive_ISR
  6408 ;;		_EUSART1_Transmit_ISR
  6409 ;;		_TMR0_ISR
  6410 ;; This function is called by:
  6411 ;;		Interrupt level 1
  6412 ;; This function uses a non-reentrant model
  6413 ;;
  6414                           
  6415     0004                     _INTERRUPT_InterruptManager:
  6416                           
  6417                           ;incstack = 0
  6418     0004  147E               	bsf	int$flags,0	;set compiler interrupt flag (level 1)
  6419                           
  6420                           ; Regs used in _INTERRUPT_InterruptManager: [wreg+fsr1l+fsr1h+status,2+status,0+pclath+c
      +                          stack]
  6421     0005  3180               	pagesel	$
  6422     0006                     i1l2326:
  6423                           
  6424                           ;mcc_generated_files/interrupt_manager.c: 55:     if(PIE0bits.TMR0IE == 1 && PIR0bits.TM
      +                          R0IF == 1)
  6425     0006  014E               	movlb	14	; select bank14
  6426     0007  1E96               	btfss	22,5	;volatile
  6427     0008  280A               	goto	u190_21
  6428     0009  280B               	goto	u190_20
  6429     000A                     u190_21:
  6430     000A  2813               	goto	i1l449
  6431     000B                     u190_20:
  6432     000B                     i1l2328:
  6433     000B  1E8C               	btfss	12,5	;volatile
  6434     000C  280E               	goto	u191_21
  6435     000D  280F               	goto	u191_20
  6436     000E                     u191_21:
  6437     000E  2813               	goto	i1l449
  6438     000F                     u191_20:
  6439     000F                     i1l2330:
  6440                           
  6441                           ;mcc_generated_files/interrupt_manager.c: 56:     {;mcc_generated_files/interrupt_manage
      +                          r.c: 57:         TMR0_ISR();
  6442     000F  3185  25BF  3180   	fcall	_TMR0_ISR
  6443                           
  6444                           ;mcc_generated_files/interrupt_manager.c: 58:     }
  6445     0012  2835               	goto	i1l457
  6446     0013                     i1l449:	
  6447                           ;mcc_generated_files/interrupt_manager.c: 59:     else if(INTCONbits.PEIE == 1)
  6448                           
  6449     0013  1F0B               	btfss	11,6	;volatile
  6450     0014  2816               	goto	u192_21
  6451     0015  2817               	goto	u192_20
  6452     0016                     u192_21:
  6453     0016  2835               	goto	i1l457
  6454     0017                     u192_20:
  6455     0017                     i1l2332:
  6456                           
  6457                           ;mcc_generated_files/interrupt_manager.c: 60:     {;mcc_generated_files/interrupt_manage
      +                          r.c: 61:         if(PIE1bits.TX1IE == 1 && PIR1bits.TX1IF == 1)
  6458     0017  1D97               	btfss	23,3	;volatile
  6459     0018  281A               	goto	u193_21
  6460     0019  281B               	goto	u193_20
  6461     001A                     u193_21:
  6462     001A  2826               	goto	i1l452
  6463     001B                     u193_20:
  6464     001B                     i1l2334:
  6465     001B  1D8D               	btfss	13,3	;volatile
  6466     001C  281E               	goto	u194_21
  6467     001D  281F               	goto	u194_20
  6468     001E                     u194_21:
  6469     001E  2826               	goto	i1l452
  6470     001F                     u194_20:
  6471     001F                     i1l2336:
  6472                           
  6473                           ;mcc_generated_files/interrupt_manager.c: 62:         {;mcc_generated_files/interrupt_ma
      +                          nager.c: 63:             EUSART1_TxDefaultInterruptHandler();
  6474     001F  0140               	movlb	0	; select bank0
  6475     0020  085E               	movf	_EUSART1_TxDefaultInterruptHandler+1,w
  6476     0021  008A               	movwf	10
  6477     0022  085D               	movf	_EUSART1_TxDefaultInterruptHandler,w
  6478     0023  000A               	callw
  6479     0024  3180               	pagesel	$
  6480                           
  6481                           ;mcc_generated_files/interrupt_manager.c: 64:         }
  6482     0025  2835               	goto	i1l457
  6483     0026                     i1l452:	
  6484                           ;mcc_generated_files/interrupt_manager.c: 65:         else if(PIE1bits.RC1IE == 1 && PIR
      +                          1bits.RC1IF == 1)
  6485                           
  6486     0026  1E17               	btfss	23,4	;volatile
  6487     0027  2829               	goto	u195_21
  6488     0028  282A               	goto	u195_20
  6489     0029                     u195_21:
  6490     0029  2835               	goto	i1l456
  6491     002A                     u195_20:
  6492     002A                     i1l2338:
  6493     002A  1E0D               	btfss	13,4	;volatile
  6494     002B  282D               	goto	u196_21
  6495     002C  282E               	goto	u196_20
  6496     002D                     u196_21:
  6497     002D  2835               	goto	i1l456
  6498     002E                     u196_20:
  6499     002E                     i1l2340:
  6500                           
  6501                           ;mcc_generated_files/interrupt_manager.c: 66:         {;mcc_generated_files/interrupt_ma
      +                          nager.c: 67:             EUSART1_RxDefaultInterruptHandler();
  6502     002E  0140               	movlb	0	; select bank0
  6503     002F  085C               	movf	_EUSART1_RxDefaultInterruptHandler+1,w
  6504     0030  008A               	movwf	10
  6505     0031  085B               	movf	_EUSART1_RxDefaultInterruptHandler,w
  6506     0032  000A               	callw
  6507     0033  3180               	pagesel	$
  6508                           
  6509                           ;mcc_generated_files/interrupt_manager.c: 68:         }
  6510     0034  2835               	goto	i1l457
  6511     0035                     i1l456:	
  6512                           ;mcc_generated_files/interrupt_manager.c: 75:     {;mcc_generated_files/interrupt_manage
      +                          r.c: 77:     }
  6513                           
  6514     0035                     i1l457:
  6515     0035  107E               	bcf	int$flags,0	;clear compiler interrupt flag (level 1)
  6516     0036  0009               	retfie
  6517     0037                     __end_of_INTERRUPT_InterruptManager:
  6518                           
  6519                           	psect	text50
  6520     05BF                     __ptext50:	
  6521 ;; *************** function _TMR0_ISR *****************
  6522 ;; Defined at:
  6523 ;;		line 121 in file "mcc_generated_files/tmr0.c"
  6524 ;; Parameters:    Size  Location     Type
  6525 ;;		None
  6526 ;; Auto vars:     Size  Location     Type
  6527 ;;		None
  6528 ;; Return value:  Size  Location     Type
  6529 ;;                  1    wreg      void 
  6530 ;; Registers used:
  6531 ;;		wreg, status,2, status,0, pclath, cstack
  6532 ;; Tracked objects:
  6533 ;;		On entry : 0/0
  6534 ;;		On exit  : 0/0
  6535 ;;		Unchanged: 0/0
  6536 ;; Data sizes:     COMMON   BANK0   BANK1   BANK2
  6537 ;;      Params:         0       0       0       0
  6538 ;;      Locals:         0       0       0       0
  6539 ;;      Temps:          0       0       0       0
  6540 ;;      Totals:         0       0       0       0
  6541 ;;Total ram usage:        0 bytes
  6542 ;; Hardware stack levels used: 1
  6543 ;; Hardware stack levels required when called: 2
  6544 ;; This function calls:
  6545 ;;		NULL
  6546 ;;		_LIN_timerHandler
  6547 ;;		_TMR0_DefaultInterruptHandler
  6548 ;; This function is called by:
  6549 ;;		_INTERRUPT_InterruptManager
  6550 ;; This function uses a non-reentrant model
  6551 ;;
  6552                           
  6553     05BF                     _TMR0_ISR:	
  6554                           ;psect for function _TMR0_ISR
  6555                           
  6556     05BF                     i1l2312:	
  6557                           ;incstack = 0
  6558                           ; Regs used in _TMR0_ISR: [wreg+status,2+status,0+pclath+cstack]
  6559                           
  6560                           
  6561                           ;mcc_generated_files/tmr0.c: 124:     PIR0bits.TMR0IF = 0;
  6562     05BF  014E               	movlb	14	; select bank14
  6563     05C0  128C               	bcf	12,5	;volatile
  6564     05C1                     i1l2314:
  6565                           
  6566                           ;mcc_generated_files/tmr0.c: 125:     if(TMR0_InterruptHandler)
  6567     05C1  0140               	movlb	0	; select bank0
  6568     05C2  0853               	movf	_TMR0_InterruptHandler,w
  6569     05C3  0454               	iorwf	_TMR0_InterruptHandler+1,w
  6570     05C4  1903               	btfsc	3,2
  6571     05C5  2DC7               	goto	u189_21
  6572     05C6  2DC8               	goto	u189_20
  6573     05C7                     u189_21:
  6574     05C7  2DCD               	goto	i1l556
  6575     05C8                     u189_20:
  6576     05C8                     i1l2316:
  6577                           
  6578                           ;mcc_generated_files/tmr0.c: 126:     {;mcc_generated_files/tmr0.c: 127:         TMR0_In
      +                          terruptHandler();
  6579     05C8  0854               	movf	_TMR0_InterruptHandler+1,w
  6580     05C9  008A               	movwf	10
  6581     05CA  0853               	movf	_TMR0_InterruptHandler,w
  6582     05CB  000A               	callw
  6583     05CC  3185               	pagesel	$
  6584     05CD                     i1l556:
  6585     05CD  0008               	return
  6586     05CE                     __end_of_TMR0_ISR:
  6587                           
  6588                           	psect	text51
  6589     05E8                     __ptext51:	
  6590 ;; *************** function _LIN_timerHandler *****************
  6591 ;; Defined at:
  6592 ;;		line 290 in file "mcc_generated_files/LINDrivers/lin_slave.c"
  6593 ;; Parameters:    Size  Location     Type
  6594 ;;		None
  6595 ;; Auto vars:     Size  Location     Type
  6596 ;;		None
  6597 ;; Return value:  Size  Location     Type
  6598 ;;                  1    wreg      void 
  6599 ;; Registers used:
  6600 ;;		wreg, status,2, status,0, pclath, cstack
  6601 ;; Tracked objects:
  6602 ;;		On entry : 0/0
  6603 ;;		On exit  : 0/0
  6604 ;;		Unchanged: 0/0
  6605 ;; Data sizes:     COMMON   BANK0   BANK1   BANK2
  6606 ;;      Params:         0       0       0       0
  6607 ;;      Locals:         0       0       0       0
  6608 ;;      Temps:          0       0       0       0
  6609 ;;      Totals:         0       0       0       0
  6610 ;;Total ram usage:        0 bytes
  6611 ;; Hardware stack levels used: 1
  6612 ;; Hardware stack levels required when called: 1
  6613 ;; This function calls:
  6614 ;;		i1_LIN_stopTimer
  6615 ;; This function is called by:
  6616 ;;		_LIN_setTimerHandler
  6617 ;;		_TMR0_ISR
  6618 ;; This function uses a non-reentrant model
  6619 ;;
  6620                           
  6621     05E8                     _LIN_timerHandler:	
  6622                           ;psect for function _LIN_timerHandler
  6623                           
  6624     05E8                     i1l2140:	
  6625                           ;incstack = 0
  6626                           ; Regs used in _LIN_timerHandler: [wreg+status,2+status,0+pclath+cstack]
  6627                           
  6628                           
  6629                           ;mcc_generated_files/LINDrivers/lin_slave.c: 293:     if (++CountCallBack >= LIN_timeout
      +                          )
  6630     05E8  3001               	movlw	1
  6631     05E9  0140               	movlb	0	; select bank0
  6632     05EA  07C1               	addwf	_CountCallBack,f	;volatile
  6633     05EB  086D               	movf	_LIN_timeout,w
  6634     05EC  0241               	subwf	_CountCallBack,w	;volatile
  6635     05ED  1C03               	skipc
  6636     05EE  2DF0               	goto	u168_21
  6637     05EF  2DF1               	goto	u168_20
  6638     05F0                     u168_21:
  6639     05F0  2DF4               	goto	i1l264
  6640     05F1                     u168_20:
  6641     05F1                     i1l2142:
  6642                           
  6643                           ;mcc_generated_files/LINDrivers/lin_slave.c: 294:     {;mcc_generated_files/LINDrivers/l
      +                          in_slave.c: 296:         LIN_stopTimer();
  6644     05F1  3186  2659  3185   	fcall	i1_LIN_stopTimer
  6645     05F4                     i1l264:
  6646     05F4  0008               	return
  6647     05F5                     __end_of_LIN_timerHandler:
  6648                           
  6649                           	psect	text52
  6650     0685                     __ptext52:	
  6651 ;; *************** function _TMR0_DefaultInterruptHandler *****************
  6652 ;; Defined at:
  6653 ;;		line 138 in file "mcc_generated_files/tmr0.c"
  6654 ;; Parameters:    Size  Location     Type
  6655 ;;		None
  6656 ;; Auto vars:     Size  Location     Type
  6657 ;;		None
  6658 ;; Return value:  Size  Location     Type
  6659 ;;                  1    wreg      void 
  6660 ;; Registers used:
  6661 ;;		None
  6662 ;; Tracked objects:
  6663 ;;		On entry : 0/0
  6664 ;;		On exit  : 0/0
  6665 ;;		Unchanged: 0/0
  6666 ;; Data sizes:     COMMON   BANK0   BANK1   BANK2
  6667 ;;      Params:         0       0       0       0
  6668 ;;      Locals:         0       0       0       0
  6669 ;;      Temps:          0       0       0       0
  6670 ;;      Totals:         0       0       0       0
  6671 ;;Total ram usage:        0 bytes
  6672 ;; Hardware stack levels used: 1
  6673 ;; This function calls:
  6674 ;;		Nothing
  6675 ;; This function is called by:
  6676 ;;		_TMR0_Initialize
  6677 ;;		_TMR0_ISR
  6678 ;; This function uses a non-reentrant model
  6679 ;;
  6680                           
  6681     0685                     _TMR0_DefaultInterruptHandler:	
  6682                           ;psect for function _TMR0_DefaultInterruptHandler
  6683                           
  6684     0685                     i1l562:	
  6685                           ;incstack = 0
  6686                           ; Regs used in _TMR0_DefaultInterruptHandler: []
  6687                           
  6688     0685  0008               	return
  6689     0686                     __end_of_TMR0_DefaultInterruptHandler:
  6690                           
  6691                           	psect	text53
  6692     0659                     __ptext53:	
  6693 ;; *************** function i1_LIN_stopTimer *****************
  6694 ;; Defined at:
  6695 ;;		line 304 in file "mcc_generated_files/LINDrivers/lin_slave.c"
  6696 ;; Parameters:    Size  Location     Type
  6697 ;;		None
  6698 ;; Auto vars:     Size  Location     Type
  6699 ;;		None
  6700 ;; Return value:  Size  Location     Type
  6701 ;;                  1    wreg      void 
  6702 ;; Registers used:
  6703 ;;		status,2
  6704 ;; Tracked objects:
  6705 ;;		On entry : 0/0
  6706 ;;		On exit  : 0/0
  6707 ;;		Unchanged: 0/0
  6708 ;; Data sizes:     COMMON   BANK0   BANK1   BANK2
  6709 ;;      Params:         0       0       0       0
  6710 ;;      Locals:         0       0       0       0
  6711 ;;      Temps:          0       0       0       0
  6712 ;;      Totals:         0       0       0       0
  6713 ;;Total ram usage:        0 bytes
  6714 ;; Hardware stack levels used: 1
  6715 ;; This function calls:
  6716 ;;		Nothing
  6717 ;; This function is called by:
  6718 ;;		_LIN_timerHandler
  6719 ;; This function uses a non-reentrant model
  6720 ;;
  6721                           
  6722     0659                     i1_LIN_stopTimer:	
  6723                           ;psect for function i1_LIN_stopTimer
  6724                           
  6725     0659                     i1l1966:	
  6726                           ;incstack = 0
  6727                           ; Regs used in i1_LIN_stopTimer: [status,2]
  6728                           
  6729                           
  6730                           ;mcc_generated_files/LINDrivers/lin_slave.c: 305:     __nop();
  6731     0659  0000               	nop
  6732     065A                     i1l1968:
  6733                           
  6734                           ;mcc_generated_files/LINDrivers/lin_slave.c: 307:     CountCallBack = 0;
  6735     065A  0140               	movlb	0	; select bank0
  6736     065B  01C1               	clrf	_CountCallBack	;volatile
  6737                           
  6738                           ;mcc_generated_files/LINDrivers/lin_slave.c: 308:     LIN_timerRunning = 0;
  6739     065C  01C2               	clrf	_LIN_timerRunning
  6740     065D                     i1l270:
  6741     065D  0008               	return
  6742     065E                     __end_ofi1_LIN_stopTimer:
  6743                           
  6744                           	psect	text54
  6745     04F8                     __ptext54:	
  6746 ;; *************** function _EUSART1_Transmit_ISR *****************
  6747 ;; Defined at:
  6748 ;;		line 197 in file "mcc_generated_files/eusart1.c"
  6749 ;; Parameters:    Size  Location     Type
  6750 ;;		None
  6751 ;; Auto vars:     Size  Location     Type
  6752 ;;		None
  6753 ;; Return value:  Size  Location     Type
  6754 ;;                  1    wreg      void 
  6755 ;; Registers used:
  6756 ;;		wreg, fsr1l, fsr1h, status,2, status,0
  6757 ;; Tracked objects:
  6758 ;;		On entry : 0/0
  6759 ;;		On exit  : 0/0
  6760 ;;		Unchanged: 0/0
  6761 ;; Data sizes:     COMMON   BANK0   BANK1   BANK2
  6762 ;;      Params:         0       0       0       0
  6763 ;;      Locals:         0       0       0       0
  6764 ;;      Temps:          0       0       0       0
  6765 ;;      Totals:         0       0       0       0
  6766 ;;Total ram usage:        0 bytes
  6767 ;; Hardware stack levels used: 1
  6768 ;; This function calls:
  6769 ;;		Nothing
  6770 ;; This function is called by:
  6771 ;;		_EUSART1_Initialize
  6772 ;;		_INTERRUPT_InterruptManager
  6773 ;; This function uses a non-reentrant model
  6774 ;;
  6775                           
  6776     04F8                     _EUSART1_Transmit_ISR:	
  6777                           ;psect for function _EUSART1_Transmit_ISR
  6778                           
  6779     04F8                     i1l2280:	
  6780                           ;incstack = 0
  6781                           ; Regs used in _EUSART1_Transmit_ISR: [wreg+fsr1l+fsr1h+status,2+status,0]
  6782                           
  6783                           
  6784                           ;mcc_generated_files/eusart1.c: 201:     if(sizeof(eusart1TxBuffer) > eusart1TxBufferRem
      +                          aining)
  6785     04F8  3008               	movlw	8
  6786     04F9  0140               	movlb	0	; select bank0
  6787     04FA  023C               	subwf	_eusart1TxBufferRemaining,w	;volatile
  6788     04FB  1803               	skipnc
  6789     04FC  2CFE               	goto	u184_21
  6790     04FD  2CFF               	goto	u184_20
  6791     04FE                     u184_21:
  6792     04FE  2D13               	goto	i1l386
  6793     04FF                     u184_20:
  6794     04FF                     i1l2282:
  6795                           
  6796                           ;mcc_generated_files/eusart1.c: 202:     {;mcc_generated_files/eusart1.c: 203:         T
      +                          X1REG = eusart1TxBuffer[eusart1TxTail++];
  6797     04FF  083D               	movf	_eusart1TxTail,w
  6798     0500  3E30               	addlw	(low (_eusart1TxBuffer| 0))& (0+255)
  6799     0501  0086               	movwf	6
  6800     0502  0187               	clrf	7
  6801     0503  0801               	movf	1,w
  6802     0504  0142               	movlb	2	; select bank2
  6803     0505  009A               	movwf	26	;volatile
  6804     0506                     i1l2284:
  6805     0506  3001               	movlw	1
  6806     0507  0140               	movlb	0	; select bank0
  6807     0508  07BD               	addwf	_eusart1TxTail,f	;volatile
  6808     0509                     i1l2286:
  6809                           
  6810                           ;mcc_generated_files/eusart1.c: 204:         if(sizeof(eusart1TxBuffer) <= eusart1TxTail
      +                          )
  6811     0509  3008               	movlw	8
  6812     050A  023D               	subwf	_eusart1TxTail,w	;volatile
  6813     050B  1C03               	skipc
  6814     050C  2D0E               	goto	u185_21
  6815     050D  2D0F               	goto	u185_20
  6816     050E                     u185_21:
  6817     050E  2D10               	goto	i1l2290
  6818     050F                     u185_20:
  6819     050F                     i1l2288:
  6820                           
  6821                           ;mcc_generated_files/eusart1.c: 205:         {;mcc_generated_files/eusart1.c: 206:      
      +                                 eusart1TxTail = 0;
  6822     050F  01BD               	clrf	_eusart1TxTail	;volatile
  6823     0510                     i1l2290:
  6824                           
  6825                           ;mcc_generated_files/eusart1.c: 208:         eusart1TxBufferRemaining++;
  6826     0510  3001               	movlw	1
  6827     0511  07BC               	addwf	_eusart1TxBufferRemaining,f	;volatile
  6828                           
  6829                           ;mcc_generated_files/eusart1.c: 209:     }
  6830     0512  2D15               	goto	i1l389
  6831     0513                     i1l386:	
  6832                           ;mcc_generated_files/eusart1.c: 210:     else
  6833                           
  6834                           
  6835                           ;mcc_generated_files/eusart1.c: 211:     {;mcc_generated_files/eusart1.c: 212:         P
      +                          IE1bits.TX1IE = 0;
  6836     0513  014E               	movlb	14	; select bank14
  6837     0514  1197               	bcf	23,3	;volatile
  6838     0515                     i1l389:
  6839     0515  0008               	return
  6840     0516                     __end_of_EUSART1_Transmit_ISR:
  6841                           
  6842                           	psect	text55
  6843     03DD                     __ptext55:	
  6844 ;; *************** function _EUSART1_Receive_ISR *****************
  6845 ;; Defined at:
  6846 ;;		line 216 in file "mcc_generated_files/eusart1.c"
  6847 ;; Parameters:    Size  Location     Type
  6848 ;;		None
  6849 ;; Auto vars:     Size  Location     Type
  6850 ;;		None
  6851 ;; Return value:  Size  Location     Type
  6852 ;;                  1    wreg      void 
  6853 ;; Registers used:
  6854 ;;		wreg, fsr1l, fsr1h, status,2, status,0, pclath, cstack
  6855 ;; Tracked objects:
  6856 ;;		On entry : 0/0
  6857 ;;		On exit  : 0/0
  6858 ;;		Unchanged: 0/0
  6859 ;; Data sizes:     COMMON   BANK0   BANK1   BANK2
  6860 ;;      Params:         0       0       0       0
  6861 ;;      Locals:         0       0       0       0
  6862 ;;      Temps:          0       0       0       0
  6863 ;;      Totals:         0       0       0       0
  6864 ;;Total ram usage:        0 bytes
  6865 ;; Hardware stack levels used: 1
  6866 ;; Hardware stack levels required when called: 2
  6867 ;; This function calls:
  6868 ;;		NULL
  6869 ;;		_EUSART1_DefaultErrorHandler
  6870 ;;		_EUSART1_DefaultFramingErrorHandler
  6871 ;;		_EUSART1_DefaultOverrunErrorHandler
  6872 ;;		_EUSART1_RxDataHandler
  6873 ;; This function is called by:
  6874 ;;		_EUSART1_Initialize
  6875 ;;		_INTERRUPT_InterruptManager
  6876 ;; This function uses a non-reentrant model
  6877 ;;
  6878                           
  6879     03DD                     _EUSART1_Receive_ISR:	
  6880                           ;psect for function _EUSART1_Receive_ISR
  6881                           
  6882     03DD                     i1l2292:	
  6883                           ;incstack = 0
  6884                           ; Regs used in _EUSART1_Receive_ISR: [wreg+fsr1l+fsr1h+status,2+status,0+pclath+cstack]
  6885                           
  6886                           
  6887                           ;mcc_generated_files/eusart1.c: 219:     eusart1RxStatusBuffer[eusart1RxHead].status = 0
      +                          ;
  6888     03DD  0140               	movlb	0	; select bank0
  6889     03DE  083B               	movf	_eusart1RxHead,w	;volatile
  6890     03DF  3E20               	addlw	(low (_eusart1RxStatusBuffer| 0))& (0+255)
  6891     03E0  0086               	movwf	6
  6892     03E1  0187               	clrf	7
  6893     03E2  0181               	clrf	1
  6894     03E3                     i1l2294:
  6895                           
  6896                           ;mcc_generated_files/eusart1.c: 221:     if(RC1STAbits.FERR){
  6897     03E3  0142               	movlb	2	; select bank2
  6898     03E4  1D1D               	btfss	29,2	;volatile
  6899     03E5  2BE7               	goto	u186_21
  6900     03E6  2BE8               	goto	u186_20
  6901     03E7                     u186_21:
  6902     03E7  2BF3               	goto	i1l2300
  6903     03E8                     u186_20:
  6904     03E8                     i1l2296:
  6905                           
  6906                           ;mcc_generated_files/eusart1.c: 222:         eusart1RxStatusBuffer[eusart1RxHead].ferr =
      +                           1;
  6907     03E8  0140               	movlb	0	; select bank0
  6908     03E9  083B               	movf	_eusart1RxHead,w	;volatile
  6909     03EA  3E20               	addlw	(low (_eusart1RxStatusBuffer| 0))& (0+255)
  6910     03EB  0086               	movwf	6
  6911     03EC  0187               	clrf	7
  6912     03ED  1481               	bsf	1,1
  6913     03EE                     i1l2298:
  6914                           
  6915                           ;mcc_generated_files/eusart1.c: 223:         EUSART1_FramingErrorHandler();
  6916     03EE  085A               	movf	_EUSART1_FramingErrorHandler+1,w
  6917     03EF  008A               	movwf	10
  6918     03F0  0859               	movf	_EUSART1_FramingErrorHandler,w
  6919     03F1  000A               	callw
  6920     03F2  3183               	pagesel	$
  6921     03F3                     i1l2300:
  6922                           
  6923                           ;mcc_generated_files/eusart1.c: 226:     if(RC1STAbits.OERR){
  6924     03F3  0142               	movlb	2	; select bank2
  6925     03F4  1C9D               	btfss	29,1	;volatile
  6926     03F5  2BF7               	goto	u187_21
  6927     03F6  2BF8               	goto	u187_20
  6928     03F7                     u187_21:
  6929     03F7  2C03               	goto	i1l2306
  6930     03F8                     u187_20:
  6931     03F8                     i1l2302:
  6932                           
  6933                           ;mcc_generated_files/eusart1.c: 227:         eusart1RxStatusBuffer[eusart1RxHead].oerr =
      +                           1;
  6934     03F8  0140               	movlb	0	; select bank0
  6935     03F9  083B               	movf	_eusart1RxHead,w	;volatile
  6936     03FA  3E20               	addlw	(low (_eusart1RxStatusBuffer| 0))& (0+255)
  6937     03FB  0086               	movwf	6
  6938     03FC  0187               	clrf	7
  6939     03FD  1501               	bsf	1,2
  6940     03FE                     i1l2304:
  6941                           
  6942                           ;mcc_generated_files/eusart1.c: 228:         EUSART1_OverrunErrorHandler();
  6943     03FE  0858               	movf	_EUSART1_OverrunErrorHandler+1,w
  6944     03FF  008A               	movwf	10
  6945     0400  0857               	movf	_EUSART1_OverrunErrorHandler,w
  6946     0401  000A               	callw
  6947     0402  3183               	pagesel	$
  6948     0403                     i1l2306:
  6949                           
  6950                           ;mcc_generated_files/eusart1.c: 231:     if(eusart1RxStatusBuffer[eusart1RxHead].status)
      +                          {
  6951     0403  0140               	movlb	0	; select bank0
  6952     0404  083B               	movf	_eusart1RxHead,w	;volatile
  6953     0405  3E20               	addlw	(low (_eusart1RxStatusBuffer| 0))& (0+255)
  6954     0406  0086               	movwf	6
  6955     0407  0187               	clrf	7
  6956     0408  0801               	movf	1,w
  6957     0409  1903               	btfsc	3,2
  6958     040A  2C0C               	goto	u188_21
  6959     040B  2C0D               	goto	u188_20
  6960     040C                     u188_21:
  6961     040C  2C13               	goto	i1l2310
  6962     040D                     u188_20:
  6963     040D                     i1l2308:
  6964                           
  6965                           ;mcc_generated_files/eusart1.c: 232:         EUSART1_ErrorHandler();
  6966     040D  0856               	movf	_EUSART1_ErrorHandler+1,w
  6967     040E  008A               	movwf	10
  6968     040F  0855               	movf	_EUSART1_ErrorHandler,w
  6969     0410  000A               	callw
  6970     0411  3183               	pagesel	$
  6971                           
  6972                           ;mcc_generated_files/eusart1.c: 233:     } else {
  6973     0412  2C16               	goto	i1l396
  6974     0413                     i1l2310:
  6975                           
  6976                           ;mcc_generated_files/eusart1.c: 234:         EUSART1_RxDataHandler();
  6977     0413  3185  255D  3183   	fcall	_EUSART1_RxDataHandler
  6978     0416                     i1l396:
  6979     0416  0008               	return
  6980     0417                     __end_of_EUSART1_Receive_ISR:
  6981                           
  6982                           	psect	text56
  6983     065E                     __ptext56:	
  6984 ;; *************** function _EUSART1_DefaultOverrunErrorHandler *****************
  6985 ;; Defined at:
  6986 ;;		line 252 in file "mcc_generated_files/eusart1.c"
  6987 ;; Parameters:    Size  Location     Type
  6988 ;;		None
  6989 ;; Auto vars:     Size  Location     Type
  6990 ;;		None
  6991 ;; Return value:  Size  Location     Type
  6992 ;;                  1    wreg      void 
  6993 ;; Registers used:
  6994 ;;		None
  6995 ;; Tracked objects:
  6996 ;;		On entry : 0/0
  6997 ;;		On exit  : 0/0
  6998 ;;		Unchanged: 0/0
  6999 ;; Data sizes:     COMMON   BANK0   BANK1   BANK2
  7000 ;;      Params:         0       0       0       0
  7001 ;;      Locals:         0       0       0       0
  7002 ;;      Temps:          0       0       0       0
  7003 ;;      Totals:         0       0       0       0
  7004 ;;Total ram usage:        0 bytes
  7005 ;; Hardware stack levels used: 1
  7006 ;; This function calls:
  7007 ;;		Nothing
  7008 ;; This function is called by:
  7009 ;;		_EUSART1_Initialize
  7010 ;;		_EUSART1_Receive_ISR
  7011 ;; This function uses a non-reentrant model
  7012 ;;
  7013                           
  7014     065E                     _EUSART1_DefaultOverrunErrorHandler:	
  7015                           ;psect for function _EUSART1_DefaultOverrunErrorHandler
  7016                           
  7017     065E                     i1l2176:	
  7018                           ;incstack = 0
  7019                           ; Regs used in _EUSART1_DefaultOverrunErrorHandler: []
  7020                           
  7021                           
  7022                           ;mcc_generated_files/eusart1.c: 255:     RC1STAbits.CREN = 0;
  7023     065E  0142               	movlb	2	; select bank2
  7024     065F  121D               	bcf	29,4	;volatile
  7025                           
  7026                           ;mcc_generated_files/eusart1.c: 256:     RC1STAbits.CREN = 1;
  7027     0660  161D               	bsf	29,4	;volatile
  7028     0661                     i1l406:
  7029     0661  0008               	return
  7030     0662                     __end_of_EUSART1_DefaultOverrunErrorHandler:
  7031                           
  7032                           	psect	text57
  7033     0686                     __ptext57:	
  7034 ;; *************** function _EUSART1_DefaultFramingErrorHandler *****************
  7035 ;; Defined at:
  7036 ;;		line 250 in file "mcc_generated_files/eusart1.c"
  7037 ;; Parameters:    Size  Location     Type
  7038 ;;		None
  7039 ;; Auto vars:     Size  Location     Type
  7040 ;;		None
  7041 ;; Return value:  Size  Location     Type
  7042 ;;                  1    wreg      void 
  7043 ;; Registers used:
  7044 ;;		None
  7045 ;; Tracked objects:
  7046 ;;		On entry : 0/0
  7047 ;;		On exit  : 0/0
  7048 ;;		Unchanged: 0/0
  7049 ;; Data sizes:     COMMON   BANK0   BANK1   BANK2
  7050 ;;      Params:         0       0       0       0
  7051 ;;      Locals:         0       0       0       0
  7052 ;;      Temps:          0       0       0       0
  7053 ;;      Totals:         0       0       0       0
  7054 ;;Total ram usage:        0 bytes
  7055 ;; Hardware stack levels used: 1
  7056 ;; This function calls:
  7057 ;;		Nothing
  7058 ;; This function is called by:
  7059 ;;		_EUSART1_Initialize
  7060 ;;		_EUSART1_Receive_ISR
  7061 ;; This function uses a non-reentrant model
  7062 ;;
  7063                           
  7064     0686                     _EUSART1_DefaultFramingErrorHandler:	
  7065                           ;psect for function _EUSART1_DefaultFramingErrorHandler
  7066                           
  7067     0686                     i1l403:	
  7068                           ;incstack = 0
  7069                           ; Regs used in _EUSART1_DefaultFramingErrorHandler: []
  7070                           
  7071     0686  0008               	return
  7072     0687                     __end_of_EUSART1_DefaultFramingErrorHandler:
  7073                           
  7074                           	psect	text58
  7075     0662                     __ptext58:	
  7076 ;; *************** function _EUSART1_DefaultErrorHandler *****************
  7077 ;; Defined at:
  7078 ;;		line 260 in file "mcc_generated_files/eusart1.c"
  7079 ;; Parameters:    Size  Location     Type
  7080 ;;		None
  7081 ;; Auto vars:     Size  Location     Type
  7082 ;;		None
  7083 ;; Return value:  Size  Location     Type
  7084 ;;                  1    wreg      void 
  7085 ;; Registers used:
  7086 ;;		wreg, fsr1l, fsr1h, status,2, status,0, pclath, cstack
  7087 ;; Tracked objects:
  7088 ;;		On entry : 0/0
  7089 ;;		On exit  : 0/0
  7090 ;;		Unchanged: 0/0
  7091 ;; Data sizes:     COMMON   BANK0   BANK1   BANK2
  7092 ;;      Params:         0       0       0       0
  7093 ;;      Locals:         0       0       0       0
  7094 ;;      Temps:          0       0       0       0
  7095 ;;      Totals:         0       0       0       0
  7096 ;;Total ram usage:        0 bytes
  7097 ;; Hardware stack levels used: 1
  7098 ;; Hardware stack levels required when called: 1
  7099 ;; This function calls:
  7100 ;;		_EUSART1_RxDataHandler
  7101 ;; This function is called by:
  7102 ;;		_EUSART1_Initialize
  7103 ;;		_EUSART1_Receive_ISR
  7104 ;; This function uses a non-reentrant model
  7105 ;;
  7106                           
  7107     0662                     _EUSART1_DefaultErrorHandler:	
  7108                           ;psect for function _EUSART1_DefaultErrorHandler
  7109                           
  7110     0662                     i1l2178:	
  7111                           ;incstack = 0
  7112                           ; Regs used in _EUSART1_DefaultErrorHandler: [wreg+fsr1l+fsr1h+status,2+status,0+pclath+
      +                          cstack]
  7113                           
  7114                           
  7115                           ;mcc_generated_files/eusart1.c: 261:     EUSART1_RxDataHandler();
  7116     0662  3185  255D  3186   	fcall	_EUSART1_RxDataHandler
  7117     0665                     i1l409:
  7118     0665  0008               	return
  7119     0666                     __end_of_EUSART1_DefaultErrorHandler:
  7120                           
  7121                           	psect	text59
  7122     055D                     __ptext59:	
  7123 ;; *************** function _EUSART1_RxDataHandler *****************
  7124 ;; Defined at:
  7125 ;;		line 240 in file "mcc_generated_files/eusart1.c"
  7126 ;; Parameters:    Size  Location     Type
  7127 ;;		None
  7128 ;; Auto vars:     Size  Location     Type
  7129 ;;		None
  7130 ;; Return value:  Size  Location     Type
  7131 ;;                  1    wreg      void 
  7132 ;; Registers used:
  7133 ;;		wreg, fsr1l, fsr1h, status,2, status,0
  7134 ;; Tracked objects:
  7135 ;;		On entry : 0/0
  7136 ;;		On exit  : 0/0
  7137 ;;		Unchanged: 0/0
  7138 ;; Data sizes:     COMMON   BANK0   BANK1   BANK2
  7139 ;;      Params:         0       0       0       0
  7140 ;;      Locals:         0       0       0       0
  7141 ;;      Temps:          0       0       0       0
  7142 ;;      Totals:         0       0       0       0
  7143 ;;Total ram usage:        0 bytes
  7144 ;; Hardware stack levels used: 1
  7145 ;; This function calls:
  7146 ;;		Nothing
  7147 ;; This function is called by:
  7148 ;;		_EUSART1_Receive_ISR
  7149 ;;		_EUSART1_DefaultErrorHandler
  7150 ;; This function uses a non-reentrant model
  7151 ;;
  7152                           
  7153     055D                     _EUSART1_RxDataHandler:	
  7154                           ;psect for function _EUSART1_RxDataHandler
  7155                           
  7156     055D                     i1l1956:	
  7157                           ;incstack = 0
  7158                           ; Regs used in _EUSART1_RxDataHandler: [wreg+fsr1l+fsr1h+status,2+status,0]
  7159                           
  7160                           
  7161                           ;mcc_generated_files/eusart1.c: 242:     eusart1RxBuffer[eusart1RxHead++] = RC1REG;
  7162     055D  0140               	movlb	0	; select bank0
  7163     055E  083B               	movf	_eusart1RxHead,w
  7164     055F  3E28               	addlw	(low (_eusart1RxBuffer| 0))& (0+255)
  7165     0560  0086               	movwf	6
  7166     0561  0187               	clrf	7
  7167     0562  0142               	movlb	2	; select bank2
  7168     0563  0819               	movf	25,w	;volatile
  7169     0564  0081               	movwf	1
  7170     0565                     i1l1958:
  7171     0565  3001               	movlw	1
  7172     0566  0140               	movlb	0	; select bank0
  7173     0567  07BB               	addwf	_eusart1RxHead,f	;volatile
  7174     0568                     i1l1960:
  7175                           
  7176                           ;mcc_generated_files/eusart1.c: 243:     if(sizeof(eusart1RxBuffer) <= eusart1RxHead)
  7177     0568  3008               	movlw	8
  7178     0569  023B               	subwf	_eusart1RxHead,w	;volatile
  7179     056A  1C03               	skipc
  7180     056B  2D6D               	goto	u138_21
  7181     056C  2D6E               	goto	u138_20
  7182     056D                     u138_21:
  7183     056D  2D6F               	goto	i1l1964
  7184     056E                     u138_20:
  7185     056E                     i1l1962:
  7186                           
  7187                           ;mcc_generated_files/eusart1.c: 244:     {;mcc_generated_files/eusart1.c: 245:         e
      +                          usart1RxHead = 0;
  7188     056E  01BB               	clrf	_eusart1RxHead	;volatile
  7189     056F                     i1l1964:
  7190                           
  7191                           ;mcc_generated_files/eusart1.c: 247:     eusart1RxCount++;
  7192     056F  3001               	movlw	1
  7193     0570  07B9               	addwf	_eusart1RxCount,f	;volatile
  7194     0571                     i1l400:
  7195     0571  0008               	return
  7196     0572                     __end_of_EUSART1_RxDataHandler:
  7197     0000                     ___latbits      equ	0
  7198     007E                     btemp           set	126	;btemp
  7199     007E                     int$flags       set	126
  7200     007E                     wtemp0          set	126
  7201                           
  7202                           	psect	config
  7203                           
  7204                           ;Config register CONFIG1 @ 0x8007
  7205                           ;	External Oscillator Mode Selection bits
  7206                           ;	FEXTOSC = OFF, Oscillator not enabled
  7207                           ;	Power-up Default Value for COSC bits
  7208                           ;	RSTOSC = HFINTOSC_32MHZ, HFINTOSC (32 MHz)
  7209                           ;	Clock Out Enable bit
  7210                           ;	CLKOUTEN = OFF, CLKOUT function is disabled; I/O function on RA4
  7211                           ;	VDD Range Analog Calibration Selection bit
  7212                           ;	VDDAR = HI, Internal analog systems are calibrated for operation between VDD = 2.3V - 
      +                          5.5V
  7213     8007                     	org	32775
  7214     8007  3FCD               	dw	16333
  7215                           
  7216                           ;Config register CONFIG2 @ 0x8008
  7217                           ;	Master Clear Enable bit
  7218                           ;	MCLRE = EXTMCLR, If LVP = 0, MCLR pin is MCLR; If LVP = 1, RA3 pin function is MCLR
  7219                           ;	Power-up Timer Selection bits
  7220                           ;	PWRTS = PWRT_OFF, PWRT is disabled
  7221                           ;	WDT Operating Mode bits
  7222                           ;	WDTE = OFF, WDT disabled; SEN is ignored
  7223                           ;	Brown-out Reset Enable bits
  7224                           ;	BOREN = ON, Brown-out Reset Enabled, SBOREN bit is ignored
  7225                           ;	Brown-out Reset Voltage Selection bit
  7226                           ;	BORV = LO, Brown-out Reset Voltage (VBOR) set to 1.9V
  7227                           ;	PPSLOCKED One-Way Set Enable bit
  7228                           ;	PPS1WAY = ON, The PPSLOCKED bit can be set once after an unlocking sequence is execute
      +                          d; once PPSLOCKED is set, all future changes to PPS registers are prevented
  7229                           ;	Stack Overflow/Underflow Reset Enable bit
  7230                           ;	STVREN = ON, Stack Overflow or Underflow will cause a reset
  7231     8008                     	org	32776
  7232     8008  3FE7               	dw	16359
  7233                           
  7234                           ;Config register CONFIG4 @ 0x800A
  7235                           ;	Boot Block Size Selection bits
  7236                           ;	BBSIZE = BB512, 512 words boot block size
  7237                           ;	Boot Block Enable bit
  7238                           ;	BBEN = OFF, Boot Block is disabled
  7239                           ;	SAF Enable bit
  7240                           ;	SAFEN = OFF, SAF is disabled
  7241                           ;	Application Block Write Protection bit
  7242                           ;	WRTAPP = OFF, Application Block is not write-protected
  7243                           ;	Boot Block Write Protection bit
  7244                           ;	WRTB = OFF, Boot Block is not write-protected
  7245                           ;	Configuration Registers Write Protection bit
  7246                           ;	WRTC = OFF, Configuration Registers are not write-protected
  7247                           ;	Storage Area Flash (SAF) Write Protection bit
  7248                           ;	WRTSAF = OFF, SAF is not write-protected
  7249                           ;	Low Voltage Programming Enable bit
  7250                           ;	LVP = ON, Low Voltage programming enabled. MCLR/Vpp pin function is MCLR. MCLRE Config
      +                          uration bit is ignored.
  7251     800A                     	org	32778
  7252     800A  3FFF               	dw	16383
  7253                           
  7254                           ;Config register CONFIG5 @ 0x800B
  7255                           ;	User Program Flash Memory Code Protection bit
  7256                           ;	CP = OFF, User Program Flash Memory code protection is disabled
  7257     800B                     	org	32779
  7258     800B  3FFF               	dw	16383

Data Sizes:
    Strings     0
    Constant    5
    Data        1
    BSS         59
    Persistent  49
    Stack       0

Auto Spaces:
    Space          Size  Autos    Used
    COMMON           14     14      14
    BANK0            80      9      78
    BANK1            80      5      13
    BANK2            80      0       0

Pointer List with Targets:

    EUSART1_ErrorHandler	PTR FTN()void  size(2) Largest target is 1
		 -> EUSART1_DefaultErrorHandler(), NULL(), 

    EUSART1_FramingErrorHandler	PTR FTN()void  size(2) Largest target is 1
		 -> EUSART1_DefaultFramingErrorHandler(), NULL(), 

    EUSART1_OverrunErrorHandler	PTR FTN()void  size(2) Largest target is 1
		 -> EUSART1_DefaultOverrunErrorHandler(), NULL(), 

    EUSART1_RxDefaultInterruptHandler	PTR FTN()void  size(2) Largest target is 1
		 -> EUSART1_Receive_ISR(), NULL(), 

    EUSART1_SetErrorHandler@interruptHandler	PTR FTN()void  size(2) Largest target is 1
		 -> EUSART1_DefaultErrorHandler(), 

    EUSART1_SetFramingErrorHandler@interruptHandler	PTR FTN()void  size(2) Largest target is 1
		 -> EUSART1_DefaultFramingErrorHandler(), 

    EUSART1_SetOverrunErrorHandler@interruptHandler	PTR FTN()void  size(2) Largest target is 1
		 -> EUSART1_DefaultOverrunErrorHandler(), 

    EUSART1_SetRxInterruptHandler@interruptHandler	PTR FTN()void  size(2) Largest target is 1
		 -> EUSART1_Receive_ISR(), 

    EUSART1_SetTxInterruptHandler@interruptHandler	PTR FTN()void  size(2) Largest target is 1
		 -> EUSART1_Transmit_ISR(), 

    EUSART1_TxDefaultInterruptHandler	PTR FTN()void  size(2) Largest target is 1
		 -> EUSART1_Transmit_ISR(), NULL(), 

    LIN_getChecksum@data	PTR unsigned char  size(2) Largest target is 13
		 -> LIN_packet(BANK0[13]), 

    LIN_getFromTable@rxCommand	PTR const struct . size(2) Largest target is 5
		 -> scheduleTable(CODE[5]), NULL(NULL[0]), 

    LIN_getFromTable@rxCommand$data	PTR unsigned char  size(2) Largest target is 8
		 -> SIGNAL_Data(BANK1[8]), 

    LIN_getPacket@data	PTR unsigned char  size(1) Largest target is 8
		 -> processLIN@tempRxData(BANK0[8]), 

    LIN_init@command	const PTR const struct . size(2) Largest target is 5
		 -> scheduleTable(CODE[5]), 

    LIN_init@processData	PTR FTN()void  size(2) Largest target is 1
		 -> processLIN(), 

    LIN_processData	PTR FTN()void  size(2) Largest target is 1
		 -> processLIN(), NULL(), 

    LIN_queuePacket@tempSchedule	PTR const struct . size(2) Largest target is 5
		 -> scheduleTable(CODE[5]), NULL(NULL[0]), 

    LIN_queuePacket@tempSchedule$data	PTR unsigned char  size(2) Largest target is 8
		 -> SIGNAL_Data(BANK1[8]), 

    LIN_rxCommand	PTR const struct . size(2) Largest target is 5
		 -> scheduleTable(CODE[5]), NULL(NULL[0]), 

    LIN_rxCommand$data	PTR unsigned char  size(2) Largest target is 8
		 -> SIGNAL_Data(BANK1[8]), 

    LIN_sendPacket@data	PTR unsigned char  size(2) Largest target is 13
		 -> LIN_packet(BANK0[13]), 

    memcpy@d	PTR unsigned char  size(1) Largest target is 13
		 -> LIN_packet(BANK0[13]), processLIN@tempRxData(BANK0[8]), 

    memcpy@d1	PTR void  size(2) Largest target is 13
		 -> LIN_packet(BANK0[13]), processLIN@tempRxData(BANK0[8]), 

    memcpy@s	PTR const unsigned char  size(1) Largest target is 13
		 -> LIN_packet(BANK0[13]), LIN_packet$data(BANK0[8]), SIGNAL_Data(BANK1[8]), 

    memcpy@s1	PTR const void  size(2) Largest target is 13
		 -> LIN_packet(BANK0[13]), LIN_packet$data(BANK0[8]), SIGNAL_Data(BANK1[8]), 

    memset@dest	PTR void  size(2) Largest target is 13
		 -> LIN_packet(BANK0[13]), 

    memset@p	PTR unsigned char  size(1) Largest target is 13
		 -> LIN_packet(BANK0[13]), 

    S26$data	PTR unsigned char  size(2) Largest target is 8
		 -> SIGNAL_Data(BANK1[8]), 

    scheduleTable$data	PTR unsigned char  size(2) Largest target is 8
		 -> SIGNAL_Data(BANK1[8]), 

    sp__memcpy	PTR void  size(2) Largest target is 13
		 -> LIN_packet(BANK0[13]), processLIN@tempRxData(BANK0[8]), 

    sp__memset	PTR void  size(2) Largest target is 13
		 -> LIN_packet(BANK0[13]), 

    TMR0_InterruptHandler	PTR FTN()void  size(2) Largest target is 1
		 -> LIN_timerHandler(), TMR0_DefaultInterruptHandler(), NULL(), 

    TMR0_SetInterruptHandler@InterruptHandler	PTR FTN()void  size(2) Largest target is 1
		 -> LIN_timerHandler(), TMR0_DefaultInterruptHandler(), 


Critical Paths under _main in COMMON

    _TMR0_Initialize->_TMR0_SetInterruptHandler
    _LIN_Slave_Initialize->_LIN_init
    _LIN_setTimerHandler->_TMR0_SetInterruptHandler
    _EUSART1_Initialize->_EUSART1_SetErrorHandler
    _EUSART1_Initialize->_EUSART1_SetFramingErrorHandler
    _EUSART1_Initialize->_EUSART1_SetOverrunErrorHandler
    _EUSART1_Initialize->_EUSART1_SetRxInterruptHandler
    _EUSART1_Initialize->_EUSART1_SetTxInterruptHandler
    _processLIN->_LIN_getPacket
    _LIN_getPacket->_memcpy
    _LIN_startTimer->_TMR0_WriteTimer
    _LIN_queuePacket->_LIN_sendPacket
    _LIN_sendPacket->_LIN_getChecksum
    _LIN_checkPID->_LIN_getFromTable
    _LIN_breakCheck->_EUSART1_Read

Critical Paths under _INTERRUPT_InterruptManager in COMMON

    None.

Critical Paths under _main in BANK0

    _LIN_handler->_processLIN

Critical Paths under _INTERRUPT_InterruptManager in BANK0

    None.

Critical Paths under _main in BANK1

    _main->_LIN_handler

Critical Paths under _INTERRUPT_InterruptManager in BANK1

    None.

Critical Paths under _main in BANK2

    None.

Critical Paths under _INTERRUPT_InterruptManager in BANK2

    None.

Call Graph Tables:

 ---------------------------------------------------------------------------------
 (Depth) Function   	        Calls       Base Space   Used Autos Params    Refs
 ---------------------------------------------------------------------------------
 (0) _main                                                 0     0      0    3138
                        _LIN_handler
                  _SYSTEM_Initialize
 ---------------------------------------------------------------------------------
 (1) _SYSTEM_Initialize                                    0     0      0     238
                 _EUSART1_Initialize
               _LIN_Slave_Initialize
              _OSCILLATOR_Initialize
             _PIN_MANAGER_Initialize
                    _TMR0_Initialize
                     _WDT_Initialize
 ---------------------------------------------------------------------------------
 (2) _WDT_Initialize                                       0     0      0       0
 ---------------------------------------------------------------------------------
 (2) _TMR0_Initialize                                      0     0      0      24
           _TMR0_SetInterruptHandler
 ---------------------------------------------------------------------------------
 (2) _PIN_MANAGER_Initialize                               0     0      0       0
 ---------------------------------------------------------------------------------
 (2) _OSCILLATOR_Initialize                                0     0      0       0
 ---------------------------------------------------------------------------------
 (2) _LIN_Slave_Initialize                                 0     0      0      99
                           _LIN_init
 ---------------------------------------------------------------------------------
 (3) _LIN_init                                             5     1      4      99
                                              2 COMMON     5     1      4
                       _LIN_enableRx
                _LIN_setTimerHandler
                      _LIN_stopTimer
 ---------------------------------------------------------------------------------
 (4) _LIN_setTimerHandler                                  0     0      0      24
           _TMR0_SetInterruptHandler
 ---------------------------------------------------------------------------------
 (3) _TMR0_SetInterruptHandler                             2     0      2      24
                                              0 COMMON     2     0      2
 ---------------------------------------------------------------------------------
 (2) _EUSART1_Initialize                                   0     0      0     115
            _EUSART1_SetErrorHandler
     _EUSART1_SetFramingErrorHandler
     _EUSART1_SetOverrunErrorHandler
      _EUSART1_SetRxInterruptHandler
      _EUSART1_SetTxInterruptHandler
 ---------------------------------------------------------------------------------
 (3) _EUSART1_SetTxInterruptHandler                        2     0      2      23
                                              0 COMMON     2     0      2
 ---------------------------------------------------------------------------------
 (3) _EUSART1_SetRxInterruptHandler                        2     0      2      23
                                              0 COMMON     2     0      2
 ---------------------------------------------------------------------------------
 (3) _EUSART1_SetOverrunErrorHandler                       2     0      2      23
                                              0 COMMON     2     0      2
 ---------------------------------------------------------------------------------
 (3) _EUSART1_SetFramingErrorHandler                       2     0      2      23
                                              0 COMMON     2     0      2
 ---------------------------------------------------------------------------------
 (3) _EUSART1_SetErrorHandler                              2     0      2      23
                                              0 COMMON     2     0      2
 ---------------------------------------------------------------------------------
 (1) _LIN_handler                                          5     5      0    2900
                                              0 BANK1      5     5      0
                                NULL *
                       _EUSART1_Read
                _EUSART1_is_rx_ready
                     _LIN_breakCheck
                       _LIN_checkPID
                      _LIN_disableRx
                       _LIN_enableRx
                    _LIN_getChecksum
                   _LIN_getFromTable
                    _LIN_queuePacket
                     _LIN_startTimer
                      _LIN_stopTimer
                             _memset
                         _processLIN *
 ---------------------------------------------------------------------------------
 (2) _processLIN                                           9     9      0     689
                                              0 BANK0      9     9      0
                            _DRL_OFF
                             _DRL_ON
                         _HIBEAM_OFF
                          _HIBEAM_ON
                           _LEFT_OFF
                            _LEFT_ON
                      _LIN_getPacket
                         _LOBEAM_OFF
                          _LOBEAM_ON
                            _POS_OFF
                             _POS_ON
                          _RIGHT_OFF
                           _RIGHT_ON
 ---------------------------------------------------------------------------------
 (3) _RIGHT_ON                                             0     0      0       0
 ---------------------------------------------------------------------------------
 (3) _RIGHT_OFF                                            0     0      0       0
 ---------------------------------------------------------------------------------
 (3) _POS_ON                                               0     0      0       0
 ---------------------------------------------------------------------------------
 (3) _POS_OFF                                              0     0      0       0
 ---------------------------------------------------------------------------------
 (3) _LOBEAM_ON                                            0     0      0       0
 ---------------------------------------------------------------------------------
 (3) _LOBEAM_OFF                                           0     0      0       0
 ---------------------------------------------------------------------------------
 (3) _LIN_getPacket                                        2     1      1     297
                                              9 COMMON     2     1      1
                             _memcpy
                             _memset
 ---------------------------------------------------------------------------------
 (4) _memset                                               7     1      6     102
                                              0 COMMON     7     1      6
 ---------------------------------------------------------------------------------
 (3) _LEFT_ON                                              0     0      0       0
 ---------------------------------------------------------------------------------
 (3) _LEFT_OFF                                             0     0      0       0
 ---------------------------------------------------------------------------------
 (3) _HIBEAM_ON                                            0     0      0       0
 ---------------------------------------------------------------------------------
 (3) _HIBEAM_OFF                                           0     0      0       0
 ---------------------------------------------------------------------------------
 (3) _DRL_ON                                               0     0      0       0
 ---------------------------------------------------------------------------------
 (3) _DRL_OFF                                              0     0      0       0
 ---------------------------------------------------------------------------------
 (4) _LIN_stopTimer                                        0     0      0       0
 ---------------------------------------------------------------------------------
 (2) _LIN_startTimer                                       1     1      0      58
                                              1 COMMON     1     1      0
                    _TMR0_WriteTimer
 ---------------------------------------------------------------------------------
 (3) _TMR0_WriteTimer                                      1     1      0      29
                                              0 COMMON     1     1      0
 ---------------------------------------------------------------------------------
 (2) _LIN_queuePacket                                      5     5      0     991
                                              0 BANK0      5     5      0
                    _LIN_getChecksum
                     _LIN_sendPacket
                             _memcpy
 ---------------------------------------------------------------------------------
 (4) _memcpy                                               9     3      6     149
                                              0 COMMON     9     3      6
 ---------------------------------------------------------------------------------
 (3) _LIN_sendPacket                                       5     2      3     426
                                              9 COMMON     5     2      3
                      _EUSART1_Write
                    _LIN_getChecksum
 ---------------------------------------------------------------------------------
 (4) _LIN_getChecksum                                      9     6      3     196
                                              0 COMMON     9     6      3
 ---------------------------------------------------------------------------------
 (4) _EUSART1_Write                                        1     1      0      58
                                              0 COMMON     1     1      0
 ---------------------------------------------------------------------------------
 (4) _LIN_enableRx                                         0     0      0       0
 ---------------------------------------------------------------------------------
 (2) _LIN_disableRx                                        0     0      0       0
 ---------------------------------------------------------------------------------
 (2) _LIN_checkPID                                         1     1      0     624
                                              7 COMMON     1     1      0
                     _LIN_calcParity
                   _LIN_getFromTable
 ---------------------------------------------------------------------------------
 (2) _LIN_getFromTable                                     7     6      1     192
                                              0 COMMON     7     6      1
 ---------------------------------------------------------------------------------
 (3) _LIN_calcParity                                       3     3      0     345
                                              0 COMMON     3     3      0
 ---------------------------------------------------------------------------------
 (2) _LIN_breakCheck                                       0     0      0      24
                       _EUSART1_Read
            _EUSART1_get_last_status
 ---------------------------------------------------------------------------------
 (3) _EUSART1_get_last_status                              0     0      0       0
 ---------------------------------------------------------------------------------
 (3) _EUSART1_Read                                         1     1      0      24
                                              0 COMMON     1     1      0
 ---------------------------------------------------------------------------------
 (2) _EUSART1_is_rx_ready                                  0     0      0       0
 ---------------------------------------------------------------------------------
 (8) NULL(Fake)                                            0     0      0       0
 ---------------------------------------------------------------------------------
 Estimated maximum stack depth 8
 ---------------------------------------------------------------------------------
 (Depth) Function   	        Calls       Base Space   Used Autos Params    Refs
 ---------------------------------------------------------------------------------
 (6) _INTERRUPT_InterruptManager                           0     0      0       0
                                NULL *
                _EUSART1_Receive_ISR *
               _EUSART1_Transmit_ISR *
                           _TMR0_ISR
 ---------------------------------------------------------------------------------
 (7) _TMR0_ISR                                             0     0      0       0
                                NULL *
                   _LIN_timerHandler *
       _TMR0_DefaultInterruptHandler *
 ---------------------------------------------------------------------------------
 (8) _TMR0_DefaultInterruptHandler                         0     0      0       0
 ---------------------------------------------------------------------------------
 (8) _LIN_timerHandler                                     0     0      0       0
                    i1_LIN_stopTimer
 ---------------------------------------------------------------------------------
 (9) i1_LIN_stopTimer                                      0     0      0       0
 ---------------------------------------------------------------------------------
 (7) _EUSART1_Transmit_ISR                                 0     0      0       0
 ---------------------------------------------------------------------------------
 (7) _EUSART1_Receive_ISR                                  0     0      0       0
                                NULL *
        _EUSART1_DefaultErrorHandler *
 _EUSART1_DefaultFramingErrorHandler *
 _EUSART1_DefaultOverrunErrorHandler *
              _EUSART1_RxDataHandler
 ---------------------------------------------------------------------------------
 (8) _EUSART1_DefaultOverrunErrorHandler                   0     0      0       0
 ---------------------------------------------------------------------------------
 (8) _EUSART1_DefaultFramingErrorHandler                   0     0      0       0
 ---------------------------------------------------------------------------------
 (8) _EUSART1_DefaultErrorHandler                          0     0      0       0
              _EUSART1_RxDataHandler
 ---------------------------------------------------------------------------------
 (8) _EUSART1_RxDataHandler                                0     0      0       0
 ---------------------------------------------------------------------------------
 (8) NULL(Fake)                                            0     0      0       0
 ---------------------------------------------------------------------------------
 Estimated maximum stack depth 9
 ---------------------------------------------------------------------------------

 Call Graph Graphs:

 _main (ROOT)
   _LIN_handler
     NULL(Fake) *
     _EUSART1_Read *
     _EUSART1_is_rx_ready *
     _LIN_breakCheck *
       _EUSART1_Read
       _EUSART1_get_last_status
     _LIN_checkPID *
       _LIN_calcParity
       _LIN_getFromTable
     _LIN_disableRx *
     _LIN_enableRx *
     _LIN_getChecksum *
     _LIN_getFromTable *
     _LIN_queuePacket *
       _LIN_getChecksum
       _LIN_sendPacket
         _EUSART1_Write
         _LIN_getChecksum
       _memcpy
     _LIN_startTimer *
       _TMR0_WriteTimer
     _LIN_stopTimer *
     _memset *
     _processLIN *
       _DRL_OFF
       _DRL_ON
       _HIBEAM_OFF
       _HIBEAM_ON
       _LEFT_OFF
       _LEFT_ON
       _LIN_getPacket
         _memcpy
         _memset
       _LOBEAM_OFF
       _LOBEAM_ON
       _POS_OFF
       _POS_ON
       _RIGHT_OFF
       _RIGHT_ON
   _SYSTEM_Initialize
     _EUSART1_Initialize
       _EUSART1_SetErrorHandler
       _EUSART1_SetFramingErrorHandler
       _EUSART1_SetOverrunErrorHandler
       _EUSART1_SetRxInterruptHandler
       _EUSART1_SetTxInterruptHandler
     _LIN_Slave_Initialize
       _LIN_init
         _LIN_enableRx
         _LIN_setTimerHandler
           _TMR0_SetInterruptHandler
         _LIN_stopTimer
     _OSCILLATOR_Initialize
     _PIN_MANAGER_Initialize
     _TMR0_Initialize
       _TMR0_SetInterruptHandler
     _WDT_Initialize

 _INTERRUPT_InterruptManager (ROOT)
   NULL(Fake) *
   _EUSART1_Receive_ISR *
     NULL(Fake) *
     _EUSART1_DefaultErrorHandler *
       _EUSART1_RxDataHandler
     _EUSART1_DefaultFramingErrorHandler *
     _EUSART1_DefaultOverrunErrorHandler *
     _EUSART1_RxDataHandler *
   _EUSART1_Transmit_ISR *
   _TMR0_ISR *
     NULL(Fake) *
     _LIN_timerHandler *
       i1_LIN_stopTimer
     _TMR0_DefaultInterruptHandler *

Address spaces:
Name               Size   Autos  Total    Usage
BITCOMMON           14      0       0      0.0%
BITBANK0            80      0       0      0.0%
BITBANK1            80      0       0      0.0%
BITBANK2            80      0       0      0.0%
BIGRAM             240      0       0      0.0%
COMMON              14     14      14    100.0%
BANK0               80      9      78     97.5%
BANK1               80      5      13     16.2%
BANK2               80      0       0      0.0%
STACK                0      0       0      0.0%
DATA                 0      0     100      0.0%


Microchip Technology PIC Macro Assembler V3.00 build 20241204225717 
Symbol Table                                                                                   Fri Nov 14 15:59:56 2025

                        __end_of_LIN_breakCheck 05BF                           __end_of_LIN_getPacket 04D8  
                         ??_LIN_setTimerHandler 0072                        _eusart1TxBufferRemaining 003C  
                         __end_of_LIN_disableRx 0659                                     ?_LOBEAM_OFF 0070  
                                            l20 066C                                              l30 0678  
                                            l22 066E                                              l15 0669  
                                            l32 067A                                              l25 0675  
                                            l41 066F                                              l17 066B  
                                            l27 0677                                              l43 0671  
                                            l51 0683                                              l35 0681  
                                            l60 0680                                              l46 0672  
                                            l54 0684                                              l38 0682  
                                            l48 0674                                              l57 067F  
                                            l90 01FC                                              l67 05DA  
                                            l92 0202                                              l94 0211  
                                            l79 01EF                                              l89 01F6  
                               ?_LIN_calcParity 0070                                             l211 012B  
                                           l108 0258                                             l214 0136  
                                           l225 04B5                                             l217 015B  
                                           l250 02DE                                             l219 0188  
                                           l236 039E                                             l180 0340  
                                           l260 05E7                                             l228 04D7  
                                           l412 0639                                             l421 0627  
                                           l173 055C                                             l246 052F  
                                           l270 0649                                             l415 0633  
                                           l511 05AB                                             l280 05BE  
                                           l256 0445                                             l424 062D  
                                           l361 0607                                             l273 0653  
                                           l257 0448                                             l418 063F  
                                           l195 0083                                             l355 03DC  
                                           l267 060F                                             l276 0658  
                                           l380 0459                                             l374 0492  
                                           l367 067D                                             l383 046E  
                                           l537 0585                                             l490 0668  
                                           l379 0450                                             l484 0598  
                                           l549 064E                                             l559 0621  
                                           l487 061B                                             u990 04F7  
                                           u991 04F6                        __end_of_LIN_getFromTable 039F  
                                           wreg 0009                           __end_of_scheduleTable 0645  
                               __end_of_DRL_OFF 067B                                 __end_of_LEFT_ON 0684  
                                          l1110 04F7                                            l2000 01C7  
                                          l2010 01D9                                            l2002 01CD  
                                          l1107 04EB                                            l1116 0546  
                                          l2004 01D1                                            l2110 05AC  
                                          l2102 05DC                                            l2030 0200  
                                          l2014 01DE                                            l2112 05B4  
                                          l2104 05DF                                            l2040 0215  
                                          l2032 0206                                            l2016 01E4  
                                          l2008 01D3                                            l2024 01EF  
                                          l2114 05BB                                            l2130 052E  
                                          l2122 0517                                            l2106 05E3  
                                          l2050 0228                                            l2042 0219  
                                          l2034 0209                                            l2026 01F3  
                                          l2018 01EA                                            l2124 0522  
                                          l2108 05E4                                            l2060 023D  
                                          l2052 022D                                            l2044 021C  
                                          l2028 01FA                                            l2118 05BD  
                                          l2070 0251                                            l2062 0240  
                                          l2054 0231                                            l2046 0221  
                                          l2038 020C                                            l2150 03B1  
                                          l2128 0524                                            l2072 0255  
                                          l2064 0245                                            l2056 0234  
                                          l2048 0225                                            l2160 03D1  
                                          l2152 03B4                                            l2144 039F  
                                          l2320 058F                                            l2138 0654  
                                          l2410 02E1                                            l2066 0249  
                                          l2058 0239                                            l2170 03D8  
                                          l2162 03D3                                            l2154 03B6  
                                          l2146 03A1                                            l1530 05A1  
                                          l2322 0592                                            l2420 02F4  
                                          l2412 02E5                                            l2068 024C  
                                          l2500 013C                                            l2172 03D9  
                                          l2164 03D4                                            l2156 03B8  
                                          l2148 03A8                                            l1540 0618  
                                          l1532 05A3                                            l2180 0572  
                                          l2324 0595                                            l2430 0329  
                                          l2422 02F8                                            l2414 02E7  
                                          l2510 0155                                            l2502 013F  
                                          l2174 03DA                                            l2166 03D5  
                                          l2158 03BA                                            l1534 05A5  
                                          l1526 0599                                            l2190 0582  
                                          l2182 0577                                            l1542 0666  
                                          l2318 0586                                            l1800 043D  
                                          l2432 0336                                            l2416 02E9  
                                          l2424 02FA                                            l2512 0158  
                                          l2504 0141                                            l2440 005D  
                                          l2168 03D7                                            l1536 05A8  
                                          l1528 059B                                            l2184 0578  
                                          l2098 05FF                                            l1802 043F  
                                          l2426 0300                                            l1810 0533  
                                          l2602 0168                                            l2506 0142  
                                          l2450 0077                                            l2442 0065  
                                          l2434 004F                                            l1538 0616  
                                          l2186 057A                                            l2530 05FA  
                                          l2604 0393                                            l1900 036A  
                                          l1820 0455                                            l1804 0447  
                                          l2428 0312                                            l1812 0538  
                                          l2508 0150                                            l2460 009B  
                                          l2452 007F                                            l2444 0069  
                                          l2436 0055                                            l2516 015F  
                                          l2188 057B                                            l2524 05F5  
                                          l1902 036C                                            l1830 046A  
                                          l1822 045A                                            l1814 053A  
                                          l2470 00BB                                            l2462 00A3  
                                          l2454 0087                                            l2446 006C  
                                          l2438 005A                                            l2526 05F8  
                                          l1912 0382                                            l1904 0373  
                                          l1824 0461                                            l1832 046C  
                                          l1816 044A                                            l1808 0530  
                                          l2480 00D2                                            l2472 00C0  
                                          l2464 00A8                                            l2456 008F  
                                          l2448 006F                                            l1840 0559  
                                          l2528 05F9                                            l1826 0463  
                                          l1818 044A                                            l1842 04B6  
                                          l2490 010D                                            l2482 00DA  
                                          l2474 00C8                                            l2458 0097  
                                          l1770 061C                                            l1834 0548  
                                          l1932 025A                                            l1908 0379  
                                          l1828 0469                                            l1860 04A8  
                                          l1852 0494                                            l1780 04D8  
                                          l1940 064B                                            l1772 0645  
                                          l1844 04BA                                            l2492 0115  
                                          l2484 00F1                                            l2476 00CB  
                                          l2468 00B2                                            l1836 0553  
                                          l1870 0483                                            l1862 046F  
                                          l1942 067B                                            l1934 02D4  
                                          l1918 038B                                            l1790 041F  
                                          l1854 0496                                            l1782 04DD  
                                          l1774 0646                                            l1846 04C8  
                                          l2486 0108                                            l2478 00CE  
                                          l1950 0634                                            l1838 0556  
                                          l1880 0491                                            l1872 0489  
                                          l1864 046F                                            l1936 02DD  
                                          l1776 064F                                            l1792 0421  
                                          l1856 04A0                                            l1784 04E2  
                                          l1848 04D6                                            l2496 012E  
                                          l2488 010A                                            l1952 062E  
                                          l1874 048A                                            l1866 0475  
                                          l1890 034B                                            l1794 042C  
                                          l1858 04A2                                            l1786 04E4  
                                          l2498 0133                                            l1954 063A  
                                          l1946 0628                                            l1778 0608  
                                          l1970 05CE                                            l1876 048C  
                                          l1868 0481                                            l1884 0342  
                                          l1796 0430                                            l1788 0418  
                                          l1980 0199                                            l1972 0189  
                                          l1948 0622                                            l1878 048F  
                                          l1894 0356                                            l1886 0347  
                                          l1798 0439                                            l1990 01AF  
                                          l1982 019F                                            l1974 0190  
                                          l1896 0368                                            l1888 0349  
                                          l1992 01B5                                            l1984 01A1  
                                          l1976 0191                                            l1994 01B9  
                                          l1986 01A3                                            l1978 0193  
                                          l1996 01BB                                            l1988 01A9  
                                          l1998 01C1                                            u1000 0439  
                                          u1001 0438                                            u1010 0445  
                                          u1011 0444                                            u1100 0368  
                                          u1020 0546                                            u1101 0367  
                                          u1021 0545                                            u1110 0372  
                                          u1030 0450                                            u1111 0371  
                                          u1031 044F                                            u1200 0289  
                                          u1120 0261                                            u1040 0455  
                                          u2000 005A                                            u1201 0287  
                                          u1121 025F                                            u1041 0454  
                                          u2001 0059                                            u1210 0290  
                                          u1202 028A                                            u1130 0268  
                                          u1122 0262                                            u1050 0469  
                                          u2010 0065                                            u1211 028E  
                                          u1131 0266                                            u1051 0468  
                                          u2011 0064                                            u1300 02BF  
                                          u1220 0297                                            u1212 0291  
                                          u1140 026F                                            u1132 0269  
                                          u1060 04A8                                            u2100 0108  
                                          u2020 0077                                            u1301 02BD  
                                          u1221 0295                                            u1141 026D  
                                          u1061 04A7                                            u2101 0107  
                                          u2021 0076                                            u1070 0475  
                                          u2110 0115                                            u2030 007F  
                                          u1071 0474                                            u2111 0114  
                                          u2031 007E                                            u1080 0489  
                                          u1320 02C5                                            u1240 029D  
                                          u1160 0275                                            u1400 019F  
                                          u2120 012A                                            u2040 008F  
                                          u1081 0488                                            u1321 02C3  
                                          u1241 029B                                            u1161 0273  
                                          u1401 019E                                            u2121 0129  
                                          u2105 0104                                            u2041 008E  
                                          u1330 02CC                                            u1322 02C6  
                                          u1314 02C0                                            u1250 02A4  
                                          u1242 029E                                            u1234 0298  
                                          u1170 027C                                            u1162 0276  
                                          u1154 0270                                            u1090 0355  
                                          u1410 01A9                                            u2130 0155  
                                          u2050 0097                                            u1331 02CA  
                                          u1251 02A2                                            u1171 027A  
                                          u1091 0354                                            u1411 01A8  
                                          u2131 0154                                            u2051 0096  
                                          u1340 02D3                                            u1332 02CD  
                                          u1260 02AB                                            u1252 02A5  
                                          u1180 0283                                            u1172 027D  
                                          u1500 01F3                                            u1420 01AF  
                                          u2060 00A3                                            u1341 02D1  
                                          u1261 02A9                                            u1181 0281  
                                          u1501 01F2                                            u1421 01AE  
                                          u2061 00A2                                            _LATA 0018  
                                          u1510 01FA                                            u1430 01B5  
                                          u2070 00B1                                            u1511 01F9  
                                          u1431 01B4                                            u2071 00B0  
                                          u1360 02DC                                            u1280 02B1  
                                          u1520 0200                                            u1440 01C1  
                                          u2080 00C0                                            u1361 02DA  
                                          u1281 02AF                                            u1521 01FF  
                                          u1441 01C0                                            u2081 00BF  
                                          u1354 02D4                                            u1290 02B8  
                                          u1282 02B2                                            u1274 02AC  
                                          u1194 0284                                            u1530 0206  
                                          u1450 01C7                                            u2090 00DA  
                                          u1291 02B6                                            u1531 0205  
                                          u1451 01C6                                            u2091 00D9  
                                          u1620 0606                                            u1292 02B9  
                                          u1540 0215                                            u1460 01CD  
                                          u1621 0604                                            u1541 0214  
                                          u1461 01CC                                            u1630 0607  
                                          u1374 02DD                                            u1550 0221  
                                          u1470 01D9                                            u1390 0199  
                                          u1551 0220                                            u1471 01D8  
                                          u1391 0198                                            u1640 05B4  
                                          u1560 022D                                            u1480 01E4  
                                          u1641 05B3                                            u1561 022C  
                                          u1481 01E3                                            u1650 05BB  
                                          u1570 0239                                            u1490 01EA  
                                          u1651 05BA                                            u1571 0238  
                                          u1491 01E9                                            u1660 0522  
                                          u1580 0245                                            u1661 0521  
                                          u1581 0244                                            u1670 052E  
                                          u1590 0251                                            u1671 052D  
                                          u1591 0250                                            u1970 02F3  
                                          u1971 02F2                                            u1980 0300  
                                          u1981 02FF                                            u1990 0055  
                                          u1991 0054                                            _WPUA 1F39  
                                _LIN_sendPacket 0493                                   _EUSART1_Write 0449  
                               __end_of_POS_OFF 066F                                            _main 05F5  
                                 ?_EUSART1_Read 0070                                            fsr0h 0005  
                                          fsr1h 0007                                            indf0 0000  
                                          fsr0l 0004                                            indf1 0001  
                                          fsr1l 0006                                            btemp 007E  
                                          start 0037                                   processLIN@cmd 0064  
                               ?_LIN_breakCheck 0070                                __end_of_LEFT_OFF 0685  
                       __end_of_TMR0_Initialize 0586                  ??_TMR0_DefaultInterruptHandler 0070  
                 __end_of_OSCILLATOR_Initialize 061C                               LIN_sendPacket@pid 0079  
                         _eusart1RxStatusBuffer 0020                                           ?_main 0070  
                               LIN_init@command 0072                                           i1l400 0571  
                                         i1l403 0686                                           i1l406 0661  
                                         i1l270 065D                                           i1l264 05F4  
                                         i1l409 0665                                           i1l452 0026  
                                         i1l456 0035                                           i1l457 0035  
                                         i1l449 0013                                           i1l386 0513  
                                         i1l562 0685                                           i1l396 0416  
                                         i1l556 05CD                                           i1l389 0515  
                               _TMR0_WriteTimer 064A                                           _OSCEN 0891  
                                         _TMR0H 059D                                           _TMR0L 059C  
                              __end_of_RIGHT_ON 0680                                           _TRISA 0012  
                              __end_of_LIN_init 055D                           __end_of_LIN_stopTimer 064A  
                     ?_TMR0_SetInterruptHandler 0070                            _EUSART1_Transmit_ISR 04F8  
                              __end_of_TMR0_ISR 05CE                                  _WDT_Initialize 0666  
                        __end_of_LIN_sendPacket 04B6                                  ?_EUSART1_Write 0070  
                                         pclath 000A                                  _LIN_startTimer 05DB  
                                ??_EUSART1_Read 0070                                           status 0003  
                                         wtemp0 007E      __end_of_EUSART1_DefaultFramingErrorHandler 0687  
          ??_EUSART1_DefaultFramingErrorHandler 0070             ?_EUSART1_DefaultFramingErrorHandler 0070  
            _EUSART1_DefaultFramingErrorHandler 0686                                ?_LIN_getChecksum 0070  
                             __end_of_HIBEAM_ON 0672                     LIN_queuePacket@tempSchedule 0067  
                               __initialization 0038                                    ?_LIN_handler 0070  
                    __end_of_EUSART1_Initialize 03DD                                    __end_of_main 05FF  
                   ?_INTERRUPT_InterruptManager 0070                                          ??_main 007E  
                             __end_of_LOBEAM_ON 0682                                       ??_DRL_OFF 0070  
                                     ??_LEFT_ON 0070                           ?_EUSART1_Transmit_ISR 0070  
                        __end_of_WDT_Initialize 0669                              LIN_sendPacket@data 007A  
                                     ??_POS_OFF 0070                          __end_of_LIN_startTimer 05E8  
                               ?_LIN_sendPacket 0079                                          _ANSELA 1F38  
                                        _T0CON0 059E                                          _T0CON1 059F  
                                        _RA0PPS 1F10                                          _RC1REG 0119  
                                        _RC1STA 011D                                          i1l2300 03F3  
                                        i1l2140 05E8                                          i1l2310 0413  
                                        i1l2302 03F8                                          i1l2142 05F1  
                                        i1l2304 03FE                                          i1l2312 05BF  
                                        _ODCONA 1F3A                                          i1l2306 0403  
                                        i1l2314 05C1                                          i1l2330 000F  
                                        i1l2308 040D                                          i1l2316 05C8  
                                        i1l2340 002E                                          i1l2332 0017  
                                        i1l2334 001B                                          i1l2326 0006  
                                        i1l2176 065E                                          i1l2280 04F8  
                                        i1l2336 001F                                          i1l2328 000B  
                                        i1l2178 0662                                          i1l2290 0510  
                                        i1l2282 04FF                                          i1l2338 002A  
                                        i1l2292 03DD                                          i1l2284 0506  
                                        i1l2294 03E3                                          i1l2286 0509  
                                        i1l2296 03E8                                          i1l2288 050F  
                                        i1l2298 03EE                                          i1l1960 0568  
                                        _DRL_ON 0675                                          i1l1962 056E  
                                        i1l1964 056F                                          i1l1956 055D  
                                        i1l1958 0565                                          i1l1966 0659  
                                        i1l1968 065A                                          _INLVLA 1F3C  
                                        u138_20 056E                                          u138_21 056D  
                                        u190_20 000B                                          u190_21 000A  
                                        u191_20 000F                                          u191_21 000E  
                                        u184_20 04FF                                          u168_20 05F1  
                                        u192_20 0017                                          u184_21 04FE  
                                        u168_21 05F0                                          u192_21 0016  
                                        u185_20 050F                                          u193_20 001B  
                                        u185_21 050E                                          u193_21 001A  
                                        u186_20 03E8                                          u194_20 001F  
                                        u186_21 03E7                                          u194_21 001E  
                                        u187_20 03F8                                          u195_20 002A  
                                        u187_21 03F7                                          u195_21 0029  
                                        u188_20 040D                                          u196_20 002E  
                                        u188_21 040C                                          u196_21 002D  
                                        u189_20 05C8                                          u189_21 05C7  
                                        _OSCFRQ 0893                               __end_of_RIGHT_OFF 0681  
                                        _RX1PPS 1ECB                                          _TX1REG 011A  
                                        _WDTCON 080C                                          _TX1STA 011E  
                                        _POS_ON 0669                                 _LIN_processData 0061  
                               _LIN_queuePacket 02DF                         __end_of_TMR0_WriteTimer 064F  
                      ?_EUSART1_SetErrorHandler 0070                                          _memcpy 04D8  
                              ?_TMR0_Initialize 0070                                          _memset 0530  
                                  ??_HIBEAM_OFF 0070                ??_EUSART1_SetOverrunErrorHandler 0072  
               ?_EUSART1_SetOverrunErrorHandler 0070                                 ?_WDT_Initialize 0070  
                              _LIN_rxInProgress 0043                                 ??_EUSART1_Write 0070  
      TMR0_SetInterruptHandler@InterruptHandler 0070                                 ?_LIN_startTimer 0070  
                               _eusart1RxBuffer 0028                                 _eusart1TxBuffer 0030  
                             _SYSTEM_Initialize 0586                         __end_of__initialization 004C  
                                     ?_LEFT_OFF 0070                              ?_SYSTEM_Initialize 0070  
                            __end_of_HIBEAM_OFF 0675                                   ?_LIN_checkPID 0070  
                                     ?_RIGHT_ON 0070                   __end_of_EUSART1_RxDataHandler 0572  
                                     ?_LIN_init 0072                                  __pcstackCOMMON 0070  
                                 ?_LIN_enableRx 0070                                ??_LIN_calcParity 0070  
                               LIN_sendPacket@i 007D                                    __pidataBANK0 067E  
                           ??_SYSTEM_Initialize 0077                                       ?_TMR0_ISR 0070  
                                  ??_LOBEAM_OFF 0070                            __end_of_EUSART1_Read 0493  
                        LIN_handler@rxDataIndex 003F                          ??_EUSART1_Transmit_ISR 0070  
                             ?_LIN_getFromTable 0070                     __end_of_EUSART1_Receive_ISR 0417  
                        LIN_handler@LIN_rxState 0040                              ??_LIN_getFromTable 0071  
                     __end_of_SYSTEM_Initialize 0599                                   _eusart1RxHead 003B  
                                 _eusart1TxHead 003E                                   _eusart1RxTail 003A  
                                    __pbssBANK0 0020                                      __pbssBANK1 00A0  
                                 _eusart1TxTail 003D               _EUSART1_TxDefaultInterruptHandler 005D  
                                       ?_DRL_ON 0070                 ??_EUSART1_SetRxInterruptHandler 0072  
                            __end_of_LOBEAM_OFF 0683                                      ??_LEFT_OFF 0070  
                                       ?_POS_ON 0070                        ?_EUSART1_get_last_status 0070  
                              ??_LIN_breakCheck 0071                                  ??_LIN_checkPID 0077  
                   __end_of_LIN_setTimerHandler 0610                         __end_of_LIN_queuePacket 0341  
               __end_of_EUSART1_SetErrorHandler 0640                                      ??_RIGHT_ON 0070  
                                ??_LIN_enableRx 0070                                      __pmaintext 05F5  
                              _LIN_timerHandler 05E8                                      ??_LIN_init 0076  
                           LIN_getChecksum@data 0071                __end_of_TMR0_SetInterruptHandler 0622  
                                    ??_TMR0_ISR 0070                                      __pintentry 0004  
                              ?_TMR0_WriteTimer 0070                                         ?_memcpy 0070  
                                       ?_memset 0070                           LIN_getChecksum@length 0075  
        __end_of_EUSART1_SetFramingErrorHandler 063A                  _EUSART1_SetFramingErrorHandler 0634  
                              _LIN_timerRunning 0042                                         _DRL_OFF 0678  
                                       _LEFT_ON 0683                    ?_EUSART1_DefaultErrorHandler 0070  
                                       _SP1BRGH 011C                                         _SP1BRGL 011B  
                                       _OSCTUNE 0892                                         _SLRCONA 1F3B  
                                       _POS_OFF 066C                         LIN_getChecksum@checksum 0077  
                  __end_of_LIN_Slave_Initialize 05DB                                       _HIBEAM_ON 066F  
                           _EUSART1_is_rx_ready 05FF                                         __ptext1 0586  
                                       __ptext2 0666                                         __ptext3 0572  
                                       __ptext4 0599                                         __ptext5 0616  
                                       __ptext6 05CE                                         __ptext7 0547  
                                       __ptext8 0608                                         __ptext9 061C  
                         _OSCILLATOR_Initialize 0616                                ??_LIN_sendPacket 007C  
                            _EUSART1_Initialize 039F                        ??_PIN_MANAGER_Initialize 0070  
                 ??_EUSART1_DefaultErrorHandler 0070                                       _LOBEAM_ON 0681  
                                       clrloop0 0611                 __end_of_EUSART1_get_last_status 067E  
                     LIN_getFromTable@rxCommand 0075                            end_of_initialization 004C  
                          ?_EUSART1_is_rx_ready 0070                             ?_EUSART1_Initialize 0070  
                                       memcpy@d 0077                                         memcpy@n 0074  
                                       memcpy@s 0078                                         memset@c 0072  
                                       memset@n 0074                                         memset@p 0076  
                   _EUSART1_OverrunErrorHandler 0057                                ?_LIN_queuePacket 0070  
         __end_of_EUSART1_SetRxInterruptHandler 062E                   _EUSART1_SetRxInterruptHandler 0628  
                                     _RIGHT_OFF 0680                               ??i1_LIN_stopTimer 0070  
                                 _LIN_getPacket 04B6                                      ?_HIBEAM_ON 0070  
                                 _LIN_disableRx 0654                            ??_EUSART1_Initialize 0072  
                              ??_WDT_Initialize 0070                               LIN_getPacket@data 0079  
                      _TMR0_SetInterruptHandler 061C                                      _processLIN 0189  
                          __end_of_LIN_checkPID 0530                             LIN_init@tableLength 0076  
                              ??_LIN_startTimer 0071                            __end_of_LIN_enableRx 0654  
                                    ?_LOBEAM_ON 0070                                   _scheduleTable 0640  
                           EUSART1_Write@txData 0070                           ??_EUSART1_is_rx_ready 0070  
                                __end_of_DRL_ON 0678                                    _EUSART1_Read 046F  
                                __end_of_POS_ON 066C                                   _LIN_rxCommand 005F  
                                    ?_RIGHT_OFF 0070                                  ?_LIN_getPacket 0079  
                                ?_LIN_disableRx 0070                                  __end_of_memcpy 04F8  
                        ?_OSCILLATOR_Initialize 0070                                  __end_of_memset 0547  
                           start_initialization 0038                                   _LIN_stopTimer 0645  
                      __end_of_LIN_timerHandler 05F5                            _LIN_Slave_Initialize 05CE  
 EUSART1_SetRxInterruptHandler@interruptHandler 0070   EUSART1_SetTxInterruptHandler@interruptHandler 0070  
                         __end_of_EUSART1_Write 046F                                        ??_DRL_ON 0070  
                         LIN_startTimer@timeout 0071                                        ??_POS_ON 0070  
                             LIN_calcParity@CMD 0071                               LIN_calcParity@PID 0072  
                         _EUSART1_RxDataHandler 055D                                     ??_HIBEAM_ON 0070  
                ?_EUSART1_SetRxInterruptHandler 0070                                     __pdataBANK0 006D  
                                      ??_memcpy 0076                                        ??_memset 0076  
                          processLIN@tempRxData 0065                                      memset@dest 0070  
                                   ?_processLIN 0070                                  _eusart1RxCount 0039  
                           LIN_init@processData 0074                                        ?_DRL_OFF 0070  
                                      ?_LEFT_ON 0070                                  ?_LIN_stopTimer 0070  
             _EUSART1_RxDefaultInterruptHandler 005B                                       ___latbits 0000  
                                 __pcstackBANK0 0064                                   __pcstackBANK1 00A8  
                             ??_LIN_getChecksum 0073                           ?_LIN_Slave_Initialize 0070  
                                   ??_LOBEAM_ON 0070                                        ?_POS_OFF 0070  
               ??_EUSART1_SetTxInterruptHandler 0072                ??_EUSART1_SetFramingErrorHandler 0072  
               ?_EUSART1_SetFramingErrorHandler 0070                           _TMR0_InterruptHandler 0053  
                                     __pnvBANK0 0053                                 ??_LIN_getPacket 007A  
                                   ??_RIGHT_OFF 0070                          _PIN_MANAGER_Initialize 0599  
                                 ??_LIN_handler 00A8                                LIN_getChecksum@i 0076  
                               ??_LIN_disableRx 0070                              LIN_getChecksum@pid 0070  
                          LIN_sendPacket@length 007C                    ??_INTERRUPT_InterruptManager 0070  
                                     _lampFlags 0044                                        _BAUD1CON 011F  
                                     _lampState 0045      __end_of_EUSART1_DefaultOverrunErrorHandler 0662  
          ??_EUSART1_DefaultOverrunErrorHandler 0070             ?_EUSART1_DefaultOverrunErrorHandler 0070  
            _EUSART1_DefaultOverrunErrorHandler 065E                            _EUSART1_ErrorHandler 0055  
                       _EUSART1_SetErrorHandler 063A                                 LIN_checkPID@pid 0077  
                               i1_LIN_stopTimer 0659                               ??_TMR0_Initialize 0072  
                                      _LEFT_OFF 0684                                        _LATAbits 0018  
       EUSART1_SetErrorHandler@interruptHandler 0070                                       clear_ram0 0610  
                                      _PIE0bits 0716                                        _PIE1bits 0717  
                                  _LIN_checkPID 0516                      ??_TMR0_SetInterruptHandler 0072  
                                      _PIR0bits 070C                                        _PIR1bits 070D  
                                      _RIGHT_ON 067F                                        _LIN_init 0547  
                        ?_EUSART1_RxDataHandler 0070                                    _LIN_enableRx 064F  
                                      _TMR0_ISR 05BF                                LIN_getPacket@cmd 007A  
                           __end_of_LIN_handler 0189                                 ??_LIN_stopTimer 0070  
                        ??_LIN_Slave_Initialize 0077                           EUSART1_Read@readValue 0070  
                              _LIN_getFromTable 0341           __end_of_EUSART1_SetTxInterruptHandler 0628  
                 _EUSART1_SetTxInterruptHandler 0622                                       memcpy@tmp 0076  
                       ??_OSCILLATOR_Initialize 0070                         _EUSART1_get_last_status 067B  
                                    _HIBEAM_OFF 0672                       ??_EUSART1_SetErrorHandler 0072  
           __end_of_EUSART1_DefaultErrorHandler 0666                     _EUSART1_DefaultErrorHandler 0662  
                   __end_of_EUSART1_is_rx_ready 0608                                      _T0CON0bits 059E  
                       __end_ofi1_LIN_stopTimer 065E                                        __ptext10 039F  
                                      __ptext11 0622                                        __ptext20 0669  
                                      __ptext12 0628                                        __ptext21 066C  
                                      __ptext13 062E                                        __ptext30 0675  
                                      __ptext22 0681                                        __ptext14 0634  
                                      __ptext31 0678                                        __ptext23 0682  
                                      __ptext15 063A                                        __ptext40 064F  
                                      __ptext32 0645                                        __ptext24 04B6  
                                      __ptext16 004F                                        __ptext41 0654  
                                      __ptext33 05DB                                        __ptext25 0530  
                                      __ptext17 0189                                        __ptext50 05BF  
                                      __ptext42 0516                                        __ptext34 064A  
                                      __ptext26 0683                                        __ptext18 067F  
                                      __ptext51 05E8                                        __ptext43 0341  
                                      __ptext35 02DF                                        __ptext27 0684  
                                      __ptext19 0680                                        __ptext52 0685  
                                      __ptext44 0259                                        __ptext36 04D8  
                                      __ptext28 066F                                        __ptext53 0659  
                                      __ptext45 05AC                                        __ptext37 0493  
                                      __ptext29 0672                                        __ptext54 04F8  
                                      __ptext46 067B                                        __ptext38 0417  
                                      __ptext55 03DD                                        __ptext47 046F  
                                      __ptext39 0449                                        __ptext56 065E  
                                      __ptext48 05FF                                        __ptext57 0686  
                                      __ptext58 0662                                        __ptext59 055D  
                             ?_LIN_timerHandler 0070                         TMR0_WriteTimer@timerVal 0070  
                            ??_LIN_timerHandler 0070                               ??_TMR0_WriteTimer 0070  
                        LIN_getFromTable@length 0074            __end_of_TMR0_DefaultInterruptHandler 0686  
                  _TMR0_DefaultInterruptHandler 0685                                     _SIGNAL_Data 00A0  
                                    _RC1STAbits 011D                             _LIN_rxCommandLength 0063  
EUSART1_SetOverrunErrorHandler@interruptHandler 0070                                     _LIN_handler 004F  
                                      int$flags 007E                                      _LOBEAM_OFF 0682  
                               _LIN_getChecksum 0417              __end_of_INTERRUPT_InterruptManager 0037  
                    _INTERRUPT_InterruptManager 0004                     _EUSART1_FramingErrorHandler 0059  
                           _EUSART1_Receive_ISR 03DD                                    ??_processLIN 007B  
                                   _LIN_timeout 006D                                  _LIN_calcParity 0259  
                                    _INTCONbits 000B                                        memcpy@d1 0070  
                                      memcpy@s1 0072                             _LIN_setTimerHandler 0608  
                                      intlevel1 0000                                   _CountCallBack 0041  
                          ?_EUSART1_Receive_ISR 0070                         ?_PIN_MANAGER_Initialize 0070  
        __end_of_EUSART1_SetOverrunErrorHandler 0634                  _EUSART1_SetOverrunErrorHandler 062E  
                         LIN_getFromTable@param 0070                    __end_of_EUSART1_Transmit_ISR 0516  
                            __end_of_processLIN 0259                   ?_TMR0_DefaultInterruptHandler 0070  
                     ??_EUSART1_get_last_status 0070                                      _LIN_packet 0046  
                          ?_LIN_setTimerHandler 0070  EUSART1_SetFramingErrorHandler@interruptHandler 0070  
                ?_EUSART1_SetTxInterruptHandler 0070                                  _LIN_breakCheck 05AC  
                                   ?_HIBEAM_OFF 0070                              _eusart1RxLastError 0038  
                        __end_of_LIN_calcParity 02DF                                   __pstringtext1 0640  
                            LIN_queuePacket@cmd 0065                                 _TMR0_Initialize 0572  
                             ??_LIN_queuePacket 0064                                ?i1_LIN_stopTimer 0070  
                                    _TX1STAbits 011E                           ??_EUSART1_Receive_ISR 0070  
                __end_of_PIN_MANAGER_Initialize 05AC                             LIN_getFromTable@cmd 0073  
                              LIN_queuePacket@i 0066                         ??_EUSART1_RxDataHandler 0070  
                       __end_of_LIN_getChecksum 0449  
