

Microchip MPLAB XC8 Assembler V3.00 build 20241204225717 
                                                                                               Mon Mar 02 13:17:34 2026

Microchip MPLAB XC8 C Compiler v3.00 (Free license) build 20241204225717 Og1 
     1                           	processor	16F15213
     2                           	pagewidth 120
     3                           	opt	flic
     4                           	psect	idataBANK0,global,class=CODE,space=0,delta=2,noexec
     5                           	psect	stringtext1,global,class=STRCODE,space=0,delta=2,noexec
     6                           	psect	nvBANK0,global,class=BANK0,space=1,delta=1,noexec
     7                           	psect	nvBANK1,global,class=BANK1,space=1,delta=1,noexec
     8                           	psect	cinit,global,class=CODE,space=0,merge=1,delta=2
     9                           	psect	bssBANK0,global,class=BANK0,space=1,delta=1,noexec
    10                           	psect	dataBANK0,global,class=BANK0,space=1,delta=1,noexec
    11                           	psect	bssBANK1,global,class=BANK1,space=1,delta=1,noexec
    12                           	psect	clrtext,global,class=CODE,space=0,delta=2
    13                           	psect	cstackBANK1,global,class=BANK1,space=1,delta=1,noexec
    14                           	psect	cstackCOMMON,global,class=COMMON,space=1,delta=1,noexec
    15                           	psect	cstackBANK0,global,class=BANK0,space=1,delta=1,noexec
    16                           	psect	maintext,global,class=CODE,space=0,merge=1,split=1,delta=2
    17                           	psect	text1,local,class=CODE,space=0,merge=1,delta=2
    18                           	psect	text2,local,class=CODE,space=0,merge=1,delta=2
    19                           	psect	text3,local,class=CODE,space=0,merge=1,delta=2
    20                           	psect	text4,local,class=CODE,space=0,merge=1,delta=2
    21                           	psect	text5,local,class=CODE,space=0,merge=1,delta=2
    22                           	psect	text6,local,class=CODE,space=0,merge=1,delta=2
    23                           	psect	text7,local,class=CODE,space=0,merge=1,delta=2
    24                           	psect	text8,local,class=CODE,space=0,merge=1,delta=2
    25                           	psect	text9,local,class=CODE,space=0,merge=1,delta=2
    26                           	psect	text10,local,class=CODE,space=0,merge=1,delta=2
    27                           	psect	text11,local,class=CODE,space=0,merge=1,delta=2
    28                           	psect	text12,local,class=CODE,space=0,merge=1,delta=2
    29                           	psect	text13,local,class=CODE,space=0,merge=1,delta=2
    30                           	psect	text14,local,class=CODE,space=0,merge=1,delta=2
    31                           	psect	text15,local,class=CODE,space=0,merge=1,delta=2
    32                           	psect	text16,local,class=CODE,space=0,merge=1,delta=2
    33                           	psect	text17,local,class=CODE,space=0,merge=1,delta=2
    34                           	psect	text18,local,class=CODE,space=0,merge=1,delta=2
    35                           	psect	text19,local,class=CODE,space=0,merge=1,delta=2
    36                           	psect	text20,local,class=CODE,space=0,merge=1,delta=2
    37                           	psect	text21,local,class=CODE,space=0,merge=1,delta=2
    38                           	psect	text22,local,class=CODE,space=0,merge=1,delta=2
    39                           	psect	text23,local,class=CODE,space=0,merge=1,delta=2
    40                           	psect	text24,local,class=CODE,space=0,merge=1,delta=2
    41                           	psect	text25,local,class=CODE,space=0,merge=1,delta=2
    42                           	psect	text26,local,class=CODE,space=0,merge=1,delta=2
    43                           	psect	text27,local,class=CODE,space=0,merge=1,delta=2
    44                           	psect	text28,local,class=CODE,space=0,merge=1,delta=2
    45                           	psect	text29,local,class=CODE,space=0,merge=1,delta=2
    46                           	psect	text30,local,class=CODE,space=0,merge=1,delta=2
    47                           	psect	text31,local,class=CODE,space=0,merge=1,delta=2,group=2
    48                           	psect	text32,local,class=CODE,space=0,merge=1,delta=2
    49                           	psect	text33,local,class=CODE,space=0,merge=1,delta=2
    50                           	psect	text34,local,class=CODE,space=0,merge=1,delta=2
    51                           	psect	text35,local,class=CODE,space=0,merge=1,delta=2
    52                           	psect	text36,local,class=CODE,space=0,merge=1,delta=2
    53                           	psect	text37,local,class=CODE,space=0,merge=1,delta=2
    54                           	psect	text38,local,class=CODE,space=0,merge=1,delta=2
    55                           	psect	text39,local,class=CODE,space=0,merge=1,delta=2
    56                           	psect	text40,local,class=CODE,space=0,merge=1,delta=2,group=2
    57                           	psect	text41,local,class=CODE,space=0,merge=1,delta=2
    58                           	psect	text42,local,class=CODE,space=0,merge=1,delta=2
    59                           	psect	text43,local,class=CODE,space=0,merge=1,delta=2
    60                           	psect	text44,local,class=CODE,space=0,merge=1,delta=2
    61                           	psect	text45,local,class=CODE,space=0,merge=1,delta=2
    62                           	psect	text46,local,class=CODE,space=0,merge=1,delta=2
    63                           	psect	text47,local,class=CODE,space=0,merge=1,delta=2
    64                           	psect	text48,local,class=CODE,space=0,merge=1,delta=2
    65                           	psect	text49,local,class=CODE,space=0,merge=1,delta=2
    66                           	psect	text50,local,class=CODE,space=0,merge=1,delta=2
    67                           	psect	text51,local,class=CODE,space=0,merge=1,delta=2
    68                           	psect	text52,local,class=CODE,space=0,merge=1,delta=2
    69                           	psect	intentry,global,class=CODE,space=0,delta=2
    70                           	psect	text54,local,class=CODE,space=0,merge=1,delta=2
    71                           	psect	text55,local,class=CODE,space=0,merge=1,delta=2
    72                           	psect	text56,local,class=CODE,space=0,merge=1,delta=2
    73                           	psect	text57,local,class=CODE,space=0,merge=1,delta=2
    74                           	psect	text58,local,class=CODE,space=0,merge=1,delta=2
    75                           	psect	text59,local,class=CODE,space=0,merge=1,delta=2
    76                           	psect	text60,local,class=CODE,space=0,merge=1,delta=2
    77                           	psect	text61,local,class=CODE,space=0,merge=1,delta=2
    78                           	psect	text62,local,class=CODE,space=0,merge=1,delta=2
    79                           	psect	idloc,global,abs,ovrld,class=IDLOC,space=5,delta=2,noexec
    80                           	psect	config,global,abs,ovrld,class=CONFIG,space=4,delta=2,noexec
    81                           	dabs	1,0x7E,2
    82     0000                     
    83                           ; Generated 05/12/2024 GMT
    84                           ; 
    85                           ; Copyright © 2024, Microchip Technology Inc. and its subsidiaries ("Microchip")
    86                           ; All rights reserved.
    87                           ; 
    88                           ; This software is developed by Microchip Technology Inc. and its subsidiaries ("Microch
      +                          ip").
    89                           ; 
    90                           ; Redistribution and use in source and binary forms, with or without modification, are
    91                           ; permitted provided that the following conditions are met:
    92                           ; 
    93                           ;     1. Redistributions of source code must retain the above copyright notice, this lis
      +                          t of
    94                           ;        conditions and the following disclaimer.
    95                           ; 
    96                           ;     2. Redistributions in binary form must reproduce the above copyright notice, this 
      +                          list
    97                           ;        of conditions and the following disclaimer in the documentation and/or other
    98                           ;        materials provided with the distribution. Publication is not required when
    99                           ;        this file is used in an embedded application.
   100                           ; 
   101                           ;     3. Microchip's name may not be used to endorse or promote products derived from th
      +                          is
   102                           ;        software without specific prior written permission.
   103                           ; 
   104                           ; THIS SOFTWARE IS PROVIDED BY MICROCHIP "AS IS" AND ANY EXPRESS OR IMPLIED WARRANTIES,
   105                           ; INCLUDING, BUT NOT LIMITED TO, THE IMPLIED WARRANTIES OF MERCHANTABILITY AND FITNESS F
      +                          OR
   106                           ; PURPOSE ARE DISCLAIMED.  IN NO EVENT SHALL MICROCHIP BE LIABLE FOR ANY DIRECT, INDIREC
      +                          T,
   107                           ; INCIDENTAL, SPECIAL, EXEMPLARY, OR CONSEQUENTIAL DAMAGES (INCLUDING BUT NOT LIMITED TO
   108                           ; PROCUREMENT OF SUBSTITUTE GOODS OR SERVICES; LOSS OF USE, DATA OR PROFITS; OR BUSINESS
   109                           ; INTERRUPTION) HOWSOEVER CAUSED AND ON ANY THEORY OF LIABILITY, WHETHER IN CONTRACT, ST
      +                          RICT
   110                           ; LIABILITY, OR TORT (INCLUDING NEGLIGENCE OR OTHERWISE) ARISING IN ANY WAY OUT OF THE U
      +                          SE OF
   111                           ; THIS SOFTWARE, EVEN IF ADVISED OF THE POSSIBILITY OF SUCH DAMAGE.
   112                           ; 
   113                           ; 
   114                           ; Code-generator required, PIC16F15213 Definitions
   115                           ; 
   116                           ; SFR Addresses
   117     0008                     bsr             equ	8
   118     0005                     fsr0h           equ	5
   119     0004                     fsr0l           equ	4
   120     0007                     fsr1h           equ	7
   121     0006                     fsr1l           equ	6
   122     0000                     indf            equ	0
   123     0000                     indf0           equ	0
   124     0001                     indf1           equ	1
   125     000B                     intcon          equ	11
   126     0002                     pc              equ	2
   127     0002                     pcl             equ	2
   128     000A                     pclath          equ	10
   129     0003                     status          equ	3
   130     0009                     wreg            equ	9
   131     0000                     INDF0           equ	0	;# 
   132     0001                     INDF1           equ	1	;# 
   133     0002                     PCL             equ	2	;# 
   134     0003                     STATUS          equ	3	;# 
   135     0004                     FSR0L           equ	4	;# 
   136     0005                     FSR0H           equ	5	;# 
   137     0006                     FSR1L           equ	6	;# 
   138     0007                     FSR1H           equ	7	;# 
   139     0008                     BSR             equ	8	;# 
   140     0009                     WREG            equ	9	;# 
   141     000A                     PCLATH          equ	10	;# 
   142     000B                     INTCON          equ	11	;# 
   143     000C                     PORTA           equ	12	;# 
   144     0012                     TRISA           equ	18	;# 
   145     0018                     LATA            equ	24	;# 
   146     009A                     CPCON           equ	154	;# 
   147     009B                     ADRES           equ	155	;# 
   148     009B                     ADRESL          equ	155	;# 
   149     009C                     ADRESH          equ	156	;# 
   150     009D                     ADCON0          equ	157	;# 
   151     009E                     ADCON1          equ	158	;# 
   152     009F                     ADACT           equ	159	;# 
   153     0119                     RC1REG          equ	281	;# 
   154     011A                     TX1REG          equ	282	;# 
   155     011B                     SP1BRG          equ	283	;# 
   156     011B                     SP1BRGL         equ	283	;# 
   157     011C                     SP1BRGH         equ	284	;# 
   158     011D                     RC1STA          equ	285	;# 
   159     011E                     TX1STA          equ	286	;# 
   160     011F                     BAUD1CON        equ	287	;# 
   161     018C                     SSP1BUF         equ	396	;# 
   162     018D                     SSP1ADD         equ	397	;# 
   163     018E                     SSP1MSK         equ	398	;# 
   164     018F                     SSP1STAT        equ	399	;# 
   165     0190                     SSP1CON1        equ	400	;# 
   166     0191                     SSP1CON2        equ	401	;# 
   167     0192                     SSP1CON3        equ	402	;# 
   168     020C                     TMR1            equ	524	;# 
   169     020C                     TMR1L           equ	524	;# 
   170     020D                     TMR1H           equ	525	;# 
   171     020E                     T1CON           equ	526	;# 
   172     020E                     TMR1CON         equ	526	;# 
   173     020F                     T1GCON          equ	527	;# 
   174     020F                     TMR1GCON        equ	527	;# 
   175     0210                     T1GATE          equ	528	;# 
   176     0210                     TMR1GATE        equ	528	;# 
   177     0211                     T1CLK           equ	529	;# 
   178     0211                     TMR1CLK         equ	529	;# 
   179     0211                     PR1             equ	529	;# 
   180     028C                     T2TMR           equ	652	;# 
   181     028C                     TMR2            equ	652	;# 
   182     028D                     T2PR            equ	653	;# 
   183     028D                     PR2             equ	653	;# 
   184     028E                     T2CON           equ	654	;# 
   185     028F                     T2HLT           equ	655	;# 
   186     0290                     T2CLKCON        equ	656	;# 
   187     0291                     T2RST           equ	657	;# 
   188     030C                     CCPR1           equ	780	;# 
   189     030C                     CCPR1L          equ	780	;# 
   190     030D                     CCPR1H          equ	781	;# 
   191     030E                     CCP1CON         equ	782	;# 
   192     030F                     CCP1CAP         equ	783	;# 
   193     0310                     CCPR2           equ	784	;# 
   194     0310                     CCPR2L          equ	784	;# 
   195     0311                     CCPR2H          equ	785	;# 
   196     0312                     CCP2CON         equ	786	;# 
   197     0313                     CCP2CAP         equ	787	;# 
   198     0314                     PWM3DC          equ	788	;# 
   199     0314                     PWM3DCL         equ	788	;# 
   200     0315                     PWM3DCH         equ	789	;# 
   201     0316                     PWM3CON         equ	790	;# 
   202     0318                     PWM4DC          equ	792	;# 
   203     0318                     PWM4DCL         equ	792	;# 
   204     0319                     PWM4DCH         equ	793	;# 
   205     031A                     PWM4CON         equ	794	;# 
   206     059C                     TMR0L           equ	1436	;# 
   207     059C                     TMR0            equ	1436	;# 
   208     059D                     TMR0H           equ	1437	;# 
   209     059D                     PR0             equ	1437	;# 
   210     059E                     T0CON0          equ	1438	;# 
   211     059F                     T0CON1          equ	1439	;# 
   212     070C                     PIR0            equ	1804	;# 
   213     070D                     PIR1            equ	1805	;# 
   214     070E                     PIR2            equ	1806	;# 
   215     0716                     PIE0            equ	1814	;# 
   216     0717                     PIE1            equ	1815	;# 
   217     0718                     PIE2            equ	1816	;# 
   218     080C                     WDTCON          equ	2060	;# 
   219     0811                     BORCON          equ	2065	;# 
   220     0813                     PCON0           equ	2067	;# 
   221     0814                     PCON1           equ	2068	;# 
   222     081A                     NVMADR          equ	2074	;# 
   223     081A                     NVMADRL         equ	2074	;# 
   224     081B                     NVMADRH         equ	2075	;# 
   225     081C                     NVMDAT          equ	2076	;# 
   226     081C                     NVMDATL         equ	2076	;# 
   227     081D                     NVMDATH         equ	2077	;# 
   228     081E                     NVMCON1         equ	2078	;# 
   229     081F                     NVMCON2         equ	2079	;# 
   230     088E                     OSCCON          equ	2190	;# 
   231     0890                     OSCSTAT         equ	2192	;# 
   232     0891                     OSCEN           equ	2193	;# 
   233     0892                     OSCTUNE         equ	2194	;# 
   234     0893                     OSCFRQ          equ	2195	;# 
   235     090C                     FVRCON          equ	2316	;# 
   236     1E8F                     PPSLOCK         equ	7823	;# 
   237     1E90                     INTPPS          equ	7824	;# 
   238     1E91                     T0CKIPPS        equ	7825	;# 
   239     1E92                     T1CKIPPS        equ	7826	;# 
   240     1E93                     T1GPPS          equ	7827	;# 
   241     1E9C                     T2INPPS         equ	7836	;# 
   242     1EA1                     CCP1PPS         equ	7841	;# 
   243     1EA2                     CCP2PPS         equ	7842	;# 
   244     1EC3                     ADACTPPS        equ	7875	;# 
   245     1EC5                     SSP1CLKPPS      equ	7877	;# 
   246     1EC6                     SSP1DATPPS      equ	7878	;# 
   247     1EC7                     SSP1SSPPS       equ	7879	;# 
   248     1ECB                     RX1PPS          equ	7883	;# 
   249     1ECB                     RX1DTPPS        equ	7883	;# 
   250     1ECB                     RXPPS           equ	7883	;# 
   251     1ECC                     CK1PPS          equ	7884	;# 
   252     1ECC                     TX1CKPPS        equ	7884	;# 
   253     1ECC                     CKPPS           equ	7884	;# 
   254     1F10                     RA0PPS          equ	7952	;# 
   255     1F11                     RA1PPS          equ	7953	;# 
   256     1F12                     RA2PPS          equ	7954	;# 
   257     1F14                     RA4PPS          equ	7956	;# 
   258     1F15                     RA5PPS          equ	7957	;# 
   259     1F38                     ANSELA          equ	7992	;# 
   260     1F39                     WPUA            equ	7993	;# 
   261     1F3A                     ODCONA          equ	7994	;# 
   262     1F3B                     SLRCONA         equ	7995	;# 
   263     1F3C                     INLVLA          equ	7996	;# 
   264     1F3D                     IOCAP           equ	7997	;# 
   265     1F3E                     IOCAN           equ	7998	;# 
   266     1F3F                     IOCAF           equ	7999	;# 
   267     1FE4                     STATUS_SHAD     equ	8164	;# 
   268     1FE5                     WREG_SHAD       equ	8165	;# 
   269     1FE6                     BSR_SHAD        equ	8166	;# 
   270     1FE7                     PCLATH_SHAD     equ	8167	;# 
   271     1FE8                     FSR0_SHAD       equ	8168	;# 
   272     1FE8                     FSR0L_SHAD      equ	8168	;# 
   273     1FE9                     FSR0H_SHAD      equ	8169	;# 
   274     1FEA                     FSR1L_SHAD      equ	8170	;# 
   275     1FEB                     FSR1H_SHAD      equ	8171	;# 
   276     1FED                     STKPTR          equ	8173	;# 
   277     1FEE                     TOSL            equ	8174	;# 
   278     1FEF                     TOSH            equ	8175	;# 
   279     0000                     INDF0           equ	0	;# 
   280     0001                     INDF1           equ	1	;# 
   281     0002                     PCL             equ	2	;# 
   282     0003                     STATUS          equ	3	;# 
   283     0004                     FSR0L           equ	4	;# 
   284     0005                     FSR0H           equ	5	;# 
   285     0006                     FSR1L           equ	6	;# 
   286     0007                     FSR1H           equ	7	;# 
   287     0008                     BSR             equ	8	;# 
   288     0009                     WREG            equ	9	;# 
   289     000A                     PCLATH          equ	10	;# 
   290     000B                     INTCON          equ	11	;# 
   291     000C                     PORTA           equ	12	;# 
   292     0012                     TRISA           equ	18	;# 
   293     0018                     LATA            equ	24	;# 
   294     009A                     CPCON           equ	154	;# 
   295     009B                     ADRES           equ	155	;# 
   296     009B                     ADRESL          equ	155	;# 
   297     009C                     ADRESH          equ	156	;# 
   298     009D                     ADCON0          equ	157	;# 
   299     009E                     ADCON1          equ	158	;# 
   300     009F                     ADACT           equ	159	;# 
   301     0119                     RC1REG          equ	281	;# 
   302     011A                     TX1REG          equ	282	;# 
   303     011B                     SP1BRG          equ	283	;# 
   304     011B                     SP1BRGL         equ	283	;# 
   305     011C                     SP1BRGH         equ	284	;# 
   306     011D                     RC1STA          equ	285	;# 
   307     011E                     TX1STA          equ	286	;# 
   308     011F                     BAUD1CON        equ	287	;# 
   309     018C                     SSP1BUF         equ	396	;# 
   310     018D                     SSP1ADD         equ	397	;# 
   311     018E                     SSP1MSK         equ	398	;# 
   312     018F                     SSP1STAT        equ	399	;# 
   313     0190                     SSP1CON1        equ	400	;# 
   314     0191                     SSP1CON2        equ	401	;# 
   315     0192                     SSP1CON3        equ	402	;# 
   316     020C                     TMR1            equ	524	;# 
   317     020C                     TMR1L           equ	524	;# 
   318     020D                     TMR1H           equ	525	;# 
   319     020E                     T1CON           equ	526	;# 
   320     020E                     TMR1CON         equ	526	;# 
   321     020F                     T1GCON          equ	527	;# 
   322     020F                     TMR1GCON        equ	527	;# 
   323     0210                     T1GATE          equ	528	;# 
   324     0210                     TMR1GATE        equ	528	;# 
   325     0211                     T1CLK           equ	529	;# 
   326     0211                     TMR1CLK         equ	529	;# 
   327     0211                     PR1             equ	529	;# 
   328     028C                     T2TMR           equ	652	;# 
   329     028C                     TMR2            equ	652	;# 
   330     028D                     T2PR            equ	653	;# 
   331     028D                     PR2             equ	653	;# 
   332     028E                     T2CON           equ	654	;# 
   333     028F                     T2HLT           equ	655	;# 
   334     0290                     T2CLKCON        equ	656	;# 
   335     0291                     T2RST           equ	657	;# 
   336     030C                     CCPR1           equ	780	;# 
   337     030C                     CCPR1L          equ	780	;# 
   338     030D                     CCPR1H          equ	781	;# 
   339     030E                     CCP1CON         equ	782	;# 
   340     030F                     CCP1CAP         equ	783	;# 
   341     0310                     CCPR2           equ	784	;# 
   342     0310                     CCPR2L          equ	784	;# 
   343     0311                     CCPR2H          equ	785	;# 
   344     0312                     CCP2CON         equ	786	;# 
   345     0313                     CCP2CAP         equ	787	;# 
   346     0314                     PWM3DC          equ	788	;# 
   347     0314                     PWM3DCL         equ	788	;# 
   348     0315                     PWM3DCH         equ	789	;# 
   349     0316                     PWM3CON         equ	790	;# 
   350     0318                     PWM4DC          equ	792	;# 
   351     0318                     PWM4DCL         equ	792	;# 
   352     0319                     PWM4DCH         equ	793	;# 
   353     031A                     PWM4CON         equ	794	;# 
   354     059C                     TMR0L           equ	1436	;# 
   355     059C                     TMR0            equ	1436	;# 
   356     059D                     TMR0H           equ	1437	;# 
   357     059D                     PR0             equ	1437	;# 
   358     059E                     T0CON0          equ	1438	;# 
   359     059F                     T0CON1          equ	1439	;# 
   360     070C                     PIR0            equ	1804	;# 
   361     070D                     PIR1            equ	1805	;# 
   362     070E                     PIR2            equ	1806	;# 
   363     0716                     PIE0            equ	1814	;# 
   364     0717                     PIE1            equ	1815	;# 
   365     0718                     PIE2            equ	1816	;# 
   366     080C                     WDTCON          equ	2060	;# 
   367     0811                     BORCON          equ	2065	;# 
   368     0813                     PCON0           equ	2067	;# 
   369     0814                     PCON1           equ	2068	;# 
   370     081A                     NVMADR          equ	2074	;# 
   371     081A                     NVMADRL         equ	2074	;# 
   372     081B                     NVMADRH         equ	2075	;# 
   373     081C                     NVMDAT          equ	2076	;# 
   374     081C                     NVMDATL         equ	2076	;# 
   375     081D                     NVMDATH         equ	2077	;# 
   376     081E                     NVMCON1         equ	2078	;# 
   377     081F                     NVMCON2         equ	2079	;# 
   378     088E                     OSCCON          equ	2190	;# 
   379     0890                     OSCSTAT         equ	2192	;# 
   380     0891                     OSCEN           equ	2193	;# 
   381     0892                     OSCTUNE         equ	2194	;# 
   382     0893                     OSCFRQ          equ	2195	;# 
   383     090C                     FVRCON          equ	2316	;# 
   384     1E8F                     PPSLOCK         equ	7823	;# 
   385     1E90                     INTPPS          equ	7824	;# 
   386     1E91                     T0CKIPPS        equ	7825	;# 
   387     1E92                     T1CKIPPS        equ	7826	;# 
   388     1E93                     T1GPPS          equ	7827	;# 
   389     1E9C                     T2INPPS         equ	7836	;# 
   390     1EA1                     CCP1PPS         equ	7841	;# 
   391     1EA2                     CCP2PPS         equ	7842	;# 
   392     1EC3                     ADACTPPS        equ	7875	;# 
   393     1EC5                     SSP1CLKPPS      equ	7877	;# 
   394     1EC6                     SSP1DATPPS      equ	7878	;# 
   395     1EC7                     SSP1SSPPS       equ	7879	;# 
   396     1ECB                     RX1PPS          equ	7883	;# 
   397     1ECB                     RX1DTPPS        equ	7883	;# 
   398     1ECB                     RXPPS           equ	7883	;# 
   399     1ECC                     CK1PPS          equ	7884	;# 
   400     1ECC                     TX1CKPPS        equ	7884	;# 
   401     1ECC                     CKPPS           equ	7884	;# 
   402     1F10                     RA0PPS          equ	7952	;# 
   403     1F11                     RA1PPS          equ	7953	;# 
   404     1F12                     RA2PPS          equ	7954	;# 
   405     1F14                     RA4PPS          equ	7956	;# 
   406     1F15                     RA5PPS          equ	7957	;# 
   407     1F38                     ANSELA          equ	7992	;# 
   408     1F39                     WPUA            equ	7993	;# 
   409     1F3A                     ODCONA          equ	7994	;# 
   410     1F3B                     SLRCONA         equ	7995	;# 
   411     1F3C                     INLVLA          equ	7996	;# 
   412     1F3D                     IOCAP           equ	7997	;# 
   413     1F3E                     IOCAN           equ	7998	;# 
   414     1F3F                     IOCAF           equ	7999	;# 
   415     1FE4                     STATUS_SHAD     equ	8164	;# 
   416     1FE5                     WREG_SHAD       equ	8165	;# 
   417     1FE6                     BSR_SHAD        equ	8166	;# 
   418     1FE7                     PCLATH_SHAD     equ	8167	;# 
   419     1FE8                     FSR0_SHAD       equ	8168	;# 
   420     1FE8                     FSR0L_SHAD      equ	8168	;# 
   421     1FE9                     FSR0H_SHAD      equ	8169	;# 
   422     1FEA                     FSR1L_SHAD      equ	8170	;# 
   423     1FEB                     FSR1H_SHAD      equ	8171	;# 
   424     1FED                     STKPTR          equ	8173	;# 
   425     1FEE                     TOSL            equ	8174	;# 
   426     1FEF                     TOSH            equ	8175	;# 
   427     0000                     INDF0           equ	0	;# 
   428     0001                     INDF1           equ	1	;# 
   429     0002                     PCL             equ	2	;# 
   430     0003                     STATUS          equ	3	;# 
   431     0004                     FSR0L           equ	4	;# 
   432     0005                     FSR0H           equ	5	;# 
   433     0006                     FSR1L           equ	6	;# 
   434     0007                     FSR1H           equ	7	;# 
   435     0008                     BSR             equ	8	;# 
   436     0009                     WREG            equ	9	;# 
   437     000A                     PCLATH          equ	10	;# 
   438     000B                     INTCON          equ	11	;# 
   439     000C                     PORTA           equ	12	;# 
   440     0012                     TRISA           equ	18	;# 
   441     0018                     LATA            equ	24	;# 
   442     009A                     CPCON           equ	154	;# 
   443     009B                     ADRES           equ	155	;# 
   444     009B                     ADRESL          equ	155	;# 
   445     009C                     ADRESH          equ	156	;# 
   446     009D                     ADCON0          equ	157	;# 
   447     009E                     ADCON1          equ	158	;# 
   448     009F                     ADACT           equ	159	;# 
   449     0119                     RC1REG          equ	281	;# 
   450     011A                     TX1REG          equ	282	;# 
   451     011B                     SP1BRG          equ	283	;# 
   452     011B                     SP1BRGL         equ	283	;# 
   453     011C                     SP1BRGH         equ	284	;# 
   454     011D                     RC1STA          equ	285	;# 
   455     011E                     TX1STA          equ	286	;# 
   456     011F                     BAUD1CON        equ	287	;# 
   457     018C                     SSP1BUF         equ	396	;# 
   458     018D                     SSP1ADD         equ	397	;# 
   459     018E                     SSP1MSK         equ	398	;# 
   460     018F                     SSP1STAT        equ	399	;# 
   461     0190                     SSP1CON1        equ	400	;# 
   462     0191                     SSP1CON2        equ	401	;# 
   463     0192                     SSP1CON3        equ	402	;# 
   464     020C                     TMR1            equ	524	;# 
   465     020C                     TMR1L           equ	524	;# 
   466     020D                     TMR1H           equ	525	;# 
   467     020E                     T1CON           equ	526	;# 
   468     020E                     TMR1CON         equ	526	;# 
   469     020F                     T1GCON          equ	527	;# 
   470     020F                     TMR1GCON        equ	527	;# 
   471     0210                     T1GATE          equ	528	;# 
   472     0210                     TMR1GATE        equ	528	;# 
   473     0211                     T1CLK           equ	529	;# 
   474     0211                     TMR1CLK         equ	529	;# 
   475     0211                     PR1             equ	529	;# 
   476     028C                     T2TMR           equ	652	;# 
   477     028C                     TMR2            equ	652	;# 
   478     028D                     T2PR            equ	653	;# 
   479     028D                     PR2             equ	653	;# 
   480     028E                     T2CON           equ	654	;# 
   481     028F                     T2HLT           equ	655	;# 
   482     0290                     T2CLKCON        equ	656	;# 
   483     0291                     T2RST           equ	657	;# 
   484     030C                     CCPR1           equ	780	;# 
   485     030C                     CCPR1L          equ	780	;# 
   486     030D                     CCPR1H          equ	781	;# 
   487     030E                     CCP1CON         equ	782	;# 
   488     030F                     CCP1CAP         equ	783	;# 
   489     0310                     CCPR2           equ	784	;# 
   490     0310                     CCPR2L          equ	784	;# 
   491     0311                     CCPR2H          equ	785	;# 
   492     0312                     CCP2CON         equ	786	;# 
   493     0313                     CCP2CAP         equ	787	;# 
   494     0314                     PWM3DC          equ	788	;# 
   495     0314                     PWM3DCL         equ	788	;# 
   496     0315                     PWM3DCH         equ	789	;# 
   497     0316                     PWM3CON         equ	790	;# 
   498     0318                     PWM4DC          equ	792	;# 
   499     0318                     PWM4DCL         equ	792	;# 
   500     0319                     PWM4DCH         equ	793	;# 
   501     031A                     PWM4CON         equ	794	;# 
   502     059C                     TMR0L           equ	1436	;# 
   503     059C                     TMR0            equ	1436	;# 
   504     059D                     TMR0H           equ	1437	;# 
   505     059D                     PR0             equ	1437	;# 
   506     059E                     T0CON0          equ	1438	;# 
   507     059F                     T0CON1          equ	1439	;# 
   508     070C                     PIR0            equ	1804	;# 
   509     070D                     PIR1            equ	1805	;# 
   510     070E                     PIR2            equ	1806	;# 
   511     0716                     PIE0            equ	1814	;# 
   512     0717                     PIE1            equ	1815	;# 
   513     0718                     PIE2            equ	1816	;# 
   514     080C                     WDTCON          equ	2060	;# 
   515     0811                     BORCON          equ	2065	;# 
   516     0813                     PCON0           equ	2067	;# 
   517     0814                     PCON1           equ	2068	;# 
   518     081A                     NVMADR          equ	2074	;# 
   519     081A                     NVMADRL         equ	2074	;# 
   520     081B                     NVMADRH         equ	2075	;# 
   521     081C                     NVMDAT          equ	2076	;# 
   522     081C                     NVMDATL         equ	2076	;# 
   523     081D                     NVMDATH         equ	2077	;# 
   524     081E                     NVMCON1         equ	2078	;# 
   525     081F                     NVMCON2         equ	2079	;# 
   526     088E                     OSCCON          equ	2190	;# 
   527     0890                     OSCSTAT         equ	2192	;# 
   528     0891                     OSCEN           equ	2193	;# 
   529     0892                     OSCTUNE         equ	2194	;# 
   530     0893                     OSCFRQ          equ	2195	;# 
   531     090C                     FVRCON          equ	2316	;# 
   532     1E8F                     PPSLOCK         equ	7823	;# 
   533     1E90                     INTPPS          equ	7824	;# 
   534     1E91                     T0CKIPPS        equ	7825	;# 
   535     1E92                     T1CKIPPS        equ	7826	;# 
   536     1E93                     T1GPPS          equ	7827	;# 
   537     1E9C                     T2INPPS         equ	7836	;# 
   538     1EA1                     CCP1PPS         equ	7841	;# 
   539     1EA2                     CCP2PPS         equ	7842	;# 
   540     1EC3                     ADACTPPS        equ	7875	;# 
   541     1EC5                     SSP1CLKPPS      equ	7877	;# 
   542     1EC6                     SSP1DATPPS      equ	7878	;# 
   543     1EC7                     SSP1SSPPS       equ	7879	;# 
   544     1ECB                     RX1PPS          equ	7883	;# 
   545     1ECB                     RX1DTPPS        equ	7883	;# 
   546     1ECB                     RXPPS           equ	7883	;# 
   547     1ECC                     CK1PPS          equ	7884	;# 
   548     1ECC                     TX1CKPPS        equ	7884	;# 
   549     1ECC                     CKPPS           equ	7884	;# 
   550     1F10                     RA0PPS          equ	7952	;# 
   551     1F11                     RA1PPS          equ	7953	;# 
   552     1F12                     RA2PPS          equ	7954	;# 
   553     1F14                     RA4PPS          equ	7956	;# 
   554     1F15                     RA5PPS          equ	7957	;# 
   555     1F38                     ANSELA          equ	7992	;# 
   556     1F39                     WPUA            equ	7993	;# 
   557     1F3A                     ODCONA          equ	7994	;# 
   558     1F3B                     SLRCONA         equ	7995	;# 
   559     1F3C                     INLVLA          equ	7996	;# 
   560     1F3D                     IOCAP           equ	7997	;# 
   561     1F3E                     IOCAN           equ	7998	;# 
   562     1F3F                     IOCAF           equ	7999	;# 
   563     1FE4                     STATUS_SHAD     equ	8164	;# 
   564     1FE5                     WREG_SHAD       equ	8165	;# 
   565     1FE6                     BSR_SHAD        equ	8166	;# 
   566     1FE7                     PCLATH_SHAD     equ	8167	;# 
   567     1FE8                     FSR0_SHAD       equ	8168	;# 
   568     1FE8                     FSR0L_SHAD      equ	8168	;# 
   569     1FE9                     FSR0H_SHAD      equ	8169	;# 
   570     1FEA                     FSR1L_SHAD      equ	8170	;# 
   571     1FEB                     FSR1H_SHAD      equ	8171	;# 
   572     1FED                     STKPTR          equ	8173	;# 
   573     1FEE                     TOSL            equ	8174	;# 
   574     1FEF                     TOSH            equ	8175	;# 
   575     0000                     INDF0           equ	0	;# 
   576     0001                     INDF1           equ	1	;# 
   577     0002                     PCL             equ	2	;# 
   578     0003                     STATUS          equ	3	;# 
   579     0004                     FSR0L           equ	4	;# 
   580     0005                     FSR0H           equ	5	;# 
   581     0006                     FSR1L           equ	6	;# 
   582     0007                     FSR1H           equ	7	;# 
   583     0008                     BSR             equ	8	;# 
   584     0009                     WREG            equ	9	;# 
   585     000A                     PCLATH          equ	10	;# 
   586     000B                     INTCON          equ	11	;# 
   587     000C                     PORTA           equ	12	;# 
   588     0012                     TRISA           equ	18	;# 
   589     0018                     LATA            equ	24	;# 
   590     009A                     CPCON           equ	154	;# 
   591     009B                     ADRES           equ	155	;# 
   592     009B                     ADRESL          equ	155	;# 
   593     009C                     ADRESH          equ	156	;# 
   594     009D                     ADCON0          equ	157	;# 
   595     009E                     ADCON1          equ	158	;# 
   596     009F                     ADACT           equ	159	;# 
   597     0119                     RC1REG          equ	281	;# 
   598     011A                     TX1REG          equ	282	;# 
   599     011B                     SP1BRG          equ	283	;# 
   600     011B                     SP1BRGL         equ	283	;# 
   601     011C                     SP1BRGH         equ	284	;# 
   602     011D                     RC1STA          equ	285	;# 
   603     011E                     TX1STA          equ	286	;# 
   604     011F                     BAUD1CON        equ	287	;# 
   605     018C                     SSP1BUF         equ	396	;# 
   606     018D                     SSP1ADD         equ	397	;# 
   607     018E                     SSP1MSK         equ	398	;# 
   608     018F                     SSP1STAT        equ	399	;# 
   609     0190                     SSP1CON1        equ	400	;# 
   610     0191                     SSP1CON2        equ	401	;# 
   611     0192                     SSP1CON3        equ	402	;# 
   612     020C                     TMR1            equ	524	;# 
   613     020C                     TMR1L           equ	524	;# 
   614     020D                     TMR1H           equ	525	;# 
   615     020E                     T1CON           equ	526	;# 
   616     020E                     TMR1CON         equ	526	;# 
   617     020F                     T1GCON          equ	527	;# 
   618     020F                     TMR1GCON        equ	527	;# 
   619     0210                     T1GATE          equ	528	;# 
   620     0210                     TMR1GATE        equ	528	;# 
   621     0211                     T1CLK           equ	529	;# 
   622     0211                     TMR1CLK         equ	529	;# 
   623     0211                     PR1             equ	529	;# 
   624     028C                     T2TMR           equ	652	;# 
   625     028C                     TMR2            equ	652	;# 
   626     028D                     T2PR            equ	653	;# 
   627     028D                     PR2             equ	653	;# 
   628     028E                     T2CON           equ	654	;# 
   629     028F                     T2HLT           equ	655	;# 
   630     0290                     T2CLKCON        equ	656	;# 
   631     0291                     T2RST           equ	657	;# 
   632     030C                     CCPR1           equ	780	;# 
   633     030C                     CCPR1L          equ	780	;# 
   634     030D                     CCPR1H          equ	781	;# 
   635     030E                     CCP1CON         equ	782	;# 
   636     030F                     CCP1CAP         equ	783	;# 
   637     0310                     CCPR2           equ	784	;# 
   638     0310                     CCPR2L          equ	784	;# 
   639     0311                     CCPR2H          equ	785	;# 
   640     0312                     CCP2CON         equ	786	;# 
   641     0313                     CCP2CAP         equ	787	;# 
   642     0314                     PWM3DC          equ	788	;# 
   643     0314                     PWM3DCL         equ	788	;# 
   644     0315                     PWM3DCH         equ	789	;# 
   645     0316                     PWM3CON         equ	790	;# 
   646     0318                     PWM4DC          equ	792	;# 
   647     0318                     PWM4DCL         equ	792	;# 
   648     0319                     PWM4DCH         equ	793	;# 
   649     031A                     PWM4CON         equ	794	;# 
   650     059C                     TMR0L           equ	1436	;# 
   651     059C                     TMR0            equ	1436	;# 
   652     059D                     TMR0H           equ	1437	;# 
   653     059D                     PR0             equ	1437	;# 
   654     059E                     T0CON0          equ	1438	;# 
   655     059F                     T0CON1          equ	1439	;# 
   656     070C                     PIR0            equ	1804	;# 
   657     070D                     PIR1            equ	1805	;# 
   658     070E                     PIR2            equ	1806	;# 
   659     0716                     PIE0            equ	1814	;# 
   660     0717                     PIE1            equ	1815	;# 
   661     0718                     PIE2            equ	1816	;# 
   662     080C                     WDTCON          equ	2060	;# 
   663     0811                     BORCON          equ	2065	;# 
   664     0813                     PCON0           equ	2067	;# 
   665     0814                     PCON1           equ	2068	;# 
   666     081A                     NVMADR          equ	2074	;# 
   667     081A                     NVMADRL         equ	2074	;# 
   668     081B                     NVMADRH         equ	2075	;# 
   669     081C                     NVMDAT          equ	2076	;# 
   670     081C                     NVMDATL         equ	2076	;# 
   671     081D                     NVMDATH         equ	2077	;# 
   672     081E                     NVMCON1         equ	2078	;# 
   673     081F                     NVMCON2         equ	2079	;# 
   674     088E                     OSCCON          equ	2190	;# 
   675     0890                     OSCSTAT         equ	2192	;# 
   676     0891                     OSCEN           equ	2193	;# 
   677     0892                     OSCTUNE         equ	2194	;# 
   678     0893                     OSCFRQ          equ	2195	;# 
   679     090C                     FVRCON          equ	2316	;# 
   680     1E8F                     PPSLOCK         equ	7823	;# 
   681     1E90                     INTPPS          equ	7824	;# 
   682     1E91                     T0CKIPPS        equ	7825	;# 
   683     1E92                     T1CKIPPS        equ	7826	;# 
   684     1E93                     T1GPPS          equ	7827	;# 
   685     1E9C                     T2INPPS         equ	7836	;# 
   686     1EA1                     CCP1PPS         equ	7841	;# 
   687     1EA2                     CCP2PPS         equ	7842	;# 
   688     1EC3                     ADACTPPS        equ	7875	;# 
   689     1EC5                     SSP1CLKPPS      equ	7877	;# 
   690     1EC6                     SSP1DATPPS      equ	7878	;# 
   691     1EC7                     SSP1SSPPS       equ	7879	;# 
   692     1ECB                     RX1PPS          equ	7883	;# 
   693     1ECB                     RX1DTPPS        equ	7883	;# 
   694     1ECB                     RXPPS           equ	7883	;# 
   695     1ECC                     CK1PPS          equ	7884	;# 
   696     1ECC                     TX1CKPPS        equ	7884	;# 
   697     1ECC                     CKPPS           equ	7884	;# 
   698     1F10                     RA0PPS          equ	7952	;# 
   699     1F11                     RA1PPS          equ	7953	;# 
   700     1F12                     RA2PPS          equ	7954	;# 
   701     1F14                     RA4PPS          equ	7956	;# 
   702     1F15                     RA5PPS          equ	7957	;# 
   703     1F38                     ANSELA          equ	7992	;# 
   704     1F39                     WPUA            equ	7993	;# 
   705     1F3A                     ODCONA          equ	7994	;# 
   706     1F3B                     SLRCONA         equ	7995	;# 
   707     1F3C                     INLVLA          equ	7996	;# 
   708     1F3D                     IOCAP           equ	7997	;# 
   709     1F3E                     IOCAN           equ	7998	;# 
   710     1F3F                     IOCAF           equ	7999	;# 
   711     1FE4                     STATUS_SHAD     equ	8164	;# 
   712     1FE5                     WREG_SHAD       equ	8165	;# 
   713     1FE6                     BSR_SHAD        equ	8166	;# 
   714     1FE7                     PCLATH_SHAD     equ	8167	;# 
   715     1FE8                     FSR0_SHAD       equ	8168	;# 
   716     1FE8                     FSR0L_SHAD      equ	8168	;# 
   717     1FE9                     FSR0H_SHAD      equ	8169	;# 
   718     1FEA                     FSR1L_SHAD      equ	8170	;# 
   719     1FEB                     FSR1H_SHAD      equ	8171	;# 
   720     1FED                     STKPTR          equ	8173	;# 
   721     1FEE                     TOSL            equ	8174	;# 
   722     1FEF                     TOSH            equ	8175	;# 
   723     0000                     INDF0           equ	0	;# 
   724     0001                     INDF1           equ	1	;# 
   725     0002                     PCL             equ	2	;# 
   726     0003                     STATUS          equ	3	;# 
   727     0004                     FSR0L           equ	4	;# 
   728     0005                     FSR0H           equ	5	;# 
   729     0006                     FSR1L           equ	6	;# 
   730     0007                     FSR1H           equ	7	;# 
   731     0008                     BSR             equ	8	;# 
   732     0009                     WREG            equ	9	;# 
   733     000A                     PCLATH          equ	10	;# 
   734     000B                     INTCON          equ	11	;# 
   735     000C                     PORTA           equ	12	;# 
   736     0012                     TRISA           equ	18	;# 
   737     0018                     LATA            equ	24	;# 
   738     009A                     CPCON           equ	154	;# 
   739     009B                     ADRES           equ	155	;# 
   740     009B                     ADRESL          equ	155	;# 
   741     009C                     ADRESH          equ	156	;# 
   742     009D                     ADCON0          equ	157	;# 
   743     009E                     ADCON1          equ	158	;# 
   744     009F                     ADACT           equ	159	;# 
   745     0119                     RC1REG          equ	281	;# 
   746     011A                     TX1REG          equ	282	;# 
   747     011B                     SP1BRG          equ	283	;# 
   748     011B                     SP1BRGL         equ	283	;# 
   749     011C                     SP1BRGH         equ	284	;# 
   750     011D                     RC1STA          equ	285	;# 
   751     011E                     TX1STA          equ	286	;# 
   752     011F                     BAUD1CON        equ	287	;# 
   753     018C                     SSP1BUF         equ	396	;# 
   754     018D                     SSP1ADD         equ	397	;# 
   755     018E                     SSP1MSK         equ	398	;# 
   756     018F                     SSP1STAT        equ	399	;# 
   757     0190                     SSP1CON1        equ	400	;# 
   758     0191                     SSP1CON2        equ	401	;# 
   759     0192                     SSP1CON3        equ	402	;# 
   760     020C                     TMR1            equ	524	;# 
   761     020C                     TMR1L           equ	524	;# 
   762     020D                     TMR1H           equ	525	;# 
   763     020E                     T1CON           equ	526	;# 
   764     020E                     TMR1CON         equ	526	;# 
   765     020F                     T1GCON          equ	527	;# 
   766     020F                     TMR1GCON        equ	527	;# 
   767     0210                     T1GATE          equ	528	;# 
   768     0210                     TMR1GATE        equ	528	;# 
   769     0211                     T1CLK           equ	529	;# 
   770     0211                     TMR1CLK         equ	529	;# 
   771     0211                     PR1             equ	529	;# 
   772     028C                     T2TMR           equ	652	;# 
   773     028C                     TMR2            equ	652	;# 
   774     028D                     T2PR            equ	653	;# 
   775     028D                     PR2             equ	653	;# 
   776     028E                     T2CON           equ	654	;# 
   777     028F                     T2HLT           equ	655	;# 
   778     0290                     T2CLKCON        equ	656	;# 
   779     0291                     T2RST           equ	657	;# 
   780     030C                     CCPR1           equ	780	;# 
   781     030C                     CCPR1L          equ	780	;# 
   782     030D                     CCPR1H          equ	781	;# 
   783     030E                     CCP1CON         equ	782	;# 
   784     030F                     CCP1CAP         equ	783	;# 
   785     0310                     CCPR2           equ	784	;# 
   786     0310                     CCPR2L          equ	784	;# 
   787     0311                     CCPR2H          equ	785	;# 
   788     0312                     CCP2CON         equ	786	;# 
   789     0313                     CCP2CAP         equ	787	;# 
   790     0314                     PWM3DC          equ	788	;# 
   791     0314                     PWM3DCL         equ	788	;# 
   792     0315                     PWM3DCH         equ	789	;# 
   793     0316                     PWM3CON         equ	790	;# 
   794     0318                     PWM4DC          equ	792	;# 
   795     0318                     PWM4DCL         equ	792	;# 
   796     0319                     PWM4DCH         equ	793	;# 
   797     031A                     PWM4CON         equ	794	;# 
   798     059C                     TMR0L           equ	1436	;# 
   799     059C                     TMR0            equ	1436	;# 
   800     059D                     TMR0H           equ	1437	;# 
   801     059D                     PR0             equ	1437	;# 
   802     059E                     T0CON0          equ	1438	;# 
   803     059F                     T0CON1          equ	1439	;# 
   804     070C                     PIR0            equ	1804	;# 
   805     070D                     PIR1            equ	1805	;# 
   806     070E                     PIR2            equ	1806	;# 
   807     0716                     PIE0            equ	1814	;# 
   808     0717                     PIE1            equ	1815	;# 
   809     0718                     PIE2            equ	1816	;# 
   810     080C                     WDTCON          equ	2060	;# 
   811     0811                     BORCON          equ	2065	;# 
   812     0813                     PCON0           equ	2067	;# 
   813     0814                     PCON1           equ	2068	;# 
   814     081A                     NVMADR          equ	2074	;# 
   815     081A                     NVMADRL         equ	2074	;# 
   816     081B                     NVMADRH         equ	2075	;# 
   817     081C                     NVMDAT          equ	2076	;# 
   818     081C                     NVMDATL         equ	2076	;# 
   819     081D                     NVMDATH         equ	2077	;# 
   820     081E                     NVMCON1         equ	2078	;# 
   821     081F                     NVMCON2         equ	2079	;# 
   822     088E                     OSCCON          equ	2190	;# 
   823     0890                     OSCSTAT         equ	2192	;# 
   824     0891                     OSCEN           equ	2193	;# 
   825     0892                     OSCTUNE         equ	2194	;# 
   826     0893                     OSCFRQ          equ	2195	;# 
   827     090C                     FVRCON          equ	2316	;# 
   828     1E8F                     PPSLOCK         equ	7823	;# 
   829     1E90                     INTPPS          equ	7824	;# 
   830     1E91                     T0CKIPPS        equ	7825	;# 
   831     1E92                     T1CKIPPS        equ	7826	;# 
   832     1E93                     T1GPPS          equ	7827	;# 
   833     1E9C                     T2INPPS         equ	7836	;# 
   834     1EA1                     CCP1PPS         equ	7841	;# 
   835     1EA2                     CCP2PPS         equ	7842	;# 
   836     1EC3                     ADACTPPS        equ	7875	;# 
   837     1EC5                     SSP1CLKPPS      equ	7877	;# 
   838     1EC6                     SSP1DATPPS      equ	7878	;# 
   839     1EC7                     SSP1SSPPS       equ	7879	;# 
   840     1ECB                     RX1PPS          equ	7883	;# 
   841     1ECB                     RX1DTPPS        equ	7883	;# 
   842     1ECB                     RXPPS           equ	7883	;# 
   843     1ECC                     CK1PPS          equ	7884	;# 
   844     1ECC                     TX1CKPPS        equ	7884	;# 
   845     1ECC                     CKPPS           equ	7884	;# 
   846     1F10                     RA0PPS          equ	7952	;# 
   847     1F11                     RA1PPS          equ	7953	;# 
   848     1F12                     RA2PPS          equ	7954	;# 
   849     1F14                     RA4PPS          equ	7956	;# 
   850     1F15                     RA5PPS          equ	7957	;# 
   851     1F38                     ANSELA          equ	7992	;# 
   852     1F39                     WPUA            equ	7993	;# 
   853     1F3A                     ODCONA          equ	7994	;# 
   854     1F3B                     SLRCONA         equ	7995	;# 
   855     1F3C                     INLVLA          equ	7996	;# 
   856     1F3D                     IOCAP           equ	7997	;# 
   857     1F3E                     IOCAN           equ	7998	;# 
   858     1F3F                     IOCAF           equ	7999	;# 
   859     1FE4                     STATUS_SHAD     equ	8164	;# 
   860     1FE5                     WREG_SHAD       equ	8165	;# 
   861     1FE6                     BSR_SHAD        equ	8166	;# 
   862     1FE7                     PCLATH_SHAD     equ	8167	;# 
   863     1FE8                     FSR0_SHAD       equ	8168	;# 
   864     1FE8                     FSR0L_SHAD      equ	8168	;# 
   865     1FE9                     FSR0H_SHAD      equ	8169	;# 
   866     1FEA                     FSR1L_SHAD      equ	8170	;# 
   867     1FEB                     FSR1H_SHAD      equ	8171	;# 
   868     1FED                     STKPTR          equ	8173	;# 
   869     1FEE                     TOSL            equ	8174	;# 
   870     1FEF                     TOSH            equ	8175	;# 
   871     0000                     INDF0           equ	0	;# 
   872     0001                     INDF1           equ	1	;# 
   873     0002                     PCL             equ	2	;# 
   874     0003                     STATUS          equ	3	;# 
   875     0004                     FSR0L           equ	4	;# 
   876     0005                     FSR0H           equ	5	;# 
   877     0006                     FSR1L           equ	6	;# 
   878     0007                     FSR1H           equ	7	;# 
   879     0008                     BSR             equ	8	;# 
   880     0009                     WREG            equ	9	;# 
   881     000A                     PCLATH          equ	10	;# 
   882     000B                     INTCON          equ	11	;# 
   883     000C                     PORTA           equ	12	;# 
   884     0012                     TRISA           equ	18	;# 
   885     0018                     LATA            equ	24	;# 
   886     009A                     CPCON           equ	154	;# 
   887     009B                     ADRES           equ	155	;# 
   888     009B                     ADRESL          equ	155	;# 
   889     009C                     ADRESH          equ	156	;# 
   890     009D                     ADCON0          equ	157	;# 
   891     009E                     ADCON1          equ	158	;# 
   892     009F                     ADACT           equ	159	;# 
   893     0119                     RC1REG          equ	281	;# 
   894     011A                     TX1REG          equ	282	;# 
   895     011B                     SP1BRG          equ	283	;# 
   896     011B                     SP1BRGL         equ	283	;# 
   897     011C                     SP1BRGH         equ	284	;# 
   898     011D                     RC1STA          equ	285	;# 
   899     011E                     TX1STA          equ	286	;# 
   900     011F                     BAUD1CON        equ	287	;# 
   901     018C                     SSP1BUF         equ	396	;# 
   902     018D                     SSP1ADD         equ	397	;# 
   903     018E                     SSP1MSK         equ	398	;# 
   904     018F                     SSP1STAT        equ	399	;# 
   905     0190                     SSP1CON1        equ	400	;# 
   906     0191                     SSP1CON2        equ	401	;# 
   907     0192                     SSP1CON3        equ	402	;# 
   908     020C                     TMR1            equ	524	;# 
   909     020C                     TMR1L           equ	524	;# 
   910     020D                     TMR1H           equ	525	;# 
   911     020E                     T1CON           equ	526	;# 
   912     020E                     TMR1CON         equ	526	;# 
   913     020F                     T1GCON          equ	527	;# 
   914     020F                     TMR1GCON        equ	527	;# 
   915     0210                     T1GATE          equ	528	;# 
   916     0210                     TMR1GATE        equ	528	;# 
   917     0211                     T1CLK           equ	529	;# 
   918     0211                     TMR1CLK         equ	529	;# 
   919     0211                     PR1             equ	529	;# 
   920     028C                     T2TMR           equ	652	;# 
   921     028C                     TMR2            equ	652	;# 
   922     028D                     T2PR            equ	653	;# 
   923     028D                     PR2             equ	653	;# 
   924     028E                     T2CON           equ	654	;# 
   925     028F                     T2HLT           equ	655	;# 
   926     0290                     T2CLKCON        equ	656	;# 
   927     0291                     T2RST           equ	657	;# 
   928     030C                     CCPR1           equ	780	;# 
   929     030C                     CCPR1L          equ	780	;# 
   930     030D                     CCPR1H          equ	781	;# 
   931     030E                     CCP1CON         equ	782	;# 
   932     030F                     CCP1CAP         equ	783	;# 
   933     0310                     CCPR2           equ	784	;# 
   934     0310                     CCPR2L          equ	784	;# 
   935     0311                     CCPR2H          equ	785	;# 
   936     0312                     CCP2CON         equ	786	;# 
   937     0313                     CCP2CAP         equ	787	;# 
   938     0314                     PWM3DC          equ	788	;# 
   939     0314                     PWM3DCL         equ	788	;# 
   940     0315                     PWM3DCH         equ	789	;# 
   941     0316                     PWM3CON         equ	790	;# 
   942     0318                     PWM4DC          equ	792	;# 
   943     0318                     PWM4DCL         equ	792	;# 
   944     0319                     PWM4DCH         equ	793	;# 
   945     031A                     PWM4CON         equ	794	;# 
   946     059C                     TMR0L           equ	1436	;# 
   947     059C                     TMR0            equ	1436	;# 
   948     059D                     TMR0H           equ	1437	;# 
   949     059D                     PR0             equ	1437	;# 
   950     059E                     T0CON0          equ	1438	;# 
   951     059F                     T0CON1          equ	1439	;# 
   952     070C                     PIR0            equ	1804	;# 
   953     070D                     PIR1            equ	1805	;# 
   954     070E                     PIR2            equ	1806	;# 
   955     0716                     PIE0            equ	1814	;# 
   956     0717                     PIE1            equ	1815	;# 
   957     0718                     PIE2            equ	1816	;# 
   958     080C                     WDTCON          equ	2060	;# 
   959     0811                     BORCON          equ	2065	;# 
   960     0813                     PCON0           equ	2067	;# 
   961     0814                     PCON1           equ	2068	;# 
   962     081A                     NVMADR          equ	2074	;# 
   963     081A                     NVMADRL         equ	2074	;# 
   964     081B                     NVMADRH         equ	2075	;# 
   965     081C                     NVMDAT          equ	2076	;# 
   966     081C                     NVMDATL         equ	2076	;# 
   967     081D                     NVMDATH         equ	2077	;# 
   968     081E                     NVMCON1         equ	2078	;# 
   969     081F                     NVMCON2         equ	2079	;# 
   970     088E                     OSCCON          equ	2190	;# 
   971     0890                     OSCSTAT         equ	2192	;# 
   972     0891                     OSCEN           equ	2193	;# 
   973     0892                     OSCTUNE         equ	2194	;# 
   974     0893                     OSCFRQ          equ	2195	;# 
   975     090C                     FVRCON          equ	2316	;# 
   976     1E8F                     PPSLOCK         equ	7823	;# 
   977     1E90                     INTPPS          equ	7824	;# 
   978     1E91                     T0CKIPPS        equ	7825	;# 
   979     1E92                     T1CKIPPS        equ	7826	;# 
   980     1E93                     T1GPPS          equ	7827	;# 
   981     1E9C                     T2INPPS         equ	7836	;# 
   982     1EA1                     CCP1PPS         equ	7841	;# 
   983     1EA2                     CCP2PPS         equ	7842	;# 
   984     1EC3                     ADACTPPS        equ	7875	;# 
   985     1EC5                     SSP1CLKPPS      equ	7877	;# 
   986     1EC6                     SSP1DATPPS      equ	7878	;# 
   987     1EC7                     SSP1SSPPS       equ	7879	;# 
   988     1ECB                     RX1PPS          equ	7883	;# 
   989     1ECB                     RX1DTPPS        equ	7883	;# 
   990     1ECB                     RXPPS           equ	7883	;# 
   991     1ECC                     CK1PPS          equ	7884	;# 
   992     1ECC                     TX1CKPPS        equ	7884	;# 
   993     1ECC                     CKPPS           equ	7884	;# 
   994     1F10                     RA0PPS          equ	7952	;# 
   995     1F11                     RA1PPS          equ	7953	;# 
   996     1F12                     RA2PPS          equ	7954	;# 
   997     1F14                     RA4PPS          equ	7956	;# 
   998     1F15                     RA5PPS          equ	7957	;# 
   999     1F38                     ANSELA          equ	7992	;# 
  1000     1F39                     WPUA            equ	7993	;# 
  1001     1F3A                     ODCONA          equ	7994	;# 
  1002     1F3B                     SLRCONA         equ	7995	;# 
  1003     1F3C                     INLVLA          equ	7996	;# 
  1004     1F3D                     IOCAP           equ	7997	;# 
  1005     1F3E                     IOCAN           equ	7998	;# 
  1006     1F3F                     IOCAF           equ	7999	;# 
  1007     1FE4                     STATUS_SHAD     equ	8164	;# 
  1008     1FE5                     WREG_SHAD       equ	8165	;# 
  1009     1FE6                     BSR_SHAD        equ	8166	;# 
  1010     1FE7                     PCLATH_SHAD     equ	8167	;# 
  1011     1FE8                     FSR0_SHAD       equ	8168	;# 
  1012     1FE8                     FSR0L_SHAD      equ	8168	;# 
  1013     1FE9                     FSR0H_SHAD      equ	8169	;# 
  1014     1FEA                     FSR1L_SHAD      equ	8170	;# 
  1015     1FEB                     FSR1H_SHAD      equ	8171	;# 
  1016     1FED                     STKPTR          equ	8173	;# 
  1017     1FEE                     TOSL            equ	8174	;# 
  1018     1FEF                     TOSH            equ	8175	;# 
  1019     0000                     INDF0           equ	0	;# 
  1020     0001                     INDF1           equ	1	;# 
  1021     0002                     PCL             equ	2	;# 
  1022     0003                     STATUS          equ	3	;# 
  1023     0004                     FSR0L           equ	4	;# 
  1024     0005                     FSR0H           equ	5	;# 
  1025     0006                     FSR1L           equ	6	;# 
  1026     0007                     FSR1H           equ	7	;# 
  1027     0008                     BSR             equ	8	;# 
  1028     0009                     WREG            equ	9	;# 
  1029     000A                     PCLATH          equ	10	;# 
  1030     000B                     INTCON          equ	11	;# 
  1031     000C                     PORTA           equ	12	;# 
  1032     0012                     TRISA           equ	18	;# 
  1033     0018                     LATA            equ	24	;# 
  1034     009A                     CPCON           equ	154	;# 
  1035     009B                     ADRES           equ	155	;# 
  1036     009B                     ADRESL          equ	155	;# 
  1037     009C                     ADRESH          equ	156	;# 
  1038     009D                     ADCON0          equ	157	;# 
  1039     009E                     ADCON1          equ	158	;# 
  1040     009F                     ADACT           equ	159	;# 
  1041     0119                     RC1REG          equ	281	;# 
  1042     011A                     TX1REG          equ	282	;# 
  1043     011B                     SP1BRG          equ	283	;# 
  1044     011B                     SP1BRGL         equ	283	;# 
  1045     011C                     SP1BRGH         equ	284	;# 
  1046     011D                     RC1STA          equ	285	;# 
  1047     011E                     TX1STA          equ	286	;# 
  1048     011F                     BAUD1CON        equ	287	;# 
  1049     018C                     SSP1BUF         equ	396	;# 
  1050     018D                     SSP1ADD         equ	397	;# 
  1051     018E                     SSP1MSK         equ	398	;# 
  1052     018F                     SSP1STAT        equ	399	;# 
  1053     0190                     SSP1CON1        equ	400	;# 
  1054     0191                     SSP1CON2        equ	401	;# 
  1055     0192                     SSP1CON3        equ	402	;# 
  1056     020C                     TMR1            equ	524	;# 
  1057     020C                     TMR1L           equ	524	;# 
  1058     020D                     TMR1H           equ	525	;# 
  1059     020E                     T1CON           equ	526	;# 
  1060     020E                     TMR1CON         equ	526	;# 
  1061     020F                     T1GCON          equ	527	;# 
  1062     020F                     TMR1GCON        equ	527	;# 
  1063     0210                     T1GATE          equ	528	;# 
  1064     0210                     TMR1GATE        equ	528	;# 
  1065     0211                     T1CLK           equ	529	;# 
  1066     0211                     TMR1CLK         equ	529	;# 
  1067     0211                     PR1             equ	529	;# 
  1068     028C                     T2TMR           equ	652	;# 
  1069     028C                     TMR2            equ	652	;# 
  1070     028D                     T2PR            equ	653	;# 
  1071     028D                     PR2             equ	653	;# 
  1072     028E                     T2CON           equ	654	;# 
  1073     028F                     T2HLT           equ	655	;# 
  1074     0290                     T2CLKCON        equ	656	;# 
  1075     0291                     T2RST           equ	657	;# 
  1076     030C                     CCPR1           equ	780	;# 
  1077     030C                     CCPR1L          equ	780	;# 
  1078     030D                     CCPR1H          equ	781	;# 
  1079     030E                     CCP1CON         equ	782	;# 
  1080     030F                     CCP1CAP         equ	783	;# 
  1081     0310                     CCPR2           equ	784	;# 
  1082     0310                     CCPR2L          equ	784	;# 
  1083     0311                     CCPR2H          equ	785	;# 
  1084     0312                     CCP2CON         equ	786	;# 
  1085     0313                     CCP2CAP         equ	787	;# 
  1086     0314                     PWM3DC          equ	788	;# 
  1087     0314                     PWM3DCL         equ	788	;# 
  1088     0315                     PWM3DCH         equ	789	;# 
  1089     0316                     PWM3CON         equ	790	;# 
  1090     0318                     PWM4DC          equ	792	;# 
  1091     0318                     PWM4DCL         equ	792	;# 
  1092     0319                     PWM4DCH         equ	793	;# 
  1093     031A                     PWM4CON         equ	794	;# 
  1094     059C                     TMR0L           equ	1436	;# 
  1095     059C                     TMR0            equ	1436	;# 
  1096     059D                     TMR0H           equ	1437	;# 
  1097     059D                     PR0             equ	1437	;# 
  1098     059E                     T0CON0          equ	1438	;# 
  1099     059F                     T0CON1          equ	1439	;# 
  1100     070C                     PIR0            equ	1804	;# 
  1101     070D                     PIR1            equ	1805	;# 
  1102     070E                     PIR2            equ	1806	;# 
  1103     0716                     PIE0            equ	1814	;# 
  1104     0717                     PIE1            equ	1815	;# 
  1105     0718                     PIE2            equ	1816	;# 
  1106     080C                     WDTCON          equ	2060	;# 
  1107     0811                     BORCON          equ	2065	;# 
  1108     0813                     PCON0           equ	2067	;# 
  1109     0814                     PCON1           equ	2068	;# 
  1110     081A                     NVMADR          equ	2074	;# 
  1111     081A                     NVMADRL         equ	2074	;# 
  1112     081B                     NVMADRH         equ	2075	;# 
  1113     081C                     NVMDAT          equ	2076	;# 
  1114     081C                     NVMDATL         equ	2076	;# 
  1115     081D                     NVMDATH         equ	2077	;# 
  1116     081E                     NVMCON1         equ	2078	;# 
  1117     081F                     NVMCON2         equ	2079	;# 
  1118     088E                     OSCCON          equ	2190	;# 
  1119     0890                     OSCSTAT         equ	2192	;# 
  1120     0891                     OSCEN           equ	2193	;# 
  1121     0892                     OSCTUNE         equ	2194	;# 
  1122     0893                     OSCFRQ          equ	2195	;# 
  1123     090C                     FVRCON          equ	2316	;# 
  1124     1E8F                     PPSLOCK         equ	7823	;# 
  1125     1E90                     INTPPS          equ	7824	;# 
  1126     1E91                     T0CKIPPS        equ	7825	;# 
  1127     1E92                     T1CKIPPS        equ	7826	;# 
  1128     1E93                     T1GPPS          equ	7827	;# 
  1129     1E9C                     T2INPPS         equ	7836	;# 
  1130     1EA1                     CCP1PPS         equ	7841	;# 
  1131     1EA2                     CCP2PPS         equ	7842	;# 
  1132     1EC3                     ADACTPPS        equ	7875	;# 
  1133     1EC5                     SSP1CLKPPS      equ	7877	;# 
  1134     1EC6                     SSP1DATPPS      equ	7878	;# 
  1135     1EC7                     SSP1SSPPS       equ	7879	;# 
  1136     1ECB                     RX1PPS          equ	7883	;# 
  1137     1ECB                     RX1DTPPS        equ	7883	;# 
  1138     1ECB                     RXPPS           equ	7883	;# 
  1139     1ECC                     CK1PPS          equ	7884	;# 
  1140     1ECC                     TX1CKPPS        equ	7884	;# 
  1141     1ECC                     CKPPS           equ	7884	;# 
  1142     1F10                     RA0PPS          equ	7952	;# 
  1143     1F11                     RA1PPS          equ	7953	;# 
  1144     1F12                     RA2PPS          equ	7954	;# 
  1145     1F14                     RA4PPS          equ	7956	;# 
  1146     1F15                     RA5PPS          equ	7957	;# 
  1147     1F38                     ANSELA          equ	7992	;# 
  1148     1F39                     WPUA            equ	7993	;# 
  1149     1F3A                     ODCONA          equ	7994	;# 
  1150     1F3B                     SLRCONA         equ	7995	;# 
  1151     1F3C                     INLVLA          equ	7996	;# 
  1152     1F3D                     IOCAP           equ	7997	;# 
  1153     1F3E                     IOCAN           equ	7998	;# 
  1154     1F3F                     IOCAF           equ	7999	;# 
  1155     1FE4                     STATUS_SHAD     equ	8164	;# 
  1156     1FE5                     WREG_SHAD       equ	8165	;# 
  1157     1FE6                     BSR_SHAD        equ	8166	;# 
  1158     1FE7                     PCLATH_SHAD     equ	8167	;# 
  1159     1FE8                     FSR0_SHAD       equ	8168	;# 
  1160     1FE8                     FSR0L_SHAD      equ	8168	;# 
  1161     1FE9                     FSR0H_SHAD      equ	8169	;# 
  1162     1FEA                     FSR1L_SHAD      equ	8170	;# 
  1163     1FEB                     FSR1H_SHAD      equ	8171	;# 
  1164     1FED                     STKPTR          equ	8173	;# 
  1165     1FEE                     TOSL            equ	8174	;# 
  1166     1FEF                     TOSH            equ	8175	;# 
  1167     0000                     INDF0           equ	0	;# 
  1168     0001                     INDF1           equ	1	;# 
  1169     0002                     PCL             equ	2	;# 
  1170     0003                     STATUS          equ	3	;# 
  1171     0004                     FSR0L           equ	4	;# 
  1172     0005                     FSR0H           equ	5	;# 
  1173     0006                     FSR1L           equ	6	;# 
  1174     0007                     FSR1H           equ	7	;# 
  1175     0008                     BSR             equ	8	;# 
  1176     0009                     WREG            equ	9	;# 
  1177     000A                     PCLATH          equ	10	;# 
  1178     000B                     INTCON          equ	11	;# 
  1179     000C                     PORTA           equ	12	;# 
  1180     0012                     TRISA           equ	18	;# 
  1181     0018                     LATA            equ	24	;# 
  1182     009A                     CPCON           equ	154	;# 
  1183     009B                     ADRES           equ	155	;# 
  1184     009B                     ADRESL          equ	155	;# 
  1185     009C                     ADRESH          equ	156	;# 
  1186     009D                     ADCON0          equ	157	;# 
  1187     009E                     ADCON1          equ	158	;# 
  1188     009F                     ADACT           equ	159	;# 
  1189     0119                     RC1REG          equ	281	;# 
  1190     011A                     TX1REG          equ	282	;# 
  1191     011B                     SP1BRG          equ	283	;# 
  1192     011B                     SP1BRGL         equ	283	;# 
  1193     011C                     SP1BRGH         equ	284	;# 
  1194     011D                     RC1STA          equ	285	;# 
  1195     011E                     TX1STA          equ	286	;# 
  1196     011F                     BAUD1CON        equ	287	;# 
  1197     018C                     SSP1BUF         equ	396	;# 
  1198     018D                     SSP1ADD         equ	397	;# 
  1199     018E                     SSP1MSK         equ	398	;# 
  1200     018F                     SSP1STAT        equ	399	;# 
  1201     0190                     SSP1CON1        equ	400	;# 
  1202     0191                     SSP1CON2        equ	401	;# 
  1203     0192                     SSP1CON3        equ	402	;# 
  1204     020C                     TMR1            equ	524	;# 
  1205     020C                     TMR1L           equ	524	;# 
  1206     020D                     TMR1H           equ	525	;# 
  1207     020E                     T1CON           equ	526	;# 
  1208     020E                     TMR1CON         equ	526	;# 
  1209     020F                     T1GCON          equ	527	;# 
  1210     020F                     TMR1GCON        equ	527	;# 
  1211     0210                     T1GATE          equ	528	;# 
  1212     0210                     TMR1GATE        equ	528	;# 
  1213     0211                     T1CLK           equ	529	;# 
  1214     0211                     TMR1CLK         equ	529	;# 
  1215     0211                     PR1             equ	529	;# 
  1216     028C                     T2TMR           equ	652	;# 
  1217     028C                     TMR2            equ	652	;# 
  1218     028D                     T2PR            equ	653	;# 
  1219     028D                     PR2             equ	653	;# 
  1220     028E                     T2CON           equ	654	;# 
  1221     028F                     T2HLT           equ	655	;# 
  1222     0290                     T2CLKCON        equ	656	;# 
  1223     0291                     T2RST           equ	657	;# 
  1224     030C                     CCPR1           equ	780	;# 
  1225     030C                     CCPR1L          equ	780	;# 
  1226     030D                     CCPR1H          equ	781	;# 
  1227     030E                     CCP1CON         equ	782	;# 
  1228     030F                     CCP1CAP         equ	783	;# 
  1229     0310                     CCPR2           equ	784	;# 
  1230     0310                     CCPR2L          equ	784	;# 
  1231     0311                     CCPR2H          equ	785	;# 
  1232     0312                     CCP2CON         equ	786	;# 
  1233     0313                     CCP2CAP         equ	787	;# 
  1234     0314                     PWM3DC          equ	788	;# 
  1235     0314                     PWM3DCL         equ	788	;# 
  1236     0315                     PWM3DCH         equ	789	;# 
  1237     0316                     PWM3CON         equ	790	;# 
  1238     0318                     PWM4DC          equ	792	;# 
  1239     0318                     PWM4DCL         equ	792	;# 
  1240     0319                     PWM4DCH         equ	793	;# 
  1241     031A                     PWM4CON         equ	794	;# 
  1242     059C                     TMR0L           equ	1436	;# 
  1243     059C                     TMR0            equ	1436	;# 
  1244     059D                     TMR0H           equ	1437	;# 
  1245     059D                     PR0             equ	1437	;# 
  1246     059E                     T0CON0          equ	1438	;# 
  1247     059F                     T0CON1          equ	1439	;# 
  1248     070C                     PIR0            equ	1804	;# 
  1249     070D                     PIR1            equ	1805	;# 
  1250     070E                     PIR2            equ	1806	;# 
  1251     0716                     PIE0            equ	1814	;# 
  1252     0717                     PIE1            equ	1815	;# 
  1253     0718                     PIE2            equ	1816	;# 
  1254     080C                     WDTCON          equ	2060	;# 
  1255     0811                     BORCON          equ	2065	;# 
  1256     0813                     PCON0           equ	2067	;# 
  1257     0814                     PCON1           equ	2068	;# 
  1258     081A                     NVMADR          equ	2074	;# 
  1259     081A                     NVMADRL         equ	2074	;# 
  1260     081B                     NVMADRH         equ	2075	;# 
  1261     081C                     NVMDAT          equ	2076	;# 
  1262     081C                     NVMDATL         equ	2076	;# 
  1263     081D                     NVMDATH         equ	2077	;# 
  1264     081E                     NVMCON1         equ	2078	;# 
  1265     081F                     NVMCON2         equ	2079	;# 
  1266     088E                     OSCCON          equ	2190	;# 
  1267     0890                     OSCSTAT         equ	2192	;# 
  1268     0891                     OSCEN           equ	2193	;# 
  1269     0892                     OSCTUNE         equ	2194	;# 
  1270     0893                     OSCFRQ          equ	2195	;# 
  1271     090C                     FVRCON          equ	2316	;# 
  1272     1E8F                     PPSLOCK         equ	7823	;# 
  1273     1E90                     INTPPS          equ	7824	;# 
  1274     1E91                     T0CKIPPS        equ	7825	;# 
  1275     1E92                     T1CKIPPS        equ	7826	;# 
  1276     1E93                     T1GPPS          equ	7827	;# 
  1277     1E9C                     T2INPPS         equ	7836	;# 
  1278     1EA1                     CCP1PPS         equ	7841	;# 
  1279     1EA2                     CCP2PPS         equ	7842	;# 
  1280     1EC3                     ADACTPPS        equ	7875	;# 
  1281     1EC5                     SSP1CLKPPS      equ	7877	;# 
  1282     1EC6                     SSP1DATPPS      equ	7878	;# 
  1283     1EC7                     SSP1SSPPS       equ	7879	;# 
  1284     1ECB                     RX1PPS          equ	7883	;# 
  1285     1ECB                     RX1DTPPS        equ	7883	;# 
  1286     1ECB                     RXPPS           equ	7883	;# 
  1287     1ECC                     CK1PPS          equ	7884	;# 
  1288     1ECC                     TX1CKPPS        equ	7884	;# 
  1289     1ECC                     CKPPS           equ	7884	;# 
  1290     1F10                     RA0PPS          equ	7952	;# 
  1291     1F11                     RA1PPS          equ	7953	;# 
  1292     1F12                     RA2PPS          equ	7954	;# 
  1293     1F14                     RA4PPS          equ	7956	;# 
  1294     1F15                     RA5PPS          equ	7957	;# 
  1295     1F38                     ANSELA          equ	7992	;# 
  1296     1F39                     WPUA            equ	7993	;# 
  1297     1F3A                     ODCONA          equ	7994	;# 
  1298     1F3B                     SLRCONA         equ	7995	;# 
  1299     1F3C                     INLVLA          equ	7996	;# 
  1300     1F3D                     IOCAP           equ	7997	;# 
  1301     1F3E                     IOCAN           equ	7998	;# 
  1302     1F3F                     IOCAF           equ	7999	;# 
  1303     1FE4                     STATUS_SHAD     equ	8164	;# 
  1304     1FE5                     WREG_SHAD       equ	8165	;# 
  1305     1FE6                     BSR_SHAD        equ	8166	;# 
  1306     1FE7                     PCLATH_SHAD     equ	8167	;# 
  1307     1FE8                     FSR0_SHAD       equ	8168	;# 
  1308     1FE8                     FSR0L_SHAD      equ	8168	;# 
  1309     1FE9                     FSR0H_SHAD      equ	8169	;# 
  1310     1FEA                     FSR1L_SHAD      equ	8170	;# 
  1311     1FEB                     FSR1H_SHAD      equ	8171	;# 
  1312     1FED                     STKPTR          equ	8173	;# 
  1313     1FEE                     TOSL            equ	8174	;# 
  1314     1FEF                     TOSH            equ	8175	;# 
  1315     0000                     INDF0           equ	0	;# 
  1316     0001                     INDF1           equ	1	;# 
  1317     0002                     PCL             equ	2	;# 
  1318     0003                     STATUS          equ	3	;# 
  1319     0004                     FSR0L           equ	4	;# 
  1320     0005                     FSR0H           equ	5	;# 
  1321     0006                     FSR1L           equ	6	;# 
  1322     0007                     FSR1H           equ	7	;# 
  1323     0008                     BSR             equ	8	;# 
  1324     0009                     WREG            equ	9	;# 
  1325     000A                     PCLATH          equ	10	;# 
  1326     000B                     INTCON          equ	11	;# 
  1327     000C                     PORTA           equ	12	;# 
  1328     0012                     TRISA           equ	18	;# 
  1329     0018                     LATA            equ	24	;# 
  1330     009A                     CPCON           equ	154	;# 
  1331     009B                     ADRES           equ	155	;# 
  1332     009B                     ADRESL          equ	155	;# 
  1333     009C                     ADRESH          equ	156	;# 
  1334     009D                     ADCON0          equ	157	;# 
  1335     009E                     ADCON1          equ	158	;# 
  1336     009F                     ADACT           equ	159	;# 
  1337     0119                     RC1REG          equ	281	;# 
  1338     011A                     TX1REG          equ	282	;# 
  1339     011B                     SP1BRG          equ	283	;# 
  1340     011B                     SP1BRGL         equ	283	;# 
  1341     011C                     SP1BRGH         equ	284	;# 
  1342     011D                     RC1STA          equ	285	;# 
  1343     011E                     TX1STA          equ	286	;# 
  1344     011F                     BAUD1CON        equ	287	;# 
  1345     018C                     SSP1BUF         equ	396	;# 
  1346     018D                     SSP1ADD         equ	397	;# 
  1347     018E                     SSP1MSK         equ	398	;# 
  1348     018F                     SSP1STAT        equ	399	;# 
  1349     0190                     SSP1CON1        equ	400	;# 
  1350     0191                     SSP1CON2        equ	401	;# 
  1351     0192                     SSP1CON3        equ	402	;# 
  1352     020C                     TMR1            equ	524	;# 
  1353     020C                     TMR1L           equ	524	;# 
  1354     020D                     TMR1H           equ	525	;# 
  1355     020E                     T1CON           equ	526	;# 
  1356     020E                     TMR1CON         equ	526	;# 
  1357     020F                     T1GCON          equ	527	;# 
  1358     020F                     TMR1GCON        equ	527	;# 
  1359     0210                     T1GATE          equ	528	;# 
  1360     0210                     TMR1GATE        equ	528	;# 
  1361     0211                     T1CLK           equ	529	;# 
  1362     0211                     TMR1CLK         equ	529	;# 
  1363     0211                     PR1             equ	529	;# 
  1364     028C                     T2TMR           equ	652	;# 
  1365     028C                     TMR2            equ	652	;# 
  1366     028D                     T2PR            equ	653	;# 
  1367     028D                     PR2             equ	653	;# 
  1368     028E                     T2CON           equ	654	;# 
  1369     028F                     T2HLT           equ	655	;# 
  1370     0290                     T2CLKCON        equ	656	;# 
  1371     0291                     T2RST           equ	657	;# 
  1372     030C                     CCPR1           equ	780	;# 
  1373     030C                     CCPR1L          equ	780	;# 
  1374     030D                     CCPR1H          equ	781	;# 
  1375     030E                     CCP1CON         equ	782	;# 
  1376     030F                     CCP1CAP         equ	783	;# 
  1377     0310                     CCPR2           equ	784	;# 
  1378     0310                     CCPR2L          equ	784	;# 
  1379     0311                     CCPR2H          equ	785	;# 
  1380     0312                     CCP2CON         equ	786	;# 
  1381     0313                     CCP2CAP         equ	787	;# 
  1382     0314                     PWM3DC          equ	788	;# 
  1383     0314                     PWM3DCL         equ	788	;# 
  1384     0315                     PWM3DCH         equ	789	;# 
  1385     0316                     PWM3CON         equ	790	;# 
  1386     0318                     PWM4DC          equ	792	;# 
  1387     0318                     PWM4DCL         equ	792	;# 
  1388     0319                     PWM4DCH         equ	793	;# 
  1389     031A                     PWM4CON         equ	794	;# 
  1390     059C                     TMR0L           equ	1436	;# 
  1391     059C                     TMR0            equ	1436	;# 
  1392     059D                     TMR0H           equ	1437	;# 
  1393     059D                     PR0             equ	1437	;# 
  1394     059E                     T0CON0          equ	1438	;# 
  1395     059F                     T0CON1          equ	1439	;# 
  1396     070C                     PIR0            equ	1804	;# 
  1397     070D                     PIR1            equ	1805	;# 
  1398     070E                     PIR2            equ	1806	;# 
  1399     0716                     PIE0            equ	1814	;# 
  1400     0717                     PIE1            equ	1815	;# 
  1401     0718                     PIE2            equ	1816	;# 
  1402     080C                     WDTCON          equ	2060	;# 
  1403     0811                     BORCON          equ	2065	;# 
  1404     0813                     PCON0           equ	2067	;# 
  1405     0814                     PCON1           equ	2068	;# 
  1406     081A                     NVMADR          equ	2074	;# 
  1407     081A                     NVMADRL         equ	2074	;# 
  1408     081B                     NVMADRH         equ	2075	;# 
  1409     081C                     NVMDAT          equ	2076	;# 
  1410     081C                     NVMDATL         equ	2076	;# 
  1411     081D                     NVMDATH         equ	2077	;# 
  1412     081E                     NVMCON1         equ	2078	;# 
  1413     081F                     NVMCON2         equ	2079	;# 
  1414     088E                     OSCCON          equ	2190	;# 
  1415     0890                     OSCSTAT         equ	2192	;# 
  1416     0891                     OSCEN           equ	2193	;# 
  1417     0892                     OSCTUNE         equ	2194	;# 
  1418     0893                     OSCFRQ          equ	2195	;# 
  1419     090C                     FVRCON          equ	2316	;# 
  1420     1E8F                     PPSLOCK         equ	7823	;# 
  1421     1E90                     INTPPS          equ	7824	;# 
  1422     1E91                     T0CKIPPS        equ	7825	;# 
  1423     1E92                     T1CKIPPS        equ	7826	;# 
  1424     1E93                     T1GPPS          equ	7827	;# 
  1425     1E9C                     T2INPPS         equ	7836	;# 
  1426     1EA1                     CCP1PPS         equ	7841	;# 
  1427     1EA2                     CCP2PPS         equ	7842	;# 
  1428     1EC3                     ADACTPPS        equ	7875	;# 
  1429     1EC5                     SSP1CLKPPS      equ	7877	;# 
  1430     1EC6                     SSP1DATPPS      equ	7878	;# 
  1431     1EC7                     SSP1SSPPS       equ	7879	;# 
  1432     1ECB                     RX1PPS          equ	7883	;# 
  1433     1ECB                     RX1DTPPS        equ	7883	;# 
  1434     1ECB                     RXPPS           equ	7883	;# 
  1435     1ECC                     CK1PPS          equ	7884	;# 
  1436     1ECC                     TX1CKPPS        equ	7884	;# 
  1437     1ECC                     CKPPS           equ	7884	;# 
  1438     1F10                     RA0PPS          equ	7952	;# 
  1439     1F11                     RA1PPS          equ	7953	;# 
  1440     1F12                     RA2PPS          equ	7954	;# 
  1441     1F14                     RA4PPS          equ	7956	;# 
  1442     1F15                     RA5PPS          equ	7957	;# 
  1443     1F38                     ANSELA          equ	7992	;# 
  1444     1F39                     WPUA            equ	7993	;# 
  1445     1F3A                     ODCONA          equ	7994	;# 
  1446     1F3B                     SLRCONA         equ	7995	;# 
  1447     1F3C                     INLVLA          equ	7996	;# 
  1448     1F3D                     IOCAP           equ	7997	;# 
  1449     1F3E                     IOCAN           equ	7998	;# 
  1450     1F3F                     IOCAF           equ	7999	;# 
  1451     1FE4                     STATUS_SHAD     equ	8164	;# 
  1452     1FE5                     WREG_SHAD       equ	8165	;# 
  1453     1FE6                     BSR_SHAD        equ	8166	;# 
  1454     1FE7                     PCLATH_SHAD     equ	8167	;# 
  1455     1FE8                     FSR0_SHAD       equ	8168	;# 
  1456     1FE8                     FSR0L_SHAD      equ	8168	;# 
  1457     1FE9                     FSR0H_SHAD      equ	8169	;# 
  1458     1FEA                     FSR1L_SHAD      equ	8170	;# 
  1459     1FEB                     FSR1H_SHAD      equ	8171	;# 
  1460     1FED                     STKPTR          equ	8173	;# 
  1461     1FEE                     TOSL            equ	8174	;# 
  1462     1FEF                     TOSH            equ	8175	;# 
  1463                           
  1464                           	psect	idataBANK0
  1465     0631                     __pidataBANK0:
  1466                           
  1467                           ;initializer for _LIN_timeout
  1468     0631  340A               	retlw	10
  1469                           
  1470                           	psect	stringtext1
  1471     05E4                     __pstringtext1:
  1472     05E4                     _scheduleTable:
  1473     05E4  3401               	retlw	1
  1474     05E5  3401               	retlw	1
  1475     05E6  3408               	retlw	8
  1476     05E7  34A0               	retlw	low (_SIGNAL_Data| 0)
  1477     05E8  3400               	retlw	high (_SIGNAL_Data| 0)
  1478     05E9                     __end_of_scheduleTable:
  1479                           
  1480                           	psect	nvBANK0
  1481     0054                     __pnvBANK0:
  1482     0054                     _TMR0_InterruptHandler:
  1483     0054                     	ds	2
  1484     0056                     _EUSART1_OverrunErrorHandler:
  1485     0056                     	ds	2
  1486     0058                     _EUSART1_FramingErrorHandler:
  1487     0058                     	ds	2
  1488     005A                     _EUSART1_RxDefaultInterruptHandler:
  1489     005A                     	ds	2
  1490     005C                     _EUSART1_TxDefaultInterruptHandler:
  1491     005C                     	ds	2
  1492     005E                     _LIN_rxCommand:
  1493     005E                     	ds	2
  1494     0060                     _LIN_processData:
  1495     0060                     	ds	2
  1496     0062                     _LIN_rxCommandLength:
  1497     0062                     	ds	1
  1498                           
  1499                           	psect	nvBANK1
  1500     00AD                     __pnvBANK1:
  1501     00AD                     _EUSART1_ErrorHandler:
  1502     00AD                     	ds	2
  1503     0012                     _TRISA          set	18
  1504     0018                     _LATA           set	24
  1505     000B                     _INTCONbits     set	11
  1506     0018                     _LATAbits       set	24
  1507     0119                     _RC1REG         set	281
  1508     011A                     _TX1REG         set	282
  1509     011C                     _SP1BRGH        set	284
  1510     011B                     _SP1BRGL        set	283
  1511     011E                     _TX1STA         set	286
  1512     011D                     _RC1STA         set	285
  1513     011F                     _BAUD1CON       set	287
  1514     011D                     _RC1STAbits     set	285
  1515     011E                     _TX1STAbits     set	286
  1516     059E                     _T0CON0bits     set	1438
  1517     059E                     _T0CON0         set	1438
  1518     059C                     _TMR0L          set	1436
  1519     059D                     _TMR0H          set	1437
  1520     059F                     _T0CON1         set	1439
  1521     070D                     _PIR1bits       set	1805
  1522     070C                     _PIR0bits       set	1804
  1523     0716                     _PIE0bits       set	1814
  1524     0717                     _PIE1bits       set	1815
  1525     080C                     _WDTCON         set	2060
  1526     0892                     _OSCTUNE        set	2194
  1527     0893                     _OSCFRQ         set	2195
  1528     0891                     _OSCEN          set	2193
  1529     1ECB                     _RX1PPS         set	7883
  1530     1F10                     _RA0PPS         set	7952
  1531     1F3C                     _INLVLA         set	7996
  1532     1F3B                     _SLRCONA        set	7995
  1533     1F3A                     _ODCONA         set	7994
  1534     1F39                     _WPUA           set	7993
  1535     1F38                     _ANSELA         set	7992
  1536                           
  1537                           	psect	cinit
  1538     0038                     start_initialization:	
  1539                           ; #config settings
  1540                           
  1541     0038                     __initialization:
  1542                           
  1543                           ; Initialize objects allocated to BANK0
  1544     0038  3186  2631  3180   	fcall	__pidataBANK0	;fetch initializer
  1545     003B  00ED               	movwf	__pdataBANK0& (0+127)
  1546                           
  1547                           ; Clear objects allocated to BANK0
  1548     003C  3020               	movlw	low __pbssBANK0
  1549     003D  0084               	movwf	4
  1550     003E  3000               	movlw	high __pbssBANK0
  1551     003F  0085               	movwf	5
  1552     0040  3034               	movlw	52
  1553     0041  3185  25B4  3180   	fcall	clear_ram0
  1554                           
  1555                           ; Clear objects allocated to BANK1
  1556     0044  30A0               	movlw	low __pbssBANK1
  1557     0045  0084               	movwf	4
  1558     0046  3000               	movlw	high __pbssBANK1
  1559     0047  0085               	movwf	5
  1560     0048  3008               	movlw	8
  1561     0049  3185  25B4  3180   	fcall	clear_ram0
  1562     004C                     end_of_initialization:	
  1563                           ;End of C runtime variable initialization code
  1564                           
  1565     004C                     __end_of__initialization:
  1566     004C  107E               	bcf	int$flags,0	;clear compiler interrupt flag (level 1)
  1567     004D  0140               	movlb	0
  1568     004E  2D5E               	ljmp	_main	;jump to C main() function
  1569                           
  1570                           	psect	bssBANK0
  1571     0020                     __pbssBANK0:
  1572     0020                     _eusart1RxStatusBuffer:
  1573     0020                     	ds	8
  1574     0028                     _eusart1RxBuffer:
  1575     0028                     	ds	8
  1576     0030                     _eusart1TxBuffer:
  1577     0030                     	ds	8
  1578     0038                     _eusart1RxLastError:
  1579     0038                     	ds	1
  1580     0039                     _eusart1RxCount:
  1581     0039                     	ds	1
  1582     003A                     _eusart1RxTail:
  1583     003A                     	ds	1
  1584     003B                     _eusart1RxHead:
  1585     003B                     	ds	1
  1586     003C                     _eusart1TxBufferRemaining:
  1587     003C                     	ds	1
  1588     003D                     _eusart1TxTail:
  1589     003D                     	ds	1
  1590     003E                     _eusart1TxHead:
  1591     003E                     	ds	1
  1592     003F                     LIN_handler@rxDataIndex:
  1593     003F                     	ds	1
  1594     0040                     LIN_handler@LIN_rxState:
  1595     0040                     	ds	1
  1596     0041                     _CountCallBack:
  1597     0041                     	ds	1
  1598     0042                     _LIN_timerRunning:
  1599     0042                     	ds	1
  1600     0043                     _LIN_rxInProgress:
  1601     0043                     	ds	1
  1602     0044                     processLIN@F171:
  1603     0044                     	ds	1
  1604     0045                     _lampFlags_old:
  1605     0045                     	ds	1
  1606     0046                     _lampState:
  1607     0046                     	ds	1
  1608     0047                     _LIN_packet:
  1609     0047                     	ds	13
  1610                           
  1611                           	psect	dataBANK0
  1612     006D                     __pdataBANK0:
  1613     006D                     _LIN_timeout:
  1614     006D                     	ds	1
  1615                           
  1616                           	psect	bssBANK1
  1617     00A0                     __pbssBANK1:
  1618     00A0                     _SIGNAL_Data:
  1619     00A0                     	ds	8
  1620                           
  1621                           	psect	clrtext
  1622     05B4                     clear_ram0:	
  1623                           ;	Called with FSR0 containing the base address, and
  1624                           ;	WREG with the size to clear
  1625                           
  1626     05B4  0064               	clrwdt	;clear the watchdog before getting into this loop
  1627     05B5                     clrloop0:
  1628     05B5  0180               	clrf	0	;clear RAM location pointed to by FSR
  1629     05B6  3101               	addfsr 0,1
  1630     05B7  0B89               	decfsz	9,f	;Have we reached the end of clearing yet?
  1631     05B8  2DB5               	goto	clrloop0	;have we reached the end yet?
  1632     05B9  3400               	retlw	0	;all done for this memory range, return
  1633                           
  1634                           	psect	cstackBANK1
  1635     00A8                     __pcstackBANK1:
  1636     00A8                     ??_LIN_handler:
  1637                           
  1638                           ; 1 bytes @ 0x0
  1639     00A8                     	ds	5
  1640                           
  1641                           	psect	cstackCOMMON
  1642     0070                     __pcstackCOMMON:
  1643     0070                     ?_PIN_MANAGER_IOC:
  1644     0070                     ?_TMR0_StartTimer:	
  1645                           ; 1 bytes @ 0x0
  1646                           
  1647     0070                     ?_TMR0_StopTimer:	
  1648                           ; 1 bytes @ 0x0
  1649                           
  1650     0070                     ?_TMR0_ReadTimer:	
  1651                           ; 1 bytes @ 0x0
  1652                           
  1653     0070                     ?_TMR0_WriteTimer:	
  1654                           ; 1 bytes @ 0x0
  1655                           
  1656     0070                     ?_TMR0_Reload:	
  1657                           ; 1 bytes @ 0x0
  1658                           
  1659     0070                     ?_EUSART1_is_tx_done:	
  1660                           ; 1 bytes @ 0x0
  1661                           
  1662     0070                     ?_EUSART1_is_tx_ready:	
  1663                           ; 1 bytes @ 0x0
  1664                           
  1665     0070                     ?_SYSTEM_Initialize:	
  1666                           ; 1 bytes @ 0x0
  1667                           
  1668     0070                     ?_LIN_handler:	
  1669                           ; 1 bytes @ 0x0
  1670                           
  1671     0070                     ?_processLIN:	
  1672                           ; 1 bytes @ 0x0
  1673                           
  1674     0070                     ?_LIN_stopTimer:	
  1675                           ; 1 bytes @ 0x0
  1676                           
  1677     0070                     ?_LIN_enableRx:	
  1678                           ; 1 bytes @ 0x0
  1679                           
  1680     0070                     ?_LIN_setTimerHandler:	
  1681                           ; 1 bytes @ 0x0
  1682                           
  1683     0070                     ?_LIN_getChecksum:	
  1684                           ; 1 bytes @ 0x0
  1685                           
  1686     0070                     ?_EUSART1_is_rx_ready:	
  1687                           ; 1 bytes @ 0x0
  1688                           
  1689     0070                     ?_LIN_startTimer:	
  1690                           ; 1 bytes @ 0x0
  1691                           
  1692     0070                     ?_LIN_breakCheck:	
  1693                           ; 1 bytes @ 0x0
  1694                           
  1695     0070                     ?_EUSART1_Read:	
  1696                           ; 1 bytes @ 0x0
  1697                           
  1698     0070                     ?_LIN_checkPID:	
  1699                           ; 1 bytes @ 0x0
  1700                           
  1701     0070                     ?_LIN_getFromTable:	
  1702                           ; 1 bytes @ 0x0
  1703                           
  1704     0070                     ?_LIN_disableRx:	
  1705                           ; 1 bytes @ 0x0
  1706                           
  1707     0070                     ?_EUSART1_Write:	
  1708                           ; 1 bytes @ 0x0
  1709                           
  1710     0070                     ?_LIN_calcParity:	
  1711                           ; 1 bytes @ 0x0
  1712                           
  1713     0070                     ?_TMR0_SetInterruptHandler:	
  1714                           ; 1 bytes @ 0x0
  1715                           
  1716     0070                     ?_EUSART1_get_last_status:	
  1717                           ; 1 bytes @ 0x0
  1718                           
  1719     0070                     ?_EUSART1_SetRxInterruptHandler:	
  1720                           ; 1 bytes @ 0x0
  1721                           
  1722     0070                     ?_EUSART1_Receive_ISR:	
  1723                           ; 1 bytes @ 0x0
  1724                           
  1725     0070                     ?_EUSART1_SetTxInterruptHandler:	
  1726                           ; 1 bytes @ 0x0
  1727                           
  1728     0070                     ?_EUSART1_Transmit_ISR:	
  1729                           ; 1 bytes @ 0x0
  1730                           
  1731     0070                     ?_EUSART1_SetFramingErrorHandler:	
  1732                           ; 1 bytes @ 0x0
  1733                           
  1734     0070                     ?_EUSART1_DefaultFramingErrorHandler:	
  1735                           ; 1 bytes @ 0x0
  1736                           
  1737     0070                     ?_EUSART1_SetOverrunErrorHandler:	
  1738                           ; 1 bytes @ 0x0
  1739                           
  1740     0070                     ?_EUSART1_DefaultOverrunErrorHandler:	
  1741                           ; 1 bytes @ 0x0
  1742                           
  1743     0070                     ?_EUSART1_SetErrorHandler:	
  1744                           ; 1 bytes @ 0x0
  1745                           
  1746     0070                     ?_EUSART1_DefaultErrorHandler:	
  1747                           ; 1 bytes @ 0x0
  1748                           
  1749     0070                     ?_EUSART1_RxDataHandler:	
  1750                           ; 1 bytes @ 0x0
  1751                           
  1752     0070                     ?_TMR0_ISR:	
  1753                           ; 1 bytes @ 0x0
  1754                           
  1755     0070                     ?_PIN_MANAGER_Initialize:	
  1756                           ; 1 bytes @ 0x0
  1757                           
  1758     0070                     ?_OSCILLATOR_Initialize:	
  1759                           ; 1 bytes @ 0x0
  1760                           
  1761     0070                     ?_WDT_Initialize:	
  1762                           ; 1 bytes @ 0x0
  1763                           
  1764     0070                     ?_TMR0_Initialize:	
  1765                           ; 1 bytes @ 0x0
  1766                           
  1767     0070                     ?_TMR0_DefaultInterruptHandler:	
  1768                           ; 1 bytes @ 0x0
  1769                           
  1770     0070                     ?_Clear_No_Call_Warning:	
  1771                           ; 1 bytes @ 0x0
  1772                           
  1773     0070                     ?_software_Initialize:	
  1774                           ; 1 bytes @ 0x0
  1775                           
  1776     0070                     ?_func_main:	
  1777                           ; 1 bytes @ 0x0
  1778                           
  1779     0070                     ?_HiBeam_ON:	
  1780                           ; 1 bytes @ 0x0
  1781                           
  1782     0070                     ?_HiBeam_OFF:	
  1783                           ; 1 bytes @ 0x0
  1784                           
  1785     0070                     ?_DRL_ON:	
  1786                           ; 1 bytes @ 0x0
  1787                           
  1788     0070                     ?_DRL_OFF:	
  1789                           ; 1 bytes @ 0x0
  1790                           
  1791     0070                     ?_POS_ON:	
  1792                           ; 1 bytes @ 0x0
  1793                           
  1794     0070                     ?_POS_OFF:	
  1795                           ; 1 bytes @ 0x0
  1796                           
  1797     0070                     ?_LIN_Slave_Initialize:	
  1798                           ; 1 bytes @ 0x0
  1799                           
  1800     0070                     ?_LIN_queuePacket:	
  1801                           ; 1 bytes @ 0x0
  1802                           
  1803     0070                     ?_LIN_timerHandler:	
  1804                           ; 1 bytes @ 0x0
  1805                           
  1806     0070                     ?_EUSART1_Initialize:	
  1807                           ; 1 bytes @ 0x0
  1808                           
  1809     0070                     ?_INTERRUPT_InterruptManager:	
  1810                           ; 1 bytes @ 0x0
  1811                           
  1812     0070                     ?_memcpy:	
  1813                           ; 1 bytes @ 0x0
  1814                           
  1815     0070                     ?_memset:	
  1816                           ; 2 bytes @ 0x0
  1817                           
  1818     0070                     ?_main:	
  1819                           ; 2 bytes @ 0x0
  1820                           
  1821     0070                     LIN_getFromTable@param:	
  1822                           ; 2 bytes @ 0x0
  1823                           
  1824     0070                     LIN_getChecksum@pid:	
  1825                           ; 1 bytes @ 0x0
  1826                           
  1827     0070                     EUSART1_Read@readValue:	
  1828                           ; 1 bytes @ 0x0
  1829                           
  1830     0070                     EUSART1_Write@txData:	
  1831                           ; 1 bytes @ 0x0
  1832                           
  1833     0070                     TMR0_WriteTimer@timerVal:	
  1834                           ; 1 bytes @ 0x0
  1835                           
  1836     0070                     TMR0_Reload@periodVal:	
  1837                           ; 1 bytes @ 0x0
  1838                           
  1839     0070                     EUSART1_SetFramingErrorHandler@interruptHandler:	
  1840                           ; 1 bytes @ 0x0
  1841                           
  1842     0070                     EUSART1_SetOverrunErrorHandler@interruptHandler:	
  1843                           ; 2 bytes @ 0x0
  1844                           
  1845     0070                     EUSART1_SetErrorHandler@interruptHandler:	
  1846                           ; 2 bytes @ 0x0
  1847                           
  1848     0070                     EUSART1_SetTxInterruptHandler@interruptHandler:	
  1849                           ; 2 bytes @ 0x0
  1850                           
  1851     0070                     EUSART1_SetRxInterruptHandler@interruptHandler:	
  1852                           ; 2 bytes @ 0x0
  1853                           
  1854     0070                     TMR0_SetInterruptHandler@InterruptHandler:	
  1855                           ; 2 bytes @ 0x0
  1856                           
  1857     0070                     memcpy@d1:	
  1858                           ; 2 bytes @ 0x0
  1859                           
  1860     0070                     memset@dest:	
  1861                           ; 2 bytes @ 0x0
  1862                           
  1863     0070                     ??_PIN_MANAGER_IOC:	
  1864                           ; 2 bytes @ 0x0
  1865                           
  1866     0070                     ??_TMR0_StartTimer:	
  1867                           ; 1 bytes @ 0x0
  1868                           
  1869     0070                     ??_TMR0_StopTimer:	
  1870                           ; 1 bytes @ 0x0
  1871                           
  1872     0070                     ??_TMR0_ReadTimer:	
  1873                           ; 1 bytes @ 0x0
  1874                           
  1875     0070                     ??_TMR0_WriteTimer:	
  1876                           ; 1 bytes @ 0x0
  1877                           
  1878     0070                     ??_TMR0_Reload:	
  1879                           ; 1 bytes @ 0x0
  1880                           
  1881     0070                     ??_EUSART1_is_tx_done:	
  1882                           ; 1 bytes @ 0x0
  1883                           
  1884     0070                     ??_EUSART1_is_tx_ready:	
  1885                           ; 1 bytes @ 0x0
  1886                           
  1887     0070                     ??_LIN_stopTimer:	
  1888                           ; 1 bytes @ 0x0
  1889                           
  1890     0070                     ??_LIN_enableRx:	
  1891                           ; 1 bytes @ 0x0
  1892                           
  1893     0070                     ??_EUSART1_is_rx_ready:	
  1894                           ; 1 bytes @ 0x0
  1895                           
  1896     0070                     ??_EUSART1_Read:	
  1897                           ; 1 bytes @ 0x0
  1898                           
  1899     0070                     ??_LIN_disableRx:	
  1900                           ; 1 bytes @ 0x0
  1901                           
  1902     0070                     ??_EUSART1_Write:	
  1903                           ; 1 bytes @ 0x0
  1904                           
  1905     0070                     ??_LIN_calcParity:	
  1906                           ; 1 bytes @ 0x0
  1907                           
  1908     0070                     ??_EUSART1_get_last_status:	
  1909                           ; 1 bytes @ 0x0
  1910                           
  1911     0070                     ??_EUSART1_Receive_ISR:	
  1912                           ; 1 bytes @ 0x0
  1913                           
  1914     0070                     ??_EUSART1_Transmit_ISR:	
  1915                           ; 1 bytes @ 0x0
  1916                           
  1917     0070                     ??_EUSART1_DefaultFramingErrorHandler:	
  1918                           ; 1 bytes @ 0x0
  1919                           
  1920     0070                     ??_EUSART1_DefaultOverrunErrorHandler:	
  1921                           ; 1 bytes @ 0x0
  1922                           
  1923     0070                     ??_EUSART1_DefaultErrorHandler:	
  1924                           ; 1 bytes @ 0x0
  1925                           
  1926     0070                     ??_EUSART1_RxDataHandler:	
  1927                           ; 1 bytes @ 0x0
  1928                           
  1929     0070                     ??_TMR0_ISR:	
  1930                           ; 1 bytes @ 0x0
  1931                           
  1932     0070                     ??_PIN_MANAGER_Initialize:	
  1933                           ; 1 bytes @ 0x0
  1934                           
  1935     0070                     ??_OSCILLATOR_Initialize:	
  1936                           ; 1 bytes @ 0x0
  1937                           
  1938     0070                     ??_WDT_Initialize:	
  1939                           ; 1 bytes @ 0x0
  1940                           
  1941     0070                     ??_TMR0_DefaultInterruptHandler:	
  1942                           ; 1 bytes @ 0x0
  1943                           
  1944     0070                     ??_func_main:	
  1945                           ; 1 bytes @ 0x0
  1946                           
  1947     0070                     ??_HiBeam_ON:	
  1948                           ; 1 bytes @ 0x0
  1949                           
  1950     0070                     ??_HiBeam_OFF:	
  1951                           ; 1 bytes @ 0x0
  1952                           
  1953     0070                     ??_DRL_ON:	
  1954                           ; 1 bytes @ 0x0
  1955                           
  1956     0070                     ??_DRL_OFF:	
  1957                           ; 1 bytes @ 0x0
  1958                           
  1959     0070                     ??_POS_ON:	
  1960                           ; 1 bytes @ 0x0
  1961                           
  1962     0070                     ??_POS_OFF:	
  1963                           ; 1 bytes @ 0x0
  1964                           
  1965     0070                     ??_LIN_timerHandler:	
  1966                           ; 1 bytes @ 0x0
  1967                           
  1968     0070                     ??_INTERRUPT_InterruptManager:	
  1969                           ; 1 bytes @ 0x0
  1970                           
  1971                           
  1972                           ; 1 bytes @ 0x0
  1973     0070                     	ds	1
  1974     0071                     LIN_calcParity@CMD:
  1975     0071                     LIN_startTimer@timeout:	
  1976                           ; 1 bytes @ 0x1
  1977                           
  1978     0071                     LIN_getChecksum@data:	
  1979                           ; 1 bytes @ 0x1
  1980                           
  1981     0071                     ??_LIN_startTimer:	
  1982                           ; 2 bytes @ 0x1
  1983                           
  1984     0071                     ??_LIN_breakCheck:	
  1985                           ; 1 bytes @ 0x1
  1986                           
  1987     0071                     ??_LIN_getFromTable:	
  1988                           ; 1 bytes @ 0x1
  1989                           
  1990     0071                     ??_Clear_No_Call_Warning:	
  1991                           ; 1 bytes @ 0x1
  1992                           
  1993     0071                     ??_software_Initialize:	
  1994                           ; 1 bytes @ 0x1
  1995                           
  1996                           
  1997                           ; 1 bytes @ 0x1
  1998     0071                     	ds	1
  1999     0072                     ?_LIN_init:
  2000     0072                     LIN_calcParity@PID:	
  2001                           ; 1 bytes @ 0x2
  2002                           
  2003     0072                     LIN_init@command:	
  2004                           ; 1 bytes @ 0x2
  2005                           
  2006     0072                     memcpy@s1:	
  2007                           ; 2 bytes @ 0x2
  2008                           
  2009     0072                     memset@c:	
  2010                           ; 2 bytes @ 0x2
  2011                           
  2012     0072                     ??_LIN_setTimerHandler:	
  2013                           ; 2 bytes @ 0x2
  2014                           
  2015     0072                     ??_TMR0_SetInterruptHandler:	
  2016                           ; 1 bytes @ 0x2
  2017                           
  2018     0072                     ??_EUSART1_SetRxInterruptHandler:	
  2019                           ; 1 bytes @ 0x2
  2020                           
  2021     0072                     ??_EUSART1_SetTxInterruptHandler:	
  2022                           ; 1 bytes @ 0x2
  2023                           
  2024     0072                     ??_EUSART1_SetFramingErrorHandler:	
  2025                           ; 1 bytes @ 0x2
  2026                           
  2027     0072                     ??_EUSART1_SetOverrunErrorHandler:	
  2028                           ; 1 bytes @ 0x2
  2029                           
  2030     0072                     ??_EUSART1_SetErrorHandler:	
  2031                           ; 1 bytes @ 0x2
  2032                           
  2033     0072                     ??_TMR0_Initialize:	
  2034                           ; 1 bytes @ 0x2
  2035                           
  2036     0072                     ??_EUSART1_Initialize:	
  2037                           ; 1 bytes @ 0x2
  2038                           
  2039                           
  2040                           ; 1 bytes @ 0x2
  2041     0072                     	ds	1
  2042     0073                     LIN_getFromTable@cmd:
  2043     0073                     ??_LIN_getChecksum:	
  2044                           ; 1 bytes @ 0x3
  2045                           
  2046                           
  2047                           ; 1 bytes @ 0x3
  2048     0073                     	ds	1
  2049     0074                     LIN_getFromTable@length:
  2050     0074                     LIN_init@processData:	
  2051                           ; 1 bytes @ 0x4
  2052                           
  2053     0074                     memcpy@n:	
  2054                           ; 2 bytes @ 0x4
  2055                           
  2056     0074                     memset@n:	
  2057                           ; 2 bytes @ 0x4
  2058                           
  2059                           
  2060                           ; 2 bytes @ 0x4
  2061     0074                     	ds	1
  2062     0075                     LIN_getChecksum@length:
  2063     0075                     LIN_getFromTable@rxCommand:	
  2064                           ; 1 bytes @ 0x5
  2065                           
  2066                           
  2067                           ; 2 bytes @ 0x5
  2068     0075                     	ds	1
  2069     0076                     LIN_init@tableLength:
  2070     0076                     LIN_getChecksum@i:	
  2071                           ; 1 bytes @ 0x6
  2072                           
  2073     0076                     memcpy@tmp:	
  2074                           ; 1 bytes @ 0x6
  2075                           
  2076     0076                     memset@p:	
  2077                           ; 1 bytes @ 0x6
  2078                           
  2079     0076                     ??_LIN_init:	
  2080                           ; 1 bytes @ 0x6
  2081                           
  2082     0076                     ??_memcpy:	
  2083                           ; 1 bytes @ 0x6
  2084                           
  2085     0076                     ??_memset:	
  2086                           ; 1 bytes @ 0x6
  2087                           
  2088                           
  2089                           ; 1 bytes @ 0x6
  2090     0076                     	ds	1
  2091     0077                     LIN_checkPID@pid:
  2092     0077                     memcpy@d:	
  2093                           ; 1 bytes @ 0x7
  2094                           
  2095     0077                     LIN_getChecksum@checksum:	
  2096                           ; 1 bytes @ 0x7
  2097                           
  2098     0077                     ??_SYSTEM_Initialize:	
  2099                           ; 2 bytes @ 0x7
  2100                           
  2101     0077                     ??_LIN_checkPID:	
  2102                           ; 1 bytes @ 0x7
  2103                           
  2104     0077                     ??_LIN_Slave_Initialize:	
  2105                           ; 1 bytes @ 0x7
  2106                           
  2107                           
  2108                           ; 1 bytes @ 0x7
  2109     0077                     	ds	1
  2110     0078                     memcpy@s:
  2111                           
  2112                           ; 1 bytes @ 0x8
  2113     0078                     	ds	1
  2114     0079                     ?_LIN_getPacket:
  2115     0079                     ?_LIN_sendPacket:	
  2116                           ; 1 bytes @ 0x9
  2117                           
  2118     0079                     LIN_sendPacket@pid:	
  2119                           ; 1 bytes @ 0x9
  2120                           
  2121     0079                     LIN_getPacket@data:	
  2122                           ; 1 bytes @ 0x9
  2123                           
  2124                           
  2125                           ; 1 bytes @ 0x9
  2126     0079                     	ds	1
  2127     007A                     LIN_getPacket@cmd:
  2128     007A                     LIN_sendPacket@data:	
  2129                           ; 1 bytes @ 0xA
  2130                           
  2131     007A                     ??_LIN_getPacket:	
  2132                           ; 2 bytes @ 0xA
  2133                           
  2134                           
  2135                           ; 1 bytes @ 0xA
  2136     007A                     	ds	1
  2137     007B                     ??_processLIN:
  2138                           
  2139                           ; 1 bytes @ 0xB
  2140     007B                     	ds	1
  2141     007C                     LIN_sendPacket@length:
  2142     007C                     ??_LIN_sendPacket:	
  2143                           ; 1 bytes @ 0xC
  2144                           
  2145                           
  2146                           ; 1 bytes @ 0xC
  2147     007C                     	ds	1
  2148     007D                     LIN_sendPacket@i:
  2149                           
  2150                           ; 1 bytes @ 0xD
  2151     007D                     	ds	1
  2152     007E                     ??_main:
  2153                           
  2154                           	psect	cstackBANK0
  2155     0063                     __pcstackBANK0:	
  2156                           ; 1 bytes @ 0xE
  2157                           
  2158     0063                     processLIN@tempRxData:
  2159     0063                     ??_LIN_queuePacket:	
  2160                           ; 8 bytes @ 0x0
  2161                           
  2162                           
  2163                           ; 1 bytes @ 0x0
  2164     0063                     	ds	3
  2165     0066                     LIN_queuePacket@cmd:
  2166                           
  2167                           ; 1 bytes @ 0x3
  2168     0066                     	ds	1
  2169     0067                     LIN_queuePacket@i:
  2170                           
  2171                           ; 1 bytes @ 0x4
  2172     0067                     	ds	1
  2173     0068                     LIN_queuePacket@tempSchedule:
  2174                           
  2175                           ; 2 bytes @ 0x5
  2176     0068                     	ds	3
  2177     006B                     processLIN@cmd:
  2178                           
  2179                           ; 1 bytes @ 0x8
  2180     006B                     	ds	1
  2181     006C                     processLIN@lampFlags:
  2182                           
  2183                           ; 1 bytes @ 0x9
  2184     006C                     	ds	1
  2185                           
  2186                           	psect	maintext
  2187     055E                     __pmaintext:	
  2188 ;;
  2189 ;;Main: autosize = 0, tempsize = 0, incstack = 0, save=0
  2190 ;;
  2191 ;; *************** function _main *****************
  2192 ;; Defined at:
  2193 ;;		line 67 in file "D:\yiming\00work\FR761_RX_V02.X\main.c"
  2194 ;; Parameters:    Size  Location     Type
  2195 ;;		None
  2196 ;; Auto vars:     Size  Location     Type
  2197 ;;		None
  2198 ;; Return value:  Size  Location     Type
  2199 ;;                  2   78[None  ] int 
  2200 ;; Registers used:
  2201 ;;		wreg, fsr0l, fsr0h, fsr1l, fsr1h, status,2, status,0, pclath, cstack
  2202 ;; Tracked objects:
  2203 ;;		On entry : B3F/0
  2204 ;;		On exit  : 0/0
  2205 ;;		Unchanged: 0/0
  2206 ;; Data sizes:     COMMON   BANK0   BANK1   BANK2
  2207 ;;      Params:         0       0       0       0
  2208 ;;      Locals:         0       0       0       0
  2209 ;;      Temps:          0       0       0       0
  2210 ;;      Totals:         0       0       0       0
  2211 ;;Total ram usage:        0 bytes
  2212 ;; Hardware stack levels required when called: 9
  2213 ;; This function calls:
  2214 ;;		_LIN_handler
  2215 ;;		_SYSTEM_Initialize
  2216 ;;		_func_main
  2217 ;;		_software_Initialize
  2218 ;; This function is called by:
  2219 ;;		Startup code after reset
  2220 ;; This function uses a non-reentrant model
  2221 ;;
  2222                           
  2223     055E                     _main:	
  2224                           ;psect for function _main
  2225                           
  2226     055E                     l2534:	
  2227                           ;incstack = 0
  2228                           ; Regs used in _main: [wreg-fsr1h+status,2+status,0+pclath+cstack]
  2229                           
  2230                           
  2231                           ;D:\yiming\00work\FR761_RX_V02.X\main.c: 70:     SYSTEM_Initialize();
  2232     055E  3185  2525  3185   	fcall	_SYSTEM_Initialize
  2233     0561                     l2536:
  2234                           
  2235                           ;D:\yiming\00work\FR761_RX_V02.X\main.c: 71:     software_Initialize();
  2236     0561  3185  25FD  3185   	fcall	_software_Initialize
  2237     0564                     l2538:
  2238                           
  2239                           ;D:\yiming\00work\FR761_RX_V02.X\main.c: 77:     (INTCONbits.GIE = 1);
  2240     0564  178B               	bsf	11,7	;volatile
  2241     0565                     l2540:
  2242                           
  2243                           ;D:\yiming\00work\FR761_RX_V02.X\main.c: 80:     (INTCONbits.PEIE = 1);
  2244     0565  170B               	bsf	11,6	;volatile
  2245     0566                     l2542:
  2246                           
  2247                           ;D:\yiming\00work\FR761_RX_V02.X\main.c: 83:     {;D:\yiming\00work\FR761_RX_V02.X\main.
      +                          c: 85:         LIN_handler();
  2248     0566  3180  204F  3185   	fcall	_LIN_handler
  2249     0569                     l2544:
  2250                           
  2251                           ;D:\yiming\00work\FR761_RX_V02.X\main.c: 86:         func_main();
  2252     0569  3186  2635  3185   	fcall	_func_main
  2253     056C  2D66               	goto	l2542
  2254     056D  2837               	ljmp	start
  2255     056E                     __end_of_main:
  2256                           
  2257                           	psect	text1
  2258     05FD                     __ptext1:	
  2259 ;; *************** function _software_Initialize *****************
  2260 ;; Defined at:
  2261 ;;		line 40 in file "D:\yiming\00work\FR761_RX_V02.X\func_main.c"
  2262 ;; Parameters:    Size  Location     Type
  2263 ;;		None
  2264 ;; Auto vars:     Size  Location     Type
  2265 ;;		None
  2266 ;; Return value:  Size  Location     Type
  2267 ;;                  1    wreg      void 
  2268 ;; Registers used:
  2269 ;;		status,2, status,0, pclath, cstack
  2270 ;; Tracked objects:
  2271 ;;		On entry : 0/0
  2272 ;;		On exit  : 0/0
  2273 ;;		Unchanged: 0/0
  2274 ;; Data sizes:     COMMON   BANK0   BANK1   BANK2
  2275 ;;      Params:         0       0       0       0
  2276 ;;      Locals:         0       0       0       0
  2277 ;;      Temps:          0       0       0       0
  2278 ;;      Totals:         0       0       0       0
  2279 ;;Total ram usage:        0 bytes
  2280 ;; Hardware stack levels used: 1
  2281 ;; Hardware stack levels required when called: 6
  2282 ;; This function calls:
  2283 ;;		_Clear_No_Call_Warning
  2284 ;; This function is called by:
  2285 ;;		_main
  2286 ;; This function uses a non-reentrant model
  2287 ;;
  2288                           
  2289     05FD                     _software_Initialize:	
  2290                           ;psect for function _software_Initialize
  2291                           
  2292     05FD                     l2196:	
  2293                           ;incstack = 0
  2294                           ; Regs used in _software_Initialize: [status,2+status,0+pclath+cstack]
  2295                           
  2296                           
  2297                           ;D:\yiming\00work\FR761_RX_V02.X\func_main.c: 41:   Clear_No_Call_Warning();
  2298     05FD  3186  2632  3185   	fcall	_Clear_No_Call_Warning
  2299     0600                     l37:
  2300     0600  0008               	return
  2301     0601                     __end_of_software_Initialize:
  2302                           
  2303                           	psect	text2
  2304     0632                     __ptext2:	
  2305 ;; *************** function _Clear_No_Call_Warning *****************
  2306 ;; Defined at:
  2307 ;;		line 18 in file "D:\yiming\00work\FR761_RX_V02.X\func_main.c"
  2308 ;; Parameters:    Size  Location     Type
  2309 ;;		None
  2310 ;; Auto vars:     Size  Location     Type
  2311 ;;  i               1    0        unsigned char 
  2312 ;; Return value:  Size  Location     Type
  2313 ;;                  1    wreg      void 
  2314 ;; Registers used:
  2315 ;;		status,2
  2316 ;; Tracked objects:
  2317 ;;		On entry : 0/0
  2318 ;;		On exit  : 0/0
  2319 ;;		Unchanged: 0/0
  2320 ;; Data sizes:     COMMON   BANK0   BANK1   BANK2
  2321 ;;      Params:         0       0       0       0
  2322 ;;      Locals:         0       0       0       0
  2323 ;;      Temps:          0       0       0       0
  2324 ;;      Totals:         0       0       0       0
  2325 ;;Total ram usage:        0 bytes
  2326 ;; Hardware stack levels used: 1
  2327 ;; Hardware stack levels required when called: 5
  2328 ;; This function calls:
  2329 ;;		_EUSART1_is_tx_done
  2330 ;;		_EUSART1_is_tx_ready
  2331 ;;		_PIN_MANAGER_IOC
  2332 ;;		_TMR0_ReadTimer
  2333 ;;		_TMR0_Reload
  2334 ;;		_TMR0_StartTimer
  2335 ;;		_TMR0_StopTimer
  2336 ;;		_TMR0_WriteTimer
  2337 ;; This function is called by:
  2338 ;;		_software_Initialize
  2339 ;; This function uses a non-reentrant model
  2340 ;;
  2341                           
  2342     0632                     _Clear_No_Call_Warning:	
  2343                           ;psect for function _Clear_No_Call_Warning
  2344                           
  2345     0632                     l1988:	
  2346                           ;incstack = 0
  2347                           ; Regs used in _Clear_No_Call_Warning: [status,2]
  2348                           
  2349     0632                     l34:
  2350     0632  0008               	return
  2351     0633                     __end_of_Clear_No_Call_Warning:
  2352                           
  2353                           	psect	text3
  2354     060D                     __ptext3:	
  2355 ;; *************** function _TMR0_StopTimer *****************
  2356 ;; Defined at:
  2357 ;;		line 93 in file "D:\yiming\00work\FR761_RX_V02.X\mcc_generated_files\tmr0.c"
  2358 ;; Parameters:    Size  Location     Type
  2359 ;;		None
  2360 ;; Auto vars:     Size  Location     Type
  2361 ;;		None
  2362 ;; Return value:  Size  Location     Type
  2363 ;;                  1    wreg      void 
  2364 ;; Registers used:
  2365 ;;		None
  2366 ;; Tracked objects:
  2367 ;;		On entry : 0/0
  2368 ;;		On exit  : 0/0
  2369 ;;		Unchanged: 0/0
  2370 ;; Data sizes:     COMMON   BANK0   BANK1   BANK2
  2371 ;;      Params:         0       0       0       0
  2372 ;;      Locals:         0       0       0       0
  2373 ;;      Temps:          0       0       0       0
  2374 ;;      Totals:         0       0       0       0
  2375 ;;Total ram usage:        0 bytes
  2376 ;; Hardware stack levels used: 1
  2377 ;; Hardware stack levels required when called: 4
  2378 ;; This function calls:
  2379 ;;		Nothing
  2380 ;; This function is called by:
  2381 ;;		_Clear_No_Call_Warning
  2382 ;; This function uses a non-reentrant model
  2383 ;;
  2384                           
  2385     060D                     _TMR0_StopTimer:	
  2386                           ;psect for function _TMR0_StopTimer
  2387                           
  2388     060D                     l1196:	
  2389                           ;incstack = 0
  2390                           ; Regs used in _TMR0_StopTimer: []
  2391                           
  2392                           
  2393                           ;D:\yiming\00work\FR761_RX_V02.X\mcc_generated_files\tmr0.c: 96:     T0CON0bits.T0EN = 0
      +                          ;
  2394     060D  014B               	movlb	11	; select bank11
  2395     060E  139E               	bcf	30,7	;volatile
  2396     060F                     l573:
  2397     060F  0008               	return
  2398     0610                     __end_of_TMR0_StopTimer:
  2399                           
  2400                           	psect	text4
  2401     0610                     __ptext4:	
  2402 ;; *************** function _TMR0_StartTimer *****************
  2403 ;; Defined at:
  2404 ;;		line 87 in file "D:\yiming\00work\FR761_RX_V02.X\mcc_generated_files\tmr0.c"
  2405 ;; Parameters:    Size  Location     Type
  2406 ;;		None
  2407 ;; Auto vars:     Size  Location     Type
  2408 ;;		None
  2409 ;; Return value:  Size  Location     Type
  2410 ;;                  1    wreg      void 
  2411 ;; Registers used:
  2412 ;;		None
  2413 ;; Tracked objects:
  2414 ;;		On entry : 0/0
  2415 ;;		On exit  : 0/0
  2416 ;;		Unchanged: 0/0
  2417 ;; Data sizes:     COMMON   BANK0   BANK1   BANK2
  2418 ;;      Params:         0       0       0       0
  2419 ;;      Locals:         0       0       0       0
  2420 ;;      Temps:          0       0       0       0
  2421 ;;      Totals:         0       0       0       0
  2422 ;;Total ram usage:        0 bytes
  2423 ;; Hardware stack levels used: 1
  2424 ;; Hardware stack levels required when called: 4
  2425 ;; This function calls:
  2426 ;;		Nothing
  2427 ;; This function is called by:
  2428 ;;		_Clear_No_Call_Warning
  2429 ;; This function uses a non-reentrant model
  2430 ;;
  2431                           
  2432     0610                     _TMR0_StartTimer:	
  2433                           ;psect for function _TMR0_StartTimer
  2434                           
  2435     0610                     l1194:	
  2436                           ;incstack = 0
  2437                           ; Regs used in _TMR0_StartTimer: []
  2438                           
  2439                           
  2440                           ;D:\yiming\00work\FR761_RX_V02.X\mcc_generated_files\tmr0.c: 90:     T0CON0bits.T0EN = 1
      +                          ;
  2441     0610  014B               	movlb	11	; select bank11
  2442     0611  179E               	bsf	30,7	;volatile
  2443     0612                     l570:
  2444     0612  0008               	return
  2445     0613                     __end_of_TMR0_StartTimer:
  2446                           
  2447                           	psect	text5
  2448     05E9                     __ptext5:	
  2449 ;; *************** function _TMR0_Reload *****************
  2450 ;; Defined at:
  2451 ;;		line 115 in file "D:\yiming\00work\FR761_RX_V02.X\mcc_generated_files\tmr0.c"
  2452 ;; Parameters:    Size  Location     Type
  2453 ;;  periodVal       1    wreg     unsigned char 
  2454 ;; Auto vars:     Size  Location     Type
  2455 ;;  periodVal       1    0[COMMON] unsigned char 
  2456 ;; Return value:  Size  Location     Type
  2457 ;;                  1    wreg      void 
  2458 ;; Registers used:
  2459 ;;		wreg
  2460 ;; Tracked objects:
  2461 ;;		On entry : 0/0
  2462 ;;		On exit  : 0/0
  2463 ;;		Unchanged: 0/0
  2464 ;; Data sizes:     COMMON   BANK0   BANK1   BANK2
  2465 ;;      Params:         0       0       0       0
  2466 ;;      Locals:         1       0       0       0
  2467 ;;      Temps:          0       0       0       0
  2468 ;;      Totals:         1       0       0       0
  2469 ;;Total ram usage:        1 bytes
  2470 ;; Hardware stack levels used: 1
  2471 ;; Hardware stack levels required when called: 4
  2472 ;; This function calls:
  2473 ;;		Nothing
  2474 ;; This function is called by:
  2475 ;;		_Clear_No_Call_Warning
  2476 ;; This function uses a non-reentrant model
  2477 ;;
  2478                           
  2479     05E9                     _TMR0_Reload:	
  2480                           ;psect for function _TMR0_Reload
  2481                           
  2482                           
  2483                           ;incstack = 0
  2484                           ; Regs used in _TMR0_Reload: [wreg]
  2485                           ;TMR0_Reload@periodVal stored from wreg
  2486     05E9  00F0               	movwf	TMR0_Reload@periodVal
  2487     05EA                     l1204:
  2488                           
  2489                           ;D:\yiming\00work\FR761_RX_V02.X\mcc_generated_files\tmr0.c: 115: void TMR0_Reload(uint8
      +                          _t periodVal);D:\yiming\00work\FR761_RX_V02.X\mcc_generated_files\tmr0.c: 116: {;D:\yimi
      +                          ng\00work\FR761_RX_V02.X\mcc_generated_files\tmr0.c: 118:    TMR0H = periodVal;
  2490     05EA  0870               	movf	TMR0_Reload@periodVal,w
  2491     05EB  014B               	movlb	11	; select bank11
  2492     05EC  009D               	movwf	29	;volatile
  2493     05ED                     l582:
  2494     05ED  0008               	return
  2495     05EE                     __end_of_TMR0_Reload:
  2496                           
  2497                           	psect	text6
  2498     0613                     __ptext6:	
  2499 ;; *************** function _TMR0_ReadTimer *****************
  2500 ;; Defined at:
  2501 ;;		line 99 in file "D:\yiming\00work\FR761_RX_V02.X\mcc_generated_files\tmr0.c"
  2502 ;; Parameters:    Size  Location     Type
  2503 ;;		None
  2504 ;; Auto vars:     Size  Location     Type
  2505 ;;  readVal         1    0        unsigned char 
  2506 ;; Return value:  Size  Location     Type
  2507 ;;                  1    wreg      unsigned char 
  2508 ;; Registers used:
  2509 ;;		wreg
  2510 ;; Tracked objects:
  2511 ;;		On entry : 0/0
  2512 ;;		On exit  : 0/0
  2513 ;;		Unchanged: 0/0
  2514 ;; Data sizes:     COMMON   BANK0   BANK1   BANK2
  2515 ;;      Params:         0       0       0       0
  2516 ;;      Locals:         0       0       0       0
  2517 ;;      Temps:          0       0       0       0
  2518 ;;      Totals:         0       0       0       0
  2519 ;;Total ram usage:        0 bytes
  2520 ;; Hardware stack levels used: 1
  2521 ;; Hardware stack levels required when called: 4
  2522 ;; This function calls:
  2523 ;;		Nothing
  2524 ;; This function is called by:
  2525 ;;		_Clear_No_Call_Warning
  2526 ;; This function uses a non-reentrant model
  2527 ;;
  2528                           
  2529     0613                     _TMR0_ReadTimer:	
  2530                           ;psect for function _TMR0_ReadTimer
  2531                           
  2532     0613                     l1198:	
  2533                           ;incstack = 0
  2534                           ; Regs used in _TMR0_ReadTimer: [wreg]
  2535                           
  2536     0613  014B               	movlb	11	; select bank11
  2537     0614  081C               	movf	28,w	;volatile
  2538     0615                     l576:
  2539     0615  0008               	return
  2540     0616                     __end_of_TMR0_ReadTimer:
  2541                           
  2542                           	psect	text7
  2543     0633                     __ptext7:	
  2544 ;; *************** function _PIN_MANAGER_IOC *****************
  2545 ;; Defined at:
  2546 ;;		line 103 in file "D:\yiming\00work\FR761_RX_V02.X\mcc_generated_files\pin_manager.c"
  2547 ;; Parameters:    Size  Location     Type
  2548 ;;		None
  2549 ;; Auto vars:     Size  Location     Type
  2550 ;;		None
  2551 ;; Return value:  Size  Location     Type
  2552 ;;                  1    wreg      void 
  2553 ;; Registers used:
  2554 ;;		None
  2555 ;; Tracked objects:
  2556 ;;		On entry : 0/0
  2557 ;;		On exit  : 0/0
  2558 ;;		Unchanged: 0/0
  2559 ;; Data sizes:     COMMON   BANK0   BANK1   BANK2
  2560 ;;      Params:         0       0       0       0
  2561 ;;      Locals:         0       0       0       0
  2562 ;;      Temps:          0       0       0       0
  2563 ;;      Totals:         0       0       0       0
  2564 ;;Total ram usage:        0 bytes
  2565 ;; Hardware stack levels used: 1
  2566 ;; Hardware stack levels required when called: 4
  2567 ;; This function calls:
  2568 ;;		Nothing
  2569 ;; This function is called by:
  2570 ;;		_Clear_No_Call_Warning
  2571 ;; This function uses a non-reentrant model
  2572 ;;
  2573                           
  2574     0633                     _PIN_MANAGER_IOC:	
  2575                           ;psect for function _PIN_MANAGER_IOC
  2576                           
  2577     0633                     l544:	
  2578                           ;incstack = 0
  2579                           ; Regs used in _PIN_MANAGER_IOC: []
  2580                           
  2581     0633  0008               	return
  2582     0634                     __end_of_PIN_MANAGER_IOC:
  2583                           
  2584                           	psect	text8
  2585     0634                     __ptext8:	
  2586 ;; *************** function _EUSART1_is_tx_ready *****************
  2587 ;; Defined at:
  2588 ;;		line 132 in file "D:\yiming\00work\FR761_RX_V02.X\mcc_generated_files\eusart1.c"
  2589 ;; Parameters:    Size  Location     Type
  2590 ;;		None
  2591 ;; Auto vars:     Size  Location     Type
  2592 ;;		None
  2593 ;; Return value:  Size  Location     Type
  2594 ;;                  1    wreg      _Bool 
  2595 ;; Registers used:
  2596 ;;		None
  2597 ;; Tracked objects:
  2598 ;;		On entry : 0/0
  2599 ;;		On exit  : 0/0
  2600 ;;		Unchanged: 0/0
  2601 ;; Data sizes:     COMMON   BANK0   BANK1   BANK2
  2602 ;;      Params:         0       0       0       0
  2603 ;;      Locals:         0       0       0       0
  2604 ;;      Temps:          0       0       0       0
  2605 ;;      Totals:         0       0       0       0
  2606 ;;Total ram usage:        0 bytes
  2607 ;; Hardware stack levels used: 1
  2608 ;; Hardware stack levels required when called: 4
  2609 ;; This function calls:
  2610 ;;		Nothing
  2611 ;; This function is called by:
  2612 ;;		_Clear_No_Call_Warning
  2613 ;; This function uses a non-reentrant model
  2614 ;;
  2615                           
  2616     0634                     _EUSART1_is_tx_ready:	
  2617                           ;psect for function _EUSART1_is_tx_ready
  2618                           
  2619     0634                     l1844:	
  2620                           ;incstack = 0
  2621                           ; Regs used in _EUSART1_is_tx_ready: []
  2622                           
  2623     0634                     l388:	
  2624                           ;D:\yiming\00work\FR761_RX_V02.X\mcc_generated_files\eusart1.c: 134:     return (eusart1
      +                          TxBufferRemaining ? 1 : 0);;	Return value of _EUSART1_is_tx_ready is never used
  2625                           
  2626     0634  0008               	return
  2627     0635                     __end_of_EUSART1_is_tx_ready:
  2628                           
  2629                           	psect	text9
  2630     0616                     __ptext9:	
  2631 ;; *************** function _EUSART1_is_tx_done *****************
  2632 ;; Defined at:
  2633 ;;		line 142 in file "D:\yiming\00work\FR761_RX_V02.X\mcc_generated_files\eusart1.c"
  2634 ;; Parameters:    Size  Location     Type
  2635 ;;		None
  2636 ;; Auto vars:     Size  Location     Type
  2637 ;;		None
  2638 ;; Return value:  Size  Location     Type
  2639 ;;                  1    wreg      _Bool 
  2640 ;; Registers used:
  2641 ;;		wreg
  2642 ;; Tracked objects:
  2643 ;;		On entry : 0/0
  2644 ;;		On exit  : 0/0
  2645 ;;		Unchanged: 0/0
  2646 ;; Data sizes:     COMMON   BANK0   BANK1   BANK2
  2647 ;;      Params:         0       0       0       0
  2648 ;;      Locals:         0       0       0       0
  2649 ;;      Temps:          0       0       0       0
  2650 ;;      Totals:         0       0       0       0
  2651 ;;Total ram usage:        0 bytes
  2652 ;; Hardware stack levels used: 1
  2653 ;; Hardware stack levels required when called: 4
  2654 ;; This function calls:
  2655 ;;		Nothing
  2656 ;; This function is called by:
  2657 ;;		_Clear_No_Call_Warning
  2658 ;; This function uses a non-reentrant model
  2659 ;;
  2660                           
  2661     0616                     _EUSART1_is_tx_done:	
  2662                           ;psect for function _EUSART1_is_tx_done
  2663                           
  2664     0616                     l1206:	
  2665                           ;incstack = 0
  2666                           ; Regs used in _EUSART1_is_tx_done: [wreg]
  2667                           
  2668                           
  2669                           ;D:\yiming\00work\FR761_RX_V02.X\mcc_generated_files\eusart1.c: 144:     return TX1STAbi
      +                          ts.TRMT;;	Return value of _EUSART1_is_tx_done is never used
  2670     0616  0142               	movlb	2	; select bank2
  2671     0617  081E               	movf	30,w	;volatile
  2672     0618                     l394:
  2673     0618  0008               	return
  2674     0619                     __end_of_EUSART1_is_tx_done:
  2675                           
  2676                           	psect	text10
  2677     0635                     __ptext10:	
  2678 ;; *************** function _func_main *****************
  2679 ;; Defined at:
  2680 ;;		line 44 in file "D:\yiming\00work\FR761_RX_V02.X\func_main.c"
  2681 ;; Parameters:    Size  Location     Type
  2682 ;;		None
  2683 ;; Auto vars:     Size  Location     Type
  2684 ;;		None
  2685 ;; Return value:  Size  Location     Type
  2686 ;;                  1    wreg      void 
  2687 ;; Registers used:
  2688 ;;		None
  2689 ;; Tracked objects:
  2690 ;;		On entry : 0/0
  2691 ;;		On exit  : 0/0
  2692 ;;		Unchanged: 0/0
  2693 ;; Data sizes:     COMMON   BANK0   BANK1   BANK2
  2694 ;;      Params:         0       0       0       0
  2695 ;;      Locals:         0       0       0       0
  2696 ;;      Temps:          0       0       0       0
  2697 ;;      Totals:         0       0       0       0
  2698 ;;Total ram usage:        0 bytes
  2699 ;; Hardware stack levels used: 1
  2700 ;; Hardware stack levels required when called: 4
  2701 ;; This function calls:
  2702 ;;		Nothing
  2703 ;; This function is called by:
  2704 ;;		_main
  2705 ;; This function uses a non-reentrant model
  2706 ;;
  2707                           
  2708     0635                     _func_main:	
  2709                           ;psect for function _func_main
  2710                           
  2711     0635                     l40:	
  2712                           ;incstack = 0
  2713                           ; Regs used in _func_main: []
  2714                           
  2715     0635  0008               	return
  2716     0636                     __end_of_func_main:
  2717                           
  2718                           	psect	text11
  2719     0525                     __ptext11:	
  2720 ;; *************** function _SYSTEM_Initialize *****************
  2721 ;; Defined at:
  2722 ;;		line 50 in file "D:\yiming\00work\FR761_RX_V02.X\mcc_generated_files\mcc.c"
  2723 ;; Parameters:    Size  Location     Type
  2724 ;;		None
  2725 ;; Auto vars:     Size  Location     Type
  2726 ;;		None
  2727 ;; Return value:  Size  Location     Type
  2728 ;;                  1    wreg      void 
  2729 ;; Registers used:
  2730 ;;		wreg, status,2, status,0, pclath, cstack
  2731 ;; Tracked objects:
  2732 ;;		On entry : 0/0
  2733 ;;		On exit  : 0/0
  2734 ;;		Unchanged: 0/0
  2735 ;; Data sizes:     COMMON   BANK0   BANK1   BANK2
  2736 ;;      Params:         0       0       0       0
  2737 ;;      Locals:         0       0       0       0
  2738 ;;      Temps:          0       0       0       0
  2739 ;;      Totals:         0       0       0       0
  2740 ;;Total ram usage:        0 bytes
  2741 ;; Hardware stack levels used: 1
  2742 ;; Hardware stack levels required when called: 8
  2743 ;; This function calls:
  2744 ;;		_EUSART1_Initialize
  2745 ;;		_LIN_Slave_Initialize
  2746 ;;		_OSCILLATOR_Initialize
  2747 ;;		_PIN_MANAGER_Initialize
  2748 ;;		_TMR0_Initialize
  2749 ;;		_WDT_Initialize
  2750 ;; This function is called by:
  2751 ;;		_main
  2752 ;; This function uses a non-reentrant model
  2753 ;;
  2754                           
  2755     0525                     _SYSTEM_Initialize:	
  2756                           ;psect for function _SYSTEM_Initialize
  2757                           
  2758     0525                     l2198:	
  2759                           ;incstack = 0
  2760                           ; Regs used in _SYSTEM_Initialize: [wreg+status,2+status,0+pclath+cstack]
  2761                           
  2762                           
  2763                           ;D:\yiming\00work\FR761_RX_V02.X\mcc_generated_files\mcc.c: 53:     PIN_MANAGER_Initiali
      +                          ze();
  2764     0525  3185  2538  3185   	fcall	_PIN_MANAGER_Initialize
  2765                           
  2766                           ;D:\yiming\00work\FR761_RX_V02.X\mcc_generated_files\mcc.c: 54:     OSCILLATOR_Initializ
      +                          e();
  2767     0528  3185  25BA  3185   	fcall	_OSCILLATOR_Initialize
  2768                           
  2769                           ;D:\yiming\00work\FR761_RX_V02.X\mcc_generated_files\mcc.c: 55:     WDT_Initialize();
  2770     052B  3186  2619  3185   	fcall	_WDT_Initialize
  2771     052E                     l2200:
  2772                           
  2773                           ;D:\yiming\00work\FR761_RX_V02.X\mcc_generated_files\mcc.c: 56:     TMR0_Initialize();
  2774     052E  3185  2511  3185   	fcall	_TMR0_Initialize
  2775     0531                     l2202:
  2776                           
  2777                           ;D:\yiming\00work\FR761_RX_V02.X\mcc_generated_files\mcc.c: 57:     EUSART1_Initialize()
      +                          ;
  2778     0531  3183  233D  3185   	fcall	_EUSART1_Initialize
  2779     0534                     l2204:
  2780                           
  2781                           ;D:\yiming\00work\FR761_RX_V02.X\mcc_generated_files\mcc.c: 58:     LIN_Slave_Initialize
      +                          ();
  2782     0534  3185  257D  3185   	fcall	_LIN_Slave_Initialize
  2783     0537                     l514:
  2784     0537  0008               	return
  2785     0538                     __end_of_SYSTEM_Initialize:
  2786                           
  2787                           	psect	text12
  2788     0619                     __ptext12:	
  2789 ;; *************** function _WDT_Initialize *****************
  2790 ;; Defined at:
  2791 ;;		line 71 in file "D:\yiming\00work\FR761_RX_V02.X\mcc_generated_files\mcc.c"
  2792 ;; Parameters:    Size  Location     Type
  2793 ;;		None
  2794 ;; Auto vars:     Size  Location     Type
  2795 ;;		None
  2796 ;; Return value:  Size  Location     Type
  2797 ;;                  1    wreg      void 
  2798 ;; Registers used:
  2799 ;;		status,2
  2800 ;; Tracked objects:
  2801 ;;		On entry : 0/0
  2802 ;;		On exit  : 0/0
  2803 ;;		Unchanged: 0/0
  2804 ;; Data sizes:     COMMON   BANK0   BANK1   BANK2
  2805 ;;      Params:         0       0       0       0
  2806 ;;      Locals:         0       0       0       0
  2807 ;;      Temps:          0       0       0       0
  2808 ;;      Totals:         0       0       0       0
  2809 ;;Total ram usage:        0 bytes
  2810 ;; Hardware stack levels used: 1
  2811 ;; Hardware stack levels required when called: 4
  2812 ;; This function calls:
  2813 ;;		Nothing
  2814 ;; This function is called by:
  2815 ;;		_SYSTEM_Initialize
  2816 ;; This function uses a non-reentrant model
  2817 ;;
  2818                           
  2819     0619                     _WDT_Initialize:	
  2820                           ;psect for function _WDT_Initialize
  2821                           
  2822     0619                     l1562:	
  2823                           ;incstack = 0
  2824                           ; Regs used in _WDT_Initialize: [status,2]
  2825                           
  2826                           
  2827                           ;D:\yiming\00work\FR761_RX_V02.X\mcc_generated_files\mcc.c: 74:     WDTCON = 0x00;
  2828     0619  0150               	movlb	16	; select bank16
  2829     061A  018C               	clrf	12	;volatile
  2830     061B                     l520:
  2831     061B  0008               	return
  2832     061C                     __end_of_WDT_Initialize:
  2833                           
  2834                           	psect	text13
  2835     0511                     __ptext13:	
  2836 ;; *************** function _TMR0_Initialize *****************
  2837 ;; Defined at:
  2838 ;;		line 61 in file "D:\yiming\00work\FR761_RX_V02.X\mcc_generated_files\tmr0.c"
  2839 ;; Parameters:    Size  Location     Type
  2840 ;;		None
  2841 ;; Auto vars:     Size  Location     Type
  2842 ;;		None
  2843 ;; Return value:  Size  Location     Type
  2844 ;;                  1    wreg      void 
  2845 ;; Registers used:
  2846 ;;		wreg, status,2, status,0, pclath, cstack
  2847 ;; Tracked objects:
  2848 ;;		On entry : 0/0
  2849 ;;		On exit  : 0/0
  2850 ;;		Unchanged: 0/0
  2851 ;; Data sizes:     COMMON   BANK0   BANK1   BANK2
  2852 ;;      Params:         0       0       0       0
  2853 ;;      Locals:         0       0       0       0
  2854 ;;      Temps:          0       0       0       0
  2855 ;;      Totals:         0       0       0       0
  2856 ;;Total ram usage:        0 bytes
  2857 ;; Hardware stack levels used: 1
  2858 ;; Hardware stack levels required when called: 5
  2859 ;; This function calls:
  2860 ;;		_TMR0_SetInterruptHandler
  2861 ;; This function is called by:
  2862 ;;		_SYSTEM_Initialize
  2863 ;; This function uses a non-reentrant model
  2864 ;;
  2865                           
  2866     0511                     _TMR0_Initialize:	
  2867                           ;psect for function _TMR0_Initialize
  2868                           
  2869     0511                     l2184:	
  2870                           ;incstack = 0
  2871                           ; Regs used in _TMR0_Initialize: [wreg+status,2+status,0+pclath+cstack]
  2872                           
  2873                           
  2874                           ;D:\yiming\00work\FR761_RX_V02.X\mcc_generated_files\tmr0.c: 66:     T0CON1 = 0x45;
  2875     0511  3045               	movlw	69
  2876     0512  014B               	movlb	11	; select bank11
  2877     0513  009F               	movwf	31	;volatile
  2878                           
  2879                           ;D:\yiming\00work\FR761_RX_V02.X\mcc_generated_files\tmr0.c: 69:     TMR0H = 0xF9;
  2880     0514  30F9               	movlw	249
  2881     0515  009D               	movwf	29	;volatile
  2882     0516                     l2186:
  2883                           
  2884                           ;D:\yiming\00work\FR761_RX_V02.X\mcc_generated_files\tmr0.c: 72:     TMR0L = 0x00;
  2885     0516  019C               	clrf	28	;volatile
  2886     0517                     l2188:
  2887                           
  2888                           ;D:\yiming\00work\FR761_RX_V02.X\mcc_generated_files\tmr0.c: 75:     PIR0bits.TMR0IF = 0
      +                          ;
  2889     0517  014E               	movlb	14	; select bank14
  2890     0518  128C               	bcf	12,5	;volatile
  2891     0519                     l2190:
  2892                           
  2893                           ;D:\yiming\00work\FR761_RX_V02.X\mcc_generated_files\tmr0.c: 78:     PIE0bits.TMR0IE = 1
      +                          ;
  2894     0519  1696               	bsf	22,5	;volatile
  2895     051A                     l2192:
  2896                           
  2897                           ;D:\yiming\00work\FR761_RX_V02.X\mcc_generated_files\tmr0.c: 81:     TMR0_SetInterruptHa
      +                          ndler(TMR0_DefaultInterruptHandler);
  2898     051A  3036               	movlw	low _TMR0_DefaultInterruptHandler
  2899     051B  00F0               	movwf	TMR0_SetInterruptHandler@InterruptHandler
  2900     051C  3006               	movlw	high _TMR0_DefaultInterruptHandler
  2901     051D  00F1               	movwf	TMR0_SetInterruptHandler@InterruptHandler+1
  2902     051E  3185  25C0  3185   	fcall	_TMR0_SetInterruptHandler
  2903     0521                     l2194:
  2904                           
  2905                           ;D:\yiming\00work\FR761_RX_V02.X\mcc_generated_files\tmr0.c: 84:     T0CON0 = 0x80;
  2906     0521  3080               	movlw	128
  2907     0522  014B               	movlb	11	; select bank11
  2908     0523  009E               	movwf	30	;volatile
  2909     0524                     l567:
  2910     0524  0008               	return
  2911     0525                     __end_of_TMR0_Initialize:
  2912                           
  2913                           	psect	text14
  2914     0538                     __ptext14:	
  2915 ;; *************** function _PIN_MANAGER_Initialize *****************
  2916 ;; Defined at:
  2917 ;;		line 55 in file "D:\yiming\00work\FR761_RX_V02.X\mcc_generated_files\pin_manager.c"
  2918 ;; Parameters:    Size  Location     Type
  2919 ;;		None
  2920 ;; Auto vars:     Size  Location     Type
  2921 ;;		None
  2922 ;; Return value:  Size  Location     Type
  2923 ;;                  1    wreg      void 
  2924 ;; Registers used:
  2925 ;;		status,2
  2926 ;; Tracked objects:
  2927 ;;		On entry : 0/0
  2928 ;;		On exit  : 0/0
  2929 ;;		Unchanged: 0/0
  2930 ;; Data sizes:     COMMON   BANK0   BANK1   BANK2
  2931 ;;      Params:         0       0       0       0
  2932 ;;      Locals:         0       0       0       0
  2933 ;;      Temps:          0       0       0       0
  2934 ;;      Totals:         0       0       0       0
  2935 ;;Total ram usage:        0 bytes
  2936 ;; Hardware stack levels used: 1
  2937 ;; Hardware stack levels required when called: 4
  2938 ;; This function calls:
  2939 ;;		Nothing
  2940 ;; This function is called by:
  2941 ;;		_SYSTEM_Initialize
  2942 ;; This function uses a non-reentrant model
  2943 ;;
  2944                           
  2945     0538                     _PIN_MANAGER_Initialize:	
  2946                           ;psect for function _PIN_MANAGER_Initialize
  2947                           
  2948     0538                     l1546:	
  2949                           ;incstack = 0
  2950                           ; Regs used in _PIN_MANAGER_Initialize: [status,2]
  2951                           
  2952                           
  2953                           ;D:\yiming\00work\FR761_RX_V02.X\mcc_generated_files\pin_manager.c: 60:     LATA = 0x00;
  2954     0538  0140               	movlb	0	; select bank0
  2955     0539  0198               	clrf	24	;volatile
  2956     053A                     l1548:
  2957                           
  2958                           ;D:\yiming\00work\FR761_RX_V02.X\mcc_generated_files\pin_manager.c: 65:     TRISA = 0x0C
      +                          ;
  2959     053A  300C               	movlw	12
  2960     053B  0092               	movwf	18	;volatile
  2961                           
  2962                           ;D:\yiming\00work\FR761_RX_V02.X\mcc_generated_files\pin_manager.c: 70:     ANSELA = 0x0
      +                          0;
  2963     053C  017E               	movlb	62	; select bank62
  2964     053D  01B8               	clrf	56	;volatile
  2965                           
  2966                           ;D:\yiming\00work\FR761_RX_V02.X\mcc_generated_files\pin_manager.c: 75:     WPUA = 0x00;
  2967     053E  01B9               	clrf	57	;volatile
  2968                           
  2969                           ;D:\yiming\00work\FR761_RX_V02.X\mcc_generated_files\pin_manager.c: 80:     ODCONA = 0x0
      +                          0;
  2970     053F  01BA               	clrf	58	;volatile
  2971     0540                     l1550:
  2972                           
  2973                           ;D:\yiming\00work\FR761_RX_V02.X\mcc_generated_files\pin_manager.c: 85:     SLRCONA = 0x
      +                          37;
  2974     0540  3037               	movlw	55
  2975     0541  00BB               	movwf	59	;volatile
  2976     0542                     l1552:
  2977                           
  2978                           ;D:\yiming\00work\FR761_RX_V02.X\mcc_generated_files\pin_manager.c: 90:     INLVLA = 0x3
      +                          F;
  2979     0542  303F               	movlw	63
  2980     0543  00BC               	movwf	60	;volatile
  2981     0544                     l1554:
  2982                           
  2983                           ;D:\yiming\00work\FR761_RX_V02.X\mcc_generated_files\pin_manager.c: 99:     RX1PPS = 0x0
      +                          2;
  2984     0544  3002               	movlw	2
  2985     0545  017D               	movlb	61	; select bank61
  2986     0546  00CB               	movwf	75	;volatile
  2987     0547                     l1556:
  2988                           
  2989                           ;D:\yiming\00work\FR761_RX_V02.X\mcc_generated_files\pin_manager.c: 100:     RA0PPS = 0x
      +                          05;
  2990     0547  3005               	movlw	5
  2991     0548  017E               	movlb	62	; select bank62
  2992     0549  0090               	movwf	16	;volatile
  2993     054A                     l541:
  2994     054A  0008               	return
  2995     054B                     __end_of_PIN_MANAGER_Initialize:
  2996                           
  2997                           	psect	text15
  2998     05BA                     __ptext15:	
  2999 ;; *************** function _OSCILLATOR_Initialize *****************
  3000 ;; Defined at:
  3001 ;;		line 61 in file "D:\yiming\00work\FR761_RX_V02.X\mcc_generated_files\mcc.c"
  3002 ;; Parameters:    Size  Location     Type
  3003 ;;		None
  3004 ;; Auto vars:     Size  Location     Type
  3005 ;;		None
  3006 ;; Return value:  Size  Location     Type
  3007 ;;                  1    wreg      void 
  3008 ;; Registers used:
  3009 ;;		status,2
  3010 ;; Tracked objects:
  3011 ;;		On entry : 0/0
  3012 ;;		On exit  : 0/0
  3013 ;;		Unchanged: 0/0
  3014 ;; Data sizes:     COMMON   BANK0   BANK1   BANK2
  3015 ;;      Params:         0       0       0       0
  3016 ;;      Locals:         0       0       0       0
  3017 ;;      Temps:          0       0       0       0
  3018 ;;      Totals:         0       0       0       0
  3019 ;;Total ram usage:        0 bytes
  3020 ;; Hardware stack levels used: 1
  3021 ;; Hardware stack levels required when called: 4
  3022 ;; This function calls:
  3023 ;;		Nothing
  3024 ;; This function is called by:
  3025 ;;		_SYSTEM_Initialize
  3026 ;; This function uses a non-reentrant model
  3027 ;;
  3028                           
  3029     05BA                     _OSCILLATOR_Initialize:	
  3030                           ;psect for function _OSCILLATOR_Initialize
  3031                           
  3032     05BA                     l1558:	
  3033                           ;incstack = 0
  3034                           ; Regs used in _OSCILLATOR_Initialize: [status,2]
  3035                           
  3036                           
  3037                           ;D:\yiming\00work\FR761_RX_V02.X\mcc_generated_files\mcc.c: 64:     OSCEN = 0x00;
  3038     05BA  0151               	movlb	17	; select bank17
  3039     05BB  0191               	clrf	17	;volatile
  3040     05BC                     l1560:
  3041                           
  3042                           ;D:\yiming\00work\FR761_RX_V02.X\mcc_generated_files\mcc.c: 66:     OSCFRQ = 0x05;
  3043     05BC  3005               	movlw	5
  3044     05BD  0093               	movwf	19	;volatile
  3045                           
  3046                           ;D:\yiming\00work\FR761_RX_V02.X\mcc_generated_files\mcc.c: 68:     OSCTUNE = 0x00;
  3047     05BE  0192               	clrf	18	;volatile
  3048     05BF                     l517:
  3049     05BF  0008               	return
  3050     05C0                     __end_of_OSCILLATOR_Initialize:
  3051                           
  3052                           	psect	text16
  3053     057D                     __ptext16:	
  3054 ;; *************** function _LIN_Slave_Initialize *****************
  3055 ;; Defined at:
  3056 ;;		line 51 in file "D:\yiming\00work\FR761_RX_V02.X\mcc_generated_files\LINDrivers\lin_app.c"
  3057 ;; Parameters:    Size  Location     Type
  3058 ;;		None
  3059 ;; Auto vars:     Size  Location     Type
  3060 ;;		None
  3061 ;; Return value:  Size  Location     Type
  3062 ;;                  1    wreg      void 
  3063 ;; Registers used:
  3064 ;;		wreg, status,2, status,0, pclath, cstack
  3065 ;; Tracked objects:
  3066 ;;		On entry : 0/0
  3067 ;;		On exit  : 0/0
  3068 ;;		Unchanged: 0/0
  3069 ;; Data sizes:     COMMON   BANK0   BANK1   BANK2
  3070 ;;      Params:         0       0       0       0
  3071 ;;      Locals:         0       0       0       0
  3072 ;;      Temps:          0       0       0       0
  3073 ;;      Totals:         0       0       0       0
  3074 ;;Total ram usage:        0 bytes
  3075 ;; Hardware stack levels used: 1
  3076 ;; Hardware stack levels required when called: 7
  3077 ;; This function calls:
  3078 ;;		_LIN_init
  3079 ;; This function is called by:
  3080 ;;		_SYSTEM_Initialize
  3081 ;; This function uses a non-reentrant model
  3082 ;;
  3083                           
  3084     057D                     _LIN_Slave_Initialize:	
  3085                           ;psect for function _LIN_Slave_Initialize
  3086                           
  3087     057D                     l2028:	
  3088                           ;incstack = 0
  3089                           ; Regs used in _LIN_Slave_Initialize: [wreg+status,2+status,0+pclath+cstack]
  3090                           
  3091                           
  3092                           ;D:\yiming\00work\FR761_RX_V02.X\mcc_generated_files\LINDrivers\lin_app.c: 52:   LIN_ini
      +                          t((sizeof(scheduleTable)/sizeof(lin_rx_cmd_t)), scheduleTable, processLIN);
  3093     057D  30E4               	movlw	low (_scheduleTable| (0+32768))
  3094     057E  00F2               	movwf	LIN_init@command
  3095     057F  3085               	movlw	high (_scheduleTable| (0+32768))
  3096     0580  00F3               	movwf	LIN_init@command+1
  3097     0581  3000               	movlw	low _processLIN
  3098     0582  00F4               	movwf	LIN_init@processData
  3099     0583  3002               	movlw	high _processLIN
  3100     0584  00F5               	movwf	LIN_init@processData+1
  3101     0585  3001               	movlw	1
  3102     0586  3184  24E6  3185   	fcall	_LIN_init
  3103     0589                     l111:
  3104     0589  0008               	return
  3105     058A                     __end_of_LIN_Slave_Initialize:
  3106                           
  3107                           	psect	text17
  3108     04E6                     __ptext17:	
  3109 ;; *************** function _LIN_init *****************
  3110 ;; Defined at:
  3111 ;;		line 58 in file "D:\yiming\00work\FR761_RX_V02.X\mcc_generated_files\LINDrivers\lin_slave.c"
  3112 ;; Parameters:    Size  Location     Type
  3113 ;;  tableLength     1    wreg     unsigned char 
  3114 ;;  command         2    2[COMMON] const PTR const struct .
  3115 ;;		 -> scheduleTable(5), 
  3116 ;;  processData     2    4[COMMON] PTR FTN()void 
  3117 ;;		 -> processLIN(1), 
  3118 ;; Auto vars:     Size  Location     Type
  3119 ;;  tableLength     1    6[COMMON] unsigned char 
  3120 ;; Return value:  Size  Location     Type
  3121 ;;                  1    wreg      void 
  3122 ;; Registers used:
  3123 ;;		wreg, status,2, status,0, pclath, cstack
  3124 ;; Tracked objects:
  3125 ;;		On entry : 0/0
  3126 ;;		On exit  : 0/0
  3127 ;;		Unchanged: 0/0
  3128 ;; Data sizes:     COMMON   BANK0   BANK1   BANK2
  3129 ;;      Params:         4       0       0       0
  3130 ;;      Locals:         1       0       0       0
  3131 ;;      Temps:          0       0       0       0
  3132 ;;      Totals:         5       0       0       0
  3133 ;;Total ram usage:        5 bytes
  3134 ;; Hardware stack levels used: 1
  3135 ;; Hardware stack levels required when called: 6
  3136 ;; This function calls:
  3137 ;;		_LIN_enableRx
  3138 ;;		_LIN_setTimerHandler
  3139 ;;		_LIN_stopTimer
  3140 ;; This function is called by:
  3141 ;;		_LIN_Slave_Initialize
  3142 ;; This function uses a non-reentrant model
  3143 ;;
  3144                           
  3145     04E6                     _LIN_init:	
  3146                           ;psect for function _LIN_init
  3147                           
  3148                           
  3149                           ;incstack = 0
  3150                           ; Regs used in _LIN_init: [wreg+status,2+status,0+pclath+cstack]
  3151                           ;LIN_init@tableLength stored from wreg
  3152     04E6  00F6               	movwf	LIN_init@tableLength
  3153     04E7                     l1858:
  3154                           
  3155                           ;D:\yiming\00work\FR761_RX_V02.X\mcc_generated_files\LINDrivers\lin_slave.c: 59:     LIN
      +                          _rxCommand = command;
  3156     04E7  0873               	movf	LIN_init@command+1,w
  3157     04E8  0140               	movlb	0	; select bank0
  3158     04E9  00DF               	movwf	_LIN_rxCommand+1
  3159     04EA  0872               	movf	LIN_init@command,w
  3160     04EB  00DE               	movwf	_LIN_rxCommand
  3161                           
  3162                           ;D:\yiming\00work\FR761_RX_V02.X\mcc_generated_files\LINDrivers\lin_slave.c: 60:     LIN
      +                          _rxCommandLength = tableLength;
  3163     04EC  0876               	movf	LIN_init@tableLength,w
  3164     04ED  00E2               	movwf	_LIN_rxCommandLength
  3165                           
  3166                           ;D:\yiming\00work\FR761_RX_V02.X\mcc_generated_files\LINDrivers\lin_slave.c: 61:     LIN
      +                          _processData = processData;
  3167     04EE  0875               	movf	LIN_init@processData+1,w
  3168     04EF  00E1               	movwf	_LIN_processData+1
  3169     04F0  0874               	movf	LIN_init@processData,w
  3170     04F1  00E0               	movwf	_LIN_processData
  3171     04F2                     l1860:
  3172                           
  3173                           ;D:\yiming\00work\FR761_RX_V02.X\mcc_generated_files\LINDrivers\lin_slave.c: 62:     LIN
      +                          _stopTimer();
  3174     04F2  3186  2601  3184   	fcall	_LIN_stopTimer
  3175     04F5                     l1862:
  3176                           
  3177                           ;D:\yiming\00work\FR761_RX_V02.X\mcc_generated_files\LINDrivers\lin_slave.c: 63:     LIN
      +                          _enableRx();
  3178     04F5  3185  25F3  3184   	fcall	_LIN_enableRx
  3179     04F8                     l1864:
  3180                           
  3181                           ;D:\yiming\00work\FR761_RX_V02.X\mcc_generated_files\LINDrivers\lin_slave.c: 64:     LIN
      +                          _setTimerHandler();
  3182     04F8  3185  25AC  3184   	fcall	_LIN_setTimerHandler
  3183     04FB                     l203:
  3184     04FB  0008               	return
  3185     04FC                     __end_of_LIN_init:
  3186                           
  3187                           	psect	text18
  3188     05AC                     __ptext18:	
  3189 ;; *************** function _LIN_setTimerHandler *****************
  3190 ;; Defined at:
  3191 ;;		line 303 in file "D:\yiming\00work\FR761_RX_V02.X\mcc_generated_files\LINDrivers\lin_slave.c"
  3192 ;; Parameters:    Size  Location     Type
  3193 ;;		None
  3194 ;; Auto vars:     Size  Location     Type
  3195 ;;		None
  3196 ;; Return value:  Size  Location     Type
  3197 ;;                  1    wreg      void 
  3198 ;; Registers used:
  3199 ;;		wreg, status,2, status,0, pclath, cstack
  3200 ;; Tracked objects:
  3201 ;;		On entry : 0/0
  3202 ;;		On exit  : 0/0
  3203 ;;		Unchanged: 0/0
  3204 ;; Data sizes:     COMMON   BANK0   BANK1   BANK2
  3205 ;;      Params:         0       0       0       0
  3206 ;;      Locals:         0       0       0       0
  3207 ;;      Temps:          0       0       0       0
  3208 ;;      Totals:         0       0       0       0
  3209 ;;Total ram usage:        0 bytes
  3210 ;; Hardware stack levels used: 1
  3211 ;; Hardware stack levels required when called: 5
  3212 ;; This function calls:
  3213 ;;		_TMR0_SetInterruptHandler
  3214 ;; This function is called by:
  3215 ;;		_LIN_init
  3216 ;; This function uses a non-reentrant model
  3217 ;;
  3218                           
  3219     05AC                     _LIN_setTimerHandler:	
  3220                           ;psect for function _LIN_setTimerHandler
  3221                           
  3222     05AC                     l1786:	
  3223                           ;incstack = 0
  3224                           ; Regs used in _LIN_setTimerHandler: [wreg+status,2+status,0+pclath+cstack]
  3225                           
  3226                           
  3227                           ;D:\yiming\00work\FR761_RX_V02.X\mcc_generated_files\LINDrivers\lin_slave.c: 304:     TM
      +                          R0_SetInterruptHandler(LIN_timerHandler);
  3228     05AC  3097               	movlw	low _LIN_timerHandler
  3229     05AD  00F0               	movwf	TMR0_SetInterruptHandler@InterruptHandler
  3230     05AE  3005               	movlw	high _LIN_timerHandler
  3231     05AF  00F1               	movwf	TMR0_SetInterruptHandler@InterruptHandler+1
  3232     05B0  3185  25C0  3185   	fcall	_TMR0_SetInterruptHandler
  3233     05B3                     l297:
  3234     05B3  0008               	return
  3235     05B4                     __end_of_LIN_setTimerHandler:
  3236                           
  3237                           	psect	text19
  3238     05C0                     __ptext19:	
  3239 ;; *************** function _TMR0_SetInterruptHandler *****************
  3240 ;; Defined at:
  3241 ;;		line 134 in file "D:\yiming\00work\FR761_RX_V02.X\mcc_generated_files\tmr0.c"
  3242 ;; Parameters:    Size  Location     Type
  3243 ;;  InterruptHan    2    0[COMMON] PTR FTN()void 
  3244 ;;		 -> TMR0_DefaultInterruptHandler(1), LIN_timerHandler(1), 
  3245 ;; Auto vars:     Size  Location     Type
  3246 ;;		None
  3247 ;; Return value:  Size  Location     Type
  3248 ;;                  1    wreg      void 
  3249 ;; Registers used:
  3250 ;;		wreg
  3251 ;; Tracked objects:
  3252 ;;		On entry : 0/0
  3253 ;;		On exit  : 0/0
  3254 ;;		Unchanged: 0/0
  3255 ;; Data sizes:     COMMON   BANK0   BANK1   BANK2
  3256 ;;      Params:         2       0       0       0
  3257 ;;      Locals:         0       0       0       0
  3258 ;;      Temps:          0       0       0       0
  3259 ;;      Totals:         2       0       0       0
  3260 ;;Total ram usage:        2 bytes
  3261 ;; Hardware stack levels used: 1
  3262 ;; Hardware stack levels required when called: 4
  3263 ;; This function calls:
  3264 ;;		Nothing
  3265 ;; This function is called by:
  3266 ;;		_LIN_setTimerHandler
  3267 ;;		_TMR0_Initialize
  3268 ;; This function uses a non-reentrant model
  3269 ;;
  3270                           
  3271     05C0                     _TMR0_SetInterruptHandler:	
  3272                           ;psect for function _TMR0_SetInterruptHandler
  3273                           
  3274     05C0                     l1780:	
  3275                           ;incstack = 0
  3276                           ; Regs used in _TMR0_SetInterruptHandler: [wreg]
  3277                           
  3278                           
  3279                           ;D:\yiming\00work\FR761_RX_V02.X\mcc_generated_files\tmr0.c: 135:     TMR0_InterruptHand
      +                          ler = InterruptHandler;
  3280     05C0  0871               	movf	TMR0_SetInterruptHandler@InterruptHandler+1,w
  3281     05C1  0140               	movlb	0	; select bank0
  3282     05C2  00D5               	movwf	_TMR0_InterruptHandler+1
  3283     05C3  0870               	movf	TMR0_SetInterruptHandler@InterruptHandler,w
  3284     05C4  00D4               	movwf	_TMR0_InterruptHandler
  3285     05C5                     l589:
  3286     05C5  0008               	return
  3287     05C6                     __end_of_TMR0_SetInterruptHandler:
  3288                           
  3289                           	psect	text20
  3290     033D                     __ptext20:	
  3291 ;; *************** function _EUSART1_Initialize *****************
  3292 ;; Defined at:
  3293 ;;		line 88 in file "D:\yiming\00work\FR761_RX_V02.X\mcc_generated_files\eusart1.c"
  3294 ;; Parameters:    Size  Location     Type
  3295 ;;		None
  3296 ;; Auto vars:     Size  Location     Type
  3297 ;;		None
  3298 ;; Return value:  Size  Location     Type
  3299 ;;                  1    wreg      void 
  3300 ;; Registers used:
  3301 ;;		wreg, status,2, status,0, pclath, cstack
  3302 ;; Tracked objects:
  3303 ;;		On entry : 0/0
  3304 ;;		On exit  : 0/0
  3305 ;;		Unchanged: 0/0
  3306 ;; Data sizes:     COMMON   BANK0   BANK1   BANK2
  3307 ;;      Params:         0       0       0       0
  3308 ;;      Locals:         0       0       0       0
  3309 ;;      Temps:          0       0       0       0
  3310 ;;      Totals:         0       0       0       0
  3311 ;;Total ram usage:        0 bytes
  3312 ;; Hardware stack levels used: 1
  3313 ;; Hardware stack levels required when called: 5
  3314 ;; This function calls:
  3315 ;;		_EUSART1_SetErrorHandler
  3316 ;;		_EUSART1_SetFramingErrorHandler
  3317 ;;		_EUSART1_SetOverrunErrorHandler
  3318 ;;		_EUSART1_SetRxInterruptHandler
  3319 ;;		_EUSART1_SetTxInterruptHandler
  3320 ;; This function is called by:
  3321 ;;		_SYSTEM_Initialize
  3322 ;; This function uses a non-reentrant model
  3323 ;;
  3324                           
  3325     033D                     _EUSART1_Initialize:	
  3326                           ;psect for function _EUSART1_Initialize
  3327                           
  3328     033D                     l2148:	
  3329                           ;incstack = 0
  3330                           ; Regs used in _EUSART1_Initialize: [wreg+status,2+status,0+pclath+cstack]
  3331                           
  3332                           
  3333                           ;D:\yiming\00work\FR761_RX_V02.X\mcc_generated_files\eusart1.c: 91:     PIE1bits.RC1IE =
      +                           0;
  3334     033D  014E               	movlb	14	; select bank14
  3335     033E  1217               	bcf	23,4	;volatile
  3336     033F                     l2150:
  3337                           
  3338                           ;D:\yiming\00work\FR761_RX_V02.X\mcc_generated_files\eusart1.c: 92:     EUSART1_SetRxInt
      +                          erruptHandler(EUSART1_Receive_ISR);
  3339     033F  307B               	movlw	low _EUSART1_Receive_ISR
  3340     0340  00F0               	movwf	EUSART1_SetRxInterruptHandler@interruptHandler
  3341     0341  3003               	movlw	high _EUSART1_Receive_ISR
  3342     0342  00F1               	movwf	EUSART1_SetRxInterruptHandler@interruptHandler+1
  3343     0343  3185  25CC  3183   	fcall	_EUSART1_SetRxInterruptHandler
  3344     0346                     l2152:
  3345                           
  3346                           ;D:\yiming\00work\FR761_RX_V02.X\mcc_generated_files\eusart1.c: 93:     PIE1bits.TX1IE =
      +                           0;
  3347     0346  014E               	movlb	14	; select bank14
  3348     0347  1197               	bcf	23,3	;volatile
  3349                           
  3350                           ;D:\yiming\00work\FR761_RX_V02.X\mcc_generated_files\eusart1.c: 94:     EUSART1_SetTxInt
      +                          erruptHandler(EUSART1_Transmit_ISR);
  3351     0348  3097               	movlw	low _EUSART1_Transmit_ISR
  3352     0349  00F0               	movwf	EUSART1_SetTxInterruptHandler@interruptHandler
  3353     034A  3004               	movlw	high _EUSART1_Transmit_ISR
  3354     034B  00F1               	movwf	EUSART1_SetTxInterruptHandler@interruptHandler+1
  3355     034C  3185  25C6  3183   	fcall	_EUSART1_SetTxInterruptHandler
  3356     034F                     l2154:
  3357                           
  3358                           ;D:\yiming\00work\FR761_RX_V02.X\mcc_generated_files\eusart1.c: 98:     BAUD1CON = 0x09;
  3359     034F  3009               	movlw	9
  3360     0350  0142               	movlb	2	; select bank2
  3361     0351  009F               	movwf	31	;volatile
  3362     0352                     l2156:
  3363                           
  3364                           ;D:\yiming\00work\FR761_RX_V02.X\mcc_generated_files\eusart1.c: 101:     RC1STA = 0x90;
  3365     0352  3090               	movlw	144
  3366     0353  009D               	movwf	29	;volatile
  3367     0354                     l2158:
  3368                           
  3369                           ;D:\yiming\00work\FR761_RX_V02.X\mcc_generated_files\eusart1.c: 104:     TX1STA = 0x24;
  3370     0354  3024               	movlw	36
  3371     0355  009E               	movwf	30	;volatile
  3372     0356                     l2160:
  3373                           
  3374                           ;D:\yiming\00work\FR761_RX_V02.X\mcc_generated_files\eusart1.c: 107:     SP1BRGL = 0xFF;
  3375     0356  30FF               	movlw	255
  3376     0357  009B               	movwf	27	;volatile
  3377     0358                     l2162:
  3378                           
  3379                           ;D:\yiming\00work\FR761_RX_V02.X\mcc_generated_files\eusart1.c: 110:     SP1BRGH = 0x02;
  3380     0358  3002               	movlw	2
  3381     0359  009C               	movwf	28	;volatile
  3382                           
  3383                           ;D:\yiming\00work\FR761_RX_V02.X\mcc_generated_files\eusart1.c: 113:     EUSART1_SetFram
      +                          ingErrorHandler(EUSART1_DefaultFramingErrorHandler);
  3384     035A  3037               	movlw	low _EUSART1_DefaultFramingErrorHandler
  3385     035B  00F0               	movwf	EUSART1_SetFramingErrorHandler@interruptHandler
  3386     035C  3006               	movlw	high _EUSART1_DefaultFramingErrorHandler
  3387     035D  00F1               	movwf	EUSART1_SetFramingErrorHandler@interruptHandler+1
  3388     035E  3185  25D8  3183   	fcall	_EUSART1_SetFramingErrorHandler
  3389                           
  3390                           ;D:\yiming\00work\FR761_RX_V02.X\mcc_generated_files\eusart1.c: 114:     EUSART1_SetOver
      +                          runErrorHandler(EUSART1_DefaultOverrunErrorHandler);
  3391     0361  3005               	movlw	low _EUSART1_DefaultOverrunErrorHandler
  3392     0362  00F0               	movwf	EUSART1_SetOverrunErrorHandler@interruptHandler
  3393     0363  3006               	movlw	high _EUSART1_DefaultOverrunErrorHandler
  3394     0364  00F1               	movwf	EUSART1_SetOverrunErrorHandler@interruptHandler+1
  3395     0365  3185  25D2  3183   	fcall	_EUSART1_SetOverrunErrorHandler
  3396                           
  3397                           ;D:\yiming\00work\FR761_RX_V02.X\mcc_generated_files\eusart1.c: 115:     EUSART1_SetErro
      +                          rHandler(EUSART1_DefaultErrorHandler);
  3398     0368  3009               	movlw	low _EUSART1_DefaultErrorHandler
  3399     0369  00F0               	movwf	EUSART1_SetErrorHandler@interruptHandler
  3400     036A  3006               	movlw	high _EUSART1_DefaultErrorHandler
  3401     036B  00F1               	movwf	EUSART1_SetErrorHandler@interruptHandler+1
  3402     036C  3185  25DE  3183   	fcall	_EUSART1_SetErrorHandler
  3403     036F                     l2164:
  3404                           
  3405                           ;D:\yiming\00work\FR761_RX_V02.X\mcc_generated_files\eusart1.c: 117:     eusart1RxLastEr
      +                          ror.status = 0;
  3406     036F  0140               	movlb	0	; select bank0
  3407     0370  01B8               	clrf	_eusart1RxLastError	;volatile
  3408     0371                     l2166:
  3409                           
  3410                           ;D:\yiming\00work\FR761_RX_V02.X\mcc_generated_files\eusart1.c: 120:     eusart1TxHead =
      +                           0;
  3411     0371  01BE               	clrf	_eusart1TxHead	;volatile
  3412     0372                     l2168:
  3413                           
  3414                           ;D:\yiming\00work\FR761_RX_V02.X\mcc_generated_files\eusart1.c: 121:     eusart1TxTail =
      +                           0;
  3415     0372  01BD               	clrf	_eusart1TxTail	;volatile
  3416     0373                     l2170:
  3417                           
  3418                           ;D:\yiming\00work\FR761_RX_V02.X\mcc_generated_files\eusart1.c: 122:     eusart1TxBuffer
      +                          Remaining = sizeof(eusart1TxBuffer);
  3419     0373  3008               	movlw	8
  3420     0374  00BC               	movwf	_eusart1TxBufferRemaining	;volatile
  3421     0375                     l2172:
  3422                           
  3423                           ;D:\yiming\00work\FR761_RX_V02.X\mcc_generated_files\eusart1.c: 124:     eusart1RxHead =
      +                           0;
  3424     0375  01BB               	clrf	_eusart1RxHead	;volatile
  3425     0376                     l2174:
  3426                           
  3427                           ;D:\yiming\00work\FR761_RX_V02.X\mcc_generated_files\eusart1.c: 125:     eusart1RxTail =
      +                           0;
  3428     0376  01BA               	clrf	_eusart1RxTail	;volatile
  3429     0377                     l2176:
  3430                           
  3431                           ;D:\yiming\00work\FR761_RX_V02.X\mcc_generated_files\eusart1.c: 126:     eusart1RxCount 
      +                          = 0;
  3432     0377  01B9               	clrf	_eusart1RxCount	;volatile
  3433     0378                     l2178:
  3434                           
  3435                           ;D:\yiming\00work\FR761_RX_V02.X\mcc_generated_files\eusart1.c: 129:     PIE1bits.RC1IE 
      +                          = 1;
  3436     0378  014E               	movlb	14	; select bank14
  3437     0379  1617               	bsf	23,4	;volatile
  3438     037A                     l385:
  3439     037A  0008               	return
  3440     037B                     __end_of_EUSART1_Initialize:
  3441                           
  3442                           	psect	text21
  3443     05C6                     __ptext21:	
  3444 ;; *************** function _EUSART1_SetTxInterruptHandler *****************
  3445 ;; Defined at:
  3446 ;;		line 276 in file "D:\yiming\00work\FR761_RX_V02.X\mcc_generated_files\eusart1.c"
  3447 ;; Parameters:    Size  Location     Type
  3448 ;;  interruptHan    2    0[COMMON] PTR FTN()void 
  3449 ;;		 -> EUSART1_Transmit_ISR(1), 
  3450 ;; Auto vars:     Size  Location     Type
  3451 ;;		None
  3452 ;; Return value:  Size  Location     Type
  3453 ;;                  1    wreg      void 
  3454 ;; Registers used:
  3455 ;;		wreg
  3456 ;; Tracked objects:
  3457 ;;		On entry : 0/0
  3458 ;;		On exit  : 0/0
  3459 ;;		Unchanged: 0/0
  3460 ;; Data sizes:     COMMON   BANK0   BANK1   BANK2
  3461 ;;      Params:         2       0       0       0
  3462 ;;      Locals:         0       0       0       0
  3463 ;;      Temps:          0       0       0       0
  3464 ;;      Totals:         2       0       0       0
  3465 ;;Total ram usage:        2 bytes
  3466 ;; Hardware stack levels used: 1
  3467 ;; Hardware stack levels required when called: 4
  3468 ;; This function calls:
  3469 ;;		Nothing
  3470 ;; This function is called by:
  3471 ;;		_EUSART1_Initialize
  3472 ;; This function uses a non-reentrant model
  3473 ;;
  3474                           
  3475     05C6                     _EUSART1_SetTxInterruptHandler:	
  3476                           ;psect for function _EUSART1_SetTxInterruptHandler
  3477                           
  3478     05C6                     l1970:	
  3479                           ;incstack = 0
  3480                           ; Regs used in _EUSART1_SetTxInterruptHandler: [wreg]
  3481                           
  3482                           
  3483                           ;D:\yiming\00work\FR761_RX_V02.X\mcc_generated_files\eusart1.c: 277:     EUSART1_TxDefau
      +                          ltInterruptHandler = interruptHandler;
  3484     05C6  0871               	movf	EUSART1_SetTxInterruptHandler@interruptHandler+1,w
  3485     05C7  0140               	movlb	0	; select bank0
  3486     05C8  00DD               	movwf	_EUSART1_TxDefaultInterruptHandler+1
  3487     05C9  0870               	movf	EUSART1_SetTxInterruptHandler@interruptHandler,w
  3488     05CA  00DC               	movwf	_EUSART1_TxDefaultInterruptHandler
  3489     05CB                     l451:
  3490     05CB  0008               	return
  3491     05CC                     __end_of_EUSART1_SetTxInterruptHandler:
  3492                           
  3493                           	psect	text22
  3494     05CC                     __ptext22:	
  3495 ;; *************** function _EUSART1_SetRxInterruptHandler *****************
  3496 ;; Defined at:
  3497 ;;		line 280 in file "D:\yiming\00work\FR761_RX_V02.X\mcc_generated_files\eusart1.c"
  3498 ;; Parameters:    Size  Location     Type
  3499 ;;  interruptHan    2    0[COMMON] PTR FTN()void 
  3500 ;;		 -> EUSART1_Receive_ISR(1), 
  3501 ;; Auto vars:     Size  Location     Type
  3502 ;;		None
  3503 ;; Return value:  Size  Location     Type
  3504 ;;                  1    wreg      void 
  3505 ;; Registers used:
  3506 ;;		wreg
  3507 ;; Tracked objects:
  3508 ;;		On entry : 0/0
  3509 ;;		On exit  : 0/0
  3510 ;;		Unchanged: 0/0
  3511 ;; Data sizes:     COMMON   BANK0   BANK1   BANK2
  3512 ;;      Params:         2       0       0       0
  3513 ;;      Locals:         0       0       0       0
  3514 ;;      Temps:          0       0       0       0
  3515 ;;      Totals:         2       0       0       0
  3516 ;;Total ram usage:        2 bytes
  3517 ;; Hardware stack levels used: 1
  3518 ;; Hardware stack levels required when called: 4
  3519 ;; This function calls:
  3520 ;;		Nothing
  3521 ;; This function is called by:
  3522 ;;		_EUSART1_Initialize
  3523 ;; This function uses a non-reentrant model
  3524 ;;
  3525                           
  3526     05CC                     _EUSART1_SetRxInterruptHandler:	
  3527                           ;psect for function _EUSART1_SetRxInterruptHandler
  3528                           
  3529     05CC                     l1968:	
  3530                           ;incstack = 0
  3531                           ; Regs used in _EUSART1_SetRxInterruptHandler: [wreg]
  3532                           
  3533                           
  3534                           ;D:\yiming\00work\FR761_RX_V02.X\mcc_generated_files\eusart1.c: 281:     EUSART1_RxDefau
      +                          ltInterruptHandler = interruptHandler;
  3535     05CC  0871               	movf	EUSART1_SetRxInterruptHandler@interruptHandler+1,w
  3536     05CD  0140               	movlb	0	; select bank0
  3537     05CE  00DB               	movwf	_EUSART1_RxDefaultInterruptHandler+1
  3538     05CF  0870               	movf	EUSART1_SetRxInterruptHandler@interruptHandler,w
  3539     05D0  00DA               	movwf	_EUSART1_RxDefaultInterruptHandler
  3540     05D1                     l454:
  3541     05D1  0008               	return
  3542     05D2                     __end_of_EUSART1_SetRxInterruptHandler:
  3543                           
  3544                           	psect	text23
  3545     05D2                     __ptext23:	
  3546 ;; *************** function _EUSART1_SetOverrunErrorHandler *****************
  3547 ;; Defined at:
  3548 ;;		line 268 in file "D:\yiming\00work\FR761_RX_V02.X\mcc_generated_files\eusart1.c"
  3549 ;; Parameters:    Size  Location     Type
  3550 ;;  interruptHan    2    0[COMMON] PTR FTN()void 
  3551 ;;		 -> EUSART1_DefaultOverrunErrorHandler(1), 
  3552 ;; Auto vars:     Size  Location     Type
  3553 ;;		None
  3554 ;; Return value:  Size  Location     Type
  3555 ;;                  1    wreg      void 
  3556 ;; Registers used:
  3557 ;;		wreg
  3558 ;; Tracked objects:
  3559 ;;		On entry : 0/0
  3560 ;;		On exit  : 0/0
  3561 ;;		Unchanged: 0/0
  3562 ;; Data sizes:     COMMON   BANK0   BANK1   BANK2
  3563 ;;      Params:         2       0       0       0
  3564 ;;      Locals:         0       0       0       0
  3565 ;;      Temps:          0       0       0       0
  3566 ;;      Totals:         2       0       0       0
  3567 ;;Total ram usage:        2 bytes
  3568 ;; Hardware stack levels used: 1
  3569 ;; Hardware stack levels required when called: 4
  3570 ;; This function calls:
  3571 ;;		Nothing
  3572 ;; This function is called by:
  3573 ;;		_EUSART1_Initialize
  3574 ;; This function uses a non-reentrant model
  3575 ;;
  3576                           
  3577     05D2                     _EUSART1_SetOverrunErrorHandler:	
  3578                           ;psect for function _EUSART1_SetOverrunErrorHandler
  3579                           
  3580     05D2                     l1974:	
  3581                           ;incstack = 0
  3582                           ; Regs used in _EUSART1_SetOverrunErrorHandler: [wreg]
  3583                           
  3584                           
  3585                           ;D:\yiming\00work\FR761_RX_V02.X\mcc_generated_files\eusart1.c: 269:     EUSART1_Overrun
      +                          ErrorHandler = interruptHandler;
  3586     05D2  0871               	movf	EUSART1_SetOverrunErrorHandler@interruptHandler+1,w
  3587     05D3  0140               	movlb	0	; select bank0
  3588     05D4  00D7               	movwf	_EUSART1_OverrunErrorHandler+1
  3589     05D5  0870               	movf	EUSART1_SetOverrunErrorHandler@interruptHandler,w
  3590     05D6  00D6               	movwf	_EUSART1_OverrunErrorHandler
  3591     05D7                     l445:
  3592     05D7  0008               	return
  3593     05D8                     __end_of_EUSART1_SetOverrunErrorHandler:
  3594                           
  3595                           	psect	text24
  3596     05D8                     __ptext24:	
  3597 ;; *************** function _EUSART1_SetFramingErrorHandler *****************
  3598 ;; Defined at:
  3599 ;;		line 264 in file "D:\yiming\00work\FR761_RX_V02.X\mcc_generated_files\eusart1.c"
  3600 ;; Parameters:    Size  Location     Type
  3601 ;;  interruptHan    2    0[COMMON] PTR FTN()void 
  3602 ;;		 -> EUSART1_DefaultFramingErrorHandler(1), 
  3603 ;; Auto vars:     Size  Location     Type
  3604 ;;		None
  3605 ;; Return value:  Size  Location     Type
  3606 ;;                  1    wreg      void 
  3607 ;; Registers used:
  3608 ;;		wreg
  3609 ;; Tracked objects:
  3610 ;;		On entry : 0/0
  3611 ;;		On exit  : 0/0
  3612 ;;		Unchanged: 0/0
  3613 ;; Data sizes:     COMMON   BANK0   BANK1   BANK2
  3614 ;;      Params:         2       0       0       0
  3615 ;;      Locals:         0       0       0       0
  3616 ;;      Temps:          0       0       0       0
  3617 ;;      Totals:         2       0       0       0
  3618 ;;Total ram usage:        2 bytes
  3619 ;; Hardware stack levels used: 1
  3620 ;; Hardware stack levels required when called: 4
  3621 ;; This function calls:
  3622 ;;		Nothing
  3623 ;; This function is called by:
  3624 ;;		_EUSART1_Initialize
  3625 ;; This function uses a non-reentrant model
  3626 ;;
  3627                           
  3628     05D8                     _EUSART1_SetFramingErrorHandler:	
  3629                           ;psect for function _EUSART1_SetFramingErrorHandler
  3630                           
  3631     05D8                     l1972:	
  3632                           ;incstack = 0
  3633                           ; Regs used in _EUSART1_SetFramingErrorHandler: [wreg]
  3634                           
  3635                           
  3636                           ;D:\yiming\00work\FR761_RX_V02.X\mcc_generated_files\eusart1.c: 265:     EUSART1_Framing
      +                          ErrorHandler = interruptHandler;
  3637     05D8  0871               	movf	EUSART1_SetFramingErrorHandler@interruptHandler+1,w
  3638     05D9  0140               	movlb	0	; select bank0
  3639     05DA  00D9               	movwf	_EUSART1_FramingErrorHandler+1
  3640     05DB  0870               	movf	EUSART1_SetFramingErrorHandler@interruptHandler,w
  3641     05DC  00D8               	movwf	_EUSART1_FramingErrorHandler
  3642     05DD                     l442:
  3643     05DD  0008               	return
  3644     05DE                     __end_of_EUSART1_SetFramingErrorHandler:
  3645                           
  3646                           	psect	text25
  3647     05DE                     __ptext25:	
  3648 ;; *************** function _EUSART1_SetErrorHandler *****************
  3649 ;; Defined at:
  3650 ;;		line 272 in file "D:\yiming\00work\FR761_RX_V02.X\mcc_generated_files\eusart1.c"
  3651 ;; Parameters:    Size  Location     Type
  3652 ;;  interruptHan    2    0[COMMON] PTR FTN()void 
  3653 ;;		 -> EUSART1_DefaultErrorHandler(1), 
  3654 ;; Auto vars:     Size  Location     Type
  3655 ;;		None
  3656 ;; Return value:  Size  Location     Type
  3657 ;;                  1    wreg      void 
  3658 ;; Registers used:
  3659 ;;		wreg
  3660 ;; Tracked objects:
  3661 ;;		On entry : 0/0
  3662 ;;		On exit  : 0/0
  3663 ;;		Unchanged: 0/0
  3664 ;; Data sizes:     COMMON   BANK0   BANK1   BANK2
  3665 ;;      Params:         2       0       0       0
  3666 ;;      Locals:         0       0       0       0
  3667 ;;      Temps:          0       0       0       0
  3668 ;;      Totals:         2       0       0       0
  3669 ;;Total ram usage:        2 bytes
  3670 ;; Hardware stack levels used: 1
  3671 ;; Hardware stack levels required when called: 4
  3672 ;; This function calls:
  3673 ;;		Nothing
  3674 ;; This function is called by:
  3675 ;;		_EUSART1_Initialize
  3676 ;; This function uses a non-reentrant model
  3677 ;;
  3678                           
  3679     05DE                     _EUSART1_SetErrorHandler:	
  3680                           ;psect for function _EUSART1_SetErrorHandler
  3681                           
  3682     05DE                     l1976:	
  3683                           ;incstack = 0
  3684                           ; Regs used in _EUSART1_SetErrorHandler: [wreg]
  3685                           
  3686                           
  3687                           ;D:\yiming\00work\FR761_RX_V02.X\mcc_generated_files\eusart1.c: 273:     EUSART1_ErrorHa
      +                          ndler = interruptHandler;
  3688     05DE  0871               	movf	EUSART1_SetErrorHandler@interruptHandler+1,w
  3689     05DF  0141               	movlb	1	; select bank1
  3690     05E0  00AE               	movwf	(_EUSART1_ErrorHandler+1)^(0+128)
  3691     05E1  0870               	movf	EUSART1_SetErrorHandler@interruptHandler,w
  3692     05E2  00AD               	movwf	_EUSART1_ErrorHandler^(0+128)
  3693     05E3                     l448:
  3694     05E3  0008               	return
  3695     05E4                     __end_of_EUSART1_SetErrorHandler:
  3696                           
  3697                           	psect	text26
  3698     004F                     __ptext26:	
  3699 ;; *************** function _LIN_handler *****************
  3700 ;; Defined at:
  3701 ;;		line 92 in file "D:\yiming\00work\FR761_RX_V02.X\mcc_generated_files\LINDrivers\lin_slave.c"
  3702 ;; Parameters:    Size  Location     Type
  3703 ;;		None
  3704 ;; Auto vars:     Size  Location     Type
  3705 ;;		None
  3706 ;; Return value:  Size  Location     Type
  3707 ;;                  1    wreg      enum E3349
  3708 ;; Registers used:
  3709 ;;		wreg, fsr0l, fsr0h, fsr1l, fsr1h, status,2, status,0, pclath, cstack
  3710 ;; Tracked objects:
  3711 ;;		On entry : 0/0
  3712 ;;		On exit  : 0/0
  3713 ;;		Unchanged: 0/0
  3714 ;; Data sizes:     COMMON   BANK0   BANK1   BANK2
  3715 ;;      Params:         0       0       0       0
  3716 ;;      Locals:         0       0       0       0
  3717 ;;      Temps:          0       0       5       0
  3718 ;;      Totals:         0       0       5       0
  3719 ;;Total ram usage:        5 bytes
  3720 ;; Hardware stack levels used: 1
  3721 ;; Hardware stack levels required when called: 7
  3722 ;; This function calls:
  3723 ;;		NULL
  3724 ;;		_EUSART1_Read
  3725 ;;		_EUSART1_is_rx_ready
  3726 ;;		_LIN_breakCheck
  3727 ;;		_LIN_checkPID
  3728 ;;		_LIN_disableRx
  3729 ;;		_LIN_enableRx
  3730 ;;		_LIN_getChecksum
  3731 ;;		_LIN_getFromTable
  3732 ;;		_LIN_queuePacket
  3733 ;;		_LIN_startTimer
  3734 ;;		_LIN_stopTimer
  3735 ;;		_memset
  3736 ;;		_processLIN
  3737 ;; This function is called by:
  3738 ;;		_main
  3739 ;; This function uses a non-reentrant model
  3740 ;;
  3741                           
  3742     004F                     _LIN_handler:	
  3743                           ;psect for function _LIN_handler
  3744                           
  3745     004F                     l2444:	
  3746                           ;incstack = 0
  3747                           ; Regs used in _LIN_handler: [wreg-fsr1h+status,2+status,0+pclath+cstack]
  3748                           
  3749                           
  3750                           ;D:\yiming\00work\FR761_RX_V02.X\mcc_generated_files\LINDrivers\lin_slave.c: 93:     sta
      +                          tic lin_rx_state_t LIN_rxState = LIN_RX_IDLE;;D:\yiming\00work\FR761_RX_V02.X\mcc_genera
      +                          ted_files\LINDrivers\lin_slave.c: 94:     static uint8_t rxDataIndex = 0;;D:\yiming\00wo
      +                          rk\FR761_RX_V02.X\mcc_generated_files\LINDrivers\lin_slave.c: 96:     if(LIN_rxInProgres
      +                          s == 1){
  3751     004F  0140               	movlb	0	; select bank0
  3752     0050  0343               	decf	_LIN_rxInProgress,w
  3753     0051  1D03               	btfss	3,2
  3754     0052  2854               	goto	u1811
  3755     0053  2855               	goto	u1810
  3756     0054                     u1811:
  3757     0054  2950               	goto	l2526
  3758     0055                     u1810:
  3759     0055                     l2446:
  3760                           
  3761                           ;D:\yiming\00work\FR761_RX_V02.X\mcc_generated_files\LINDrivers\lin_slave.c: 97:        
      +                           if(LIN_timerRunning == 0){
  3762     0055  0842               	movf	_LIN_timerRunning,w
  3763     0056  1D03               	btfss	3,2
  3764     0057  2859               	goto	u1821
  3765     0058  285A               	goto	u1820
  3766     0059                     u1821:
  3767     0059  2950               	goto	l2526
  3768     005A                     u1820:
  3769     005A                     l2448:
  3770                           
  3771                           ;D:\yiming\00work\FR761_RX_V02.X\mcc_generated_files\LINDrivers\lin_slave.c: 99:        
      +                               LIN_rxState = LIN_RX_ERROR;
  3772     005A  3008               	movlw	8
  3773     005B  00C0               	movwf	LIN_handler@LIN_rxState
  3774     005C  2950               	goto	l2526
  3775     005D                     l2450:
  3776                           
  3777                           ;D:\yiming\00work\FR761_RX_V02.X\mcc_generated_files\LINDrivers\lin_slave.c: 105:       
      +                                if(EUSART1_is_rx_ready() > 0){
  3778     005D  3185  25A3  3180   	fcall	_EUSART1_is_rx_ready
  3779     0060  3A00               	xorlw	0
  3780     0061  1903               	skipnz
  3781     0062  2864               	goto	u1831
  3782     0063  2865               	goto	u1830
  3783     0064                     u1831:
  3784     0064  2979               	goto	l249
  3785     0065                     u1830:
  3786     0065                     l2452:
  3787                           
  3788                           ;D:\yiming\00work\FR761_RX_V02.X\mcc_generated_files\LINDrivers\lin_slave.c: 107:       
      +                                    LIN_startTimer(20);
  3789     0065  3014               	movlw	20
  3790     0066  3185  258A  3180   	fcall	_LIN_startTimer
  3791     0069                     l2454:
  3792                           
  3793                           ;D:\yiming\00work\FR761_RX_V02.X\mcc_generated_files\LINDrivers\lin_slave.c: 108:       
      +                                    LIN_rxInProgress = 1;
  3794     0069  3001               	movlw	1
  3795     006A  0140               	movlb	0	; select bank0
  3796     006B  00C3               	movwf	_LIN_rxInProgress
  3797     006C                     l2456:
  3798                           
  3799                           ;D:\yiming\00work\FR761_RX_V02.X\mcc_generated_files\LINDrivers\lin_slave.c: 109:       
      +                                    LIN_rxState = LIN_RX_BREAK;
  3800     006C  3001               	movlw	1
  3801     006D  00C0               	movwf	LIN_handler@LIN_rxState
  3802     006E  2979               	goto	l249
  3803     006F                     l2458:
  3804                           
  3805                           ;D:\yiming\00work\FR761_RX_V02.X\mcc_generated_files\LINDrivers\lin_slave.c: 113:       
      +                                if(EUSART1_is_rx_ready() > 0){
  3806     006F  3185  25A3  3180   	fcall	_EUSART1_is_rx_ready
  3807     0072  3A00               	xorlw	0
  3808     0073  1903               	skipnz
  3809     0074  2876               	goto	u1841
  3810     0075  2877               	goto	u1840
  3811     0076                     u1841:
  3812     0076  2979               	goto	l249
  3813     0077                     u1840:
  3814     0077                     l2460:
  3815                           
  3816                           ;D:\yiming\00work\FR761_RX_V02.X\mcc_generated_files\LINDrivers\lin_slave.c: 114:       
      +                                    if(LIN_breakCheck() == 1){
  3817     0077  3185  254B  3180   	fcall	_LIN_breakCheck
  3818     007A  3A01               	xorlw	1
  3819     007B  1D03               	skipz
  3820     007C  287E               	goto	u1851
  3821     007D  287F               	goto	u1850
  3822     007E                     u1851:
  3823     007E  2883               	goto	l225
  3824     007F                     u1850:
  3825     007F                     l2462:
  3826                           
  3827                           ;D:\yiming\00work\FR761_RX_V02.X\mcc_generated_files\LINDrivers\lin_slave.c: 115:       
      +                                        LIN_rxState = LIN_RX_SYNC;
  3828     007F  3002               	movlw	2
  3829     0080  0140               	movlb	0	; select bank0
  3830     0081  00C0               	movwf	LIN_handler@LIN_rxState
  3831                           
  3832                           ;D:\yiming\00work\FR761_RX_V02.X\mcc_generated_files\LINDrivers\lin_slave.c: 116:       
      +                                    } else {
  3833     0082  2979               	goto	l249
  3834     0083                     l225:
  3835                           
  3836                           ;D:\yiming\00work\FR761_RX_V02.X\mcc_generated_files\LINDrivers\lin_slave.c: 117:       
      +                                        LIN_rxState = LIN_RX_ERROR;
  3837     0083  3008               	movlw	8
  3838     0084  0140               	movlb	0	; select bank0
  3839     0085  00C0               	movwf	LIN_handler@LIN_rxState
  3840     0086  2979               	goto	l249
  3841     0087                     l2464:
  3842                           
  3843                           ;D:\yiming\00work\FR761_RX_V02.X\mcc_generated_files\LINDrivers\lin_slave.c: 122:       
      +                                if(EUSART1_is_rx_ready() > 0){
  3844     0087  3185  25A3  3180   	fcall	_EUSART1_is_rx_ready
  3845     008A  3A00               	xorlw	0
  3846     008B  1903               	skipnz
  3847     008C  288E               	goto	u1861
  3848     008D  288F               	goto	u1860
  3849     008E                     u1861:
  3850     008E  2979               	goto	l249
  3851     008F                     u1860:
  3852     008F                     l2466:
  3853                           
  3854                           ;D:\yiming\00work\FR761_RX_V02.X\mcc_generated_files\LINDrivers\lin_slave.c: 123:       
      +                                    if(EUSART1_Read() == 0x55){
  3855     008F  3184  240E  3180   	fcall	_EUSART1_Read
  3856     0092  3A55               	xorlw	85
  3857     0093  1D03               	skipz
  3858     0094  2896               	goto	u1871
  3859     0095  2897               	goto	u1870
  3860     0096                     u1871:
  3861     0096  2883               	goto	l225
  3862     0097                     u1870:
  3863     0097                     l2468:
  3864                           
  3865                           ;D:\yiming\00work\FR761_RX_V02.X\mcc_generated_files\LINDrivers\lin_slave.c: 124:       
      +                                        LIN_rxState = LIN_RX_PID;
  3866     0097  3003               	movlw	3
  3867     0098  0140               	movlb	0	; select bank0
  3868     0099  00C0               	movwf	LIN_handler@LIN_rxState
  3869                           
  3870                           ;D:\yiming\00work\FR761_RX_V02.X\mcc_generated_files\LINDrivers\lin_slave.c: 125:       
      +                                    } else {
  3871     009A  2979               	goto	l249
  3872     009B                     l2470:
  3873                           
  3874                           ;D:\yiming\00work\FR761_RX_V02.X\mcc_generated_files\LINDrivers\lin_slave.c: 131:       
      +                                if(EUSART1_is_rx_ready() > 0){
  3875     009B  3185  25A3  3180   	fcall	_EUSART1_is_rx_ready
  3876     009E  3A00               	xorlw	0
  3877     009F  1903               	skipnz
  3878     00A0  28A2               	goto	u1881
  3879     00A1  28A3               	goto	u1880
  3880     00A2                     u1881:
  3881     00A2  2979               	goto	l249
  3882     00A3                     u1880:
  3883     00A3                     l2472:
  3884                           
  3885                           ;D:\yiming\00work\FR761_RX_V02.X\mcc_generated_files\LINDrivers\lin_slave.c: 132:       
      +                                    LIN_packet.PID = EUSART1_Read();
  3886     00A3  3184  240E  3180   	fcall	_EUSART1_Read
  3887     00A6  0140               	movlb	0	; select bank0
  3888     00A7  00C7               	movwf	_LIN_packet
  3889     00A8                     l2474:
  3890                           
  3891                           ;D:\yiming\00work\FR761_RX_V02.X\mcc_generated_files\LINDrivers\lin_slave.c: 135:       
      +                                    if(LIN_checkPID(LIN_packet.PID) == 0){
  3892     00A8  0847               	movf	_LIN_packet,w
  3893     00A9  3184  24B5  3180   	fcall	_LIN_checkPID
  3894     00AC  3A00               	xorlw	0
  3895     00AD  1D03               	skipz
  3896     00AE  28B0               	goto	u1891
  3897     00AF  28B1               	goto	u1890
  3898     00B0                     u1891:
  3899     00B0  28B2               	goto	l2478
  3900     00B1                     u1890:
  3901     00B1  2883               	goto	l225
  3902     00B2                     l2478:
  3903                           
  3904                           ;D:\yiming\00work\FR761_RX_V02.X\mcc_generated_files\LINDrivers\lin_slave.c: 139:       
      +                                    LIN_packet.type = LIN_getFromTable(LIN_packet.PID, TYPE);
  3905     00B2  01F0               	clrf	LIN_getFromTable@param
  3906     00B3  0AF0               	incf	LIN_getFromTable@param,f
  3907     00B4  0140               	movlb	0	; select bank0
  3908     00B5  0847               	movf	_LIN_packet,w
  3909     00B6  3182  22DF  3180   	fcall	_LIN_getFromTable
  3910     00B9  0140               	movlb	0	; select bank0
  3911     00BA  00D1               	movwf	_LIN_packet+10
  3912     00BB                     l2480:
  3913                           
  3914                           ;D:\yiming\00work\FR761_RX_V02.X\mcc_generated_files\LINDrivers\lin_slave.c: 140:       
      +                                    if(LIN_packet.type == RECEIVE){
  3915     00BB  0351               	decf	_LIN_packet+10,w
  3916     00BC  1D03               	btfss	3,2
  3917     00BD  28BF               	goto	u1901
  3918     00BE  28C0               	goto	u1900
  3919     00BF                     u1901:
  3920     00BF  28CB               	goto	l2486
  3921     00C0                     u1900:
  3922     00C0                     l2482:
  3923                           
  3924                           ;D:\yiming\00work\FR761_RX_V02.X\mcc_generated_files\LINDrivers\lin_slave.c: 141:       
      +                                        LIN_packet.length = LIN_getFromTable(LIN_packet.PID, LENGTH);
  3925     00C0  3002               	movlw	2
  3926     00C1  00F0               	movwf	LIN_getFromTable@param
  3927     00C2  0847               	movf	_LIN_packet,w
  3928     00C3  3182  22DF  3180   	fcall	_LIN_getFromTable
  3929     00C6  0140               	movlb	0	; select bank0
  3930     00C7  00D2               	movwf	_LIN_packet+11
  3931     00C8                     l2484:
  3932                           
  3933                           ;D:\yiming\00work\FR761_RX_V02.X\mcc_generated_files\LINDrivers\lin_slave.c: 142:       
      +                                        LIN_rxState = LIN_RX_DATA;
  3934     00C8  3004               	movlw	4
  3935     00C9  00C0               	movwf	LIN_handler@LIN_rxState
  3936                           
  3937                           ;D:\yiming\00work\FR761_RX_V02.X\mcc_generated_files\LINDrivers\lin_slave.c: 143:       
      +                                    }
  3938     00CA  2979               	goto	l249
  3939     00CB                     l2486:
  3940                           
  3941                           ;D:\yiming\00work\FR761_RX_V02.X\mcc_generated_files\LINDrivers\lin_slave.c: 145:       
      +                                        LIN_disableRx();
  3942     00CB  3185  25F8  3180   	fcall	_LIN_disableRx
  3943     00CE                     l2488:
  3944                           
  3945                           ;D:\yiming\00work\FR761_RX_V02.X\mcc_generated_files\LINDrivers\lin_slave.c: 146:       
      +                                        LIN_rxState = LIN_RX_TX_DATA;
  3946     00CE  3006               	movlw	6
  3947     00CF  0140               	movlb	0	; select bank0
  3948     00D0  00C0               	movwf	LIN_handler@LIN_rxState
  3949     00D1  2979               	goto	l249
  3950     00D2                     l2490:
  3951                           
  3952                           ;D:\yiming\00work\FR761_RX_V02.X\mcc_generated_files\LINDrivers\lin_slave.c: 151:       
      +                                if(EUSART1_is_rx_ready() > 0){
  3953     00D2  3185  25A3  3180   	fcall	_EUSART1_is_rx_ready
  3954     00D5  3A00               	xorlw	0
  3955     00D6  1903               	skipnz
  3956     00D7  28D9               	goto	u1911
  3957     00D8  28DA               	goto	u1910
  3958     00D9                     u1911:
  3959     00D9  2979               	goto	l249
  3960     00DA                     u1910:
  3961     00DA                     l2492:
  3962                           
  3963                           ;D:\yiming\00work\FR761_RX_V02.X\mcc_generated_files\LINDrivers\lin_slave.c: 152:       
      +                                    LIN_packet.data[rxDataIndex] = EUSART1_Read();
  3964     00DA  3184  240E  3180   	fcall	_EUSART1_Read
  3965     00DD  0141               	movlb	1	; select bank1
  3966     00DE  00A8               	movwf	??_LIN_handler^(0+128)
  3967     00DF  3048               	movlw	low (_LIN_packet+1)
  3968     00E0  00A9               	movwf	(??_LIN_handler+1)^(0+128)
  3969     00E1  3000               	movlw	high (_LIN_packet+1)
  3970     00E2  00AA               	movwf	((??_LIN_handler+1)^(0+128)+1)
  3971     00E3  0140               	movlb	0	; select bank0
  3972     00E4  083F               	movf	LIN_handler@rxDataIndex,w
  3973     00E5  0141               	movlb	1	; select bank1
  3974     00E6  0729               	addwf	(??_LIN_handler+1)^(0+128),w
  3975     00E7  00AB               	movwf	(??_LIN_handler+3)^(0+128)
  3976     00E8  3000               	movlw	0
  3977     00E9  3D2A               	addwfc	(??_LIN_handler+2)^(0+128),w
  3978     00EA  00AC               	movwf	(??_LIN_handler+4)^(0+128)
  3979     00EB  082B               	movf	(??_LIN_handler+3)^(0+128),w
  3980     00EC  0086               	movwf	6
  3981     00ED  082C               	movf	(??_LIN_handler+4)^(0+128),w
  3982     00EE  0087               	movwf	7
  3983     00EF  0828               	movf	??_LIN_handler^(0+128),w
  3984     00F0  0081               	movwf	1
  3985     00F1                     l2494:
  3986                           
  3987                           ;D:\yiming\00work\FR761_RX_V02.X\mcc_generated_files\LINDrivers\lin_slave.c: 153:       
      +                                    if(++rxDataIndex >= LIN_packet.length){
  3988     00F1  3001               	movlw	1
  3989     00F2  0140               	movlb	0	; select bank0
  3990     00F3  07BF               	addwf	LIN_handler@rxDataIndex,f
  3991     00F4  0852               	movf	_LIN_packet+11,w
  3992     00F5  023F               	subwf	LIN_handler@rxDataIndex,w
  3993     00F6  1C03               	skipc
  3994     00F7  28F9               	goto	u1921
  3995     00F8  28FA               	goto	u1920
  3996     00F9                     u1921:
  3997     00F9  2979               	goto	l249
  3998     00FA                     u1920:
  3999     00FA                     l2496:
  4000                           
  4001                           ;D:\yiming\00work\FR761_RX_V02.X\mcc_generated_files\LINDrivers\lin_slave.c: 155:       
      +                                        rxDataIndex = 0;
  4002     00FA  01BF               	clrf	LIN_handler@rxDataIndex
  4003     00FB                     l2498:
  4004                           
  4005                           ;D:\yiming\00work\FR761_RX_V02.X\mcc_generated_files\LINDrivers\lin_slave.c: 156:       
      +                                        LIN_rxState = LIN_RX_CHECKSUM;
  4006     00FB  3005               	movlw	5
  4007     00FC  00C0               	movwf	LIN_handler@LIN_rxState
  4008     00FD  2979               	goto	l249
  4009     00FE                     l2500:
  4010                           
  4011                           ;D:\yiming\00work\FR761_RX_V02.X\mcc_generated_files\LINDrivers\lin_slave.c: 161:       
      +                                if(EUSART1_is_rx_ready() > 0){
  4012     00FE  3185  25A3  3180   	fcall	_EUSART1_is_rx_ready
  4013     0101  3A00               	xorlw	0
  4014     0102  1903               	skipnz
  4015     0103  2905               	goto	u1931
  4016     0104  2906               	goto	u1930
  4017     0105                     u1931:
  4018     0105  2979               	goto	l249
  4019     0106                     u1930:
  4020     0106                     l2502:
  4021                           
  4022                           ;D:\yiming\00work\FR761_RX_V02.X\mcc_generated_files\LINDrivers\lin_slave.c: 162:       
      +                                    LIN_packet.checksum = EUSART1_Read();
  4023     0106  3184  240E  3180   	fcall	_EUSART1_Read
  4024     0109  0140               	movlb	0	; select bank0
  4025     010A  00D0               	movwf	_LIN_packet+9
  4026                           
  4027                           ;D:\yiming\00work\FR761_RX_V02.X\mcc_generated_files\LINDrivers\lin_slave.c: 163:       
      +                                    if(LIN_packet.checksum != LIN_getChecksum(LIN_packet.length, LIN_packet.PID, L
      +                          IN_packet.data)) {
  4028     010B  0847               	movf	_LIN_packet,w
  4029     010C  00F0               	movwf	LIN_getChecksum@pid
  4030     010D  3048               	movlw	low (_LIN_packet+1)
  4031     010E  00F1               	movwf	LIN_getChecksum@data
  4032     010F  3000               	movlw	high (_LIN_packet+1)
  4033     0110  00F2               	movwf	LIN_getChecksum@data+1
  4034     0111  0852               	movf	_LIN_packet+11,w
  4035     0112  3183  23B6  3180   	fcall	_LIN_getChecksum
  4036     0115  0140               	movlb	0	; select bank0
  4037     0116  0650               	xorwf	_LIN_packet+9,w
  4038     0117  1903               	skipnz
  4039     0118  291A               	goto	u1941
  4040     0119  291B               	goto	u1940
  4041     011A                     u1941:
  4042     011A  291C               	goto	l241
  4043     011B                     u1940:
  4044     011B  2883               	goto	l225
  4045     011C                     l241:	
  4046                           ;D:\yiming\00work\FR761_RX_V02.X\mcc_generated_files\LINDrivers\lin_slave.c: 166:       
      +                                    else {
  4047                           
  4048                           
  4049                           ;D:\yiming\00work\FR761_RX_V02.X\mcc_generated_files\LINDrivers\lin_slave.c: 167:       
      +                                        LIN_rxState = LIN_RX_RDY;
  4050     011C  3007               	movlw	7
  4051     011D  00C0               	movwf	LIN_handler@LIN_rxState
  4052     011E  2979               	goto	l249
  4053     011F                     l2506:
  4054                           
  4055                           ;D:\yiming\00work\FR761_RX_V02.X\mcc_generated_files\LINDrivers\lin_slave.c: 172:       
      +                                LIN_queuePacket(LIN_packet.PID);
  4056     011F  0140               	movlb	0	; select bank0
  4057     0120  0847               	movf	_LIN_packet,w
  4058     0121  3182  227B  3180   	fcall	_LIN_queuePacket
  4059     0124                     l2508:
  4060                           
  4061                           ;D:\yiming\00work\FR761_RX_V02.X\mcc_generated_files\LINDrivers\lin_slave.c: 173:       
      +                                LIN_rxState = LIN_RX_RDY;
  4062     0124  3007               	movlw	7
  4063     0125  0140               	movlb	0	; select bank0
  4064     0126  00C0               	movwf	LIN_handler@LIN_rxState
  4065     0127                     l244:	
  4066                           ;D:\yiming\00work\FR761_RX_V02.X\mcc_generated_files\LINDrivers\lin_slave.c: 174:       
      +                            case LIN_RX_RDY:
  4067                           
  4068                           
  4069                           ;D:\yiming\00work\FR761_RX_V02.X\mcc_generated_files\LINDrivers\lin_slave.c: 175:       
      +                                LIN_processData();
  4070     0127  0140               	movlb	0	; select bank0
  4071     0128  0861               	movf	_LIN_processData+1,w
  4072     0129  008A               	movwf	10
  4073     012A  0860               	movf	_LIN_processData,w
  4074     012B  000A               	callw
  4075     012C  3180               	pagesel	$
  4076     012D                     l2510:
  4077                           
  4078                           ;D:\yiming\00work\FR761_RX_V02.X\mcc_generated_files\LINDrivers\lin_slave.c: 177:       
      +                                LIN_stopTimer();
  4079     012D  3186  2601  3180   	fcall	_LIN_stopTimer
  4080     0130                     l2512:
  4081                           
  4082                           ;D:\yiming\00work\FR761_RX_V02.X\mcc_generated_files\LINDrivers\lin_slave.c: 178:       
      +                                rxDataIndex = 0;
  4083     0130  0140               	movlb	0	; select bank0
  4084     0131  01BF               	clrf	LIN_handler@rxDataIndex
  4085     0132                     l2514:
  4086                           
  4087                           ;D:\yiming\00work\FR761_RX_V02.X\mcc_generated_files\LINDrivers\lin_slave.c: 179:       
      +                                LIN_rxInProgress = 0;
  4088     0132  01C3               	clrf	_LIN_rxInProgress
  4089     0133                     l2516:
  4090                           
  4091                           ;D:\yiming\00work\FR761_RX_V02.X\mcc_generated_files\LINDrivers\lin_slave.c: 180:       
      +                                memset(LIN_packet.rawPacket, 0, sizeof(LIN_packet.rawPacket));
  4092     0133  3047               	movlw	low _LIN_packet
  4093     0134  00F0               	movwf	memset@dest
  4094     0135  3000               	movlw	high _LIN_packet
  4095     0136  00F1               	movwf	memset@dest+1
  4096     0137  3000               	movlw	0
  4097     0138  00F2               	movwf	memset@c
  4098     0139  00F3               	movwf	memset@c+1
  4099     013A  300D               	movlw	13
  4100     013B  00F4               	movwf	memset@n
  4101     013C  3000               	movlw	0
  4102     013D  00F5               	movwf	memset@n+1
  4103     013E  3184  24CF  3180   	fcall	_memset
  4104     0141                     l2518:
  4105                           
  4106                           ;D:\yiming\00work\FR761_RX_V02.X\mcc_generated_files\LINDrivers\lin_slave.c: 182:       
      +                                if(TX1STAbits.TRMT){
  4107     0141  0142               	movlb	2	; select bank2
  4108     0142  1C9E               	btfss	30,1	;volatile
  4109     0143  2945               	goto	u1951
  4110     0144  2946               	goto	u1950
  4111     0145                     u1951:
  4112     0145  294C               	goto	l247
  4113     0146                     u1950:
  4114     0146                     l2520:
  4115                           
  4116                           ;D:\yiming\00work\FR761_RX_V02.X\mcc_generated_files\LINDrivers\lin_slave.c: 183:       
      +                                    LIN_enableRx();
  4117     0146  3185  25F3  3180   	fcall	_LIN_enableRx
  4118     0149                     l2522:
  4119                           
  4120                           ;D:\yiming\00work\FR761_RX_V02.X\mcc_generated_files\LINDrivers\lin_slave.c: 184:       
      +                                    LIN_rxState = LIN_RX_IDLE;
  4121     0149  0140               	movlb	0	; select bank0
  4122     014A  01C0               	clrf	LIN_handler@LIN_rxState
  4123                           
  4124                           ;D:\yiming\00work\FR761_RX_V02.X\mcc_generated_files\LINDrivers\lin_slave.c: 185:       
      +                                } else {
  4125     014B  2979               	goto	l249
  4126     014C                     l247:
  4127                           
  4128                           ;D:\yiming\00work\FR761_RX_V02.X\mcc_generated_files\LINDrivers\lin_slave.c: 186:       
      +                                    LIN_rxState = LIN_RX_WAIT;
  4129     014C  3009               	movlw	9
  4130     014D  0140               	movlb	0	; select bank0
  4131     014E  00C0               	movwf	LIN_handler@LIN_rxState
  4132     014F  2979               	goto	l249
  4133     0150                     l2526:
  4134     0150  0840               	movf	LIN_handler@LIN_rxState,w
  4135     0151  0141               	movlb	1	; select bank1
  4136     0152  00A8               	movwf	??_LIN_handler^(0+128)
  4137     0153  01A9               	clrf	(??_LIN_handler^(0+128)+1)
  4138                           
  4139                           ; Switch on 2 bytes has been partitioned into a top level switch of size 1, and 1 sub-sw
      +                          itches
  4140                           ; Switch size 1, requested type "simple"
  4141                           ; Number of cases is 1, Range of values is 0 to 0
  4142                           ; switch strategies available:
  4143                           ; Name         Instructions Cycles
  4144                           ; simple_byte            4     3 (average)
  4145                           ; direct_byte            8     6 (fixed)
  4146                           ; jumptable            260     6 (fixed)
  4147                           ;	Chosen strategy is simple_byte
  4148     0154  0829               	movf	(??_LIN_handler+1)^(0+128),w
  4149     0155  3A00               	xorlw	0	; case 0
  4150     0156  1903               	skipnz
  4151     0157  2959               	goto	l2616
  4152     0158  2979               	goto	l249
  4153     0159                     l2616:
  4154                           
  4155                           ; Switch size 1, requested type "simple"
  4156                           ; Number of cases is 10, Range of values is 0 to 9
  4157                           ; switch strategies available:
  4158                           ; Name         Instructions Cycles
  4159                           ; direct_byte           26     6 (fixed)
  4160                           ; simple_byte           31    16 (average)
  4161                           ; jumptable            260     6 (fixed)
  4162                           ;	Chosen strategy is simple_byte
  4163     0159  0828               	movf	??_LIN_handler^(0+128),w
  4164     015A  3A00               	xorlw	0	; case 0
  4165     015B  1903               	skipnz
  4166     015C  285D               	goto	l2450
  4167     015D  3A01               	xorlw	1	; case 1
  4168     015E  1903               	skipnz
  4169     015F  286F               	goto	l2458
  4170     0160  3A03               	xorlw	3	; case 2
  4171     0161  1903               	skipnz
  4172     0162  2887               	goto	l2464
  4173     0163  3A01               	xorlw	1	; case 3
  4174     0164  1903               	skipnz
  4175     0165  289B               	goto	l2470
  4176     0166  3A07               	xorlw	7	; case 4
  4177     0167  1903               	skipnz
  4178     0168  28D2               	goto	l2490
  4179     0169  3A01               	xorlw	1	; case 5
  4180     016A  1903               	skipnz
  4181     016B  28FE               	goto	l2500
  4182     016C  3A03               	xorlw	3	; case 6
  4183     016D  1903               	skipnz
  4184     016E  291F               	goto	l2506
  4185     016F  3A01               	xorlw	1	; case 7
  4186     0170  1903               	skipnz
  4187     0171  2927               	goto	l244
  4188     0172  3A0F               	xorlw	15	; case 8
  4189     0173  1903               	skipnz
  4190     0174  292D               	goto	l2510
  4191     0175  3A01               	xorlw	1	; case 9
  4192     0176  1903               	skipnz
  4193     0177  2941               	goto	l2518
  4194     0178  2979               	goto	l249
  4195     0179                     l249:
  4196     0179  0008               	return
  4197     017A                     __end_of_LIN_handler:
  4198                           
  4199                           	psect	text27
  4200     0200                     __ptext27:	
  4201 ;; *************** function _processLIN *****************
  4202 ;; Defined at:
  4203 ;;		line 55 in file "D:\yiming\00work\FR761_RX_V02.X\mcc_generated_files\LINDrivers\lin_app.c"
  4204 ;; Parameters:    Size  Location     Type
  4205 ;;		None
  4206 ;; Auto vars:     Size  Location     Type
  4207 ;;  tempRxData      8    0[BANK0 ] unsigned char [8]
  4208 ;;  lampFlags       1    9[BANK0 ] struct .
  4209 ;;  cmd             1    8[BANK0 ] unsigned char 
  4210 ;; Return value:  Size  Location     Type
  4211 ;;                  1    wreg      void 
  4212 ;; Registers used:
  4213 ;;		wreg, fsr0l, fsr0h, fsr1l, fsr1h, status,2, status,0, pclath, cstack
  4214 ;; Tracked objects:
  4215 ;;		On entry : 0/0
  4216 ;;		On exit  : 0/0
  4217 ;;		Unchanged: 0/0
  4218 ;; Data sizes:     COMMON   BANK0   BANK1   BANK2
  4219 ;;      Params:         0       0       0       0
  4220 ;;      Locals:         0      10       0       0
  4221 ;;      Temps:          1       0       0       0
  4222 ;;      Totals:         1      10       0       0
  4223 ;;Total ram usage:       11 bytes
  4224 ;; Hardware stack levels used: 1
  4225 ;; Hardware stack levels required when called: 6
  4226 ;; This function calls:
  4227 ;;		_DRL_OFF
  4228 ;;		_DRL_ON
  4229 ;;		_HiBeam_OFF
  4230 ;;		_HiBeam_ON
  4231 ;;		_LIN_getPacket
  4232 ;;		_POS_OFF
  4233 ;;		_POS_ON
  4234 ;; This function is called by:
  4235 ;;		_LIN_Slave_Initialize
  4236 ;;		_LIN_handler
  4237 ;; This function uses a non-reentrant model
  4238 ;;
  4239                           
  4240     0200                     _processLIN:	
  4241                           ;psect for function _processLIN
  4242                           
  4243     0200                     l2030:	
  4244                           ;incstack = 0
  4245                           ; Regs used in _processLIN: [wreg-fsr1h+status,2+status,0+pclath+cstack]
  4246                           
  4247     0200                     l2032:
  4248                           
  4249                           ;D:\yiming\00work\FR761_RX_V02.X\mcc_generated_files\LINDrivers\lin_app.c: 57:   uint8_t
      +                           tempRxData[8];;D:\yiming\00work\FR761_RX_V02.X\mcc_generated_files\LINDrivers\lin_app.c
      +                          : 58:   uint8_t cmd;;D:\yiming\00work\FR761_RX_V02.X\mcc_generated_files\LINDrivers\lin_
      +                          app.c: 60:   cmd = LIN_getPacket(tempRxData);
  4250     0200  3063               	movlw	(low (processLIN@tempRxData| 0))& (0+255)
  4251     0201  00F9               	movwf	LIN_getPacket@data
  4252     0202  3184  2455  3182   	fcall	_LIN_getPacket
  4253     0205  0140               	movlb	0	; select bank0
  4254     0206  00EB               	movwf	processLIN@cmd
  4255     0207                     l2034:
  4256                           
  4257                           ;D:\yiming\00work\FR761_RX_V02.X\mcc_generated_files\LINDrivers\lin_app.c: 62:   lampFla
      +                          gs.all_flags = lampFlags_old.all_flags;
  4258     0207  0845               	movf	_lampFlags_old,w
  4259     0208  00EC               	movwf	processLIN@lampFlags
  4260                           
  4261                           ;D:\yiming\00work\FR761_RX_V02.X\mcc_generated_files\LINDrivers\lin_app.c: 64:   switch 
      +                          (cmd) {
  4262     0209  2A4F               	goto	l2058
  4263     020A                     l2036:
  4264                           
  4265                           ;D:\yiming\00work\FR761_RX_V02.X\mcc_generated_files\LINDrivers\lin_app.c: 91:     if (t
      +                          empRxData[0] == 0x24) {
  4266     020A  3024               	movlw	36
  4267     020B  0663               	xorwf	processLIN@tempRxData,w
  4268     020C  1D03               	btfss	3,2
  4269     020D  2A0F               	goto	u1301
  4270     020E  2A10               	goto	u1300
  4271     020F                     u1301:
  4272     020F  2A3E               	goto	l2050
  4273     0210                     u1300:
  4274     0210                     l2038:
  4275                           
  4276                           ;D:\yiming\00work\FR761_RX_V02.X\mcc_generated_files\LINDrivers\lin_app.c: 94:       if 
      +                          ((tempRxData[1] & 0B10000000) == 0B10000000 || (tempRxData[1] & 0B01000000) == 0B0100000
      +                          0){
  4277     0210  1BE4               	btfsc	processLIN@tempRxData+1,7
  4278     0211  2A13               	goto	u1311
  4279     0212  2A14               	goto	u1310
  4280     0213                     u1311:
  4281     0213  2A18               	goto	l121
  4282     0214                     u1310:
  4283     0214                     l2040:
  4284     0214  1F64               	btfss	processLIN@tempRxData+1,6
  4285     0215  2A17               	goto	u1321
  4286     0216  2A18               	goto	u1320
  4287     0217                     u1321:
  4288     0217  2A1B               	goto	l119
  4289     0218                     u1320:
  4290     0218                     l121:
  4291                           
  4292                           ;D:\yiming\00work\FR761_RX_V02.X\mcc_generated_files\LINDrivers\lin_app.c: 95:         l
      +                          ampState.OverTaking = 1;
  4293     0218  15C6               	bsf	_lampState,3
  4294                           
  4295                           ;D:\yiming\00work\FR761_RX_V02.X\mcc_generated_files\LINDrivers\lin_app.c: 96:         l
      +                          ampFlags.fHIBEAM = 1;
  4296     0219  15EC               	bsf	processLIN@lampFlags,3
  4297                           
  4298                           ;D:\yiming\00work\FR761_RX_V02.X\mcc_generated_files\LINDrivers\lin_app.c: 97:       }el
      +                          se{
  4299     021A  2A1D               	goto	l122
  4300     021B                     l119:
  4301                           
  4302                           ;D:\yiming\00work\FR761_RX_V02.X\mcc_generated_files\LINDrivers\lin_app.c: 98:         l
      +                          ampState.OverTaking = 0;
  4303     021B  11C6               	bcf	_lampState,3
  4304                           
  4305                           ;D:\yiming\00work\FR761_RX_V02.X\mcc_generated_files\LINDrivers\lin_app.c: 99:         l
      +                          ampFlags.fHIBEAM = 0;
  4306     021C  11EC               	bcf	processLIN@lampFlags,3
  4307     021D                     l122:	
  4308                           ;D:\yiming\00work\FR761_RX_V02.X\mcc_generated_files\LINDrivers\lin_app.c: 100:       }
  4309                           
  4310                           
  4311                           ;D:\yiming\00work\FR761_RX_V02.X\mcc_generated_files\LINDrivers\lin_app.c: 127:       if
      +                           (((tempRxData[2] & 0B01000000) == 0B01000000) &&
  4312     021D  1F65               	btfss	processLIN@tempRxData+2,6
  4313     021E  2A20               	goto	u1331
  4314     021F  2A21               	goto	u1330
  4315     0220                     u1331:
  4316     0220  2A2C               	goto	l123
  4317     0221                     u1330:
  4318     0221                     l2042:
  4319     0221  3007               	movlw	7
  4320     0222  0567               	andwf	processLIN@tempRxData+4,w
  4321     0223  00FB               	movwf	??_processLIN
  4322     0224  3007               	movlw	7
  4323     0225  067B               	xorwf	??_processLIN,w
  4324     0226  1D03               	btfss	3,2
  4325     0227  2A29               	goto	u1341
  4326     0228  2A2A               	goto	u1340
  4327     0229                     u1341:
  4328     0229  2A2C               	goto	l123
  4329     022A                     u1340:
  4330     022A                     l2044:
  4331                           
  4332                           ;D:\yiming\00work\FR761_RX_V02.X\mcc_generated_files\LINDrivers\lin_app.c: 128:         
      +                            ((tempRxData[4] & 0B00000111) == 0B00000111)) {;D:\yiming\00work\FR761_RX_V02.X\mcc_ge
      +                          nerated_files\LINDrivers\lin_app.c: 129:         lampFlags.fDRL = 1;
  4333     022A  146C               	bsf	processLIN@lampFlags,0
  4334                           
  4335                           ;D:\yiming\00work\FR761_RX_V02.X\mcc_generated_files\LINDrivers\lin_app.c: 130:       }e
      +                          lse {
  4336     022B  2A2D               	goto	l124
  4337     022C                     l123:
  4338                           
  4339                           ;D:\yiming\00work\FR761_RX_V02.X\mcc_generated_files\LINDrivers\lin_app.c: 131:         
      +                          lampFlags.fDRL = 0;
  4340     022C  106C               	bcf	processLIN@lampFlags,0
  4341     022D                     l124:	
  4342                           ;D:\yiming\00work\FR761_RX_V02.X\mcc_generated_files\LINDrivers\lin_app.c: 132:       }
  4343                           
  4344                           
  4345                           ;D:\yiming\00work\FR761_RX_V02.X\mcc_generated_files\LINDrivers\lin_app.c: 136:       if
      +                           (((tempRxData[5] & 0B00100000) == 0B00100000) &&
  4346     022D  1EE8               	btfss	processLIN@tempRxData+5,5
  4347     022E  2A30               	goto	u1351
  4348     022F  2A31               	goto	u1350
  4349     0230                     u1351:
  4350     0230  2A3C               	goto	l125
  4351     0231                     u1350:
  4352     0231                     l2046:
  4353     0231  3007               	movlw	7
  4354     0232  0567               	andwf	processLIN@tempRxData+4,w
  4355     0233  00FB               	movwf	??_processLIN
  4356     0234  3007               	movlw	7
  4357     0235  067B               	xorwf	??_processLIN,w
  4358     0236  1D03               	btfss	3,2
  4359     0237  2A39               	goto	u1361
  4360     0238  2A3A               	goto	u1360
  4361     0239                     u1361:
  4362     0239  2A3C               	goto	l125
  4363     023A                     u1360:
  4364     023A                     l2048:
  4365                           
  4366                           ;D:\yiming\00work\FR761_RX_V02.X\mcc_generated_files\LINDrivers\lin_app.c: 137:         
      +                            ((tempRxData[4] & 0B00000111) == 0B00000111)) {;D:\yiming\00work\FR761_RX_V02.X\mcc_ge
      +                          nerated_files\LINDrivers\lin_app.c: 138:         lampFlags.fPOS = 1;
  4367     023A  14EC               	bsf	processLIN@lampFlags,1
  4368                           
  4369                           ;D:\yiming\00work\FR761_RX_V02.X\mcc_generated_files\LINDrivers\lin_app.c: 139:       }e
      +                          lse{
  4370     023B  2A54               	goto	l130
  4371     023C                     l125:
  4372                           
  4373                           ;D:\yiming\00work\FR761_RX_V02.X\mcc_generated_files\LINDrivers\lin_app.c: 140:         
      +                          lampFlags.fPOS = 0;
  4374     023C  10EC               	bcf	processLIN@lampFlags,1
  4375     023D  2A54               	goto	l130
  4376     023E                     l2050:
  4377     023E  0363               	decf	processLIN@tempRxData,w
  4378     023F  1D03               	btfss	3,2
  4379     0240  2A42               	goto	u1371
  4380     0241  2A43               	goto	u1370
  4381     0242                     u1371:
  4382     0242  2A54               	goto	l130
  4383     0243                     u1370:
  4384     0243                     l2052:
  4385                           
  4386                           ;D:\yiming\00work\FR761_RX_V02.X\mcc_generated_files\LINDrivers\lin_app.c: 144:       if
      +                           ((tempRxData[4] & 0B00000111) == 0B00000111) {
  4387     0243  3007               	movlw	7
  4388     0244  0567               	andwf	processLIN@tempRxData+4,w
  4389     0245  00FB               	movwf	??_processLIN
  4390     0246  3007               	movlw	7
  4391     0247  067B               	xorwf	??_processLIN,w
  4392     0248  1D03               	btfss	3,2
  4393     0249  2A4B               	goto	u1381
  4394     024A  2A4C               	goto	u1380
  4395     024B                     u1381:
  4396     024B  2A54               	goto	l130
  4397     024C                     u1380:
  4398     024C                     l2054:
  4399                           
  4400                           ;D:\yiming\00work\FR761_RX_V02.X\mcc_generated_files\LINDrivers\lin_app.c: 145:         
      +                          lampState.all_flags = 0;
  4401     024C  01C6               	clrf	_lampState
  4402                           
  4403                           ;D:\yiming\00work\FR761_RX_V02.X\mcc_generated_files\LINDrivers\lin_app.c: 146:         
      +                          lampFlags.all_flags = 0;
  4404     024D  01EC               	clrf	processLIN@lampFlags
  4405     024E  2A54               	goto	l130
  4406     024F                     l2058:
  4407     024F  086B               	movf	processLIN@cmd,w
  4408                           
  4409                           ; Switch size 1, requested type "simple"
  4410                           ; Number of cases is 1, Range of values is 1 to 1
  4411                           ; switch strategies available:
  4412                           ; Name         Instructions Cycles
  4413                           ; simple_byte            4     3 (average)
  4414                           ; direct_byte           11     9 (fixed)
  4415                           ; jumptable            263     9 (fixed)
  4416                           ;	Chosen strategy is simple_byte
  4417     0250  3A01               	xorlw	1	; case 1
  4418     0251  1903               	skipnz
  4419     0252  2A0A               	goto	l2036
  4420     0253  2A54               	goto	l130
  4421     0254                     l130:
  4422                           
  4423                           ;D:\yiming\00work\FR761_RX_V02.X\mcc_generated_files\LINDrivers\lin_app.c: 159:   if (la
      +                          mpFlags.fDRL) {
  4424     0254  1C6C               	btfss	processLIN@lampFlags,0
  4425     0255  2A57               	goto	u1391
  4426     0256  2A58               	goto	u1390
  4427     0257                     u1391:
  4428     0257  2A5C               	goto	l2062
  4429     0258                     u1390:
  4430     0258                     l2060:
  4431                           
  4432                           ;D:\yiming\00work\FR761_RX_V02.X\mcc_generated_files\LINDrivers\lin_app.c: 160:     DRL_
      +                          ON();
  4433     0258  3186  2628  3182   	fcall	_DRL_ON
  4434                           
  4435                           ;D:\yiming\00work\FR761_RX_V02.X\mcc_generated_files\LINDrivers\lin_app.c: 161:   } else
      +                           {
  4436     025B  2A5F               	goto	l2064
  4437     025C                     l2062:
  4438                           
  4439                           ;D:\yiming\00work\FR761_RX_V02.X\mcc_generated_files\LINDrivers\lin_app.c: 162:     DRL_
      +                          OFF();
  4440     025C  3186  262B  3182   	fcall	_DRL_OFF
  4441     025F                     l2064:
  4442                           
  4443                           ;D:\yiming\00work\FR761_RX_V02.X\mcc_generated_files\LINDrivers\lin_app.c: 165:   if (la
      +                          mpFlags.fPOS) {
  4444     025F  0140               	movlb	0	; select bank0
  4445     0260  1CEC               	btfss	processLIN@lampFlags,1
  4446     0261  2A63               	goto	u1401
  4447     0262  2A64               	goto	u1400
  4448     0263                     u1401:
  4449     0263  2A68               	goto	l2068
  4450     0264                     u1400:
  4451     0264                     l2066:
  4452                           
  4453                           ;D:\yiming\00work\FR761_RX_V02.X\mcc_generated_files\LINDrivers\lin_app.c: 166:     POS_
      +                          ON();
  4454     0264  3186  261C  3182   	fcall	_POS_ON
  4455                           
  4456                           ;D:\yiming\00work\FR761_RX_V02.X\mcc_generated_files\LINDrivers\lin_app.c: 167:   } else
      +                           {
  4457     0267  2A6B               	goto	l2070
  4458     0268                     l2068:
  4459                           
  4460                           ;D:\yiming\00work\FR761_RX_V02.X\mcc_generated_files\LINDrivers\lin_app.c: 168:     POS_
      +                          OFF();
  4461     0268  3186  261F  3182   	fcall	_POS_OFF
  4462     026B                     l2070:
  4463                           
  4464                           ;D:\yiming\00work\FR761_RX_V02.X\mcc_generated_files\LINDrivers\lin_app.c: 177:   if (la
      +                          mpFlags.fHIBEAM) {
  4465     026B  0140               	movlb	0	; select bank0
  4466     026C  1DEC               	btfss	processLIN@lampFlags,3
  4467     026D  2A6F               	goto	u1411
  4468     026E  2A70               	goto	u1410
  4469     026F                     u1411:
  4470     026F  2A74               	goto	l2074
  4471     0270                     u1410:
  4472     0270                     l2072:
  4473                           
  4474                           ;D:\yiming\00work\FR761_RX_V02.X\mcc_generated_files\LINDrivers\lin_app.c: 178:     HiBe
      +                          am_ON();
  4475     0270  3186  2622  3182   	fcall	_HiBeam_ON
  4476                           
  4477                           ;D:\yiming\00work\FR761_RX_V02.X\mcc_generated_files\LINDrivers\lin_app.c: 179:   } else
      +                           {
  4478     0273  2A77               	goto	l2076
  4479     0274                     l2074:
  4480                           
  4481                           ;D:\yiming\00work\FR761_RX_V02.X\mcc_generated_files\LINDrivers\lin_app.c: 180:     HiBe
      +                          am_OFF();
  4482     0274  3186  2625  3182   	fcall	_HiBeam_OFF
  4483     0277                     l2076:
  4484                           
  4485                           ;D:\yiming\00work\FR761_RX_V02.X\mcc_generated_files\LINDrivers\lin_app.c: 194:   lampFl
      +                          ags_old.all_flags = lampFlags.all_flags;
  4486     0277  0140               	movlb	0	; select bank0
  4487     0278  086C               	movf	processLIN@lampFlags,w
  4488     0279  00C5               	movwf	_lampFlags_old
  4489     027A                     l138:
  4490     027A  0008               	return
  4491     027B                     __end_of_processLIN:
  4492                           
  4493                           	psect	text28
  4494     061C                     __ptext28:	
  4495 ;; *************** function _POS_ON *****************
  4496 ;; Defined at:
  4497 ;;		line 51 in file "D:\yiming\00work\FR761_RX_V02.X\gpio.c"
  4498 ;; Parameters:    Size  Location     Type
  4499 ;;		None
  4500 ;; Auto vars:     Size  Location     Type
  4501 ;;		None
  4502 ;; Return value:  Size  Location     Type
  4503 ;;                  1    wreg      void 
  4504 ;; Registers used:
  4505 ;;		None
  4506 ;; Tracked objects:
  4507 ;;		On entry : 0/0
  4508 ;;		On exit  : 0/0
  4509 ;;		Unchanged: 0/0
  4510 ;; Data sizes:     COMMON   BANK0   BANK1   BANK2
  4511 ;;      Params:         0       0       0       0
  4512 ;;      Locals:         0       0       0       0
  4513 ;;      Temps:          0       0       0       0
  4514 ;;      Totals:         0       0       0       0
  4515 ;;Total ram usage:        0 bytes
  4516 ;; Hardware stack levels used: 1
  4517 ;; Hardware stack levels required when called: 4
  4518 ;; This function calls:
  4519 ;;		Nothing
  4520 ;; This function is called by:
  4521 ;;		_processLIN
  4522 ;; This function uses a non-reentrant model
  4523 ;;
  4524                           
  4525     061C                     _POS_ON:	
  4526                           ;psect for function _POS_ON
  4527                           
  4528     061C                     l1854:	
  4529                           ;incstack = 0
  4530                           ; Regs used in _POS_ON: []
  4531                           
  4532     061C  0140               	movlb	0	; select bank0
  4533     061D  1698               	bsf	24,5	;volatile
  4534     061E                     l57:
  4535     061E  0008               	return
  4536     061F                     __end_of_POS_ON:
  4537                           
  4538                           	psect	text29
  4539     061F                     __ptext29:	
  4540 ;; *************** function _POS_OFF *****************
  4541 ;; Defined at:
  4542 ;;		line 52 in file "D:\yiming\00work\FR761_RX_V02.X\gpio.c"
  4543 ;; Parameters:    Size  Location     Type
  4544 ;;		None
  4545 ;; Auto vars:     Size  Location     Type
  4546 ;;		None
  4547 ;; Return value:  Size  Location     Type
  4548 ;;                  1    wreg      void 
  4549 ;; Registers used:
  4550 ;;		None
  4551 ;; Tracked objects:
  4552 ;;		On entry : 0/0
  4553 ;;		On exit  : 0/0
  4554 ;;		Unchanged: 0/0
  4555 ;; Data sizes:     COMMON   BANK0   BANK1   BANK2
  4556 ;;      Params:         0       0       0       0
  4557 ;;      Locals:         0       0       0       0
  4558 ;;      Temps:          0       0       0       0
  4559 ;;      Totals:         0       0       0       0
  4560 ;;Total ram usage:        0 bytes
  4561 ;; Hardware stack levels used: 1
  4562 ;; Hardware stack levels required when called: 4
  4563 ;; This function calls:
  4564 ;;		Nothing
  4565 ;; This function is called by:
  4566 ;;		_processLIN
  4567 ;; This function uses a non-reentrant model
  4568 ;;
  4569                           
  4570     061F                     _POS_OFF:	
  4571                           ;psect for function _POS_OFF
  4572                           
  4573     061F                     l1856:	
  4574                           ;incstack = 0
  4575                           ; Regs used in _POS_OFF: []
  4576                           
  4577     061F  0140               	movlb	0	; select bank0
  4578     0620  1298               	bcf	24,5	;volatile
  4579     0621                     l60:
  4580     0621  0008               	return
  4581     0622                     __end_of_POS_OFF:
  4582                           
  4583                           	psect	text30
  4584     0455                     __ptext30:	
  4585 ;; *************** function _LIN_getPacket *****************
  4586 ;; Defined at:
  4587 ;;		line 203 in file "D:\yiming\00work\FR761_RX_V02.X\mcc_generated_files\LINDrivers\lin_slave.c"
  4588 ;; Parameters:    Size  Location     Type
  4589 ;;  data            1    9[COMMON] PTR unsigned char 
  4590 ;;		 -> processLIN@tempRxData(8), 
  4591 ;; Auto vars:     Size  Location     Type
  4592 ;;  cmd             1   10[COMMON] unsigned char 
  4593 ;; Return value:  Size  Location     Type
  4594 ;;                  1    wreg      unsigned char 
  4595 ;; Registers used:
  4596 ;;		wreg, fsr1l, fsr1h, status,2, status,0, pclath, cstack
  4597 ;; Tracked objects:
  4598 ;;		On entry : 0/0
  4599 ;;		On exit  : 0/0
  4600 ;;		Unchanged: 0/0
  4601 ;; Data sizes:     COMMON   BANK0   BANK1   BANK2
  4602 ;;      Params:         1       0       0       0
  4603 ;;      Locals:         1       0       0       0
  4604 ;;      Temps:          0       0       0       0
  4605 ;;      Totals:         2       0       0       0
  4606 ;;Total ram usage:        2 bytes
  4607 ;; Hardware stack levels used: 1
  4608 ;; Hardware stack levels required when called: 5
  4609 ;; This function calls:
  4610 ;;		_memcpy
  4611 ;;		_memset
  4612 ;; This function is called by:
  4613 ;;		_processLIN
  4614 ;; This function uses a non-reentrant model
  4615 ;;
  4616                           
  4617     0455                     _LIN_getPacket:	
  4618                           ;psect for function _LIN_getPacket
  4619                           
  4620     0455                     l1866:	
  4621                           ;incstack = 0
  4622                           ; Regs used in _LIN_getPacket: [wreg+fsr1l+fsr1h+status,2+status,0+pclath+cstack]
  4623                           
  4624                           
  4625                           ;D:\yiming\00work\FR761_RX_V02.X\mcc_generated_files\LINDrivers\lin_slave.c: 204:     ui
      +                          nt8_t cmd = LIN_packet.PID & 0x3F;
  4626     0455  0140               	movlb	0	; select bank0
  4627     0456  0847               	movf	_LIN_packet,w
  4628     0457  393F               	andlw	63
  4629     0458  00FA               	movwf	LIN_getPacket@cmd
  4630     0459                     l1868:
  4631                           
  4632                           ;D:\yiming\00work\FR761_RX_V02.X\mcc_generated_files\LINDrivers\lin_slave.c: 206:     me
      +                          mcpy(data, LIN_packet.data, sizeof(LIN_packet.data));
  4633     0459  0879               	movf	LIN_getPacket@data,w
  4634     045A  00F0               	movwf	memcpy@d1
  4635     045B  01F1               	clrf	memcpy@d1+1
  4636     045C  3048               	movlw	low (_LIN_packet+1)
  4637     045D  00F2               	movwf	memcpy@s1
  4638     045E  3000               	movlw	high (_LIN_packet+1)
  4639     045F  00F3               	movwf	memcpy@s1+1
  4640     0460  3008               	movlw	8
  4641     0461  00F4               	movwf	memcpy@n
  4642     0462  3000               	movlw	0
  4643     0463  00F5               	movwf	memcpy@n+1
  4644     0464  3184  2477  3184   	fcall	_memcpy
  4645     0467                     l1870:
  4646                           
  4647                           ;D:\yiming\00work\FR761_RX_V02.X\mcc_generated_files\LINDrivers\lin_slave.c: 207:     me
      +                          mset(LIN_packet.rawPacket, 0, sizeof(LIN_packet.rawPacket));
  4648     0467  3047               	movlw	low _LIN_packet
  4649     0468  00F0               	movwf	memset@dest
  4650     0469  3000               	movlw	high _LIN_packet
  4651     046A  00F1               	movwf	memset@dest+1
  4652     046B  3000               	movlw	0
  4653     046C  00F2               	movwf	memset@c
  4654     046D  00F3               	movwf	memset@c+1
  4655     046E  300D               	movlw	13
  4656     046F  00F4               	movwf	memset@n
  4657     0470  3000               	movlw	0
  4658     0471  00F5               	movwf	memset@n+1
  4659     0472  3184  24CF  3184   	fcall	_memset
  4660     0475                     l1872:
  4661                           
  4662                           ;D:\yiming\00work\FR761_RX_V02.X\mcc_generated_files\LINDrivers\lin_slave.c: 209:     re
      +                          turn cmd;
  4663     0475  087A               	movf	LIN_getPacket@cmd,w
  4664     0476                     l258:
  4665     0476  0008               	return
  4666     0477                     __end_of_LIN_getPacket:
  4667                           
  4668                           	psect	text31
  4669     04CF                     __ptext31:	
  4670 ;; *************** function _memset *****************
  4671 ;; Defined at:
  4672 ;;		line 3 in file "c:\PROGRA~1\MICROC~1\xc8\v3.00\pic\sources\c99\common\memset.c"
  4673 ;; Parameters:    Size  Location     Type
  4674 ;;  dest            2    0[COMMON] PTR void 
  4675 ;;		 -> LIN_packet(13), 
  4676 ;;  c               2    2[COMMON] int 
  4677 ;;  n               2    4[COMMON] unsigned int 
  4678 ;; Auto vars:     Size  Location     Type
  4679 ;;  p               1    6[COMMON] PTR unsigned char 
  4680 ;;		 -> LIN_packet(13), 
  4681 ;; Return value:  Size  Location     Type
  4682 ;;                  2    0[COMMON] PTR void 
  4683 ;; Registers used:
  4684 ;;		wreg, fsr1l, fsr1h, status,2, status,0
  4685 ;; Tracked objects:
  4686 ;;		On entry : 0/0
  4687 ;;		On exit  : 0/0
  4688 ;;		Unchanged: 0/0
  4689 ;; Data sizes:     COMMON   BANK0   BANK1   BANK2
  4690 ;;      Params:         6       0       0       0
  4691 ;;      Locals:         1       0       0       0
  4692 ;;      Temps:          0       0       0       0
  4693 ;;      Totals:         7       0       0       0
  4694 ;;Total ram usage:        7 bytes
  4695 ;; Hardware stack levels used: 1
  4696 ;; Hardware stack levels required when called: 4
  4697 ;; This function calls:
  4698 ;;		Nothing
  4699 ;; This function is called by:
  4700 ;;		_LIN_handler
  4701 ;;		_LIN_getPacket
  4702 ;; This function uses a non-reentrant model
  4703 ;;
  4704                           
  4705     04CF                     _memset:	
  4706                           ;psect for function _memset
  4707                           
  4708     04CF                     l1816:	
  4709                           ;incstack = 0
  4710                           ; Regs used in _memset: [wreg+fsr1l+fsr1h+status,2+status,0]
  4711                           
  4712     04CF  0870               	movf	memset@dest,w
  4713     04D0  00F6               	movwf	memset@p
  4714     04D1  2CD9               	goto	l1822
  4715     04D2                     l1818:
  4716     04D2  0876               	movf	memset@p,w
  4717     04D3  0086               	movwf	6
  4718     04D4  0187               	clrf	7
  4719     04D5  0872               	movf	memset@c,w
  4720     04D6  0081               	movwf	1
  4721     04D7                     l1820:
  4722     04D7  3001               	movlw	1
  4723     04D8  07F6               	addwf	memset@p,f
  4724     04D9                     l1822:
  4725     04D9  3001               	movlw	1
  4726     04DA  02F4               	subwf	memset@n,f
  4727     04DB  3000               	movlw	0
  4728     04DC  3BF5               	subwfb	memset@n+1,f
  4729     04DD  0A74               	incf	memset@n,w
  4730     04DE  1D03               	skipz
  4731     04DF  2CE4               	goto	u931
  4732     04E0  0A75               	incf	memset@n+1,w
  4733     04E1  1D03               	btfss	3,2
  4734     04E2  2CE4               	goto	u931
  4735     04E3  2CE5               	goto	u930
  4736     04E4                     u931:
  4737     04E4  2CD2               	goto	l1818
  4738     04E5                     u930:
  4739     04E5                     l1128:
  4740     04E5  0008               	return
  4741     04E6                     __end_of_memset:
  4742                           
  4743                           	psect	text32
  4744     0622                     __ptext32:	
  4745 ;; *************** function _HiBeam_ON *****************
  4746 ;; Defined at:
  4747 ;;		line 39 in file "D:\yiming\00work\FR761_RX_V02.X\gpio.c"
  4748 ;; Parameters:    Size  Location     Type
  4749 ;;		None
  4750 ;; Auto vars:     Size  Location     Type
  4751 ;;		None
  4752 ;; Return value:  Size  Location     Type
  4753 ;;                  1    wreg      void 
  4754 ;; Registers used:
  4755 ;;		None
  4756 ;; Tracked objects:
  4757 ;;		On entry : 0/0
  4758 ;;		On exit  : 0/0
  4759 ;;		Unchanged: 0/0
  4760 ;; Data sizes:     COMMON   BANK0   BANK1   BANK2
  4761 ;;      Params:         0       0       0       0
  4762 ;;      Locals:         0       0       0       0
  4763 ;;      Temps:          0       0       0       0
  4764 ;;      Totals:         0       0       0       0
  4765 ;;Total ram usage:        0 bytes
  4766 ;; Hardware stack levels used: 1
  4767 ;; Hardware stack levels required when called: 4
  4768 ;; This function calls:
  4769 ;;		Nothing
  4770 ;; This function is called by:
  4771 ;;		_processLIN
  4772 ;; This function uses a non-reentrant model
  4773 ;;
  4774                           
  4775     0622                     _HiBeam_ON:	
  4776                           ;psect for function _HiBeam_ON
  4777                           
  4778     0622                     l1846:	
  4779                           ;incstack = 0
  4780                           ; Regs used in _HiBeam_ON: []
  4781                           
  4782                           
  4783                           ;D:\yiming\00work\FR761_RX_V02.X\gpio.c: 40:   LATAbits.LATA4 = 1;
  4784     0622  0140               	movlb	0	; select bank0
  4785     0623  1618               	bsf	24,4	;volatile
  4786     0624                     l45:
  4787     0624  0008               	return
  4788     0625                     __end_of_HiBeam_ON:
  4789                           
  4790                           	psect	text33
  4791     0625                     __ptext33:	
  4792 ;; *************** function _HiBeam_OFF *****************
  4793 ;; Defined at:
  4794 ;;		line 44 in file "D:\yiming\00work\FR761_RX_V02.X\gpio.c"
  4795 ;; Parameters:    Size  Location     Type
  4796 ;;		None
  4797 ;; Auto vars:     Size  Location     Type
  4798 ;;		None
  4799 ;; Return value:  Size  Location     Type
  4800 ;;                  1    wreg      void 
  4801 ;; Registers used:
  4802 ;;		None
  4803 ;; Tracked objects:
  4804 ;;		On entry : 0/0
  4805 ;;		On exit  : 0/0
  4806 ;;		Unchanged: 0/0
  4807 ;; Data sizes:     COMMON   BANK0   BANK1   BANK2
  4808 ;;      Params:         0       0       0       0
  4809 ;;      Locals:         0       0       0       0
  4810 ;;      Temps:          0       0       0       0
  4811 ;;      Totals:         0       0       0       0
  4812 ;;Total ram usage:        0 bytes
  4813 ;; Hardware stack levels used: 1
  4814 ;; Hardware stack levels required when called: 4
  4815 ;; This function calls:
  4816 ;;		Nothing
  4817 ;; This function is called by:
  4818 ;;		_processLIN
  4819 ;; This function uses a non-reentrant model
  4820 ;;
  4821                           
  4822     0625                     _HiBeam_OFF:	
  4823                           ;psect for function _HiBeam_OFF
  4824                           
  4825     0625                     l1848:	
  4826                           ;incstack = 0
  4827                           ; Regs used in _HiBeam_OFF: []
  4828                           
  4829                           
  4830                           ;D:\yiming\00work\FR761_RX_V02.X\gpio.c: 45:   LATAbits.LATA4 = 0;
  4831     0625  0140               	movlb	0	; select bank0
  4832     0626  1218               	bcf	24,4	;volatile
  4833     0627                     l48:
  4834     0627  0008               	return
  4835     0628                     __end_of_HiBeam_OFF:
  4836                           
  4837                           	psect	text34
  4838     0628                     __ptext34:	
  4839 ;; *************** function _DRL_ON *****************
  4840 ;; Defined at:
  4841 ;;		line 49 in file "D:\yiming\00work\FR761_RX_V02.X\gpio.c"
  4842 ;; Parameters:    Size  Location     Type
  4843 ;;		None
  4844 ;; Auto vars:     Size  Location     Type
  4845 ;;		None
  4846 ;; Return value:  Size  Location     Type
  4847 ;;                  1    wreg      void 
  4848 ;; Registers used:
  4849 ;;		None
  4850 ;; Tracked objects:
  4851 ;;		On entry : 0/0
  4852 ;;		On exit  : 0/0
  4853 ;;		Unchanged: 0/0
  4854 ;; Data sizes:     COMMON   BANK0   BANK1   BANK2
  4855 ;;      Params:         0       0       0       0
  4856 ;;      Locals:         0       0       0       0
  4857 ;;      Temps:          0       0       0       0
  4858 ;;      Totals:         0       0       0       0
  4859 ;;Total ram usage:        0 bytes
  4860 ;; Hardware stack levels used: 1
  4861 ;; Hardware stack levels required when called: 4
  4862 ;; This function calls:
  4863 ;;		Nothing
  4864 ;; This function is called by:
  4865 ;;		_processLIN
  4866 ;; This function uses a non-reentrant model
  4867 ;;
  4868                           
  4869     0628                     _DRL_ON:	
  4870                           ;psect for function _DRL_ON
  4871                           
  4872     0628                     l1850:	
  4873                           ;incstack = 0
  4874                           ; Regs used in _DRL_ON: []
  4875                           
  4876     0628  0140               	movlb	0	; select bank0
  4877     0629  1498               	bsf	24,1	;volatile
  4878     062A                     l51:
  4879     062A  0008               	return
  4880     062B                     __end_of_DRL_ON:
  4881                           
  4882                           	psect	text35
  4883     062B                     __ptext35:	
  4884 ;; *************** function _DRL_OFF *****************
  4885 ;; Defined at:
  4886 ;;		line 50 in file "D:\yiming\00work\FR761_RX_V02.X\gpio.c"
  4887 ;; Parameters:    Size  Location     Type
  4888 ;;		None
  4889 ;; Auto vars:     Size  Location     Type
  4890 ;;		None
  4891 ;; Return value:  Size  Location     Type
  4892 ;;                  1    wreg      void 
  4893 ;; Registers used:
  4894 ;;		None
  4895 ;; Tracked objects:
  4896 ;;		On entry : 0/0
  4897 ;;		On exit  : 0/0
  4898 ;;		Unchanged: 0/0
  4899 ;; Data sizes:     COMMON   BANK0   BANK1   BANK2
  4900 ;;      Params:         0       0       0       0
  4901 ;;      Locals:         0       0       0       0
  4902 ;;      Temps:          0       0       0       0
  4903 ;;      Totals:         0       0       0       0
  4904 ;;Total ram usage:        0 bytes
  4905 ;; Hardware stack levels used: 1
  4906 ;; Hardware stack levels required when called: 4
  4907 ;; This function calls:
  4908 ;;		Nothing
  4909 ;; This function is called by:
  4910 ;;		_processLIN
  4911 ;; This function uses a non-reentrant model
  4912 ;;
  4913                           
  4914     062B                     _DRL_OFF:	
  4915                           ;psect for function _DRL_OFF
  4916                           
  4917     062B                     l1852:	
  4918                           ;incstack = 0
  4919                           ; Regs used in _DRL_OFF: []
  4920                           
  4921     062B  0140               	movlb	0	; select bank0
  4922     062C  1098               	bcf	24,1	;volatile
  4923     062D                     l54:
  4924     062D  0008               	return
  4925     062E                     __end_of_DRL_OFF:
  4926                           
  4927                           	psect	text36
  4928     0601                     __ptext36:	
  4929 ;; *************** function _LIN_stopTimer *****************
  4930 ;; Defined at:
  4931 ;;		line 307 in file "D:\yiming\00work\FR761_RX_V02.X\mcc_generated_files\LINDrivers\lin_slave.c"
  4932 ;; Parameters:    Size  Location     Type
  4933 ;;		None
  4934 ;; Auto vars:     Size  Location     Type
  4935 ;;		None
  4936 ;; Return value:  Size  Location     Type
  4937 ;;                  1    wreg      void 
  4938 ;; Registers used:
  4939 ;;		status,2
  4940 ;; Tracked objects:
  4941 ;;		On entry : 0/0
  4942 ;;		On exit  : 0/0
  4943 ;;		Unchanged: 0/0
  4944 ;; Data sizes:     COMMON   BANK0   BANK1   BANK2
  4945 ;;      Params:         0       0       0       0
  4946 ;;      Locals:         0       0       0       0
  4947 ;;      Temps:          0       0       0       0
  4948 ;;      Totals:         0       0       0       0
  4949 ;;Total ram usage:        0 bytes
  4950 ;; Hardware stack levels used: 1
  4951 ;; Hardware stack levels required when called: 4
  4952 ;; This function calls:
  4953 ;;		Nothing
  4954 ;; This function is called by:
  4955 ;;		_LIN_init
  4956 ;;		_LIN_handler
  4957 ;; This function uses a non-reentrant model
  4958 ;;
  4959                           
  4960     0601                     _LIN_stopTimer:	
  4961                           ;psect for function _LIN_stopTimer
  4962                           
  4963     0601                     l1782:	
  4964                           ;incstack = 0
  4965                           ; Regs used in _LIN_stopTimer: [status,2]
  4966                           
  4967                           
  4968                           ;D:\yiming\00work\FR761_RX_V02.X\mcc_generated_files\LINDrivers\lin_slave.c: 309:     Co
      +                          untCallBack = 0;
  4969     0601  0140               	movlb	0	; select bank0
  4970     0602  01C1               	clrf	_CountCallBack	;volatile
  4971                           
  4972                           ;D:\yiming\00work\FR761_RX_V02.X\mcc_generated_files\LINDrivers\lin_slave.c: 310:     LI
      +                          N_timerRunning = 0;
  4973     0603  01C2               	clrf	_LIN_timerRunning
  4974     0604                     l300:
  4975     0604  0008               	return
  4976     0605                     __end_of_LIN_stopTimer:
  4977                           
  4978                           	psect	text37
  4979     058A                     __ptext37:	
  4980 ;; *************** function _LIN_startTimer *****************
  4981 ;; Defined at:
  4982 ;;		line 284 in file "D:\yiming\00work\FR761_RX_V02.X\mcc_generated_files\LINDrivers\lin_slave.c"
  4983 ;; Parameters:    Size  Location     Type
  4984 ;;  timeout         1    wreg     unsigned char 
  4985 ;; Auto vars:     Size  Location     Type
  4986 ;;  timeout         1    1[COMMON] unsigned char 
  4987 ;; Return value:  Size  Location     Type
  4988 ;;                  1    wreg      void 
  4989 ;; Registers used:
  4990 ;;		wreg, status,2, status,0, pclath, cstack
  4991 ;; Tracked objects:
  4992 ;;		On entry : 0/0
  4993 ;;		On exit  : 0/0
  4994 ;;		Unchanged: 0/0
  4995 ;; Data sizes:     COMMON   BANK0   BANK1   BANK2
  4996 ;;      Params:         0       0       0       0
  4997 ;;      Locals:         1       0       0       0
  4998 ;;      Temps:          0       0       0       0
  4999 ;;      Totals:         1       0       0       0
  5000 ;;Total ram usage:        1 bytes
  5001 ;; Hardware stack levels used: 1
  5002 ;; Hardware stack levels required when called: 5
  5003 ;; This function calls:
  5004 ;;		_TMR0_WriteTimer
  5005 ;; This function is called by:
  5006 ;;		_LIN_handler
  5007 ;; This function uses a non-reentrant model
  5008 ;;
  5009                           
  5010     058A                     _LIN_startTimer:	
  5011                           ;psect for function _LIN_startTimer
  5012                           
  5013                           
  5014                           ;incstack = 0
  5015                           ; Regs used in _LIN_startTimer: [wreg+status,2+status,0+pclath+cstack]
  5016                           ;LIN_startTimer@timeout stored from wreg
  5017     058A  00F1               	movwf	LIN_startTimer@timeout
  5018     058B                     l2106:
  5019                           
  5020                           ;D:\yiming\00work\FR761_RX_V02.X\mcc_generated_files\LINDrivers\lin_slave.c: 285:     LI
      +                          N_timeout = timeout;
  5021     058B  0871               	movf	LIN_startTimer@timeout,w
  5022     058C  0140               	movlb	0	; select bank0
  5023     058D  00ED               	movwf	_LIN_timeout
  5024     058E                     l2108:
  5025                           
  5026                           ;D:\yiming\00work\FR761_RX_V02.X\mcc_generated_files\LINDrivers\lin_slave.c: 286:     TM
      +                          R0_WriteTimer(0);
  5027     058E  3000               	movlw	0
  5028     058F  3185  25EE  3185   	fcall	_TMR0_WriteTimer
  5029     0592                     l2110:
  5030                           
  5031                           ;D:\yiming\00work\FR761_RX_V02.X\mcc_generated_files\LINDrivers\lin_slave.c: 287:     __
      +                          nop();
  5032     0592  0000               	nop
  5033     0593                     l2112:
  5034                           
  5035                           ;D:\yiming\00work\FR761_RX_V02.X\mcc_generated_files\LINDrivers\lin_slave.c: 288:     LI
      +                          N_timerRunning = 1;
  5036     0593  3001               	movlw	1
  5037     0594  0140               	movlb	0	; select bank0
  5038     0595  00C2               	movwf	_LIN_timerRunning
  5039     0596                     l290:
  5040     0596  0008               	return
  5041     0597                     __end_of_LIN_startTimer:
  5042                           
  5043                           	psect	text38
  5044     05EE                     __ptext38:	
  5045 ;; *************** function _TMR0_WriteTimer *****************
  5046 ;; Defined at:
  5047 ;;		line 109 in file "D:\yiming\00work\FR761_RX_V02.X\mcc_generated_files\tmr0.c"
  5048 ;; Parameters:    Size  Location     Type
  5049 ;;  timerVal        1    wreg     unsigned char 
  5050 ;; Auto vars:     Size  Location     Type
  5051 ;;  timerVal        1    0[COMMON] unsigned char 
  5052 ;; Return value:  Size  Location     Type
  5053 ;;                  1    wreg      void 
  5054 ;; Registers used:
  5055 ;;		wreg
  5056 ;; Tracked objects:
  5057 ;;		On entry : 0/0
  5058 ;;		On exit  : 0/0
  5059 ;;		Unchanged: 0/0
  5060 ;; Data sizes:     COMMON   BANK0   BANK1   BANK2
  5061 ;;      Params:         0       0       0       0
  5062 ;;      Locals:         1       0       0       0
  5063 ;;      Temps:          0       0       0       0
  5064 ;;      Totals:         1       0       0       0
  5065 ;;Total ram usage:        1 bytes
  5066 ;; Hardware stack levels used: 1
  5067 ;; Hardware stack levels required when called: 4
  5068 ;; This function calls:
  5069 ;;		Nothing
  5070 ;; This function is called by:
  5071 ;;		_Clear_No_Call_Warning
  5072 ;;		_LIN_startTimer
  5073 ;; This function uses a non-reentrant model
  5074 ;;
  5075                           
  5076     05EE                     _TMR0_WriteTimer:	
  5077                           ;psect for function _TMR0_WriteTimer
  5078                           
  5079                           
  5080                           ;incstack = 0
  5081                           ; Regs used in _TMR0_WriteTimer: [wreg]
  5082                           ;TMR0_WriteTimer@timerVal stored from wreg
  5083     05EE  00F0               	movwf	TMR0_WriteTimer@timerVal
  5084     05EF                     l1842:
  5085                           
  5086                           ;D:\yiming\00work\FR761_RX_V02.X\mcc_generated_files\tmr0.c: 109: void TMR0_WriteTimer(u
      +                          int8_t timerVal);D:\yiming\00work\FR761_RX_V02.X\mcc_generated_files\tmr0.c: 110: {;D:\y
      +                          iming\00work\FR761_RX_V02.X\mcc_generated_files\tmr0.c: 112:     TMR0L = timerVal;
  5087     05EF  0870               	movf	TMR0_WriteTimer@timerVal,w
  5088     05F0  014B               	movlb	11	; select bank11
  5089     05F1  009C               	movwf	28	;volatile
  5090     05F2                     l579:
  5091     05F2  0008               	return
  5092     05F3                     __end_of_TMR0_WriteTimer:
  5093                           
  5094                           	psect	text39
  5095     027B                     __ptext39:	
  5096 ;; *************** function _LIN_queuePacket *****************
  5097 ;; Defined at:
  5098 ;;		line 67 in file "D:\yiming\00work\FR761_RX_V02.X\mcc_generated_files\LINDrivers\lin_slave.c"
  5099 ;; Parameters:    Size  Location     Type
  5100 ;;  cmd             1    wreg     unsigned char 
  5101 ;; Auto vars:     Size  Location     Type
  5102 ;;  cmd             1    3[BANK0 ] unsigned char 
  5103 ;;  i               1    4[BANK0 ] unsigned char 
  5104 ;;  tempSchedule    2    5[BANK0 ] PTR const struct .
  5105 ;;		 -> NULL(0), scheduleTable(5), 
  5106 ;; Return value:  Size  Location     Type
  5107 ;;                  1    wreg      void 
  5108 ;; Registers used:
  5109 ;;		wreg, fsr0l, fsr0h, fsr1l, fsr1h, status,2, status,0, pclath, cstack
  5110 ;; Tracked objects:
  5111 ;;		On entry : 0/0
  5112 ;;		On exit  : 0/0
  5113 ;;		Unchanged: 0/0
  5114 ;; Data sizes:     COMMON   BANK0   BANK1   BANK2
  5115 ;;      Params:         0       0       0       0
  5116 ;;      Locals:         0       4       0       0
  5117 ;;      Temps:          0       3       0       0
  5118 ;;      Totals:         0       7       0       0
  5119 ;;Total ram usage:        7 bytes
  5120 ;; Hardware stack levels used: 1
  5121 ;; Hardware stack levels required when called: 6
  5122 ;; This function calls:
  5123 ;;		_LIN_getChecksum
  5124 ;;		_LIN_sendPacket
  5125 ;;		_memcpy
  5126 ;; This function is called by:
  5127 ;;		_LIN_handler
  5128 ;; This function uses a non-reentrant model
  5129 ;;
  5130                           
  5131     027B                     _LIN_queuePacket:	
  5132                           ;psect for function _LIN_queuePacket
  5133                           
  5134                           
  5135                           ;incstack = 0
  5136                           ; Regs used in _LIN_queuePacket: [wreg-fsr1h+status,2+status,0+pclath+cstack]
  5137                           ;LIN_queuePacket@cmd stored from wreg
  5138     027B  0140               	movlb	0	; select bank0
  5139     027C  00E6               	movwf	LIN_queuePacket@cmd
  5140     027D                     l2420:
  5141                           
  5142                           ;D:\yiming\00work\FR761_RX_V02.X\mcc_generated_files\LINDrivers\lin_slave.c: 68:     con
      +                          st lin_rx_cmd_t* tempSchedule = LIN_rxCommand;
  5143     027D  085F               	movf	_LIN_rxCommand+1,w
  5144     027E  00E9               	movwf	LIN_queuePacket@tempSchedule+1
  5145     027F  085E               	movf	_LIN_rxCommand,w
  5146     0280  00E8               	movwf	LIN_queuePacket@tempSchedule
  5147     0281                     l2422:
  5148                           
  5149                           ;D:\yiming\00work\FR761_RX_V02.X\mcc_generated_files\LINDrivers\lin_slave.c: 70:     cmd
      +                           &= 0x3F;
  5150     0281  303F               	movlw	63
  5151     0282  05E6               	andwf	LIN_queuePacket@cmd,f
  5152     0283                     l2424:
  5153                           
  5154                           ;D:\yiming\00work\FR761_RX_V02.X\mcc_generated_files\LINDrivers\lin_slave.c: 71:     for
      +                          (uint8_t i = 0; i < LIN_rxCommandLength; i++){
  5155     0283  01E7               	clrf	LIN_queuePacket@i
  5156     0284  2A96               	goto	l2434
  5157     0285                     l2426:
  5158                           
  5159                           ;D:\yiming\00work\FR761_RX_V02.X\mcc_generated_files\LINDrivers\lin_slave.c: 72:        
      +                           if(cmd == tempSchedule->cmd){
  5160     0285  0868               	movf	LIN_queuePacket@tempSchedule,w
  5161     0286  0084               	movwf	4
  5162     0287  0869               	movf	LIN_queuePacket@tempSchedule+1,w
  5163     0288  0085               	movwf	5
  5164     0289  0800               	movf	0,w	;code access
  5165     028A  0666               	xorwf	LIN_queuePacket@cmd,w
  5166     028B  1D03               	skipz
  5167     028C  2A8E               	goto	u1791
  5168     028D  2A8F               	goto	u1790
  5169     028E                     u1791:
  5170     028E  2A90               	goto	l2430
  5171     028F                     u1790:
  5172     028F  2A9C               	goto	l2436
  5173     0290                     l2430:
  5174                           
  5175                           ;D:\yiming\00work\FR761_RX_V02.X\mcc_generated_files\LINDrivers\lin_slave.c: 75:        
      +                           tempSchedule++;
  5176     0290  3005               	movlw	5
  5177     0291  07E8               	addwf	LIN_queuePacket@tempSchedule,f
  5178     0292  3000               	movlw	0
  5179     0293  3DE9               	addwfc	LIN_queuePacket@tempSchedule+1,f
  5180     0294                     l2432:
  5181                           
  5182                           ;D:\yiming\00work\FR761_RX_V02.X\mcc_generated_files\LINDrivers\lin_slave.c: 76:     }
  5183     0294  3001               	movlw	1
  5184     0295  07E7               	addwf	LIN_queuePacket@i,f
  5185     0296                     l2434:
  5186     0296  0862               	movf	_LIN_rxCommandLength,w
  5187     0297  0267               	subwf	LIN_queuePacket@i,w
  5188     0298  1C03               	skipc
  5189     0299  2A9B               	goto	u1801
  5190     029A  2A9C               	goto	u1800
  5191     029B                     u1801:
  5192     029B  2A85               	goto	l2426
  5193     029C                     u1800:
  5194     029C                     l2436:
  5195                           
  5196                           ;D:\yiming\00work\FR761_RX_V02.X\mcc_generated_files\LINDrivers\lin_slave.c: 78:     LIN
      +                          _packet.type = tempSchedule->type;
  5197     029C  3001               	movlw	1
  5198     029D  0768               	addwf	LIN_queuePacket@tempSchedule,w
  5199     029E  0084               	movwf	4
  5200     029F  0869               	movf	LIN_queuePacket@tempSchedule+1,w
  5201     02A0  1803               	skipnc
  5202     02A1  3E01               	addlw	1
  5203     02A2  0085               	movwf	5
  5204     02A3  0800               	movf	0,w	;code access
  5205     02A4  00D1               	movwf	_LIN_packet+10
  5206                           
  5207                           ;D:\yiming\00work\FR761_RX_V02.X\mcc_generated_files\LINDrivers\lin_slave.c: 79:     LIN
      +                          _packet.length = tempSchedule->length;
  5208     02A5  3002               	movlw	2
  5209     02A6  0768               	addwf	LIN_queuePacket@tempSchedule,w
  5210     02A7  0084               	movwf	4
  5211     02A8  0869               	movf	LIN_queuePacket@tempSchedule+1,w
  5212     02A9  1803               	skipnc
  5213     02AA  3E01               	addlw	1
  5214     02AB  0085               	movwf	5
  5215     02AC  0800               	movf	0,w	;code access
  5216     02AD  00D2               	movwf	_LIN_packet+11
  5217     02AE                     l2438:
  5218                           
  5219                           ;D:\yiming\00work\FR761_RX_V02.X\mcc_generated_files\LINDrivers\lin_slave.c: 83:     mem
      +                          cpy(LIN_packet.data, tempSchedule->data, LIN_packet.length);
  5220     02AE  3048               	movlw	low (_LIN_packet+1)
  5221     02AF  00F0               	movwf	memcpy@d1
  5222     02B0  3000               	movlw	high (_LIN_packet+1)
  5223     02B1  00F1               	movwf	memcpy@d1+1
  5224     02B2  3003               	movlw	3
  5225     02B3  0768               	addwf	LIN_queuePacket@tempSchedule,w
  5226     02B4  0084               	movwf	4
  5227     02B5  0869               	movf	LIN_queuePacket@tempSchedule+1,w
  5228     02B6  1803               	skipnc
  5229     02B7  3E01               	addlw	1
  5230     02B8  0085               	movwf	5
  5231     02B9  3F00               	moviw [0]fsr0
  5232     02BA  00F2               	movwf	memcpy@s1
  5233     02BB  3F01               	moviw [1]fsr0
  5234     02BC  00F3               	movwf	memcpy@s1+1
  5235     02BD  0852               	movf	_LIN_packet+11,w
  5236     02BE  00E4               	movwf	??_LIN_queuePacket+1
  5237     02BF  01E5               	clrf	??_LIN_queuePacket+2
  5238     02C0  0864               	movf	??_LIN_queuePacket+1,w
  5239     02C1  00F4               	movwf	memcpy@n
  5240     02C2  0865               	movf	??_LIN_queuePacket+2,w
  5241     02C3  00F5               	movwf	memcpy@n+1
  5242     02C4  3184  2477  3182   	fcall	_memcpy
  5243     02C7                     l2440:
  5244                           
  5245                           ;D:\yiming\00work\FR761_RX_V02.X\mcc_generated_files\LINDrivers\lin_slave.c: 86:     LIN
      +                          _packet.checksum = LIN_getChecksum(LIN_packet.length, LIN_packet.PID, LIN_packet.data);
  5246     02C7  0140               	movlb	0	; select bank0
  5247     02C8  0847               	movf	_LIN_packet,w
  5248     02C9  00F0               	movwf	LIN_getChecksum@pid
  5249     02CA  3048               	movlw	low (_LIN_packet+1)
  5250     02CB  00F1               	movwf	LIN_getChecksum@data
  5251     02CC  3000               	movlw	high (_LIN_packet+1)
  5252     02CD  00F2               	movwf	LIN_getChecksum@data+1
  5253     02CE  0852               	movf	_LIN_packet+11,w
  5254     02CF  3183  23B6  3182   	fcall	_LIN_getChecksum
  5255     02D2  0140               	movlb	0	; select bank0
  5256     02D3  00D0               	movwf	_LIN_packet+9
  5257     02D4                     l2442:
  5258                           
  5259                           ;D:\yiming\00work\FR761_RX_V02.X\mcc_generated_files\LINDrivers\lin_slave.c: 87:     LIN
      +                          _sendPacket(LIN_packet.length, LIN_packet.PID, LIN_packet.data);
  5260     02D4  0847               	movf	_LIN_packet,w
  5261     02D5  00F9               	movwf	LIN_sendPacket@pid
  5262     02D6  3048               	movlw	low (_LIN_packet+1)
  5263     02D7  00FA               	movwf	LIN_sendPacket@data
  5264     02D8  3000               	movlw	high (_LIN_packet+1)
  5265     02D9  00FB               	movwf	LIN_sendPacket@data+1
  5266     02DA  0852               	movf	_LIN_packet+11,w
  5267     02DB  3184  2432  3182   	fcall	_LIN_sendPacket
  5268     02DE                     l210:
  5269     02DE  0008               	return
  5270     02DF                     __end_of_LIN_queuePacket:
  5271                           
  5272                           	psect	text40
  5273     0477                     __ptext40:	
  5274 ;; *************** function _memcpy *****************
  5275 ;; Defined at:
  5276 ;;		line 4 in file "c:\PROGRA~1\MICROC~1\xc8\v3.00\pic\sources\c99\common\memcpy.c"
  5277 ;; Parameters:    Size  Location     Type
  5278 ;;  d1              2    0[COMMON] PTR void 
  5279 ;;		 -> LIN_packet(13), processLIN@tempRxData(8), 
  5280 ;;  s1              2    2[COMMON] PTR const void 
  5281 ;;		 -> LIN_packet$data(8), LIN_packet(13), SIGNAL_Data(8), 
  5282 ;;  n               2    4[COMMON] unsigned int 
  5283 ;; Auto vars:     Size  Location     Type
  5284 ;;  s               1    8[COMMON] PTR const unsigned char 
  5285 ;;		 -> LIN_packet$data(8), LIN_packet(13), SIGNAL_Data(8), 
  5286 ;;  d               1    7[COMMON] PTR unsigned char 
  5287 ;;		 -> LIN_packet(13), processLIN@tempRxData(8), 
  5288 ;;  tmp             1    6[COMMON] unsigned char 
  5289 ;; Return value:  Size  Location     Type
  5290 ;;                  2    0[COMMON] PTR void 
  5291 ;; Registers used:
  5292 ;;		wreg, fsr1l, fsr1h, status,2, status,0
  5293 ;; Tracked objects:
  5294 ;;		On entry : 0/0
  5295 ;;		On exit  : 0/0
  5296 ;;		Unchanged: 0/0
  5297 ;; Data sizes:     COMMON   BANK0   BANK1   BANK2
  5298 ;;      Params:         6       0       0       0
  5299 ;;      Locals:         3       0       0       0
  5300 ;;      Temps:          0       0       0       0
  5301 ;;      Totals:         9       0       0       0
  5302 ;;Total ram usage:        9 bytes
  5303 ;; Hardware stack levels used: 1
  5304 ;; Hardware stack levels required when called: 4
  5305 ;; This function calls:
  5306 ;;		Nothing
  5307 ;; This function is called by:
  5308 ;;		_LIN_queuePacket
  5309 ;;		_LIN_getPacket
  5310 ;; This function uses a non-reentrant model
  5311 ;;
  5312                           
  5313     0477                     _memcpy:	
  5314                           ;psect for function _memcpy
  5315                           
  5316     0477                     l1788:	
  5317                           ;incstack = 0
  5318                           ; Regs used in _memcpy: [wreg+fsr1l+fsr1h+status,2+status,0]
  5319                           
  5320     0477  0872               	movf	memcpy@s1,w
  5321     0478  00F8               	movwf	memcpy@s
  5322     0479  0870               	movf	memcpy@d1,w
  5323     047A  00F7               	movwf	memcpy@d
  5324     047B  2C8A               	goto	l1119
  5325     047C                     l1790:
  5326     047C  0878               	movf	memcpy@s,w
  5327     047D  0086               	movwf	6
  5328     047E  0187               	clrf	7
  5329     047F  0801               	movf	1,w
  5330     0480  00F6               	movwf	memcpy@tmp
  5331     0481                     l1792:
  5332     0481  3001               	movlw	1
  5333     0482  07F8               	addwf	memcpy@s,f
  5334     0483                     l1794:
  5335     0483  0877               	movf	memcpy@d,w
  5336     0484  0086               	movwf	6
  5337     0485  0187               	clrf	7
  5338     0486  0876               	movf	memcpy@tmp,w
  5339     0487  0081               	movwf	1
  5340     0488  3001               	movlw	1
  5341     0489  07F7               	addwf	memcpy@d,f
  5342     048A                     l1119:
  5343     048A  3001               	movlw	1
  5344     048B  02F4               	subwf	memcpy@n,f
  5345     048C  3000               	movlw	0
  5346     048D  3BF5               	subwfb	memcpy@n+1,f
  5347     048E  0A74               	incf	memcpy@n,w
  5348     048F  1D03               	skipz
  5349     0490  2C95               	goto	u901
  5350     0491  0A75               	incf	memcpy@n+1,w
  5351     0492  1D03               	btfss	3,2
  5352     0493  2C95               	goto	u901
  5353     0494  2C96               	goto	u900
  5354     0495                     u901:
  5355     0495  2C7C               	goto	l1790
  5356     0496                     u900:
  5357     0496                     l1122:
  5358     0496  0008               	return
  5359     0497                     __end_of_memcpy:
  5360                           
  5361                           	psect	text41
  5362     0432                     __ptext41:	
  5363 ;; *************** function _LIN_sendPacket *****************
  5364 ;; Defined at:
  5365 ;;		line 193 in file "D:\yiming\00work\FR761_RX_V02.X\mcc_generated_files\LINDrivers\lin_slave.c"
  5366 ;; Parameters:    Size  Location     Type
  5367 ;;  length          1    wreg     unsigned char 
  5368 ;;  pid             1    9[COMMON] unsigned char 
  5369 ;;  data            2   10[COMMON] PTR unsigned char 
  5370 ;;		 -> LIN_packet(13), 
  5371 ;; Auto vars:     Size  Location     Type
  5372 ;;  length          1   12[COMMON] unsigned char 
  5373 ;;  i               1   13[COMMON] unsigned char 
  5374 ;; Return value:  Size  Location     Type
  5375 ;;                  1    wreg      void 
  5376 ;; Registers used:
  5377 ;;		wreg, fsr1l, fsr1h, status,2, status,0, pclath, cstack
  5378 ;; Tracked objects:
  5379 ;;		On entry : 0/0
  5380 ;;		On exit  : 0/0
  5381 ;;		Unchanged: 0/0
  5382 ;; Data sizes:     COMMON   BANK0   BANK1   BANK2
  5383 ;;      Params:         3       0       0       0
  5384 ;;      Locals:         2       0       0       0
  5385 ;;      Temps:          0       0       0       0
  5386 ;;      Totals:         5       0       0       0
  5387 ;;Total ram usage:        5 bytes
  5388 ;; Hardware stack levels used: 1
  5389 ;; Hardware stack levels required when called: 5
  5390 ;; This function calls:
  5391 ;;		_EUSART1_Write
  5392 ;;		_LIN_getChecksum
  5393 ;; This function is called by:
  5394 ;;		_LIN_queuePacket
  5395 ;; This function uses a non-reentrant model
  5396 ;;
  5397                           
  5398     0432                     _LIN_sendPacket:	
  5399                           ;psect for function _LIN_sendPacket
  5400                           
  5401                           
  5402                           ;incstack = 0
  5403                           ; Regs used in _LIN_sendPacket: [wreg+fsr1l+fsr1h+status,2+status,0+pclath+cstack]
  5404                           ;LIN_sendPacket@length stored from wreg
  5405     0432  00FC               	movwf	LIN_sendPacket@length
  5406     0433                     l1876:
  5407                           
  5408                           ;D:\yiming\00work\FR761_RX_V02.X\mcc_generated_files\LINDrivers\lin_slave.c: 196:     fo
      +                          r(uint8_t i = 0; i < length; i++){
  5409     0433  01FD               	clrf	LIN_sendPacket@i
  5410     0434  2C41               	goto	l1882
  5411     0435                     l1878:
  5412                           
  5413                           ;D:\yiming\00work\FR761_RX_V02.X\mcc_generated_files\LINDrivers\lin_slave.c: 197:       
      +                            EUSART1_Write(*(data + i));
  5414     0435  087D               	movf	LIN_sendPacket@i,w
  5415     0436  077A               	addwf	LIN_sendPacket@data,w
  5416     0437  0086               	movwf	6
  5417     0438  3000               	movlw	0
  5418     0439  3D7B               	addwfc	LIN_sendPacket@data+1,w
  5419     043A  0087               	movwf	7
  5420     043B  0801               	movf	1,w
  5421     043C  3183  23E8  3184   	fcall	_EUSART1_Write
  5422     043F                     l1880:
  5423                           
  5424                           ;D:\yiming\00work\FR761_RX_V02.X\mcc_generated_files\LINDrivers\lin_slave.c: 198:     }
  5425     043F  3001               	movlw	1
  5426     0440  07FD               	addwf	LIN_sendPacket@i,f
  5427     0441                     l1882:
  5428     0441  087C               	movf	LIN_sendPacket@length,w
  5429     0442  027D               	subwf	LIN_sendPacket@i,w
  5430     0443  1C03               	skipc
  5431     0444  2C46               	goto	u971
  5432     0445  2C47               	goto	u970
  5433     0446                     u971:
  5434     0446  2C35               	goto	l1878
  5435     0447                     u970:
  5436     0447                     l1884:
  5437                           
  5438                           ;D:\yiming\00work\FR761_RX_V02.X\mcc_generated_files\LINDrivers\lin_slave.c: 200:     EU
      +                          SART1_Write(LIN_getChecksum(length, pid, data));
  5439     0447  0879               	movf	LIN_sendPacket@pid,w
  5440     0448  00F0               	movwf	LIN_getChecksum@pid
  5441     0449  087B               	movf	LIN_sendPacket@data+1,w
  5442     044A  00F2               	movwf	LIN_getChecksum@data+1
  5443     044B  087A               	movf	LIN_sendPacket@data,w
  5444     044C  00F1               	movwf	LIN_getChecksum@data
  5445     044D  087C               	movf	LIN_sendPacket@length,w
  5446     044E  3183  23B6  3184   	fcall	_LIN_getChecksum
  5447     0451  3183  23E8  3184   	fcall	_EUSART1_Write
  5448     0454                     l255:
  5449     0454  0008               	return
  5450     0455                     __end_of_LIN_sendPacket:
  5451                           
  5452                           	psect	text42
  5453     03B6                     __ptext42:	
  5454 ;; *************** function _LIN_getChecksum *****************
  5455 ;; Defined at:
  5456 ;;		line 271 in file "D:\yiming\00work\FR761_RX_V02.X\mcc_generated_files\LINDrivers\lin_slave.c"
  5457 ;; Parameters:    Size  Location     Type
  5458 ;;  length          1    wreg     unsigned char 
  5459 ;;  pid             1    0[COMMON] unsigned char 
  5460 ;;  data            2    1[COMMON] PTR unsigned char 
  5461 ;;		 -> LIN_packet(13), 
  5462 ;; Auto vars:     Size  Location     Type
  5463 ;;  length          1    5[COMMON] unsigned char 
  5464 ;;  i               1    6[COMMON] unsigned char 
  5465 ;;  checksum        2    7[COMMON] unsigned short 
  5466 ;; Return value:  Size  Location     Type
  5467 ;;                  1    wreg      unsigned char 
  5468 ;; Registers used:
  5469 ;;		wreg, fsr1l, fsr1h, status,2, status,0
  5470 ;; Tracked objects:
  5471 ;;		On entry : 0/0
  5472 ;;		On exit  : 0/0
  5473 ;;		Unchanged: 0/0
  5474 ;; Data sizes:     COMMON   BANK0   BANK1   BANK2
  5475 ;;      Params:         3       0       0       0
  5476 ;;      Locals:         4       0       0       0
  5477 ;;      Temps:          2       0       0       0
  5478 ;;      Totals:         9       0       0       0
  5479 ;;Total ram usage:        9 bytes
  5480 ;; Hardware stack levels used: 1
  5481 ;; Hardware stack levels required when called: 4
  5482 ;; This function calls:
  5483 ;;		Nothing
  5484 ;; This function is called by:
  5485 ;;		_LIN_queuePacket
  5486 ;;		_LIN_handler
  5487 ;;		_LIN_sendPacket
  5488 ;; This function uses a non-reentrant model
  5489 ;;
  5490                           
  5491     03B6                     _LIN_getChecksum:	
  5492                           ;psect for function _LIN_getChecksum
  5493                           
  5494                           
  5495                           ;incstack = 0
  5496                           ; Regs used in _LIN_getChecksum: [wreg+fsr1l+fsr1h+status,2+status,0]
  5497                           ;LIN_getChecksum@length stored from wreg
  5498     03B6  00F5               	movwf	LIN_getChecksum@length
  5499     03B7                     l1796:
  5500                           
  5501                           ;D:\yiming\00work\FR761_RX_V02.X\mcc_generated_files\LINDrivers\lin_slave.c: 272:     ui
      +                          nt16_t checksum = pid;
  5502     03B7  0870               	movf	LIN_getChecksum@pid,w
  5503     03B8  00F3               	movwf	??_LIN_getChecksum
  5504     03B9  01F4               	clrf	??_LIN_getChecksum+1
  5505     03BA  0873               	movf	??_LIN_getChecksum,w
  5506     03BB  00F7               	movwf	LIN_getChecksum@checksum
  5507     03BC  0874               	movf	??_LIN_getChecksum+1,w
  5508     03BD  00F8               	movwf	LIN_getChecksum@checksum+1
  5509     03BE                     l1798:
  5510                           
  5511                           ;D:\yiming\00work\FR761_RX_V02.X\mcc_generated_files\LINDrivers\lin_slave.c: 274:     fo
      +                          r (uint8_t i = 0; i < length; i++){
  5512     03BE  01F6               	clrf	LIN_getChecksum@i
  5513     03BF  2BDE               	goto	l1810
  5514     03C0                     l1800:
  5515                           
  5516                           ;D:\yiming\00work\FR761_RX_V02.X\mcc_generated_files\LINDrivers\lin_slave.c: 275:       
      +                            checksum = checksum + *data++;
  5517     03C0  0871               	movf	LIN_getChecksum@data,w
  5518     03C1  0086               	movwf	6
  5519     03C2  0872               	movf	LIN_getChecksum@data+1,w
  5520     03C3  0087               	movwf	7
  5521     03C4  0801               	movf	1,w
  5522     03C5  0777               	addwf	LIN_getChecksum@checksum,w
  5523     03C6  00F7               	movwf	LIN_getChecksum@checksum
  5524     03C7  0878               	movf	LIN_getChecksum@checksum+1,w
  5525     03C8  1803               	skipnc
  5526     03C9  0A78               	incf	LIN_getChecksum@checksum+1,w
  5527     03CA  00F8               	movwf	LIN_getChecksum@checksum+1
  5528     03CB                     l1802:
  5529     03CB  3001               	movlw	1
  5530     03CC  07F1               	addwf	LIN_getChecksum@data,f
  5531     03CD  3000               	movlw	0
  5532     03CE  3DF2               	addwfc	LIN_getChecksum@data+1,f
  5533     03CF                     l1804:
  5534                           
  5535                           ;D:\yiming\00work\FR761_RX_V02.X\mcc_generated_files\LINDrivers\lin_slave.c: 276:       
      +                            if(checksum > 0xFF)
  5536     03CF  3001               	movlw	1
  5537     03D0  0278               	subwf	LIN_getChecksum@checksum+1,w
  5538     03D1  3000               	movlw	0
  5539     03D2  1903               	skipnz
  5540     03D3  0277               	subwf	LIN_getChecksum@checksum,w
  5541     03D4  1C03               	skipc
  5542     03D5  2BD7               	goto	u911
  5543     03D6  2BD8               	goto	u910
  5544     03D7                     u911:
  5545     03D7  2BDC               	goto	l1808
  5546     03D8                     u910:
  5547     03D8                     l1806:
  5548                           
  5549                           ;D:\yiming\00work\FR761_RX_V02.X\mcc_generated_files\LINDrivers\lin_slave.c: 277:       
      +                                checksum -= 0xFF;
  5550     03D8  30FF               	movlw	255
  5551     03D9  02F7               	subwf	LIN_getChecksum@checksum,f
  5552     03DA  3000               	movlw	0
  5553     03DB  3BF8               	subwfb	LIN_getChecksum@checksum+1,f
  5554     03DC                     l1808:
  5555                           
  5556                           ;D:\yiming\00work\FR761_RX_V02.X\mcc_generated_files\LINDrivers\lin_slave.c: 278:     }
  5557     03DC  3001               	movlw	1
  5558     03DD  07F6               	addwf	LIN_getChecksum@i,f
  5559     03DE                     l1810:
  5560     03DE  0875               	movf	LIN_getChecksum@length,w
  5561     03DF  0276               	subwf	LIN_getChecksum@i,w
  5562     03E0  1C03               	skipc
  5563     03E1  2BE3               	goto	u921
  5564     03E2  2BE4               	goto	u920
  5565     03E3                     u921:
  5566     03E3  2BC0               	goto	l1800
  5567     03E4                     u920:
  5568     03E4                     l286:
  5569                           
  5570                           ;D:\yiming\00work\FR761_RX_V02.X\mcc_generated_files\LINDrivers\lin_slave.c: 279:     ch
      +                          ecksum = ~checksum;
  5571     03E4  09F7               	comf	LIN_getChecksum@checksum,f
  5572     03E5  09F8               	comf	LIN_getChecksum@checksum+1,f
  5573     03E6                     l1812:
  5574                           
  5575                           ;D:\yiming\00work\FR761_RX_V02.X\mcc_generated_files\LINDrivers\lin_slave.c: 281:     re
      +                          turn (uint8_t)checksum;
  5576     03E6  0877               	movf	LIN_getChecksum@checksum,w
  5577     03E7                     l287:
  5578     03E7  0008               	return
  5579     03E8                     __end_of_LIN_getChecksum:
  5580                           
  5581                           	psect	text43
  5582     03E8                     __ptext43:	
  5583 ;; *************** function _EUSART1_Write *****************
  5584 ;; Defined at:
  5585 ;;		line 173 in file "D:\yiming\00work\FR761_RX_V02.X\mcc_generated_files\eusart1.c"
  5586 ;; Parameters:    Size  Location     Type
  5587 ;;  txData          1    wreg     unsigned char 
  5588 ;; Auto vars:     Size  Location     Type
  5589 ;;  txData          1    0[COMMON] unsigned char 
  5590 ;; Return value:  Size  Location     Type
  5591 ;;                  1    wreg      void 
  5592 ;; Registers used:
  5593 ;;		wreg, fsr1l, fsr1h, status,2, status,0
  5594 ;; Tracked objects:
  5595 ;;		On entry : 0/0
  5596 ;;		On exit  : 0/0
  5597 ;;		Unchanged: 0/0
  5598 ;; Data sizes:     COMMON   BANK0   BANK1   BANK2
  5599 ;;      Params:         0       0       0       0
  5600 ;;      Locals:         1       0       0       0
  5601 ;;      Temps:          0       0       0       0
  5602 ;;      Totals:         1       0       0       0
  5603 ;;Total ram usage:        1 bytes
  5604 ;; Hardware stack levels used: 1
  5605 ;; Hardware stack levels required when called: 4
  5606 ;; This function calls:
  5607 ;;		Nothing
  5608 ;; This function is called by:
  5609 ;;		_LIN_sendPacket
  5610 ;; This function uses a non-reentrant model
  5611 ;;
  5612                           
  5613     03E8                     _EUSART1_Write:	
  5614                           ;psect for function _EUSART1_Write
  5615                           
  5616                           
  5617                           ;incstack = 0
  5618                           ; Regs used in _EUSART1_Write: [wreg+fsr1l+fsr1h+status,2+status,0]
  5619                           ;EUSART1_Write@txData stored from wreg
  5620     03E8  00F0               	movwf	EUSART1_Write@txData
  5621     03E9                     l1824:
  5622     03E9                     l1826:	
  5623                           ;D:\yiming\00work\FR761_RX_V02.X\mcc_generated_files\eusart1.c: 173: void EUSART1_Write(
      +                          uint8_t txData);D:\yiming\00work\FR761_RX_V02.X\mcc_generated_files\eusart1.c: 174: {;D:
      +                          \yiming\00work\FR761_RX_V02.X\mcc_generated_files\eusart1.c: 175:     while(0 == eusart1
      +                          TxBufferRemaining)
  5624                           
  5625                           
  5626                           ;D:\yiming\00work\FR761_RX_V02.X\mcc_generated_files\eusart1.c: 175:     while(0 == eusa
      +                          rt1TxBufferRemaining)
  5627     03E9  0140               	movlb	0	; select bank0
  5628     03EA  083C               	movf	_eusart1TxBufferRemaining,w	;volatile
  5629     03EB  1903               	btfsc	3,2
  5630     03EC  2BEE               	goto	u941
  5631     03ED  2BEF               	goto	u940
  5632     03EE                     u941:
  5633     03EE  2BE9               	goto	l1826
  5634     03EF                     u940:
  5635     03EF                     l409:
  5636                           
  5637                           ;D:\yiming\00work\FR761_RX_V02.X\mcc_generated_files\eusart1.c: 179:     if(0 == PIE1bit
      +                          s.TX1IE)
  5638     03EF  014E               	movlb	14	; select bank14
  5639     03F0  1997               	btfsc	23,3	;volatile
  5640     03F1  2BF3               	goto	u951
  5641     03F2  2BF4               	goto	u950
  5642     03F3                     u951:
  5643     03F3  2BF8               	goto	l410
  5644     03F4                     u950:
  5645     03F4                     l1828:
  5646                           
  5647                           ;D:\yiming\00work\FR761_RX_V02.X\mcc_generated_files\eusart1.c: 180:     {;D:\yiming\00w
      +                          ork\FR761_RX_V02.X\mcc_generated_files\eusart1.c: 181:         TX1REG = txData;
  5648     03F4  0870               	movf	EUSART1_Write@txData,w
  5649     03F5  0142               	movlb	2	; select bank2
  5650     03F6  009A               	movwf	26	;volatile
  5651                           
  5652                           ;D:\yiming\00work\FR761_RX_V02.X\mcc_generated_files\eusart1.c: 182:     }
  5653     03F7  2C0B               	goto	l1840
  5654     03F8                     l410:	
  5655                           ;D:\yiming\00work\FR761_RX_V02.X\mcc_generated_files\eusart1.c: 183:     else
  5656                           
  5657                           
  5658                           ;D:\yiming\00work\FR761_RX_V02.X\mcc_generated_files\eusart1.c: 184:     {;D:\yiming\00w
      +                          ork\FR761_RX_V02.X\mcc_generated_files\eusart1.c: 185:         PIE1bits.TX1IE = 0;
  5659     03F8  1197               	bcf	23,3	;volatile
  5660     03F9                     l1830:
  5661                           
  5662                           ;D:\yiming\00work\FR761_RX_V02.X\mcc_generated_files\eusart1.c: 186:         eusart1TxBu
      +                          ffer[eusart1TxHead++] = txData;
  5663     03F9  0140               	movlb	0	; select bank0
  5664     03FA  083E               	movf	_eusart1TxHead,w
  5665     03FB  3E30               	addlw	(low (_eusart1TxBuffer| 0))& (0+255)
  5666     03FC  0086               	movwf	6
  5667     03FD  0187               	clrf	7
  5668     03FE  0870               	movf	EUSART1_Write@txData,w
  5669     03FF  0081               	movwf	1
  5670     0400                     l1832:
  5671     0400  3001               	movlw	1
  5672     0401  07BE               	addwf	_eusart1TxHead,f	;volatile
  5673     0402                     l1834:
  5674                           
  5675                           ;D:\yiming\00work\FR761_RX_V02.X\mcc_generated_files\eusart1.c: 187:         if(sizeof(e
      +                          usart1TxBuffer) <= eusart1TxHead)
  5676     0402  3008               	movlw	8
  5677     0403  023E               	subwf	_eusart1TxHead,w	;volatile
  5678     0404  1C03               	skipc
  5679     0405  2C07               	goto	u961
  5680     0406  2C08               	goto	u960
  5681     0407                     u961:
  5682     0407  2C09               	goto	l1838
  5683     0408                     u960:
  5684     0408                     l1836:
  5685                           
  5686                           ;D:\yiming\00work\FR761_RX_V02.X\mcc_generated_files\eusart1.c: 188:         {;D:\yiming
      +                          \00work\FR761_RX_V02.X\mcc_generated_files\eusart1.c: 189:             eusart1TxHead = 0
      +                          ;
  5687     0408  01BE               	clrf	_eusart1TxHead	;volatile
  5688     0409                     l1838:
  5689                           
  5690                           ;D:\yiming\00work\FR761_RX_V02.X\mcc_generated_files\eusart1.c: 191:         eusart1TxBu
      +                          fferRemaining--;
  5691     0409  3001               	movlw	1
  5692     040A  02BC               	subwf	_eusart1TxBufferRemaining,f	;volatile
  5693     040B                     l1840:
  5694                           
  5695                           ;D:\yiming\00work\FR761_RX_V02.X\mcc_generated_files\eusart1.c: 193:     PIE1bits.TX1IE 
      +                          = 1;
  5696     040B  014E               	movlb	14	; select bank14
  5697     040C  1597               	bsf	23,3	;volatile
  5698     040D                     l413:
  5699     040D  0008               	return
  5700     040E                     __end_of_EUSART1_Write:
  5701                           
  5702                           	psect	text44
  5703     05F3                     __ptext44:	
  5704 ;; *************** function _LIN_enableRx *****************
  5705 ;; Defined at:
  5706 ;;		line 313 in file "D:\yiming\00work\FR761_RX_V02.X\mcc_generated_files\LINDrivers\lin_slave.c"
  5707 ;; Parameters:    Size  Location     Type
  5708 ;;		None
  5709 ;; Auto vars:     Size  Location     Type
  5710 ;;		None
  5711 ;; Return value:  Size  Location     Type
  5712 ;;                  1    wreg      void 
  5713 ;; Registers used:
  5714 ;;		None
  5715 ;; Tracked objects:
  5716 ;;		On entry : 0/0
  5717 ;;		On exit  : 0/0
  5718 ;;		Unchanged: 0/0
  5719 ;; Data sizes:     COMMON   BANK0   BANK1   BANK2
  5720 ;;      Params:         0       0       0       0
  5721 ;;      Locals:         0       0       0       0
  5722 ;;      Temps:          0       0       0       0
  5723 ;;      Totals:         0       0       0       0
  5724 ;;Total ram usage:        0 bytes
  5725 ;; Hardware stack levels used: 1
  5726 ;; Hardware stack levels required when called: 4
  5727 ;; This function calls:
  5728 ;;		Nothing
  5729 ;; This function is called by:
  5730 ;;		_LIN_init
  5731 ;;		_LIN_handler
  5732 ;; This function uses a non-reentrant model
  5733 ;;
  5734                           
  5735     05F3                     _LIN_enableRx:	
  5736                           ;psect for function _LIN_enableRx
  5737                           
  5738     05F3                     l1784:	
  5739                           ;incstack = 0
  5740                           ; Regs used in _LIN_enableRx: []
  5741                           
  5742                           
  5743                           ;D:\yiming\00work\FR761_RX_V02.X\mcc_generated_files\LINDrivers\lin_slave.c: 314:     RC
      +                          1STAbits.CREN = 1;
  5744     05F3  0142               	movlb	2	; select bank2
  5745     05F4  161D               	bsf	29,4	;volatile
  5746                           
  5747                           ;D:\yiming\00work\FR761_RX_V02.X\mcc_generated_files\LINDrivers\lin_slave.c: 315:     PI
      +                          E1bits.RC1IE = 1;
  5748     05F5  014E               	movlb	14	; select bank14
  5749     05F6  1617               	bsf	23,4	;volatile
  5750     05F7                     l303:
  5751     05F7  0008               	return
  5752     05F8                     __end_of_LIN_enableRx:
  5753                           
  5754                           	psect	text45
  5755     05F8                     __ptext45:	
  5756 ;; *************** function _LIN_disableRx *****************
  5757 ;; Defined at:
  5758 ;;		line 318 in file "D:\yiming\00work\FR761_RX_V02.X\mcc_generated_files\LINDrivers\lin_slave.c"
  5759 ;; Parameters:    Size  Location     Type
  5760 ;;		None
  5761 ;; Auto vars:     Size  Location     Type
  5762 ;;		None
  5763 ;; Return value:  Size  Location     Type
  5764 ;;                  1    wreg      void 
  5765 ;; Registers used:
  5766 ;;		None
  5767 ;; Tracked objects:
  5768 ;;		On entry : 0/0
  5769 ;;		On exit  : 0/0
  5770 ;;		Unchanged: 0/0
  5771 ;; Data sizes:     COMMON   BANK0   BANK1   BANK2
  5772 ;;      Params:         0       0       0       0
  5773 ;;      Locals:         0       0       0       0
  5774 ;;      Temps:          0       0       0       0
  5775 ;;      Totals:         0       0       0       0
  5776 ;;Total ram usage:        0 bytes
  5777 ;; Hardware stack levels used: 1
  5778 ;; Hardware stack levels required when called: 4
  5779 ;; This function calls:
  5780 ;;		Nothing
  5781 ;; This function is called by:
  5782 ;;		_LIN_handler
  5783 ;; This function uses a non-reentrant model
  5784 ;;
  5785                           
  5786     05F8                     _LIN_disableRx:	
  5787                           ;psect for function _LIN_disableRx
  5788                           
  5789     05F8                     l2142:	
  5790                           ;incstack = 0
  5791                           ; Regs used in _LIN_disableRx: []
  5792                           
  5793                           
  5794                           ;D:\yiming\00work\FR761_RX_V02.X\mcc_generated_files\LINDrivers\lin_slave.c: 319:     RC
      +                          1STAbits.CREN = 0;
  5795     05F8  0142               	movlb	2	; select bank2
  5796     05F9  121D               	bcf	29,4	;volatile
  5797                           
  5798                           ;D:\yiming\00work\FR761_RX_V02.X\mcc_generated_files\LINDrivers\lin_slave.c: 320:     PI
      +                          E1bits.RC1IE = 0;
  5799     05FA  014E               	movlb	14	; select bank14
  5800     05FB  1217               	bcf	23,4	;volatile
  5801     05FC                     l306:
  5802     05FC  0008               	return
  5803     05FD                     __end_of_LIN_disableRx:
  5804                           
  5805                           	psect	text46
  5806     04B5                     __ptext46:	
  5807 ;; *************** function _LIN_checkPID *****************
  5808 ;; Defined at:
  5809 ;;		line 242 in file "D:\yiming\00work\FR761_RX_V02.X\mcc_generated_files\LINDrivers\lin_slave.c"
  5810 ;; Parameters:    Size  Location     Type
  5811 ;;  pid             1    wreg     unsigned char 
  5812 ;; Auto vars:     Size  Location     Type
  5813 ;;  pid             1    7[COMMON] unsigned char 
  5814 ;; Return value:  Size  Location     Type
  5815 ;;                  1    wreg      _Bool 
  5816 ;; Registers used:
  5817 ;;		wreg, fsr0l, fsr0h, status,2, status,0, pclath, cstack
  5818 ;; Tracked objects:
  5819 ;;		On entry : 0/0
  5820 ;;		On exit  : 0/0
  5821 ;;		Unchanged: 0/0
  5822 ;; Data sizes:     COMMON   BANK0   BANK1   BANK2
  5823 ;;      Params:         0       0       0       0
  5824 ;;      Locals:         1       0       0       0
  5825 ;;      Temps:          0       0       0       0
  5826 ;;      Totals:         1       0       0       0
  5827 ;;Total ram usage:        1 bytes
  5828 ;; Hardware stack levels used: 1
  5829 ;; Hardware stack levels required when called: 5
  5830 ;; This function calls:
  5831 ;;		_LIN_calcParity
  5832 ;;		_LIN_getFromTable
  5833 ;; This function is called by:
  5834 ;;		_LIN_handler
  5835 ;; This function uses a non-reentrant model
  5836 ;;
  5837                           
  5838     04B5                     _LIN_checkPID:	
  5839                           ;psect for function _LIN_checkPID
  5840                           
  5841                           
  5842                           ;incstack = 0
  5843                           ; Regs used in _LIN_checkPID: [wreg-fsr0h+status,2+status,0+pclath+cstack]
  5844                           ;LIN_checkPID@pid stored from wreg
  5845     04B5  00F7               	movwf	LIN_checkPID@pid
  5846     04B6                     l2126:
  5847                           
  5848                           ;D:\yiming\00work\FR761_RX_V02.X\mcc_generated_files\LINDrivers\lin_slave.c: 243:     if
      +                          (LIN_getFromTable(pid, TYPE) == ERROR)
  5849     04B6  01F0               	clrf	LIN_getFromTable@param
  5850     04B7  0AF0               	incf	LIN_getFromTable@param,f
  5851     04B8  0877               	movf	LIN_checkPID@pid,w
  5852     04B9  3182  22DF  3184   	fcall	_LIN_getFromTable
  5853     04BC  3A02               	xorlw	2
  5854     04BD  1D03               	skipz
  5855     04BE  2CC0               	goto	u1481
  5856     04BF  2CC1               	goto	u1480
  5857     04C0                     u1481:
  5858     04C0  2CC3               	goto	l2132
  5859     04C1                     u1480:
  5860     04C1                     l2128:
  5861                           
  5862                           ;D:\yiming\00work\FR761_RX_V02.X\mcc_generated_files\LINDrivers\lin_slave.c: 244:       
      +                            return 0;
  5863     04C1  3000               	movlw	0
  5864     04C2  2CCE               	goto	l276
  5865     04C3                     l2132:
  5866                           
  5867                           ;D:\yiming\00work\FR761_RX_V02.X\mcc_generated_files\LINDrivers\lin_slave.c: 246:     if
      +                          (pid == LIN_calcParity(pid & 0x3F))
  5868     04C3  0877               	movf	LIN_checkPID@pid,w
  5869     04C4  393F               	andlw	63
  5870     04C5  3181  217A  3184   	fcall	_LIN_calcParity
  5871     04C8  0677               	xorwf	LIN_checkPID@pid,w
  5872     04C9  1D03               	skipz
  5873     04CA  2CCC               	goto	u1491
  5874     04CB  2CCD               	goto	u1490
  5875     04CC                     u1491:
  5876     04CC  2CC1               	goto	l2128
  5877     04CD                     u1490:
  5878     04CD                     l2134:
  5879                           
  5880                           ;D:\yiming\00work\FR761_RX_V02.X\mcc_generated_files\LINDrivers\lin_slave.c: 247:       
      +                            return 1;
  5881     04CD  3001               	movlw	1
  5882     04CE                     l276:
  5883     04CE  0008               	return
  5884     04CF                     __end_of_LIN_checkPID:
  5885                           
  5886                           	psect	text47
  5887     02DF                     __ptext47:	
  5888 ;; *************** function _LIN_getFromTable *****************
  5889 ;; Defined at:
  5890 ;;		line 212 in file "D:\yiming\00work\FR761_RX_V02.X\mcc_generated_files\LINDrivers\lin_slave.c"
  5891 ;; Parameters:    Size  Location     Type
  5892 ;;  cmd             1    wreg     unsigned char 
  5893 ;;  param           1    0[COMMON] enum E53
  5894 ;; Auto vars:     Size  Location     Type
  5895 ;;  cmd             1    3[COMMON] unsigned char 
  5896 ;;  length          1    4[COMMON] unsigned char 
  5897 ;;  rxCommand       2    5[COMMON] PTR const struct .
  5898 ;;		 -> NULL(0), scheduleTable(5), 
  5899 ;; Return value:  Size  Location     Type
  5900 ;;                  1    wreg      unsigned char 
  5901 ;; Registers used:
  5902 ;;		wreg, fsr0l, fsr0h, status,2, status,0, pclath
  5903 ;; Tracked objects:
  5904 ;;		On entry : 0/0
  5905 ;;		On exit  : 0/0
  5906 ;;		Unchanged: 0/0
  5907 ;; Data sizes:     COMMON   BANK0   BANK1   BANK2
  5908 ;;      Params:         1       0       0       0
  5909 ;;      Locals:         4       0       0       0
  5910 ;;      Temps:          2       0       0       0
  5911 ;;      Totals:         7       0       0       0
  5912 ;;Total ram usage:        7 bytes
  5913 ;; Hardware stack levels used: 1
  5914 ;; Hardware stack levels required when called: 4
  5915 ;; This function calls:
  5916 ;;		Nothing
  5917 ;; This function is called by:
  5918 ;;		_LIN_handler
  5919 ;;		_LIN_checkPID
  5920 ;; This function uses a non-reentrant model
  5921 ;;
  5922                           
  5923     02DF                     _LIN_getFromTable:	
  5924                           ;psect for function _LIN_getFromTable
  5925                           
  5926                           
  5927                           ;incstack = 0
  5928                           ; Regs used in _LIN_getFromTable: [wreg-fsr0h+status,2+status,0+pclath]
  5929                           ;LIN_getFromTable@cmd stored from wreg
  5930     02DF  00F3               	movwf	LIN_getFromTable@cmd
  5931     02E0                     l1908:
  5932                           
  5933                           ;D:\yiming\00work\FR761_RX_V02.X\mcc_generated_files\LINDrivers\lin_slave.c: 213:     co
      +                          nst lin_rx_cmd_t* rxCommand = LIN_rxCommand;
  5934     02E0  0140               	movlb	0	; select bank0
  5935     02E1  085F               	movf	_LIN_rxCommand+1,w
  5936     02E2  00F6               	movwf	LIN_getFromTable@rxCommand+1
  5937     02E3  085E               	movf	_LIN_rxCommand,w
  5938     02E4  00F5               	movwf	LIN_getFromTable@rxCommand
  5939     02E5                     l1910:
  5940                           
  5941                           ;D:\yiming\00work\FR761_RX_V02.X\mcc_generated_files\LINDrivers\lin_slave.c: 215:     cm
      +                          d &= 0x3F;
  5942     02E5  303F               	movlw	63
  5943     02E6  05F3               	andwf	LIN_getFromTable@cmd,f
  5944     02E7                     l1912:
  5945                           
  5946                           ;D:\yiming\00work\FR761_RX_V02.X\mcc_generated_files\LINDrivers\lin_slave.c: 217:     fo
      +                          r(uint8_t length = 0; length < LIN_rxCommandLength; length++){
  5947     02E7  01F4               	clrf	LIN_getFromTable@length
  5948     02E8  2B0A               	goto	l1926
  5949     02E9                     l1914:
  5950                           
  5951                           ;D:\yiming\00work\FR761_RX_V02.X\mcc_generated_files\LINDrivers\lin_slave.c: 218:       
      +                            if(cmd == rxCommand->cmd){
  5952     02E9  0875               	movf	LIN_getFromTable@rxCommand,w
  5953     02EA  0084               	movwf	4
  5954     02EB  0876               	movf	LIN_getFromTable@rxCommand+1,w
  5955     02EC  0085               	movwf	5
  5956     02ED  0800               	movf	0,w	;code access
  5957     02EE  0673               	xorwf	LIN_getFromTable@cmd,w
  5958     02EF  1D03               	skipz
  5959     02F0  2AF2               	goto	u1001
  5960     02F1  2AF3               	goto	u1000
  5961     02F2                     u1001:
  5962     02F2  2AF4               	goto	l1918
  5963     02F3                     u1000:
  5964     02F3  2B29               	goto	l1942
  5965     02F4                     l1918:
  5966                           
  5967                           ;D:\yiming\00work\FR761_RX_V02.X\mcc_generated_files\LINDrivers\lin_slave.c: 221:       
      +                            rxCommand++;
  5968     02F4  3005               	movlw	5
  5969     02F5  07F5               	addwf	LIN_getFromTable@rxCommand,f
  5970     02F6  3000               	movlw	0
  5971     02F7  3DF6               	addwfc	LIN_getFromTable@rxCommand+1,f
  5972                           
  5973                           ;D:\yiming\00work\FR761_RX_V02.X\mcc_generated_files\LINDrivers\lin_slave.c: 223:       
      +                            if(length == (LIN_rxCommandLength-1)){
  5974     02F8  0862               	movf	_LIN_rxCommandLength,w
  5975     02F9  3EFF               	addlw	255
  5976     02FA  00F1               	movwf	??_LIN_getFromTable
  5977     02FB  30FF               	movlw	255
  5978     02FC  1803               	skipnc
  5979     02FD  3000               	movlw	0
  5980     02FE  00F2               	movwf	??_LIN_getFromTable+1
  5981     02FF  0874               	movf	LIN_getFromTable@length,w
  5982     0300  0671               	xorwf	??_LIN_getFromTable,w
  5983     0301  0472               	iorwf	??_LIN_getFromTable+1,w
  5984     0302  1D03               	skipz
  5985     0303  2B05               	goto	u1011
  5986     0304  2B06               	goto	u1010
  5987     0305                     u1011:
  5988     0305  2B08               	goto	l1924
  5989     0306                     u1010:
  5990     0306                     l1920:
  5991                           
  5992                           ;D:\yiming\00work\FR761_RX_V02.X\mcc_generated_files\LINDrivers\lin_slave.c: 224:       
      +                                return ERROR;
  5993     0306  3002               	movlw	2
  5994     0307  2B3C               	goto	l266
  5995     0308                     l1924:
  5996                           
  5997                           ;D:\yiming\00work\FR761_RX_V02.X\mcc_generated_files\LINDrivers\lin_slave.c: 226:     }
  5998     0308  3001               	movlw	1
  5999     0309  07F4               	addwf	LIN_getFromTable@length,f
  6000     030A                     l1926:
  6001     030A  0862               	movf	_LIN_rxCommandLength,w
  6002     030B  0274               	subwf	LIN_getFromTable@length,w
  6003     030C  1C03               	skipc
  6004     030D  2B0F               	goto	u1021
  6005     030E  2B10               	goto	u1020
  6006     030F                     u1021:
  6007     030F  2AE9               	goto	l1914
  6008     0310                     u1020:
  6009     0310  2B29               	goto	l1942
  6010     0311                     l1928:
  6011                           
  6012                           ;D:\yiming\00work\FR761_RX_V02.X\mcc_generated_files\LINDrivers\lin_slave.c: 230:       
      +                                return rxCommand->cmd;
  6013     0311  0875               	movf	LIN_getFromTable@rxCommand,w
  6014     0312  0084               	movwf	4
  6015     0313  0876               	movf	LIN_getFromTable@rxCommand+1,w
  6016     0314  0085               	movwf	5
  6017     0315  0800               	movf	0,w	;code access
  6018     0316  2B3C               	goto	l266
  6019     0317                     l1932:
  6020                           
  6021                           ;D:\yiming\00work\FR761_RX_V02.X\mcc_generated_files\LINDrivers\lin_slave.c: 232:       
      +                                return (uint8_t)rxCommand->type;
  6022     0317  3001               	movlw	1
  6023     0318  0775               	addwf	LIN_getFromTable@rxCommand,w
  6024     0319  0084               	movwf	4
  6025     031A  0876               	movf	LIN_getFromTable@rxCommand+1,w
  6026     031B  1803               	skipnc
  6027     031C  3E01               	addlw	1
  6028     031D  0085               	movwf	5
  6029     031E  0800               	movf	0,w	;code access
  6030     031F  2B3C               	goto	l266
  6031     0320                     l1936:
  6032                           
  6033                           ;D:\yiming\00work\FR761_RX_V02.X\mcc_generated_files\LINDrivers\lin_slave.c: 234:       
      +                                return rxCommand->length;
  6034     0320  3002               	movlw	2
  6035     0321  0775               	addwf	LIN_getFromTable@rxCommand,w
  6036     0322  0084               	movwf	4
  6037     0323  0876               	movf	LIN_getFromTable@rxCommand+1,w
  6038     0324  1803               	skipnc
  6039     0325  3E01               	addlw	1
  6040     0326  0085               	movwf	5
  6041     0327  0800               	movf	0,w	;code access
  6042     0328  2B3C               	goto	l266
  6043     0329                     l1942:
  6044     0329  0870               	movf	LIN_getFromTable@param,w
  6045     032A  00F1               	movwf	??_LIN_getFromTable
  6046     032B  01F2               	clrf	??_LIN_getFromTable+1
  6047                           
  6048                           ; Switch on 2 bytes has been partitioned into a top level switch of size 1, and 1 sub-sw
      +                          itches
  6049                           ; Switch size 1, requested type "simple"
  6050                           ; Number of cases is 1, Range of values is 0 to 0
  6051                           ; switch strategies available:
  6052                           ; Name         Instructions Cycles
  6053                           ; simple_byte            4     3 (average)
  6054                           ; direct_byte            8     6 (fixed)
  6055                           ; jumptable            260     6 (fixed)
  6056                           ;	Chosen strategy is simple_byte
  6057     032C  0872               	movf	??_LIN_getFromTable+1,w
  6058     032D  3A00               	xorlw	0	; case 0
  6059     032E  1903               	skipnz
  6060     032F  2B31               	goto	l2618
  6061     0330  2B06               	goto	l1920
  6062     0331                     l2618:
  6063                           
  6064                           ; Switch size 1, requested type "simple"
  6065                           ; Number of cases is 3, Range of values is 0 to 2
  6066                           ; switch strategies available:
  6067                           ; Name         Instructions Cycles
  6068                           ; simple_byte           10     6 (average)
  6069                           ; direct_byte           12     6 (fixed)
  6070                           ; jumptable            260     6 (fixed)
  6071                           ;	Chosen strategy is simple_byte
  6072     0331  0871               	movf	??_LIN_getFromTable,w
  6073     0332  3A00               	xorlw	0	; case 0
  6074     0333  1903               	skipnz
  6075     0334  2B11               	goto	l1928
  6076     0335  3A01               	xorlw	1	; case 1
  6077     0336  1903               	skipnz
  6078     0337  2B17               	goto	l1932
  6079     0338  3A03               	xorlw	3	; case 2
  6080     0339  1903               	skipnz
  6081     033A  2B20               	goto	l1936
  6082     033B  2B06               	goto	l1920
  6083     033C                     l266:
  6084     033C  0008               	return
  6085     033D                     __end_of_LIN_getFromTable:
  6086                           
  6087                           	psect	text48
  6088     017A                     __ptext48:	
  6089 ;; *************** function _LIN_calcParity *****************
  6090 ;; Defined at:
  6091 ;;		line 253 in file "D:\yiming\00work\FR761_RX_V02.X\mcc_generated_files\LINDrivers\lin_slave.c"
  6092 ;; Parameters:    Size  Location     Type
  6093 ;;  CMD             1    wreg     unsigned char 
  6094 ;; Auto vars:     Size  Location     Type
  6095 ;;  CMD             1    1[COMMON] unsigned char 
  6096 ;;  PID             1    2[COMMON] struct .
  6097 ;; Return value:  Size  Location     Type
  6098 ;;                  1    wreg      unsigned char 
  6099 ;; Registers used:
  6100 ;;		wreg, status,0
  6101 ;; Tracked objects:
  6102 ;;		On entry : 0/0
  6103 ;;		On exit  : 0/0
  6104 ;;		Unchanged: 0/0
  6105 ;; Data sizes:     COMMON   BANK0   BANK1   BANK2
  6106 ;;      Params:         0       0       0       0
  6107 ;;      Locals:         2       0       0       0
  6108 ;;      Temps:          1       0       0       0
  6109 ;;      Totals:         3       0       0       0
  6110 ;;Total ram usage:        3 bytes
  6111 ;; Hardware stack levels used: 1
  6112 ;; Hardware stack levels required when called: 4
  6113 ;; This function calls:
  6114 ;;		Nothing
  6115 ;; This function is called by:
  6116 ;;		_LIN_checkPID
  6117 ;; This function uses a non-reentrant model
  6118 ;;
  6119                           
  6120     017A                     _LIN_calcParity:	
  6121                           ;psect for function _LIN_calcParity
  6122                           
  6123                           
  6124                           ;incstack = 0
  6125                           ; Regs used in _LIN_calcParity: [wreg+status,0]
  6126                           ;LIN_calcParity@CMD stored from wreg
  6127     017A  00F1               	movwf	LIN_calcParity@CMD
  6128     017B                     l1956:
  6129                           
  6130                           ;D:\yiming\00work\FR761_RX_V02.X\mcc_generated_files\LINDrivers\lin_slave.c: 254:     li
      +                          n_pid_t PID;;D:\yiming\00work\FR761_RX_V02.X\mcc_generated_files\LINDrivers\lin_slave.c:
      +                           255:     PID.rawPID = CMD;
  6131     017B  0871               	movf	LIN_calcParity@CMD,w
  6132     017C  00F2               	movwf	LIN_calcParity@PID
  6133                           
  6134                           ;D:\yiming\00work\FR761_RX_V02.X\mcc_generated_files\LINDrivers\lin_slave.c: 260:     PI
      +                          D.P0 = PID.ID0 ^ PID.ID1;
  6135     017D  18F2               	btfsc	LIN_calcParity@PID,1
  6136     017E  2980               	goto	u1031
  6137     017F  2982               	goto	u1030
  6138     0180                     u1031:
  6139     0180  3001               	movlw	1
  6140     0181  2983               	goto	u1032
  6141     0182                     u1030:
  6142     0182  3000               	movlw	0
  6143     0183                     u1032:
  6144     0183  00F0               	movwf	??_LIN_calcParity
  6145     0184  1872               	btfsc	LIN_calcParity@PID,0
  6146     0185  2987               	goto	u1041
  6147     0186  2989               	goto	u1040
  6148     0187                     u1041:
  6149     0187  3001               	movlw	1
  6150     0188  298A               	goto	u1042
  6151     0189                     u1040:
  6152     0189  3000               	movlw	0
  6153     018A                     u1042:
  6154     018A  0670               	xorwf	??_LIN_calcParity,w
  6155     018B  1D03               	skipz
  6156     018C  298E               	goto	u1051
  6157     018D  2990               	goto	u1050
  6158     018E                     u1051:
  6159     018E  1772               	bsf	LIN_calcParity@PID,6
  6160     018F  2991               	goto	u1064
  6161     0190                     u1050:
  6162     0190  1372               	bcf	LIN_calcParity@PID,6
  6163     0191                     u1064:
  6164                           
  6165                           ;D:\yiming\00work\FR761_RX_V02.X\mcc_generated_files\LINDrivers\lin_slave.c: 261:     PI
      +                          D.P0 = PID.P0 ^ PID.ID2;
  6166     0191  1972               	btfsc	LIN_calcParity@PID,2
  6167     0192  2994               	goto	u1071
  6168     0193  2996               	goto	u1070
  6169     0194                     u1071:
  6170     0194  3001               	movlw	1
  6171     0195  2997               	goto	u1072
  6172     0196                     u1070:
  6173     0196  3000               	movlw	0
  6174     0197                     u1072:
  6175     0197  00F0               	movwf	??_LIN_calcParity
  6176     0198  1B72               	btfsc	LIN_calcParity@PID,6
  6177     0199  299B               	goto	u1081
  6178     019A  299D               	goto	u1080
  6179     019B                     u1081:
  6180     019B  3001               	movlw	1
  6181     019C  299E               	goto	u1082
  6182     019D                     u1080:
  6183     019D  3000               	movlw	0
  6184     019E                     u1082:
  6185     019E  0670               	xorwf	??_LIN_calcParity,w
  6186     019F  1D03               	skipz
  6187     01A0  29A2               	goto	u1091
  6188     01A1  29A4               	goto	u1090
  6189     01A2                     u1091:
  6190     01A2  1772               	bsf	LIN_calcParity@PID,6
  6191     01A3  29A5               	goto	u1104
  6192     01A4                     u1090:
  6193     01A4  1372               	bcf	LIN_calcParity@PID,6
  6194     01A5                     u1104:
  6195                           
  6196                           ;D:\yiming\00work\FR761_RX_V02.X\mcc_generated_files\LINDrivers\lin_slave.c: 262:     PI
      +                          D.P0 = PID.P0 ^ PID.ID4;
  6197     01A5  1A72               	btfsc	LIN_calcParity@PID,4
  6198     01A6  29A8               	goto	u1111
  6199     01A7  29AA               	goto	u1110
  6200     01A8                     u1111:
  6201     01A8  3001               	movlw	1
  6202     01A9  29AB               	goto	u1112
  6203     01AA                     u1110:
  6204     01AA  3000               	movlw	0
  6205     01AB                     u1112:
  6206     01AB  00F0               	movwf	??_LIN_calcParity
  6207     01AC  1B72               	btfsc	LIN_calcParity@PID,6
  6208     01AD  29AF               	goto	u1121
  6209     01AE  29B1               	goto	u1120
  6210     01AF                     u1121:
  6211     01AF  3001               	movlw	1
  6212     01B0  29B2               	goto	u1122
  6213     01B1                     u1120:
  6214     01B1  3000               	movlw	0
  6215     01B2                     u1122:
  6216     01B2  0670               	xorwf	??_LIN_calcParity,w
  6217     01B3  1D03               	skipz
  6218     01B4  29B6               	goto	u1131
  6219     01B5  29B8               	goto	u1130
  6220     01B6                     u1131:
  6221     01B6  1772               	bsf	LIN_calcParity@PID,6
  6222     01B7  29B9               	goto	u1144
  6223     01B8                     u1130:
  6224     01B8  1372               	bcf	LIN_calcParity@PID,6
  6225     01B9                     u1144:
  6226                           
  6227                           ;D:\yiming\00work\FR761_RX_V02.X\mcc_generated_files\LINDrivers\lin_slave.c: 263:     PI
      +                          D.P1 = PID.ID1 ^ PID.ID3;
  6228     01B9  19F2               	btfsc	LIN_calcParity@PID,3
  6229     01BA  29BC               	goto	u1151
  6230     01BB  29BE               	goto	u1150
  6231     01BC                     u1151:
  6232     01BC  3001               	movlw	1
  6233     01BD  29BF               	goto	u1152
  6234     01BE                     u1150:
  6235     01BE  3000               	movlw	0
  6236     01BF                     u1152:
  6237     01BF  00F0               	movwf	??_LIN_calcParity
  6238     01C0  18F2               	btfsc	LIN_calcParity@PID,1
  6239     01C1  29C3               	goto	u1161
  6240     01C2  29C5               	goto	u1160
  6241     01C3                     u1161:
  6242     01C3  3001               	movlw	1
  6243     01C4  29C6               	goto	u1162
  6244     01C5                     u1160:
  6245     01C5  3000               	movlw	0
  6246     01C6                     u1162:
  6247     01C6  0670               	xorwf	??_LIN_calcParity,w
  6248     01C7  1D03               	skipz
  6249     01C8  29CA               	goto	u1171
  6250     01C9  29CC               	goto	u1170
  6251     01CA                     u1171:
  6252     01CA  17F2               	bsf	LIN_calcParity@PID,7
  6253     01CB  29CD               	goto	u1184
  6254     01CC                     u1170:
  6255     01CC  13F2               	bcf	LIN_calcParity@PID,7
  6256     01CD                     u1184:
  6257                           
  6258                           ;D:\yiming\00work\FR761_RX_V02.X\mcc_generated_files\LINDrivers\lin_slave.c: 264:     PI
      +                          D.P1 = PID.P1 ^ PID.ID4;
  6259     01CD  1A72               	btfsc	LIN_calcParity@PID,4
  6260     01CE  29D0               	goto	u1191
  6261     01CF  29D2               	goto	u1190
  6262     01D0                     u1191:
  6263     01D0  3001               	movlw	1
  6264     01D1  29D3               	goto	u1192
  6265     01D2                     u1190:
  6266     01D2  3000               	movlw	0
  6267     01D3                     u1192:
  6268     01D3  00F0               	movwf	??_LIN_calcParity
  6269     01D4  1BF2               	btfsc	LIN_calcParity@PID,7
  6270     01D5  29D7               	goto	u1201
  6271     01D6  29D9               	goto	u1200
  6272     01D7                     u1201:
  6273     01D7  3001               	movlw	1
  6274     01D8  29DA               	goto	u1202
  6275     01D9                     u1200:
  6276     01D9  3000               	movlw	0
  6277     01DA                     u1202:
  6278     01DA  0670               	xorwf	??_LIN_calcParity,w
  6279     01DB  1D03               	skipz
  6280     01DC  29DE               	goto	u1211
  6281     01DD  29E0               	goto	u1210
  6282     01DE                     u1211:
  6283     01DE  17F2               	bsf	LIN_calcParity@PID,7
  6284     01DF  29E1               	goto	u1224
  6285     01E0                     u1210:
  6286     01E0  13F2               	bcf	LIN_calcParity@PID,7
  6287     01E1                     u1224:
  6288                           
  6289                           ;D:\yiming\00work\FR761_RX_V02.X\mcc_generated_files\LINDrivers\lin_slave.c: 265:     PI
      +                          D.P1 = PID.P1 ^ PID.ID5;
  6290     01E1  1AF2               	btfsc	LIN_calcParity@PID,5
  6291     01E2  29E4               	goto	u1231
  6292     01E3  29E6               	goto	u1230
  6293     01E4                     u1231:
  6294     01E4  3001               	movlw	1
  6295     01E5  29E7               	goto	u1232
  6296     01E6                     u1230:
  6297     01E6  3000               	movlw	0
  6298     01E7                     u1232:
  6299     01E7  00F0               	movwf	??_LIN_calcParity
  6300     01E8  1BF2               	btfsc	LIN_calcParity@PID,7
  6301     01E9  29EB               	goto	u1241
  6302     01EA  29ED               	goto	u1240
  6303     01EB                     u1241:
  6304     01EB  3001               	movlw	1
  6305     01EC  29EE               	goto	u1242
  6306     01ED                     u1240:
  6307     01ED  3000               	movlw	0
  6308     01EE                     u1242:
  6309     01EE  0670               	xorwf	??_LIN_calcParity,w
  6310     01EF  1D03               	skipz
  6311     01F0  29F2               	goto	u1251
  6312     01F1  29F4               	goto	u1250
  6313     01F2                     u1251:
  6314     01F2  17F2               	bsf	LIN_calcParity@PID,7
  6315     01F3  29F5               	goto	u1264
  6316     01F4                     u1250:
  6317     01F4  13F2               	bcf	LIN_calcParity@PID,7
  6318     01F5                     u1264:
  6319     01F5                     l1958:
  6320                           
  6321                           ;D:\yiming\00work\FR761_RX_V02.X\mcc_generated_files\LINDrivers\lin_slave.c: 266:     PI
      +                          D.P1 = ~PID.P1;
  6322     01F5  1003               	clrc
  6323     01F6  1FF2               	btfss	LIN_calcParity@PID,7
  6324     01F7  1403               	setc
  6325     01F8  1803               	btfsc	3,0
  6326     01F9  29FB               	goto	u1271
  6327     01FA  29FD               	goto	u1270
  6328     01FB                     u1271:
  6329     01FB  17F2               	bsf	LIN_calcParity@PID,7
  6330     01FC  29FE               	goto	u1284
  6331     01FD                     u1270:
  6332     01FD  13F2               	bcf	LIN_calcParity@PID,7
  6333     01FE                     u1284:
  6334     01FE                     l1960:
  6335                           
  6336                           ;D:\yiming\00work\FR761_RX_V02.X\mcc_generated_files\LINDrivers\lin_slave.c: 268:     re
      +                          turn PID.rawPID;
  6337     01FE  0872               	movf	LIN_calcParity@PID,w
  6338     01FF                     l280:
  6339     01FF  0008               	return
  6340     0200                     __end_of_LIN_calcParity:
  6341                           
  6342                           	psect	text49
  6343     054B                     __ptext49:	
  6344 ;; *************** function _LIN_breakCheck *****************
  6345 ;; Defined at:
  6346 ;;		line 323 in file "D:\yiming\00work\FR761_RX_V02.X\mcc_generated_files\LINDrivers\lin_slave.c"
  6347 ;; Parameters:    Size  Location     Type
  6348 ;;		None
  6349 ;; Auto vars:     Size  Location     Type
  6350 ;;		None
  6351 ;; Return value:  Size  Location     Type
  6352 ;;                  1    wreg      _Bool 
  6353 ;; Registers used:
  6354 ;;		wreg, fsr1l, fsr1h, status,2, status,0, pclath, cstack
  6355 ;; Tracked objects:
  6356 ;;		On entry : 0/0
  6357 ;;		On exit  : 0/0
  6358 ;;		Unchanged: 0/0
  6359 ;; Data sizes:     COMMON   BANK0   BANK1   BANK2
  6360 ;;      Params:         0       0       0       0
  6361 ;;      Locals:         0       0       0       0
  6362 ;;      Temps:          0       0       0       0
  6363 ;;      Totals:         0       0       0       0
  6364 ;;Total ram usage:        0 bytes
  6365 ;; Hardware stack levels used: 1
  6366 ;; Hardware stack levels required when called: 5
  6367 ;; This function calls:
  6368 ;;		_EUSART1_Read
  6369 ;;		_EUSART1_get_last_status
  6370 ;; This function is called by:
  6371 ;;		_LIN_handler
  6372 ;; This function uses a non-reentrant model
  6373 ;;
  6374                           
  6375     054B                     _LIN_breakCheck:	
  6376                           ;psect for function _LIN_breakCheck
  6377                           
  6378     054B                     l2114:	
  6379                           ;incstack = 0
  6380                           ; Regs used in _LIN_breakCheck: [wreg+fsr1l+fsr1h+status,2+status,0+pclath+cstack]
  6381                           
  6382                           
  6383                           ;D:\yiming\00work\FR761_RX_V02.X\mcc_generated_files\LINDrivers\lin_slave.c: 325:     if
      +                          ((EUSART1_Read() == 0x00) && (EUSART1_get_last_status().ferr == 1)){
  6384     054B  3184  240E  3185   	fcall	_EUSART1_Read
  6385     054E  3A00               	xorlw	0
  6386     054F  1D03               	skipz
  6387     0550  2D52               	goto	u1461
  6388     0551  2D53               	goto	u1460
  6389     0552                     u1461:
  6390     0552  2D5C               	goto	l2122
  6391     0553                     u1460:
  6392     0553                     l2116:
  6393     0553  3186  262E  3185   	fcall	_EUSART1_get_last_status
  6394     0556  1C89               	btfss	9,1
  6395     0557  2D59               	goto	u1471
  6396     0558  2D5A               	goto	u1470
  6397     0559                     u1471:
  6398     0559  2D5C               	goto	l2122
  6399     055A                     u1470:
  6400     055A                     l2118:
  6401                           
  6402                           ;D:\yiming\00work\FR761_RX_V02.X\mcc_generated_files\LINDrivers\lin_slave.c: 326:       
      +                            return 1;
  6403     055A  3001               	movlw	1
  6404     055B  2D5D               	goto	l310
  6405     055C                     l2122:
  6406                           
  6407                           ;D:\yiming\00work\FR761_RX_V02.X\mcc_generated_files\LINDrivers\lin_slave.c: 329:     re
      +                          turn 0;
  6408     055C  3000               	movlw	0
  6409     055D                     l310:
  6410     055D  0008               	return
  6411     055E                     __end_of_LIN_breakCheck:
  6412                           
  6413                           	psect	text50
  6414     062E                     __ptext50:	
  6415 ;; *************** function _EUSART1_get_last_status *****************
  6416 ;; Defined at:
  6417 ;;		line 147 in file "D:\yiming\00work\FR761_RX_V02.X\mcc_generated_files\eusart1.c"
  6418 ;; Parameters:    Size  Location     Type
  6419 ;;		None
  6420 ;; Auto vars:     Size  Location     Type
  6421 ;;		None
  6422 ;; Return value:  Size  Location     Type
  6423 ;;                  1    wreg      struct .
  6424 ;; Registers used:
  6425 ;;		wreg
  6426 ;; Tracked objects:
  6427 ;;		On entry : 0/0
  6428 ;;		On exit  : 0/0
  6429 ;;		Unchanged: 0/0
  6430 ;; Data sizes:     COMMON   BANK0   BANK1   BANK2
  6431 ;;      Params:         0       0       0       0
  6432 ;;      Locals:         0       0       0       0
  6433 ;;      Temps:          0       0       0       0
  6434 ;;      Totals:         0       0       0       0
  6435 ;;Total ram usage:        0 bytes
  6436 ;; Hardware stack levels used: 1
  6437 ;; Hardware stack levels required when called: 4
  6438 ;; This function calls:
  6439 ;;		Nothing
  6440 ;; This function is called by:
  6441 ;;		_LIN_breakCheck
  6442 ;; This function uses a non-reentrant model
  6443 ;;
  6444                           
  6445     062E                     _EUSART1_get_last_status:	
  6446                           ;psect for function _EUSART1_get_last_status
  6447                           
  6448     062E                     l1964:	
  6449                           ;incstack = 0
  6450                           ; Regs used in _EUSART1_get_last_status: [wreg]
  6451                           
  6452                           
  6453                           ;D:\yiming\00work\FR761_RX_V02.X\mcc_generated_files\eusart1.c: 148:     return eusart1R
      +                          xLastError;
  6454     062E  0140               	movlb	0	; select bank0
  6455     062F  0838               	movf	_eusart1RxLastError,w	;volatile
  6456     0630                     l397:
  6457     0630  0008               	return
  6458     0631                     __end_of_EUSART1_get_last_status:
  6459                           
  6460                           	psect	text51
  6461     040E                     __ptext51:	
  6462 ;; *************** function _EUSART1_Read *****************
  6463 ;; Defined at:
  6464 ;;		line 151 in file "D:\yiming\00work\FR761_RX_V02.X\mcc_generated_files\eusart1.c"
  6465 ;; Parameters:    Size  Location     Type
  6466 ;;		None
  6467 ;; Auto vars:     Size  Location     Type
  6468 ;;  readValue       1    0[COMMON] unsigned char 
  6469 ;; Return value:  Size  Location     Type
  6470 ;;                  1    wreg      unsigned char 
  6471 ;; Registers used:
  6472 ;;		wreg, fsr1l, fsr1h, status,2, status,0
  6473 ;; Tracked objects:
  6474 ;;		On entry : 0/0
  6475 ;;		On exit  : 0/0
  6476 ;;		Unchanged: 0/0
  6477 ;; Data sizes:     COMMON   BANK0   BANK1   BANK2
  6478 ;;      Params:         0       0       0       0
  6479 ;;      Locals:         1       0       0       0
  6480 ;;      Temps:          0       0       0       0
  6481 ;;      Totals:         1       0       0       0
  6482 ;;Total ram usage:        1 bytes
  6483 ;; Hardware stack levels used: 1
  6484 ;; Hardware stack levels required when called: 4
  6485 ;; This function calls:
  6486 ;;		Nothing
  6487 ;; This function is called by:
  6488 ;;		_LIN_handler
  6489 ;;		_LIN_breakCheck
  6490 ;; This function uses a non-reentrant model
  6491 ;;
  6492                           
  6493     040E                     _EUSART1_Read:	
  6494                           ;psect for function _EUSART1_Read
  6495                           
  6496     040E                     l1886:	
  6497                           ;incstack = 0
  6498                           ; Regs used in _EUSART1_Read: [wreg+fsr1l+fsr1h+status,2+status,0]
  6499                           
  6500     040E                     l1888:	
  6501                           ;D:\yiming\00work\FR761_RX_V02.X\mcc_generated_files\eusart1.c: 155:     while(0 == eusa
      +                          rt1RxCount)
  6502                           
  6503                           
  6504                           ;D:\yiming\00work\FR761_RX_V02.X\mcc_generated_files\eusart1.c: 155:     while(0 == eusa
      +                          rt1RxCount)
  6505     040E  0140               	movlb	0	; select bank0
  6506     040F  0839               	movf	_eusart1RxCount,w	;volatile
  6507     0410  1903               	btfsc	3,2
  6508     0411  2C13               	goto	u981
  6509     0412  2C14               	goto	u980
  6510     0413                     u981:
  6511     0413  2C0E               	goto	l1888
  6512     0414                     u980:
  6513     0414                     l1890:
  6514                           
  6515                           ;D:\yiming\00work\FR761_RX_V02.X\mcc_generated_files\eusart1.c: 159:     eusart1RxLastEr
      +                          ror = eusart1RxStatusBuffer[eusart1RxTail];
  6516     0414  083A               	movf	_eusart1RxTail,w	;volatile
  6517     0415  3E20               	addlw	(low (_eusart1RxStatusBuffer| 0))& (0+255)
  6518     0416  0086               	movwf	6
  6519     0417  0187               	clrf	7
  6520     0418  0801               	movf	1,w
  6521     0419  00B8               	movwf	_eusart1RxLastError	;volatile
  6522                           
  6523                           ;D:\yiming\00work\FR761_RX_V02.X\mcc_generated_files\eusart1.c: 161:     readValue = eus
      +                          art1RxBuffer[eusart1RxTail++];
  6524     041A  083A               	movf	_eusart1RxTail,w
  6525     041B  3E28               	addlw	(low (_eusart1RxBuffer| 0))& (0+255)
  6526     041C  0086               	movwf	6
  6527     041D  0187               	clrf	7
  6528     041E  0801               	movf	1,w
  6529     041F  00F0               	movwf	EUSART1_Read@readValue
  6530     0420                     l1892:
  6531     0420  3001               	movlw	1
  6532     0421  07BA               	addwf	_eusart1RxTail,f	;volatile
  6533     0422                     l1894:
  6534                           
  6535                           ;D:\yiming\00work\FR761_RX_V02.X\mcc_generated_files\eusart1.c: 162:     if(sizeof(eusar
      +                          t1RxBuffer) <= eusart1RxTail)
  6536     0422  3008               	movlw	8
  6537     0423  023A               	subwf	_eusart1RxTail,w	;volatile
  6538     0424  1C03               	skipc
  6539     0425  2C27               	goto	u991
  6540     0426  2C28               	goto	u990
  6541     0427                     u991:
  6542     0427  2C29               	goto	l1898
  6543     0428                     u990:
  6544     0428                     l1896:
  6545                           
  6546                           ;D:\yiming\00work\FR761_RX_V02.X\mcc_generated_files\eusart1.c: 163:     {;D:\yiming\00w
      +                          ork\FR761_RX_V02.X\mcc_generated_files\eusart1.c: 164:         eusart1RxTail = 0;
  6547     0428  01BA               	clrf	_eusart1RxTail	;volatile
  6548     0429                     l1898:
  6549                           
  6550                           ;D:\yiming\00work\FR761_RX_V02.X\mcc_generated_files\eusart1.c: 166:     PIE1bits.RC1IE 
      +                          = 0;
  6551     0429  014E               	movlb	14	; select bank14
  6552     042A  1217               	bcf	23,4	;volatile
  6553     042B                     l1900:
  6554                           
  6555                           ;D:\yiming\00work\FR761_RX_V02.X\mcc_generated_files\eusart1.c: 167:     eusart1RxCount-
      +                          -;
  6556     042B  3001               	movlw	1
  6557     042C  0140               	movlb	0	; select bank0
  6558     042D  02B9               	subwf	_eusart1RxCount,f	;volatile
  6559     042E                     l1902:
  6560                           
  6561                           ;D:\yiming\00work\FR761_RX_V02.X\mcc_generated_files\eusart1.c: 168:     PIE1bits.RC1IE 
      +                          = 1;
  6562     042E  014E               	movlb	14	; select bank14
  6563     042F  1617               	bsf	23,4	;volatile
  6564     0430                     l1904:
  6565                           
  6566                           ;D:\yiming\00work\FR761_RX_V02.X\mcc_generated_files\eusart1.c: 170:     return readValu
      +                          e;
  6567     0430  0870               	movf	EUSART1_Read@readValue,w
  6568     0431                     l404:
  6569     0431  0008               	return
  6570     0432                     __end_of_EUSART1_Read:
  6571                           
  6572                           	psect	text52
  6573     05A3                     __ptext52:	
  6574 ;; *************** function _EUSART1_is_rx_ready *****************
  6575 ;; Defined at:
  6576 ;;		line 137 in file "D:\yiming\00work\FR761_RX_V02.X\mcc_generated_files\eusart1.c"
  6577 ;; Parameters:    Size  Location     Type
  6578 ;;		None
  6579 ;; Auto vars:     Size  Location     Type
  6580 ;;		None
  6581 ;; Return value:  Size  Location     Type
  6582 ;;                  1    wreg      _Bool 
  6583 ;; Registers used:
  6584 ;;		wreg, status,2, status,0
  6585 ;; Tracked objects:
  6586 ;;		On entry : 0/0
  6587 ;;		On exit  : 0/0
  6588 ;;		Unchanged: 0/0
  6589 ;; Data sizes:     COMMON   BANK0   BANK1   BANK2
  6590 ;;      Params:         0       0       0       0
  6591 ;;      Locals:         0       0       0       0
  6592 ;;      Temps:          0       0       0       0
  6593 ;;      Totals:         0       0       0       0
  6594 ;;Total ram usage:        0 bytes
  6595 ;; Hardware stack levels used: 1
  6596 ;; Hardware stack levels required when called: 4
  6597 ;; This function calls:
  6598 ;;		Nothing
  6599 ;; This function is called by:
  6600 ;;		_LIN_handler
  6601 ;; This function uses a non-reentrant model
  6602 ;;
  6603                           
  6604     05A3                     _EUSART1_is_rx_ready:	
  6605                           ;psect for function _EUSART1_is_rx_ready
  6606                           
  6607     05A3                     l2102:	
  6608                           ;incstack = 0
  6609                           ; Regs used in _EUSART1_is_rx_ready: [wreg+status,2+status,0]
  6610                           
  6611                           
  6612                           ;D:\yiming\00work\FR761_RX_V02.X\mcc_generated_files\eusart1.c: 139:     return (eusart1
      +                          RxCount ? 1 : 0);
  6613     05A3  0140               	movlb	0	; select bank0
  6614     05A4  0839               	movf	_eusart1RxCount,w	;volatile
  6615     05A5  1D03               	btfss	3,2
  6616     05A6  2DA8               	goto	u1441
  6617     05A7  2DAA               	goto	u1440
  6618     05A8                     u1441:
  6619     05A8  3001               	movlw	1
  6620     05A9  2DAB               	goto	u1450
  6621     05AA                     u1440:
  6622     05AA  3000               	movlw	0
  6623     05AB                     u1450:
  6624     05AB                     l391:
  6625     05AB  0008               	return
  6626     05AC                     __end_of_EUSART1_is_rx_ready:
  6627                           
  6628                           	psect	intentry
  6629     0004                     __pintentry:	
  6630 ;; *************** function _INTERRUPT_InterruptManager *****************
  6631 ;; Defined at:
  6632 ;;		line 52 in file "D:\yiming\00work\FR761_RX_V02.X\mcc_generated_files\interrupt_manager.c"
  6633 ;; Parameters:    Size  Location     Type
  6634 ;;		None
  6635 ;; Auto vars:     Size  Location     Type
  6636 ;;		None
  6637 ;; Return value:  Size  Location     Type
  6638 ;;                  1    wreg      void 
  6639 ;; Registers used:
  6640 ;;		wreg, fsr1l, fsr1h, status,2, status,0, pclath, cstack
  6641 ;; Tracked objects:
  6642 ;;		On entry : 0/0
  6643 ;;		On exit  : 0/0
  6644 ;;		Unchanged: 0/0
  6645 ;; Data sizes:     COMMON   BANK0   BANK1   BANK2
  6646 ;;      Params:         0       0       0       0
  6647 ;;      Locals:         0       0       0       0
  6648 ;;      Temps:          0       0       0       0
  6649 ;;      Totals:         0       0       0       0
  6650 ;;Total ram usage:        0 bytes
  6651 ;; Hardware stack levels used: 1
  6652 ;; Hardware stack levels required when called: 3
  6653 ;; This function calls:
  6654 ;;		NULL
  6655 ;;		_EUSART1_Receive_ISR
  6656 ;;		_EUSART1_Transmit_ISR
  6657 ;;		_TMR0_ISR
  6658 ;; This function is called by:
  6659 ;;		Interrupt level 1
  6660 ;; This function uses a non-reentrant model
  6661 ;;
  6662                           
  6663     0004                     _INTERRUPT_InterruptManager:
  6664                           
  6665                           ;incstack = 0
  6666     0004  147E               	bsf	int$flags,0	;set compiler interrupt flag (level 1)
  6667                           
  6668                           ; Regs used in _INTERRUPT_InterruptManager: [wreg+fsr1l+fsr1h+status,2+status,0+pclath+c
      +                          stack]
  6669     0005  3180               	pagesel	$
  6670     0006                     i1l2344:
  6671                           
  6672                           ;D:\yiming\00work\FR761_RX_V02.X\mcc_generated_files\interrupt_manager.c: 55:     if(PIE
      +                          0bits.TMR0IE == 1 && PIR0bits.TMR0IF == 1)
  6673     0006  014E               	movlb	14	; select bank14
  6674     0007  1E96               	btfss	22,5	;volatile
  6675     0008  280A               	goto	u172_21
  6676     0009  280B               	goto	u172_20
  6677     000A                     u172_21:
  6678     000A  2813               	goto	i1l479
  6679     000B                     u172_20:
  6680     000B                     i1l2346:
  6681     000B  1E8C               	btfss	12,5	;volatile
  6682     000C  280E               	goto	u173_21
  6683     000D  280F               	goto	u173_20
  6684     000E                     u173_21:
  6685     000E  2813               	goto	i1l479
  6686     000F                     u173_20:
  6687     000F                     i1l2348:
  6688                           
  6689                           ;D:\yiming\00work\FR761_RX_V02.X\mcc_generated_files\interrupt_manager.c: 56:     {;D:\y
      +                          iming\00work\FR761_RX_V02.X\mcc_generated_files\interrupt_manager.c: 57:         TMR0_IS
      +                          R();
  6690     000F  3185  256E  3180   	fcall	_TMR0_ISR
  6691                           
  6692                           ;D:\yiming\00work\FR761_RX_V02.X\mcc_generated_files\interrupt_manager.c: 58:     }
  6693     0012  2835               	goto	i1l487
  6694     0013                     i1l479:	
  6695                           ;D:\yiming\00work\FR761_RX_V02.X\mcc_generated_files\interrupt_manager.c: 59:     else i
      +                          f(INTCONbits.PEIE == 1)
  6696                           
  6697     0013  1F0B               	btfss	11,6	;volatile
  6698     0014  2816               	goto	u174_21
  6699     0015  2817               	goto	u174_20
  6700     0016                     u174_21:
  6701     0016  2835               	goto	i1l487
  6702     0017                     u174_20:
  6703     0017                     i1l2350:
  6704                           
  6705                           ;D:\yiming\00work\FR761_RX_V02.X\mcc_generated_files\interrupt_manager.c: 60:     {;D:\y
      +                          iming\00work\FR761_RX_V02.X\mcc_generated_files\interrupt_manager.c: 61:         if(PIE1
      +                          bits.TX1IE == 1 && PIR1bits.TX1IF == 1)
  6706     0017  1D97               	btfss	23,3	;volatile
  6707     0018  281A               	goto	u175_21
  6708     0019  281B               	goto	u175_20
  6709     001A                     u175_21:
  6710     001A  2826               	goto	i1l482
  6711     001B                     u175_20:
  6712     001B                     i1l2352:
  6713     001B  1D8D               	btfss	13,3	;volatile
  6714     001C  281E               	goto	u176_21
  6715     001D  281F               	goto	u176_20
  6716     001E                     u176_21:
  6717     001E  2826               	goto	i1l482
  6718     001F                     u176_20:
  6719     001F                     i1l2354:
  6720                           
  6721                           ;D:\yiming\00work\FR761_RX_V02.X\mcc_generated_files\interrupt_manager.c: 62:         {;
      +                          D:\yiming\00work\FR761_RX_V02.X\mcc_generated_files\interrupt_manager.c: 63:            
      +                           EUSART1_TxDefaultInterruptHandler();
  6722     001F  0140               	movlb	0	; select bank0
  6723     0020  085D               	movf	_EUSART1_TxDefaultInterruptHandler+1,w
  6724     0021  008A               	movwf	10
  6725     0022  085C               	movf	_EUSART1_TxDefaultInterruptHandler,w
  6726     0023  000A               	callw
  6727     0024  3180               	pagesel	$
  6728                           
  6729                           ;D:\yiming\00work\FR761_RX_V02.X\mcc_generated_files\interrupt_manager.c: 64:         }
  6730     0025  2835               	goto	i1l487
  6731     0026                     i1l482:	
  6732                           ;D:\yiming\00work\FR761_RX_V02.X\mcc_generated_files\interrupt_manager.c: 65:         el
      +                          se if(PIE1bits.RC1IE == 1 && PIR1bits.RC1IF == 1)
  6733                           
  6734     0026  1E17               	btfss	23,4	;volatile
  6735     0027  2829               	goto	u177_21
  6736     0028  282A               	goto	u177_20
  6737     0029                     u177_21:
  6738     0029  2835               	goto	i1l486
  6739     002A                     u177_20:
  6740     002A                     i1l2356:
  6741     002A  1E0D               	btfss	13,4	;volatile
  6742     002B  282D               	goto	u178_21
  6743     002C  282E               	goto	u178_20
  6744     002D                     u178_21:
  6745     002D  2835               	goto	i1l486
  6746     002E                     u178_20:
  6747     002E                     i1l2358:
  6748                           
  6749                           ;D:\yiming\00work\FR761_RX_V02.X\mcc_generated_files\interrupt_manager.c: 66:         {;
      +                          D:\yiming\00work\FR761_RX_V02.X\mcc_generated_files\interrupt_manager.c: 67:            
      +                           EUSART1_RxDefaultInterruptHandler();
  6750     002E  0140               	movlb	0	; select bank0
  6751     002F  085B               	movf	_EUSART1_RxDefaultInterruptHandler+1,w
  6752     0030  008A               	movwf	10
  6753     0031  085A               	movf	_EUSART1_RxDefaultInterruptHandler,w
  6754     0032  000A               	callw
  6755     0033  3180               	pagesel	$
  6756                           
  6757                           ;D:\yiming\00work\FR761_RX_V02.X\mcc_generated_files\interrupt_manager.c: 68:         }
  6758     0034  2835               	goto	i1l487
  6759     0035                     i1l486:	
  6760                           ;D:\yiming\00work\FR761_RX_V02.X\mcc_generated_files\interrupt_manager.c: 75:     {;D:\y
      +                          iming\00work\FR761_RX_V02.X\mcc_generated_files\interrupt_manager.c: 77:     }
  6761                           
  6762     0035                     i1l487:
  6763     0035  107E               	bcf	int$flags,0	;clear compiler interrupt flag (level 1)
  6764     0036  0009               	retfie
  6765     0037                     __end_of_INTERRUPT_InterruptManager:
  6766                           
  6767                           	psect	text54
  6768     056E                     __ptext54:	
  6769 ;; *************** function _TMR0_ISR *****************
  6770 ;; Defined at:
  6771 ;;		line 121 in file "D:\yiming\00work\FR761_RX_V02.X\mcc_generated_files\tmr0.c"
  6772 ;; Parameters:    Size  Location     Type
  6773 ;;		None
  6774 ;; Auto vars:     Size  Location     Type
  6775 ;;		None
  6776 ;; Return value:  Size  Location     Type
  6777 ;;                  1    wreg      void 
  6778 ;; Registers used:
  6779 ;;		wreg, status,2, status,0, pclath, cstack
  6780 ;; Tracked objects:
  6781 ;;		On entry : 0/0
  6782 ;;		On exit  : 0/0
  6783 ;;		Unchanged: 0/0
  6784 ;; Data sizes:     COMMON   BANK0   BANK1   BANK2
  6785 ;;      Params:         0       0       0       0
  6786 ;;      Locals:         0       0       0       0
  6787 ;;      Temps:          0       0       0       0
  6788 ;;      Totals:         0       0       0       0
  6789 ;;Total ram usage:        0 bytes
  6790 ;; Hardware stack levels used: 1
  6791 ;; Hardware stack levels required when called: 1
  6792 ;; This function calls:
  6793 ;;		NULL
  6794 ;;		_LIN_timerHandler
  6795 ;;		_TMR0_DefaultInterruptHandler
  6796 ;; This function is called by:
  6797 ;;		_INTERRUPT_InterruptManager
  6798 ;; This function uses a non-reentrant model
  6799 ;;
  6800                           
  6801     056E                     _TMR0_ISR:	
  6802                           ;psect for function _TMR0_ISR
  6803                           
  6804     056E                     i1l2326:	
  6805                           ;incstack = 0
  6806                           ; Regs used in _TMR0_ISR: [wreg+status,2+status,0+pclath+cstack]
  6807                           
  6808                           
  6809                           ;D:\yiming\00work\FR761_RX_V02.X\mcc_generated_files\tmr0.c: 124:     PIR0bits.TMR0IF = 
      +                          0;
  6810     056E  014E               	movlb	14	; select bank14
  6811     056F  128C               	bcf	12,5	;volatile
  6812     0570                     i1l2328:
  6813                           
  6814                           ;D:\yiming\00work\FR761_RX_V02.X\mcc_generated_files\tmr0.c: 125:     if(TMR0_InterruptH
      +                          andler)
  6815     0570  0140               	movlb	0	; select bank0
  6816     0571  0854               	movf	_TMR0_InterruptHandler,w
  6817     0572  0455               	iorwf	_TMR0_InterruptHandler+1,w
  6818     0573  1903               	btfsc	3,2
  6819     0574  2D76               	goto	u171_21
  6820     0575  2D77               	goto	u171_20
  6821     0576                     u171_21:
  6822     0576  2D7C               	goto	i1l586
  6823     0577                     u171_20:
  6824     0577                     i1l2330:
  6825                           
  6826                           ;D:\yiming\00work\FR761_RX_V02.X\mcc_generated_files\tmr0.c: 126:     {;D:\yiming\00work
      +                          \FR761_RX_V02.X\mcc_generated_files\tmr0.c: 127:         TMR0_InterruptHandler();
  6827     0577  0855               	movf	_TMR0_InterruptHandler+1,w
  6828     0578  008A               	movwf	10
  6829     0579  0854               	movf	_TMR0_InterruptHandler,w
  6830     057A  000A               	callw
  6831     057B  3185               	pagesel	$
  6832     057C                     i1l586:
  6833     057C  0008               	return
  6834     057D                     __end_of_TMR0_ISR:
  6835                           
  6836                           	psect	text55
  6837     0597                     __ptext55:	
  6838 ;; *************** function _LIN_timerHandler *****************
  6839 ;; Defined at:
  6840 ;;		line 291 in file "D:\yiming\00work\FR761_RX_V02.X\mcc_generated_files\LINDrivers\lin_slave.c"
  6841 ;; Parameters:    Size  Location     Type
  6842 ;;		None
  6843 ;; Auto vars:     Size  Location     Type
  6844 ;;		None
  6845 ;; Return value:  Size  Location     Type
  6846 ;;                  1    wreg      void 
  6847 ;; Registers used:
  6848 ;;		wreg, status,2, status,0
  6849 ;; Tracked objects:
  6850 ;;		On entry : 0/0
  6851 ;;		On exit  : 0/0
  6852 ;;		Unchanged: 0/0
  6853 ;; Data sizes:     COMMON   BANK0   BANK1   BANK2
  6854 ;;      Params:         0       0       0       0
  6855 ;;      Locals:         0       0       0       0
  6856 ;;      Temps:          0       0       0       0
  6857 ;;      Totals:         0       0       0       0
  6858 ;;Total ram usage:        0 bytes
  6859 ;; Hardware stack levels used: 1
  6860 ;; This function calls:
  6861 ;;		Nothing
  6862 ;; This function is called by:
  6863 ;;		_LIN_setTimerHandler
  6864 ;;		_TMR0_ISR
  6865 ;; This function uses a non-reentrant model
  6866 ;;
  6867                           
  6868     0597                     _LIN_timerHandler:	
  6869                           ;psect for function _LIN_timerHandler
  6870                           
  6871     0597                     i1l2144:	
  6872                           ;incstack = 0
  6873                           ; Regs used in _LIN_timerHandler: [wreg+status,2+status,0]
  6874                           
  6875                           
  6876                           ;D:\yiming\00work\FR761_RX_V02.X\mcc_generated_files\LINDrivers\lin_slave.c: 294:     if
      +                           (++CountCallBack >= LIN_timeout)
  6877     0597  3001               	movlw	1
  6878     0598  0140               	movlb	0	; select bank0
  6879     0599  07C1               	addwf	_CountCallBack,f	;volatile
  6880     059A  086D               	movf	_LIN_timeout,w
  6881     059B  0241               	subwf	_CountCallBack,w	;volatile
  6882     059C  1C03               	skipc
  6883     059D  2D9F               	goto	u150_21
  6884     059E  2DA0               	goto	u150_20
  6885     059F                     u150_21:
  6886     059F  2DA2               	goto	i1l294
  6887     05A0                     u150_20:
  6888     05A0                     i1l2146:
  6889                           
  6890                           ;D:\yiming\00work\FR761_RX_V02.X\mcc_generated_files\LINDrivers\lin_slave.c: 295:     {;
      +                          D:\yiming\00work\FR761_RX_V02.X\mcc_generated_files\LINDrivers\lin_slave.c: 298:        
      +                           CountCallBack = 0;
  6891     05A0  01C1               	clrf	_CountCallBack	;volatile
  6892                           
  6893                           ;D:\yiming\00work\FR761_RX_V02.X\mcc_generated_files\LINDrivers\lin_slave.c: 299:       
      +                            LIN_timerRunning = 0;
  6894     05A1  01C2               	clrf	_LIN_timerRunning
  6895     05A2                     i1l294:
  6896     05A2  0008               	return
  6897     05A3                     __end_of_LIN_timerHandler:
  6898                           
  6899                           	psect	text56
  6900     0636                     __ptext56:	
  6901 ;; *************** function _TMR0_DefaultInterruptHandler *****************
  6902 ;; Defined at:
  6903 ;;		line 138 in file "D:\yiming\00work\FR761_RX_V02.X\mcc_generated_files\tmr0.c"
  6904 ;; Parameters:    Size  Location     Type
  6905 ;;		None
  6906 ;; Auto vars:     Size  Location     Type
  6907 ;;		None
  6908 ;; Return value:  Size  Location     Type
  6909 ;;                  1    wreg      void 
  6910 ;; Registers used:
  6911 ;;		None
  6912 ;; Tracked objects:
  6913 ;;		On entry : 0/0
  6914 ;;		On exit  : 0/0
  6915 ;;		Unchanged: 0/0
  6916 ;; Data sizes:     COMMON   BANK0   BANK1   BANK2
  6917 ;;      Params:         0       0       0       0
  6918 ;;      Locals:         0       0       0       0
  6919 ;;      Temps:          0       0       0       0
  6920 ;;      Totals:         0       0       0       0
  6921 ;;Total ram usage:        0 bytes
  6922 ;; Hardware stack levels used: 1
  6923 ;; This function calls:
  6924 ;;		Nothing
  6925 ;; This function is called by:
  6926 ;;		_TMR0_Initialize
  6927 ;;		_TMR0_ISR
  6928 ;; This function uses a non-reentrant model
  6929 ;;
  6930                           
  6931     0636                     _TMR0_DefaultInterruptHandler:	
  6932                           ;psect for function _TMR0_DefaultInterruptHandler
  6933                           
  6934     0636                     i1l592:	
  6935                           ;incstack = 0
  6936                           ; Regs used in _TMR0_DefaultInterruptHandler: []
  6937                           
  6938     0636  0008               	return
  6939     0637                     __end_of_TMR0_DefaultInterruptHandler:
  6940                           
  6941                           	psect	text57
  6942     0497                     __ptext57:	
  6943 ;; *************** function _EUSART1_Transmit_ISR *****************
  6944 ;; Defined at:
  6945 ;;		line 197 in file "D:\yiming\00work\FR761_RX_V02.X\mcc_generated_files\eusart1.c"
  6946 ;; Parameters:    Size  Location     Type
  6947 ;;		None
  6948 ;; Auto vars:     Size  Location     Type
  6949 ;;		None
  6950 ;; Return value:  Size  Location     Type
  6951 ;;                  1    wreg      void 
  6952 ;; Registers used:
  6953 ;;		wreg, fsr1l, fsr1h, status,2, status,0
  6954 ;; Tracked objects:
  6955 ;;		On entry : 0/0
  6956 ;;		On exit  : 0/0
  6957 ;;		Unchanged: 0/0
  6958 ;; Data sizes:     COMMON   BANK0   BANK1   BANK2
  6959 ;;      Params:         0       0       0       0
  6960 ;;      Locals:         0       0       0       0
  6961 ;;      Temps:          0       0       0       0
  6962 ;;      Totals:         0       0       0       0
  6963 ;;Total ram usage:        0 bytes
  6964 ;; Hardware stack levels used: 1
  6965 ;; This function calls:
  6966 ;;		Nothing
  6967 ;; This function is called by:
  6968 ;;		_EUSART1_Initialize
  6969 ;;		_INTERRUPT_InterruptManager
  6970 ;; This function uses a non-reentrant model
  6971 ;;
  6972                           
  6973     0497                     _EUSART1_Transmit_ISR:	
  6974                           ;psect for function _EUSART1_Transmit_ISR
  6975                           
  6976     0497                     i1l2294:	
  6977                           ;incstack = 0
  6978                           ; Regs used in _EUSART1_Transmit_ISR: [wreg+fsr1l+fsr1h+status,2+status,0]
  6979                           
  6980                           
  6981                           ;D:\yiming\00work\FR761_RX_V02.X\mcc_generated_files\eusart1.c: 201:     if(sizeof(eusar
      +                          t1TxBuffer) > eusart1TxBufferRemaining)
  6982     0497  3008               	movlw	8
  6983     0498  0140               	movlb	0	; select bank0
  6984     0499  023C               	subwf	_eusart1TxBufferRemaining,w	;volatile
  6985     049A  1803               	skipnc
  6986     049B  2C9D               	goto	u166_21
  6987     049C  2C9E               	goto	u166_20
  6988     049D                     u166_21:
  6989     049D  2CB2               	goto	i1l416
  6990     049E                     u166_20:
  6991     049E                     i1l2296:
  6992                           
  6993                           ;D:\yiming\00work\FR761_RX_V02.X\mcc_generated_files\eusart1.c: 202:     {;D:\yiming\00w
      +                          ork\FR761_RX_V02.X\mcc_generated_files\eusart1.c: 203:         TX1REG = eusart1TxBuffer[
      +                          eusart1TxTail++];
  6994     049E  083D               	movf	_eusart1TxTail,w
  6995     049F  3E30               	addlw	(low (_eusart1TxBuffer| 0))& (0+255)
  6996     04A0  0086               	movwf	6
  6997     04A1  0187               	clrf	7
  6998     04A2  0801               	movf	1,w
  6999     04A3  0142               	movlb	2	; select bank2
  7000     04A4  009A               	movwf	26	;volatile
  7001     04A5                     i1l2298:
  7002     04A5  3001               	movlw	1
  7003     04A6  0140               	movlb	0	; select bank0
  7004     04A7  07BD               	addwf	_eusart1TxTail,f	;volatile
  7005     04A8                     i1l2300:
  7006                           
  7007                           ;D:\yiming\00work\FR761_RX_V02.X\mcc_generated_files\eusart1.c: 204:         if(sizeof(e
      +                          usart1TxBuffer) <= eusart1TxTail)
  7008     04A8  3008               	movlw	8
  7009     04A9  023D               	subwf	_eusart1TxTail,w	;volatile
  7010     04AA  1C03               	skipc
  7011     04AB  2CAD               	goto	u167_21
  7012     04AC  2CAE               	goto	u167_20
  7013     04AD                     u167_21:
  7014     04AD  2CAF               	goto	i1l2304
  7015     04AE                     u167_20:
  7016     04AE                     i1l2302:
  7017                           
  7018                           ;D:\yiming\00work\FR761_RX_V02.X\mcc_generated_files\eusart1.c: 205:         {;D:\yiming
      +                          \00work\FR761_RX_V02.X\mcc_generated_files\eusart1.c: 206:             eusart1TxTail = 0
      +                          ;
  7019     04AE  01BD               	clrf	_eusart1TxTail	;volatile
  7020     04AF                     i1l2304:
  7021                           
  7022                           ;D:\yiming\00work\FR761_RX_V02.X\mcc_generated_files\eusart1.c: 208:         eusart1TxBu
      +                          fferRemaining++;
  7023     04AF  3001               	movlw	1
  7024     04B0  07BC               	addwf	_eusart1TxBufferRemaining,f	;volatile
  7025                           
  7026                           ;D:\yiming\00work\FR761_RX_V02.X\mcc_generated_files\eusart1.c: 209:     }
  7027     04B1  2CB4               	goto	i1l419
  7028     04B2                     i1l416:	
  7029                           ;D:\yiming\00work\FR761_RX_V02.X\mcc_generated_files\eusart1.c: 210:     else
  7030                           
  7031                           
  7032                           ;D:\yiming\00work\FR761_RX_V02.X\mcc_generated_files\eusart1.c: 211:     {;D:\yiming\00w
      +                          ork\FR761_RX_V02.X\mcc_generated_files\eusart1.c: 212:         PIE1bits.TX1IE = 0;
  7033     04B2  014E               	movlb	14	; select bank14
  7034     04B3  1197               	bcf	23,3	;volatile
  7035     04B4                     i1l419:
  7036     04B4  0008               	return
  7037     04B5                     __end_of_EUSART1_Transmit_ISR:
  7038                           
  7039                           	psect	text58
  7040     037B                     __ptext58:	
  7041 ;; *************** function _EUSART1_Receive_ISR *****************
  7042 ;; Defined at:
  7043 ;;		line 216 in file "D:\yiming\00work\FR761_RX_V02.X\mcc_generated_files\eusart1.c"
  7044 ;; Parameters:    Size  Location     Type
  7045 ;;		None
  7046 ;; Auto vars:     Size  Location     Type
  7047 ;;		None
  7048 ;; Return value:  Size  Location     Type
  7049 ;;                  1    wreg      void 
  7050 ;; Registers used:
  7051 ;;		wreg, fsr1l, fsr1h, status,2, status,0, pclath, cstack
  7052 ;; Tracked objects:
  7053 ;;		On entry : 0/0
  7054 ;;		On exit  : 0/0
  7055 ;;		Unchanged: 0/0
  7056 ;; Data sizes:     COMMON   BANK0   BANK1   BANK2
  7057 ;;      Params:         0       0       0       0
  7058 ;;      Locals:         0       0       0       0
  7059 ;;      Temps:          0       0       0       0
  7060 ;;      Totals:         0       0       0       0
  7061 ;;Total ram usage:        0 bytes
  7062 ;; Hardware stack levels used: 1
  7063 ;; Hardware stack levels required when called: 2
  7064 ;; This function calls:
  7065 ;;		NULL
  7066 ;;		_EUSART1_DefaultErrorHandler
  7067 ;;		_EUSART1_DefaultFramingErrorHandler
  7068 ;;		_EUSART1_DefaultOverrunErrorHandler
  7069 ;;		_EUSART1_RxDataHandler
  7070 ;; This function is called by:
  7071 ;;		_EUSART1_Initialize
  7072 ;;		_INTERRUPT_InterruptManager
  7073 ;; This function uses a non-reentrant model
  7074 ;;
  7075                           
  7076     037B                     _EUSART1_Receive_ISR:	
  7077                           ;psect for function _EUSART1_Receive_ISR
  7078                           
  7079     037B                     i1l2306:	
  7080                           ;incstack = 0
  7081                           ; Regs used in _EUSART1_Receive_ISR: [wreg+fsr1l+fsr1h+status,2+status,0+pclath+cstack]
  7082                           
  7083                           
  7084                           ;D:\yiming\00work\FR761_RX_V02.X\mcc_generated_files\eusart1.c: 219:     eusart1RxStatus
      +                          Buffer[eusart1RxHead].status = 0;
  7085     037B  0140               	movlb	0	; select bank0
  7086     037C  083B               	movf	_eusart1RxHead,w	;volatile
  7087     037D  3E20               	addlw	(low (_eusart1RxStatusBuffer| 0))& (0+255)
  7088     037E  0086               	movwf	6
  7089     037F  0187               	clrf	7
  7090     0380  0181               	clrf	1
  7091     0381                     i1l2308:
  7092                           
  7093                           ;D:\yiming\00work\FR761_RX_V02.X\mcc_generated_files\eusart1.c: 221:     if(RC1STAbits.F
      +                          ERR){
  7094     0381  0142               	movlb	2	; select bank2
  7095     0382  1D1D               	btfss	29,2	;volatile
  7096     0383  2B85               	goto	u168_21
  7097     0384  2B86               	goto	u168_20
  7098     0385                     u168_21:
  7099     0385  2B91               	goto	i1l2314
  7100     0386                     u168_20:
  7101     0386                     i1l2310:
  7102                           
  7103                           ;D:\yiming\00work\FR761_RX_V02.X\mcc_generated_files\eusart1.c: 222:         eusart1RxSt
      +                          atusBuffer[eusart1RxHead].ferr = 1;
  7104     0386  0140               	movlb	0	; select bank0
  7105     0387  083B               	movf	_eusart1RxHead,w	;volatile
  7106     0388  3E20               	addlw	(low (_eusart1RxStatusBuffer| 0))& (0+255)
  7107     0389  0086               	movwf	6
  7108     038A  0187               	clrf	7
  7109     038B  1481               	bsf	1,1
  7110     038C                     i1l2312:
  7111                           
  7112                           ;D:\yiming\00work\FR761_RX_V02.X\mcc_generated_files\eusart1.c: 223:         EUSART1_Fra
      +                          mingErrorHandler();
  7113     038C  0859               	movf	_EUSART1_FramingErrorHandler+1,w
  7114     038D  008A               	movwf	10
  7115     038E  0858               	movf	_EUSART1_FramingErrorHandler,w
  7116     038F  000A               	callw
  7117     0390  3183               	pagesel	$
  7118     0391                     i1l2314:
  7119                           
  7120                           ;D:\yiming\00work\FR761_RX_V02.X\mcc_generated_files\eusart1.c: 226:     if(RC1STAbits.O
      +                          ERR){
  7121     0391  0142               	movlb	2	; select bank2
  7122     0392  1C9D               	btfss	29,1	;volatile
  7123     0393  2B95               	goto	u169_21
  7124     0394  2B96               	goto	u169_20
  7125     0395                     u169_21:
  7126     0395  2BA1               	goto	i1l2320
  7127     0396                     u169_20:
  7128     0396                     i1l2316:
  7129                           
  7130                           ;D:\yiming\00work\FR761_RX_V02.X\mcc_generated_files\eusart1.c: 227:         eusart1RxSt
      +                          atusBuffer[eusart1RxHead].oerr = 1;
  7131     0396  0140               	movlb	0	; select bank0
  7132     0397  083B               	movf	_eusart1RxHead,w	;volatile
  7133     0398  3E20               	addlw	(low (_eusart1RxStatusBuffer| 0))& (0+255)
  7134     0399  0086               	movwf	6
  7135     039A  0187               	clrf	7
  7136     039B  1501               	bsf	1,2
  7137     039C                     i1l2318:
  7138                           
  7139                           ;D:\yiming\00work\FR761_RX_V02.X\mcc_generated_files\eusart1.c: 228:         EUSART1_Ove
      +                          rrunErrorHandler();
  7140     039C  0857               	movf	_EUSART1_OverrunErrorHandler+1,w
  7141     039D  008A               	movwf	10
  7142     039E  0856               	movf	_EUSART1_OverrunErrorHandler,w
  7143     039F  000A               	callw
  7144     03A0  3183               	pagesel	$
  7145     03A1                     i1l2320:
  7146                           
  7147                           ;D:\yiming\00work\FR761_RX_V02.X\mcc_generated_files\eusart1.c: 231:     if(eusart1RxSta
      +                          tusBuffer[eusart1RxHead].status){
  7148     03A1  0140               	movlb	0	; select bank0
  7149     03A2  083B               	movf	_eusart1RxHead,w	;volatile
  7150     03A3  3E20               	addlw	(low (_eusart1RxStatusBuffer| 0))& (0+255)
  7151     03A4  0086               	movwf	6
  7152     03A5  0187               	clrf	7
  7153     03A6  0801               	movf	1,w
  7154     03A7  1903               	btfsc	3,2
  7155     03A8  2BAA               	goto	u170_21
  7156     03A9  2BAB               	goto	u170_20
  7157     03AA                     u170_21:
  7158     03AA  2BB2               	goto	i1l2324
  7159     03AB                     u170_20:
  7160     03AB                     i1l2322:
  7161                           
  7162                           ;D:\yiming\00work\FR761_RX_V02.X\mcc_generated_files\eusart1.c: 232:         EUSART1_Err
      +                          orHandler();
  7163     03AB  0141               	movlb	1	; select bank1
  7164     03AC  082E               	movf	(_EUSART1_ErrorHandler+1)^(0+128),w
  7165     03AD  008A               	movwf	10
  7166     03AE  082D               	movf	_EUSART1_ErrorHandler^(0+128),w
  7167     03AF  000A               	callw
  7168     03B0  3183               	pagesel	$
  7169                           
  7170                           ;D:\yiming\00work\FR761_RX_V02.X\mcc_generated_files\eusart1.c: 233:     } else {
  7171     03B1  2BB5               	goto	i1l426
  7172     03B2                     i1l2324:
  7173                           
  7174                           ;D:\yiming\00work\FR761_RX_V02.X\mcc_generated_files\eusart1.c: 234:         EUSART1_RxD
      +                          ataHandler();
  7175     03B2  3184  24FC  3183   	fcall	_EUSART1_RxDataHandler
  7176     03B5                     i1l426:
  7177     03B5  0008               	return
  7178     03B6                     __end_of_EUSART1_Receive_ISR:
  7179                           
  7180                           	psect	text59
  7181     0605                     __ptext59:	
  7182 ;; *************** function _EUSART1_DefaultOverrunErrorHandler *****************
  7183 ;; Defined at:
  7184 ;;		line 252 in file "D:\yiming\00work\FR761_RX_V02.X\mcc_generated_files\eusart1.c"
  7185 ;; Parameters:    Size  Location     Type
  7186 ;;		None
  7187 ;; Auto vars:     Size  Location     Type
  7188 ;;		None
  7189 ;; Return value:  Size  Location     Type
  7190 ;;                  1    wreg      void 
  7191 ;; Registers used:
  7192 ;;		None
  7193 ;; Tracked objects:
  7194 ;;		On entry : 0/0
  7195 ;;		On exit  : 0/0
  7196 ;;		Unchanged: 0/0
  7197 ;; Data sizes:     COMMON   BANK0   BANK1   BANK2
  7198 ;;      Params:         0       0       0       0
  7199 ;;      Locals:         0       0       0       0
  7200 ;;      Temps:          0       0       0       0
  7201 ;;      Totals:         0       0       0       0
  7202 ;;Total ram usage:        0 bytes
  7203 ;; Hardware stack levels used: 1
  7204 ;; This function calls:
  7205 ;;		Nothing
  7206 ;; This function is called by:
  7207 ;;		_EUSART1_Initialize
  7208 ;;		_EUSART1_Receive_ISR
  7209 ;; This function uses a non-reentrant model
  7210 ;;
  7211                           
  7212     0605                     _EUSART1_DefaultOverrunErrorHandler:	
  7213                           ;psect for function _EUSART1_DefaultOverrunErrorHandler
  7214                           
  7215     0605                     i1l2180:	
  7216                           ;incstack = 0
  7217                           ; Regs used in _EUSART1_DefaultOverrunErrorHandler: []
  7218                           
  7219                           
  7220                           ;D:\yiming\00work\FR761_RX_V02.X\mcc_generated_files\eusart1.c: 255:     RC1STAbits.CREN
      +                           = 0;
  7221     0605  0142               	movlb	2	; select bank2
  7222     0606  121D               	bcf	29,4	;volatile
  7223                           
  7224                           ;D:\yiming\00work\FR761_RX_V02.X\mcc_generated_files\eusart1.c: 256:     RC1STAbits.CREN
      +                           = 1;
  7225     0607  161D               	bsf	29,4	;volatile
  7226     0608                     i1l436:
  7227     0608  0008               	return
  7228     0609                     __end_of_EUSART1_DefaultOverrunErrorHandler:
  7229                           
  7230                           	psect	text60
  7231     0637                     __ptext60:	
  7232 ;; *************** function _EUSART1_DefaultFramingErrorHandler *****************
  7233 ;; Defined at:
  7234 ;;		line 250 in file "D:\yiming\00work\FR761_RX_V02.X\mcc_generated_files\eusart1.c"
  7235 ;; Parameters:    Size  Location     Type
  7236 ;;		None
  7237 ;; Auto vars:     Size  Location     Type
  7238 ;;		None
  7239 ;; Return value:  Size  Location     Type
  7240 ;;                  1    wreg      void 
  7241 ;; Registers used:
  7242 ;;		None
  7243 ;; Tracked objects:
  7244 ;;		On entry : 0/0
  7245 ;;		On exit  : 0/0
  7246 ;;		Unchanged: 0/0
  7247 ;; Data sizes:     COMMON   BANK0   BANK1   BANK2
  7248 ;;      Params:         0       0       0       0
  7249 ;;      Locals:         0       0       0       0
  7250 ;;      Temps:          0       0       0       0
  7251 ;;      Totals:         0       0       0       0
  7252 ;;Total ram usage:        0 bytes
  7253 ;; Hardware stack levels used: 1
  7254 ;; This function calls:
  7255 ;;		Nothing
  7256 ;; This function is called by:
  7257 ;;		_EUSART1_Initialize
  7258 ;;		_EUSART1_Receive_ISR
  7259 ;; This function uses a non-reentrant model
  7260 ;;
  7261                           
  7262     0637                     _EUSART1_DefaultFramingErrorHandler:	
  7263                           ;psect for function _EUSART1_DefaultFramingErrorHandler
  7264                           
  7265     0637                     i1l433:	
  7266                           ;incstack = 0
  7267                           ; Regs used in _EUSART1_DefaultFramingErrorHandler: []
  7268                           
  7269     0637  0008               	return
  7270     0638                     __end_of_EUSART1_DefaultFramingErrorHandler:
  7271                           
  7272                           	psect	text61
  7273     0609                     __ptext61:	
  7274 ;; *************** function _EUSART1_DefaultErrorHandler *****************
  7275 ;; Defined at:
  7276 ;;		line 260 in file "D:\yiming\00work\FR761_RX_V02.X\mcc_generated_files\eusart1.c"
  7277 ;; Parameters:    Size  Location     Type
  7278 ;;		None
  7279 ;; Auto vars:     Size  Location     Type
  7280 ;;		None
  7281 ;; Return value:  Size  Location     Type
  7282 ;;                  1    wreg      void 
  7283 ;; Registers used:
  7284 ;;		wreg, fsr1l, fsr1h, status,2, status,0, pclath, cstack
  7285 ;; Tracked objects:
  7286 ;;		On entry : 0/0
  7287 ;;		On exit  : 0/0
  7288 ;;		Unchanged: 0/0
  7289 ;; Data sizes:     COMMON   BANK0   BANK1   BANK2
  7290 ;;      Params:         0       0       0       0
  7291 ;;      Locals:         0       0       0       0
  7292 ;;      Temps:          0       0       0       0
  7293 ;;      Totals:         0       0       0       0
  7294 ;;Total ram usage:        0 bytes
  7295 ;; Hardware stack levels used: 1
  7296 ;; Hardware stack levels required when called: 1
  7297 ;; This function calls:
  7298 ;;		_EUSART1_RxDataHandler
  7299 ;; This function is called by:
  7300 ;;		_EUSART1_Initialize
  7301 ;;		_EUSART1_Receive_ISR
  7302 ;; This function uses a non-reentrant model
  7303 ;;
  7304                           
  7305     0609                     _EUSART1_DefaultErrorHandler:	
  7306                           ;psect for function _EUSART1_DefaultErrorHandler
  7307                           
  7308     0609                     i1l2182:	
  7309                           ;incstack = 0
  7310                           ; Regs used in _EUSART1_DefaultErrorHandler: [wreg+fsr1l+fsr1h+status,2+status,0+pclath+
      +                          cstack]
  7311                           
  7312                           
  7313                           ;D:\yiming\00work\FR761_RX_V02.X\mcc_generated_files\eusart1.c: 261:     EUSART1_RxDataH
      +                          andler();
  7314     0609  3184  24FC  3186   	fcall	_EUSART1_RxDataHandler
  7315     060C                     i1l439:
  7316     060C  0008               	return
  7317     060D                     __end_of_EUSART1_DefaultErrorHandler:
  7318                           
  7319                           	psect	text62
  7320     04FC                     __ptext62:	
  7321 ;; *************** function _EUSART1_RxDataHandler *****************
  7322 ;; Defined at:
  7323 ;;		line 240 in file "D:\yiming\00work\FR761_RX_V02.X\mcc_generated_files\eusart1.c"
  7324 ;; Parameters:    Size  Location     Type
  7325 ;;		None
  7326 ;; Auto vars:     Size  Location     Type
  7327 ;;		None
  7328 ;; Return value:  Size  Location     Type
  7329 ;;                  1    wreg      void 
  7330 ;; Registers used:
  7331 ;;		wreg, fsr1l, fsr1h, status,2, status,0
  7332 ;; Tracked objects:
  7333 ;;		On entry : 0/0
  7334 ;;		On exit  : 0/0
  7335 ;;		Unchanged: 0/0
  7336 ;; Data sizes:     COMMON   BANK0   BANK1   BANK2
  7337 ;;      Params:         0       0       0       0
  7338 ;;      Locals:         0       0       0       0
  7339 ;;      Temps:          0       0       0       0
  7340 ;;      Totals:         0       0       0       0
  7341 ;;Total ram usage:        0 bytes
  7342 ;; Hardware stack levels used: 1
  7343 ;; This function calls:
  7344 ;;		Nothing
  7345 ;; This function is called by:
  7346 ;;		_EUSART1_Receive_ISR
  7347 ;;		_EUSART1_DefaultErrorHandler
  7348 ;; This function uses a non-reentrant model
  7349 ;;
  7350                           
  7351     04FC                     _EUSART1_RxDataHandler:	
  7352                           ;psect for function _EUSART1_RxDataHandler
  7353                           
  7354     04FC                     i1l1978:	
  7355                           ;incstack = 0
  7356                           ; Regs used in _EUSART1_RxDataHandler: [wreg+fsr1l+fsr1h+status,2+status,0]
  7357                           
  7358                           
  7359                           ;D:\yiming\00work\FR761_RX_V02.X\mcc_generated_files\eusart1.c: 242:     eusart1RxBuffer
      +                          [eusart1RxHead++] = RC1REG;
  7360     04FC  0140               	movlb	0	; select bank0
  7361     04FD  083B               	movf	_eusart1RxHead,w
  7362     04FE  3E28               	addlw	(low (_eusart1RxBuffer| 0))& (0+255)
  7363     04FF  0086               	movwf	6
  7364     0500  0187               	clrf	7
  7365     0501  0142               	movlb	2	; select bank2
  7366     0502  0819               	movf	25,w	;volatile
  7367     0503  0081               	movwf	1
  7368     0504                     i1l1980:
  7369     0504  3001               	movlw	1
  7370     0505  0140               	movlb	0	; select bank0
  7371     0506  07BB               	addwf	_eusart1RxHead,f	;volatile
  7372     0507                     i1l1982:
  7373                           
  7374                           ;D:\yiming\00work\FR761_RX_V02.X\mcc_generated_files\eusart1.c: 243:     if(sizeof(eusar
      +                          t1RxBuffer) <= eusart1RxHead)
  7375     0507  3008               	movlw	8
  7376     0508  023B               	subwf	_eusart1RxHead,w	;volatile
  7377     0509  1C03               	skipc
  7378     050A  2D0C               	goto	u129_21
  7379     050B  2D0D               	goto	u129_20
  7380     050C                     u129_21:
  7381     050C  2D0E               	goto	i1l1986
  7382     050D                     u129_20:
  7383     050D                     i1l1984:
  7384                           
  7385                           ;D:\yiming\00work\FR761_RX_V02.X\mcc_generated_files\eusart1.c: 244:     {;D:\yiming\00w
      +                          ork\FR761_RX_V02.X\mcc_generated_files\eusart1.c: 245:         eusart1RxHead = 0;
  7386     050D  01BB               	clrf	_eusart1RxHead	;volatile
  7387     050E                     i1l1986:
  7388                           
  7389                           ;D:\yiming\00work\FR761_RX_V02.X\mcc_generated_files\eusart1.c: 247:     eusart1RxCount+
      +                          +;
  7390     050E  3001               	movlw	1
  7391     050F  07B9               	addwf	_eusart1RxCount,f	;volatile
  7392     0510                     i1l430:
  7393     0510  0008               	return
  7394     0511                     __end_of_EUSART1_RxDataHandler:
  7395     0000                     ___latbits      equ	0
  7396     007E                     btemp           set	126	;btemp
  7397     007E                     int$flags       set	126
  7398     007E                     wtemp0          set	126
  7399                           
  7400                           	psect	idloc
  7401                           
  7402                           ;Config register IDLOC0 @ 0x8000
  7403                           ;	unspecified, using default values
  7404     8000                     	org	32768
  7405     8000  3FFF               	dw	16383
  7406                           
  7407                           ;Config register IDLOC1 @ 0x8001
  7408                           ;	unspecified, using default values
  7409     8001                     	org	32769
  7410     8001  3FFF               	dw	16383
  7411                           
  7412                           ;Config register IDLOC2 @ 0x8002
  7413                           ;	unspecified, using default values
  7414     8002                     	org	32770
  7415     8002  3FFF               	dw	16383
  7416                           
  7417                           ;Config register IDLOC3 @ 0x8003
  7418                           ;	unspecified, using default values
  7419     8003                     	org	32771
  7420     8003  3FFF               	dw	16383
  7421                           
  7422                           	psect	config
  7423                           
  7424                           ;Config register CONFIG1 @ 0x8007
  7425                           ;	External Oscillator Mode Selection bits
  7426                           ;	FEXTOSC = OFF, Oscillator not enabled
  7427                           ;	Power-up Default Value for COSC bits
  7428                           ;	RSTOSC = HFINTOSC_32MHZ, HFINTOSC (32 MHz)
  7429                           ;	Clock Out Enable bit
  7430                           ;	CLKOUTEN = OFF, CLKOUT function is disabled; I/O function on RA4
  7431                           ;	VDD Range Analog Calibration Selection bit
  7432                           ;	VDDAR = HI, Internal analog systems are calibrated for operation between VDD = 2.3V - 
      +                          5.5V
  7433     8007                     	org	32775
  7434     8007  3FCD               	dw	16333
  7435                           
  7436                           ;Config register CONFIG2 @ 0x8008
  7437                           ;	Master Clear Enable bit
  7438                           ;	MCLRE = EXTMCLR, If LVP = 0, MCLR pin is MCLR; If LVP = 1, RA3 pin function is MCLR
  7439                           ;	Power-up Timer Selection bits
  7440                           ;	PWRTS = PWRT_OFF, PWRT is disabled
  7441                           ;	WDT Operating Mode bits
  7442                           ;	WDTE = OFF, WDT disabled; SEN is ignored
  7443                           ;	Brown-out Reset Enable bits
  7444                           ;	BOREN = ON, Brown-out Reset Enabled, SBOREN bit is ignored
  7445                           ;	Brown-out Reset Voltage Selection bit
  7446                           ;	BORV = LO, Brown-out Reset Voltage (VBOR) set to 1.9V
  7447                           ;	PPSLOCKED One-Way Set Enable bit
  7448                           ;	PPS1WAY = ON, The PPSLOCKED bit can be set once after an unlocking sequence is execute
      +                          d; once PPSLOCKED is set, all future changes to PPS registers are prevented
  7449                           ;	Stack Overflow/Underflow Reset Enable bit
  7450                           ;	STVREN = ON, Stack Overflow or Underflow will cause a reset
  7451     8008                     	org	32776
  7452     8008  3FE7               	dw	16359
  7453                           
  7454                           ;Config register CONFIG3 @ 0x8009
  7455                           ;	unspecified, using default values
  7456     8009                     	org	32777
  7457     8009  3FFF               	dw	16383
  7458                           
  7459                           ;Config register CONFIG4 @ 0x800A
  7460                           ;	Boot Block Size Selection bits
  7461                           ;	BBSIZE = BB512, 512 words boot block size
  7462                           ;	Boot Block Enable bit
  7463                           ;	BBEN = OFF, Boot Block is disabled
  7464                           ;	SAF Enable bit
  7465                           ;	SAFEN = OFF, SAF is disabled
  7466                           ;	Application Block Write Protection bit
  7467                           ;	WRTAPP = OFF, Application Block is not write-protected
  7468                           ;	Boot Block Write Protection bit
  7469                           ;	WRTB = OFF, Boot Block is not write-protected
  7470                           ;	Configuration Registers Write Protection bit
  7471                           ;	WRTC = OFF, Configuration Registers are not write-protected
  7472                           ;	Storage Area Flash (SAF) Write Protection bit
  7473                           ;	WRTSAF = OFF, SAF is not write-protected
  7474                           ;	Low Voltage Programming Enable bit
  7475                           ;	LVP = ON, Low Voltage programming enabled. MCLR/Vpp pin function is MCLR. MCLRE Config
      +                          uration bit is ignored.
  7476     800A                     	org	32778
  7477     800A  3FFF               	dw	16383
  7478                           
  7479                           ;Config register CONFIG5 @ 0x800B
  7480                           ;	User Program Flash Memory Code Protection bit
  7481                           ;	CP = OFF, User Program Flash Memory code protection is disabled
  7482     800B                     	org	32779
  7483     800B  3FFF               	dw	16383

Data Sizes:
    Strings     0
    Constant    5
    Data        1
    BSS         60
    Persistent  49
    Stack       0

Auto Spaces:
    Space          Size  Autos    Used
    COMMON           14     14      14
    BANK0            80     10      78
    BANK1            80      5      15
    BANK2            80      0       0

Pointer List with Targets:

    EUSART1_ErrorHandler	PTR FTN()void  size(2) Largest target is 1
		 -> EUSART1_DefaultErrorHandler(), NULL(), 

    EUSART1_FramingErrorHandler	PTR FTN()void  size(2) Largest target is 1
		 -> EUSART1_DefaultFramingErrorHandler(), NULL(), 

    EUSART1_OverrunErrorHandler	PTR FTN()void  size(2) Largest target is 1
		 -> EUSART1_DefaultOverrunErrorHandler(), NULL(), 

    EUSART1_RxDefaultInterruptHandler	PTR FTN()void  size(2) Largest target is 1
		 -> EUSART1_Receive_ISR(), NULL(), 

    EUSART1_SetErrorHandler@interruptHandler	PTR FTN()void  size(2) Largest target is 1
		 -> EUSART1_DefaultErrorHandler(), 

    EUSART1_SetFramingErrorHandler@interruptHandler	PTR FTN()void  size(2) Largest target is 1
		 -> EUSART1_DefaultFramingErrorHandler(), 

    EUSART1_SetOverrunErrorHandler@interruptHandler	PTR FTN()void  size(2) Largest target is 1
		 -> EUSART1_DefaultOverrunErrorHandler(), 

    EUSART1_SetRxInterruptHandler@interruptHandler	PTR FTN()void  size(2) Largest target is 1
		 -> EUSART1_Receive_ISR(), 

    EUSART1_SetTxInterruptHandler@interruptHandler	PTR FTN()void  size(2) Largest target is 1
		 -> EUSART1_Transmit_ISR(), 

    EUSART1_TxDefaultInterruptHandler	PTR FTN()void  size(2) Largest target is 1
		 -> EUSART1_Transmit_ISR(), NULL(), 

    LIN_getChecksum@data	PTR unsigned char  size(2) Largest target is 13
		 -> LIN_packet(BANK0[13]), 

    LIN_getFromTable@rxCommand	PTR const struct . size(2) Largest target is 5
		 -> scheduleTable(CODE[5]), NULL(NULL[0]), 

    LIN_getFromTable@rxCommand$data	PTR unsigned char  size(2) Largest target is 8
		 -> SIGNAL_Data(BANK1[8]), 

    LIN_getPacket@data	PTR unsigned char  size(1) Largest target is 8
		 -> processLIN@tempRxData(BANK0[8]), 

    LIN_init@command	const PTR const struct . size(2) Largest target is 5
		 -> scheduleTable(CODE[5]), 

    LIN_init@processData	PTR FTN()void  size(2) Largest target is 1
		 -> processLIN(), 

    LIN_processData	PTR FTN()void  size(2) Largest target is 1
		 -> processLIN(), NULL(), 

    LIN_queuePacket@tempSchedule	PTR const struct . size(2) Largest target is 5
		 -> scheduleTable(CODE[5]), NULL(NULL[0]), 

    LIN_queuePacket@tempSchedule$data	PTR unsigned char  size(2) Largest target is 8
		 -> SIGNAL_Data(BANK1[8]), 

    LIN_rxCommand	PTR const struct . size(2) Largest target is 5
		 -> scheduleTable(CODE[5]), NULL(NULL[0]), 

    LIN_rxCommand$data	PTR unsigned char  size(2) Largest target is 8
		 -> SIGNAL_Data(BANK1[8]), 

    LIN_sendPacket@data	PTR unsigned char  size(2) Largest target is 13
		 -> LIN_packet(BANK0[13]), 

    memcpy@d	PTR unsigned char  size(1) Largest target is 13
		 -> LIN_packet(BANK0[13]), processLIN@tempRxData(BANK0[8]), 

    memcpy@d1	PTR void  size(2) Largest target is 13
		 -> LIN_packet(BANK0[13]), processLIN@tempRxData(BANK0[8]), 

    memcpy@s	PTR const unsigned char  size(1) Largest target is 13
		 -> LIN_packet(BANK0[13]), LIN_packet$data(BANK0[8]), SIGNAL_Data(BANK1[8]), 

    memcpy@s1	PTR const void  size(2) Largest target is 13
		 -> LIN_packet(BANK0[13]), LIN_packet$data(BANK0[8]), SIGNAL_Data(BANK1[8]), 

    memset@dest	PTR void  size(2) Largest target is 13
		 -> LIN_packet(BANK0[13]), 

    memset@p	PTR unsigned char  size(1) Largest target is 13
		 -> LIN_packet(BANK0[13]), 

    S94$data	PTR unsigned char  size(2) Largest target is 8
		 -> SIGNAL_Data(BANK1[8]), 

    scheduleTable$data	PTR unsigned char  size(2) Largest target is 8
		 -> SIGNAL_Data(BANK1[8]), 

    sp__memcpy	PTR void  size(2) Largest target is 13
		 -> LIN_packet(BANK0[13]), processLIN@tempRxData(BANK0[8]), 

    sp__memset	PTR void  size(2) Largest target is 13
		 -> LIN_packet(BANK0[13]), 

    TMR0_InterruptHandler	PTR FTN()void  size(2) Largest target is 1
		 -> LIN_timerHandler(), TMR0_DefaultInterruptHandler(), NULL(), 

    TMR0_SetInterruptHandler@InterruptHandler	PTR FTN()void  size(2) Largest target is 1
		 -> LIN_timerHandler(), TMR0_DefaultInterruptHandler(), 


Critical Paths under _main in COMMON

    _Clear_No_Call_Warning->_TMR0_Reload
    _Clear_No_Call_Warning->_TMR0_WriteTimer
    _TMR0_Initialize->_TMR0_SetInterruptHandler
    _LIN_Slave_Initialize->_LIN_init
    _LIN_setTimerHandler->_TMR0_SetInterruptHandler
    _EUSART1_Initialize->_EUSART1_SetErrorHandler
    _EUSART1_Initialize->_EUSART1_SetFramingErrorHandler
    _EUSART1_Initialize->_EUSART1_SetOverrunErrorHandler
    _EUSART1_Initialize->_EUSART1_SetRxInterruptHandler
    _EUSART1_Initialize->_EUSART1_SetTxInterruptHandler
    _processLIN->_LIN_getPacket
    _LIN_getPacket->_memcpy
    _LIN_startTimer->_TMR0_WriteTimer
    _LIN_queuePacket->_LIN_sendPacket
    _LIN_sendPacket->_LIN_getChecksum
    _LIN_checkPID->_LIN_getFromTable
    _LIN_breakCheck->_EUSART1_Read

Critical Paths under _INTERRUPT_InterruptManager in COMMON

    None.

Critical Paths under _main in BANK0

    _LIN_handler->_processLIN

Critical Paths under _INTERRUPT_InterruptManager in BANK0

    None.

Critical Paths under _main in BANK1

    _main->_LIN_handler

Critical Paths under _INTERRUPT_InterruptManager in BANK1

    None.

Critical Paths under _main in BANK2

    None.

Critical Paths under _INTERRUPT_InterruptManager in BANK2

    None.

Call Graph Tables:

 ---------------------------------------------------------------------------------
 (Depth) Function   	        Calls       Base Space   Used Autos Params    Refs
 ---------------------------------------------------------------------------------
 (0) _main                                                 0     0      0    3321
                        _LIN_handler
                  _SYSTEM_Initialize
                          _func_main
                _software_Initialize
 ---------------------------------------------------------------------------------
 (1) _software_Initialize                                  0     0      0     226
              _Clear_No_Call_Warning
 ---------------------------------------------------------------------------------
 (2) _Clear_No_Call_Warning                                1     1      0     226
                 _EUSART1_is_tx_done
                _EUSART1_is_tx_ready
                    _PIN_MANAGER_IOC
                     _TMR0_ReadTimer
                        _TMR0_Reload
                    _TMR0_StartTimer
                     _TMR0_StopTimer
                    _TMR0_WriteTimer
 ---------------------------------------------------------------------------------
 (3) _TMR0_StopTimer                                       0     0      0       0
 ---------------------------------------------------------------------------------
 (3) _TMR0_StartTimer                                      0     0      0       0
 ---------------------------------------------------------------------------------
 (3) _TMR0_Reload                                          1     1      0      15
                                              0 COMMON     1     1      0
 ---------------------------------------------------------------------------------
 (3) _TMR0_ReadTimer                                       1     1      0       5
 ---------------------------------------------------------------------------------
 (3) _PIN_MANAGER_IOC                                      0     0      0       0
 ---------------------------------------------------------------------------------
 (3) _EUSART1_is_tx_ready                                  0     0      0       0
 ---------------------------------------------------------------------------------
 (3) _EUSART1_is_tx_done                                   0     0      0       0
 ---------------------------------------------------------------------------------
 (1) _func_main                                            0     0      0       0
 ---------------------------------------------------------------------------------
 (1) _SYSTEM_Initialize                                    0     0      0     238
                 _EUSART1_Initialize
               _LIN_Slave_Initialize
              _OSCILLATOR_Initialize
             _PIN_MANAGER_Initialize
                    _TMR0_Initialize
                     _WDT_Initialize
 ---------------------------------------------------------------------------------
 (2) _WDT_Initialize                                       0     0      0       0
 ---------------------------------------------------------------------------------
 (2) _TMR0_Initialize                                      0     0      0      24
           _TMR0_SetInterruptHandler
 ---------------------------------------------------------------------------------
 (2) _PIN_MANAGER_Initialize                               0     0      0       0
 ---------------------------------------------------------------------------------
 (2) _OSCILLATOR_Initialize                                0     0      0       0
 ---------------------------------------------------------------------------------
 (2) _LIN_Slave_Initialize                                 0     0      0      99
                           _LIN_init
 ---------------------------------------------------------------------------------
 (3) _LIN_init                                             5     1      4      99
                                              2 COMMON     5     1      4
                       _LIN_enableRx
                _LIN_setTimerHandler
                      _LIN_stopTimer
 ---------------------------------------------------------------------------------
 (4) _LIN_setTimerHandler                                  0     0      0      24
           _TMR0_SetInterruptHandler
 ---------------------------------------------------------------------------------
 (3) _TMR0_SetInterruptHandler                             2     0      2      24
                                              0 COMMON     2     0      2
 ---------------------------------------------------------------------------------
 (2) _EUSART1_Initialize                                   0     0      0     115
            _EUSART1_SetErrorHandler
     _EUSART1_SetFramingErrorHandler
     _EUSART1_SetOverrunErrorHandler
      _EUSART1_SetRxInterruptHandler
      _EUSART1_SetTxInterruptHandler
 ---------------------------------------------------------------------------------
 (3) _EUSART1_SetTxInterruptHandler                        2     0      2      23
                                              0 COMMON     2     0      2
 ---------------------------------------------------------------------------------
 (3) _EUSART1_SetRxInterruptHandler                        2     0      2      23
                                              0 COMMON     2     0      2
 ---------------------------------------------------------------------------------
 (3) _EUSART1_SetOverrunErrorHandler                       2     0      2      23
                                              0 COMMON     2     0      2
 ---------------------------------------------------------------------------------
 (3) _EUSART1_SetFramingErrorHandler                       2     0      2      23
                                              0 COMMON     2     0      2
 ---------------------------------------------------------------------------------
 (3) _EUSART1_SetErrorHandler                              2     0      2      23
                                              0 COMMON     2     0      2
 ---------------------------------------------------------------------------------
 (1) _LIN_handler                                          5     5      0    2857
                                              0 BANK1      5     5      0
                                NULL *
                       _EUSART1_Read
                _EUSART1_is_rx_ready
                     _LIN_breakCheck
                       _LIN_checkPID
                      _LIN_disableRx
                       _LIN_enableRx
                    _LIN_getChecksum
                   _LIN_getFromTable
                    _LIN_queuePacket
                     _LIN_startTimer
                      _LIN_stopTimer
                             _memset
                         _processLIN *
 ---------------------------------------------------------------------------------
 (2) _processLIN                                          11    11      0     646
                                             11 COMMON     1     1      0
                                              0 BANK0     10    10      0
                            _DRL_OFF
                             _DRL_ON
                         _HiBeam_OFF
                          _HiBeam_ON
                      _LIN_getPacket
                            _POS_OFF
                             _POS_ON
 ---------------------------------------------------------------------------------
 (3) _POS_ON                                               0     0      0       0
 ---------------------------------------------------------------------------------
 (3) _POS_OFF                                              0     0      0       0
 ---------------------------------------------------------------------------------
 (3) _LIN_getPacket                                        2     1      1     297
                                              9 COMMON     2     1      1
                             _memcpy
                             _memset
 ---------------------------------------------------------------------------------
 (4) _memset                                               7     1      6     102
                                              0 COMMON     7     1      6
 ---------------------------------------------------------------------------------
 (3) _HiBeam_ON                                            0     0      0       0
 ---------------------------------------------------------------------------------
 (3) _HiBeam_OFF                                           0     0      0       0
 ---------------------------------------------------------------------------------
 (3) _DRL_ON                                               0     0      0       0
 ---------------------------------------------------------------------------------
 (3) _DRL_OFF                                              0     0      0       0
 ---------------------------------------------------------------------------------
 (4) _LIN_stopTimer                                        0     0      0       0
 ---------------------------------------------------------------------------------
 (2) _LIN_startTimer                                       1     1      0      58
                                              1 COMMON     1     1      0
                    _TMR0_WriteTimer
 ---------------------------------------------------------------------------------
 (3) _TMR0_WriteTimer                                      1     1      0      29
                                              0 COMMON     1     1      0
 ---------------------------------------------------------------------------------
 (2) _LIN_queuePacket                                      7     7      0     991
                                              0 BANK0      7     7      0
                    _LIN_getChecksum
                     _LIN_sendPacket
                             _memcpy
 ---------------------------------------------------------------------------------
 (4) _memcpy                                               9     3      6     149
                                              0 COMMON     9     3      6
 ---------------------------------------------------------------------------------
 (3) _LIN_sendPacket                                       5     2      3     426
                                              9 COMMON     5     2      3
                      _EUSART1_Write
                    _LIN_getChecksum
 ---------------------------------------------------------------------------------
 (4) _LIN_getChecksum                                      9     6      3     196
                                              0 COMMON     9     6      3
 ---------------------------------------------------------------------------------
 (4) _EUSART1_Write                                        1     1      0      58
                                              0 COMMON     1     1      0
 ---------------------------------------------------------------------------------
 (4) _LIN_enableRx                                         0     0      0       0
 ---------------------------------------------------------------------------------
 (2) _LIN_disableRx                                        0     0      0       0
 ---------------------------------------------------------------------------------
 (2) _LIN_checkPID                                         1     1      0     624
                                              7 COMMON     1     1      0
                     _LIN_calcParity
                   _LIN_getFromTable
 ---------------------------------------------------------------------------------
 (2) _LIN_getFromTable                                     7     6      1     192
                                              0 COMMON     7     6      1
 ---------------------------------------------------------------------------------
 (3) _LIN_calcParity                                       3     3      0     345
                                              0 COMMON     3     3      0
 ---------------------------------------------------------------------------------
 (2) _LIN_breakCheck                                       0     0      0      24
                       _EUSART1_Read
            _EUSART1_get_last_status
 ---------------------------------------------------------------------------------
 (3) _EUSART1_get_last_status                              0     0      0       0
 ---------------------------------------------------------------------------------
 (3) _EUSART1_Read                                         1     1      0      24
                                              0 COMMON     1     1      0
 ---------------------------------------------------------------------------------
 (2) _EUSART1_is_rx_ready                                  0     0      0       0
 ---------------------------------------------------------------------------------
 (8) NULL(Fake)                                            0     0      0       0
 ---------------------------------------------------------------------------------
 Estimated maximum stack depth 8
 ---------------------------------------------------------------------------------
 (Depth) Function   	        Calls       Base Space   Used Autos Params    Refs
 ---------------------------------------------------------------------------------
 (6) _INTERRUPT_InterruptManager                           0     0      0       0
                                NULL *
                _EUSART1_Receive_ISR *
               _EUSART1_Transmit_ISR *
                           _TMR0_ISR
 ---------------------------------------------------------------------------------
 (7) _TMR0_ISR                                             0     0      0       0
                                NULL *
                   _LIN_timerHandler *
       _TMR0_DefaultInterruptHandler *
 ---------------------------------------------------------------------------------
 (8) _TMR0_DefaultInterruptHandler                         0     0      0       0
 ---------------------------------------------------------------------------------
 (8) _LIN_timerHandler                                     0     0      0       0
 ---------------------------------------------------------------------------------
 (7) _EUSART1_Transmit_ISR                                 0     0      0       0
 ---------------------------------------------------------------------------------
 (7) _EUSART1_Receive_ISR                                  0     0      0       0
                                NULL *
        _EUSART1_DefaultErrorHandler *
 _EUSART1_DefaultFramingErrorHandler *
 _EUSART1_DefaultOverrunErrorHandler *
              _EUSART1_RxDataHandler
 ---------------------------------------------------------------------------------
 (8) _EUSART1_DefaultOverrunErrorHandler                   0     0      0       0
 ---------------------------------------------------------------------------------
 (8) _EUSART1_DefaultFramingErrorHandler                   0     0      0       0
 ---------------------------------------------------------------------------------
 (8) _EUSART1_DefaultErrorHandler                          0     0      0       0
              _EUSART1_RxDataHandler
 ---------------------------------------------------------------------------------
 (8) _EUSART1_RxDataHandler                                0     0      0       0
 ---------------------------------------------------------------------------------
 (8) NULL(Fake)                                            0     0      0       0
 ---------------------------------------------------------------------------------
 Estimated maximum stack depth 8
 ---------------------------------------------------------------------------------

 Call Graph Graphs:

 _main (ROOT)
   _LIN_handler
     NULL(Fake) *
     _EUSART1_Read *
     _EUSART1_is_rx_ready *
     _LIN_breakCheck *
       _EUSART1_Read
       _EUSART1_get_last_status
     _LIN_checkPID *
       _LIN_calcParity
       _LIN_getFromTable
     _LIN_disableRx *
     _LIN_enableRx *
     _LIN_getChecksum *
     _LIN_getFromTable *
     _LIN_queuePacket *
       _LIN_getChecksum
       _LIN_sendPacket
         _EUSART1_Write
         _LIN_getChecksum
       _memcpy
     _LIN_startTimer *
       _TMR0_WriteTimer
     _LIN_stopTimer *
     _memset *
     _processLIN *
       _DRL_OFF
       _DRL_ON
       _HiBeam_OFF
       _HiBeam_ON
       _LIN_getPacket
         _memcpy
         _memset
       _POS_OFF
       _POS_ON
   _SYSTEM_Initialize
     _EUSART1_Initialize
       _EUSART1_SetErrorHandler
       _EUSART1_SetFramingErrorHandler
       _EUSART1_SetOverrunErrorHandler
       _EUSART1_SetRxInterruptHandler
       _EUSART1_SetTxInterruptHandler
     _LIN_Slave_Initialize
       _LIN_init
         _LIN_enableRx
         _LIN_setTimerHandler
           _TMR0_SetInterruptHandler
         _LIN_stopTimer
     _OSCILLATOR_Initialize
     _PIN_MANAGER_Initialize
     _TMR0_Initialize
       _TMR0_SetInterruptHandler
     _WDT_Initialize
   _func_main
   _software_Initialize
     _Clear_No_Call_Warning
       _EUSART1_is_tx_done
       _EUSART1_is_tx_ready
       _PIN_MANAGER_IOC
       _TMR0_ReadTimer
       _TMR0_Reload
       _TMR0_StartTimer
       _TMR0_StopTimer
       _TMR0_WriteTimer

 _INTERRUPT_InterruptManager (ROOT)
   NULL(Fake) *
   _EUSART1_Receive_ISR *
     NULL(Fake) *
     _EUSART1_DefaultErrorHandler *
       _EUSART1_RxDataHandler
     _EUSART1_DefaultFramingErrorHandler *
     _EUSART1_DefaultOverrunErrorHandler *
     _EUSART1_RxDataHandler *
   _EUSART1_Transmit_ISR *
   _TMR0_ISR *
     NULL(Fake) *
     _LIN_timerHandler *
     _TMR0_DefaultInterruptHandler *

Address spaces:
Name               Size   Autos  Total    Usage
BITCOMMON           14      0       0      0.0%
BITBANK0            80      0       0      0.0%
BITBANK1            80      0       0      0.0%
BITBANK2            80      0       0      0.0%
BIGRAM             240      0       0      0.0%
COMMON              14     14      14    100.0%
BANK0               80     10      78     97.5%
BANK1               80      5      15     18.8%
BANK2               80      0       0      0.0%
STACK                0      0       0      0.0%
DATA                 0      0     104      0.0%


Microchip Technology PIC Macro Assembler V3.00 build 20241204225717 
Symbol Table                                                                                   Mon Mar 02 13:17:34 2026

                        __end_of_LIN_breakCheck 055E                           __end_of_LIN_getPacket 0477  
                         ??_LIN_setTimerHandler 0072                        _eusart1TxBufferRemaining 003C  
                         __end_of_LIN_disableRx 05FD                                              l40 0635  
                                            l34 0632                                              l51 062A  
                                            l60 0621                                              l45 0624  
                                            l37 0600                                              l54 062D  
                                    _HiBeam_OFF 0625                                              l48 0627  
                                            l57 061E                            TMR0_Reload@periodVal 0070  
                               ?_LIN_calcParity 0070                                             l111 0589  
                                           l121 0218                                             l210 02DE  
                                           l130 0254                                             l122 021D  
                                           l123 022C                                             l203 04FB  
                                           l300 0604                                             l124 022D  
                                           l125 023C                                             l310 055D  
                                           l303 05F7                                             l119 021B  
                                           l241 011C                                             l225 0083  
                                           l306 05FC                                             l410 03F8  
                                           l138 027A                                             l404 0431  
                                           l244 0127                                             l413 040D  
                                           l255 0454                                             l247 014C  
                                           l280 01FF                                             l520 061B  
                                           l409 03EF                                             l249 0179  
                                           l266 033C                                             l290 0596  
                                           l258 0476                                             l442 05DD  
                                           l514 0537                                             l451 05CB  
                                           l276 04CE                                             l445 05D7  
                                           l517 05BF                                             l541 054A  
                                           l286 03E4                                             l454 05D1  
                                           l391 05AB                                             l287 03E7  
                                           l448 05E3                                             l544 0633  
                                           l385 037A                                             l297 05B3  
                                           l394 0618                                             l570 0612  
                                           l388 0634                                             l397 0630  
                                           l573 060F                                             l582 05ED  
                                           l567 0524                                             l576 0615  
                                           l579 05F2                                             l589 05C5  
                                           u900 0496                                             u901 0495  
                                           u910 03D8                                             u911 03D7  
                                           u920 03E4                                             u921 03E3  
                                           u930 04E5                                             u931 04E4  
                                           u940 03EF                                             u941 03EE  
                                           u950 03F4                                             u951 03F3  
                                           u960 0408                                             u961 0407  
                                           u970 0447                                             u971 0446  
                                           u980 0414                                             u981 0413  
                                           u990 0428                                             u991 0427  
                      __end_of_LIN_getFromTable 033D                                             wreg 0009  
                         __end_of_scheduleTable 05E9                                 __end_of_DRL_OFF 062E  
                        ?_Clear_No_Call_Warning 0070                                            l1122 0496  
                                          l1204 05EA                                            l2102 05A3  
                                          l2110 0592                                            l2030 0200  
                                          l1206 0616                                            l1119 048A  
                                          l2112 0593                                            l1128 04E5  
                                          l2040 0214                                            l2032 0200  
                                          l2200 052E                                            l2122 055C  
                                          l2114 054B                                            l2106 058B  
                                          l2042 0221                                            l2050 023E  
                                          l2034 0207                                            l2202 0531  
                                          l2116 0553                                            l2132 04C3  
                                          l2108 058E                                            l2060 0258  
                                          l2052 0243                                            l2044 022A  
                                          l2036 020A                                            l2028 057D  
                                          l2204 0534                                            l2118 055A  
                                          l2134 04CD                                            l2126 04B6  
                                          l2142 05F8                                            l2070 026B  
                                          l2062 025C                                            l2054 024C  
                                          l2046 0231                                            l2038 0210  
                                          l2150 033F                                            l2128 04C1  
                                          l2072 0270                                            l2064 025F  
                                          l2048 023A                                            l2160 0356  
                                          l2152 0346                                            l2074 0274  
                                          l2066 0264                                            l2058 024F  
                                          l2170 0373                                            l2162 0358  
                                          l2154 034F                                            l1194 0610  
                                          l2420 027D                                            l2076 0277  
                                          l2068 0268                                            l2500 00FE  
                                          l2172 0375                                            l2164 036F  
                                          l2156 0352                                            l2148 033D  
                                          l1196 060D                                            l2430 0290  
                                          l2422 0281                                            l2510 012D  
                                          l2502 0106                                            l2174 0376  
                                          l2166 0371                                            l2158 0354  
                                          l1550 0540                                            l2190 0519  
                                          l1198 0613                                            l1800 03C0  
                                          l2440 02C7                                            l2432 0294  
                                          l2424 0283                                            l2520 0146  
                                          l2512 0130                                            l2176 0377  
                                          l2168 0372                                            l1560 05BC  
                                          l1552 0542                                            l2192 051A  
                                          l2184 0511                                            l1802 03CB  
                                          l1810 03DE                                            l2442 02D4  
                                          l2426 0285                                            l2434 0296  
                                          l2522 0149                                            l2514 0132  
                                          l2506 011F                                            l2450 005D  
                                          l2178 0378                                            l1554 0544  
                                          l1546 0538                                            l2194 0521  
                                          l2186 0516                                            l1562 0619  
                                          l1900 042B                                            l1812 03E6  
                                          l1804 03CF                                            l2436 029C  
                                          l1820 04D7                                            l2516 0133  
                                          l2508 0124                                            l2460 0077  
                                          l2452 0065                                            l2444 004F  
                                          l1556 0547                                            l1548 053A  
                                          l2188 0517                                            l2196 05FD  
                                          l2540 0565                                            l1902 042E  
                                          l1910 02E5                                            l1830 03F9  
                                          l1806 03D8                                            l2438 02AE  
                                          l1822 04D9                                            l2518 0141  
                                          l2470 009B                                            l2462 007F  
                                          l2454 0069                                            l2446 0055  
                                          l2526 0150                                            l1558 05BA  
                                          l2198 0525                                            l2542 0566  
                                          l2534 055E                                            l1904 0430  
                                          l1920 0306                                            l1912 02E7  
                                          l1832 0400                                            l1840 040B  
                                          l1824 03E9                                            l1808 03DC  
                                          l1816 04CF                                            l2616 0159  
                                          l2480 00BB                                            l2472 00A3  
                                          l2464 0087                                            l2456 006C  
                                          l2448 005A                                            l2544 0569  
                                          l2536 0561                                            l2618 0331  
                                          l1914 02E9                                            l1834 0402  
                                          l1826 03E9                                            l1842 05EF  
                                          l1850 0628                                            l1818 04D2  
                                          l2490 00D2                                            l2482 00C0  
                                          l2474 00A8                                            l2466 008F  
                                          l2458 006F                                            l2538 0564  
                                          l1932 0317                                            l1924 0308  
                                          l1908 02E0                                            l1836 0408  
                                          l1828 03F4                                            l1852 062B  
                                          l2492 00DA                                            l2484 00C8  
                                          l2468 0097                                            l1780 05C0  
                                          l1860 04F2                                            l1844 0634  
                                          l1942 0329                                            l1918 02F4  
                                          l1926 030A                                            l1838 0409  
                                          l1790 047C                                            l1782 0601  
                                          l1846 0622                                            l1870 0467  
                                          l1854 061C                                            l2494 00F1  
                                          l2486 00CB                                            l2478 00B2  
                                          l1862 04F5                                            l1960 01FE  
                                          l1936 0320                                            l1928 0311  
                                          l1784 05F3                                            l1880 043F  
                                          l1792 0481                                            l1848 0625  
                                          l1872 0475                                            l1856 061F  
                                          l2496 00FA                                            l2488 00CE  
                                          l1864 04F8                                            l1890 0414  
                                          l1882 0441                                            l1794 0483  
                                          l1866 0455                                            l2498 00FB  
                                          l1970 05C6                                            l1786 05AC  
                                          l1858 04E7                                            l1892 0420  
                                          l1964 062E                                            l1956 017B  
                                          l1796 03B7                                            l1884 0447  
                                          l1876 0433                                            l1788 0477  
                                          l1868 0459                                            l1972 05D8  
                                          l1894 0422                                            l1886 040E  
                                          l1958 01F5                                            l1798 03BE  
                                          l1878 0435                                            l1974 05D2  
                                          l1896 0428                                            l1888 040E  
                                          l1976 05DE                                            l1968 05CC  
                                          l1898 0429                                            l1988 0632  
                                          u1000 02F3                                            u1001 02F2  
                                          u1010 0306                                            u1011 0305  
                                          u1020 0310                                            u1021 030F  
                                          u1110 01AA                                            u1030 0182  
                                          u1111 01A8                                            u1031 0180  
                                          u1200 01D9                                            u1120 01B1  
                                          u1112 01AB                                            u1104 01A5  
                                          u1040 0189                                            u1032 0183  
                                          u1201 01D7                                            u1121 01AF  
                                          u1041 0187                                            u1210 01E0  
                                          u1202 01DA                                            u1130 01B8  
                                          u1122 01B2                                            u1050 0190  
                                          u1042 018A                                            u1211 01DE  
                                          u1131 01B6                                            u1051 018E  
                                          u1300 0210                                            u1301 020F  
                                          u1230 01E6                                            u1150 01BE  
                                          u1070 0196                                            u1310 0214  
                                          u1231 01E4                                            u1151 01BC  
                                          u1071 0194                                            u1311 0213  
                                          u1240 01ED                                            u1232 01E7  
                                          u1224 01E1                                            u1160 01C5  
                                          u1152 01BF                                            u1144 01B9  
                                          u1080 019D                                            u1072 0197  
                                          u1064 0191                                            u1400 0264  
                                          u1320 0218                                            u1241 01EB  
                                          u1161 01C3                                            u1081 019B  
                                          u1401 0263                                            u1321 0217  
                                          u1250 01F4                                            u1242 01EE  
                                          u1170 01CC                                            u1162 01C6  
                                          u1090 01A4                                            u1082 019E  
                                          u1410 0270                                            u1330 0221  
                                          u1251 01F2                                            u1171 01CA  
                                          u1091 01A2                                            u1411 026F  
                                          u1331 0220                                            u1340 022A  
                                          u1341 0229                                            _LATA 0018  
                                          u1270 01FD                                            u1190 01D2  
                                          u1350 0231                                            u1271 01FB  
                                          u1191 01D0                                            u1351 0230  
                                          u1440 05AA                                            u1264 01F5  
                                          u1192 01D3                                            u1184 01CD  
                                          u1360 023A                                            u1441 05A8  
                                          u1361 0239                                            u1450 05AB  
                                          u1370 0243                                            u1371 0242  
                                          u1460 0553                                            u1284 01FE  
                                          u1380 024C                                            u1461 0552  
                                          u1381 024B                                            u1470 055A  
                                          u1390 0258                                            u1471 0559  
                                          u1391 0257                                            u1480 04C1  
                                          u1800 029C                                            u1481 04C0  
                                          u1801 029B                                            u1490 04CD  
                                          u1810 0055                                            u1491 04CC  
                                          u1811 0054                                            u1900 00C0  
                                          u1820 005A                                            u1901 00BF  
                                          u1821 0059                                            u1910 00DA  
                                          u1830 0065                                            u1911 00D9  
                                          u1831 0064                                            u1920 00FA  
                                          u1840 0077                                            u1921 00F9  
                                          u1841 0076                                            u1930 0106  
                                          u1850 007F                                            u1931 0105  
                                          u1851 007E                                            u1940 011B  
                                          u1860 008F                                            u1941 011A  
                                          u1861 008E                                            u1790 028F  
                                          u1950 0146                                            u1870 0097  
                                          u1791 028E                                            u1951 0145  
                                          u1871 0096                                            u1880 00A3  
                                          u1881 00A2                                            u1890 00B1  
                                          u1891 00B0                                            _WPUA 1F39  
                                _LIN_sendPacket 0432                                   _EUSART1_Write 03E8  
                               __end_of_POS_OFF 0622                                            _main 055E  
                                 ?_EUSART1_Read 0070                                 _TMR0_StartTimer 0610  
                                          fsr0h 0005                                            fsr1h 0007  
                                          indf0 0000                                            fsr0l 0004  
                                          indf1 0001                                            fsr1l 0006  
                                          btemp 007E                                            start 0037  
                                 processLIN@cmd 006B                                 ?_LIN_breakCheck 0070  
                       __end_of_TMR0_Initialize 0525                  ??_TMR0_DefaultInterruptHandler 0070  
                 __end_of_OSCILLATOR_Initialize 05C0                               LIN_sendPacket@pid 0079  
                         _eusart1RxStatusBuffer 0020                                           ?_main 0070  
                               LIN_init@command 0072                                           i1l430 0510  
                                         i1l416 04B2                                           i1l433 0637  
                                         i1l426 03B5                                           i1l419 04B4  
                                         i1l436 0608                                           i1l294 05A2  
                                         i1l439 060C                                           i1l482 0026  
                               _TMR0_WriteTimer 05EE                                           i1l486 0035  
                                         i1l487 0035                                           i1l479 0013  
                                         i1l592 0636                                           i1l586 057C  
                                         _OSCEN 0891                                           _TMR0H 059D  
                                         _TMR0L 059C                                           _TRISA 0012  
                              __end_of_LIN_init 04FC                           __end_of_LIN_stopTimer 0605  
                     ?_TMR0_SetInterruptHandler 0070                            _EUSART1_Transmit_ISR 0497  
                              __end_of_TMR0_ISR 057D                         __end_of_PIN_MANAGER_IOC 0634  
                                _WDT_Initialize 0619                          __end_of_LIN_sendPacket 0455  
                                ?_EUSART1_Write 0070                                           pclath 000A  
                                _LIN_startTimer 058A                                  ??_EUSART1_Read 0070  
                                         status 0003                                           wtemp0 007E  
                                processLIN@F171 0044      __end_of_EUSART1_DefaultFramingErrorHandler 0638  
          ??_EUSART1_DefaultFramingErrorHandler 0070             ?_EUSART1_DefaultFramingErrorHandler 0070  
            _EUSART1_DefaultFramingErrorHandler 0637                                ?_LIN_getChecksum 0070  
                   LIN_queuePacket@tempSchedule 0068                                 __initialization 0038  
                                  ?_LIN_handler 0070                      __end_of_EUSART1_Initialize 037B  
                                  __end_of_main 056E                                     ?_HiBeam_OFF 0070  
                   ?_INTERRUPT_InterruptManager 0070                                          ??_main 007E  
                                     ??_DRL_OFF 0070                           ?_EUSART1_Transmit_ISR 0070  
                        __end_of_WDT_Initialize 061C                              LIN_sendPacket@data 007A  
                       __end_of_TMR0_StartTimer 0613                                       ??_POS_OFF 0070  
                        __end_of_LIN_startTimer 0597                                 ?_LIN_sendPacket 0079  
                                        _ANSELA 1F38                                          _T0CON0 059E  
                                        _T0CON1 059F                                          _RA0PPS 1F10  
                                        _RC1REG 0119                                          _RC1STA 011D  
                                        i1l2300 04A8                                          i1l2310 0386  
                                        i1l2302 04AE                                          i1l2320 03A1  
                                        i1l2312 038C                                          i1l2304 04AF  
                                        i1l2144 0597                                          _ODCONA 1F3A  
                                        i1l2322 03AB                                          i1l2314 0391  
                                        i1l2306 037B                                          i1l2146 05A0  
                                        i1l2330 0577                                          i1l2180 0605  
                                        i1l2324 03B2                                          i1l2316 0396  
                                        i1l2308 0381                                          i1l2182 0609  
                                        i1l2318 039C                                          i1l2326 056E  
                                        i1l2350 0017                                          i1l2328 0570  
                                        i1l2352 001B                                          i1l2344 0006  
                                        i1l2354 001F                                          i1l2346 000B  
                                        i1l2356 002A                                          i1l2348 000F  
                                        i1l2294 0497                                          i1l2358 002E  
                                        i1l2296 049E                                          i1l2298 04A5  
                                        _DRL_ON 0628                                          i1l1980 0504  
                                        i1l1982 0507                                          i1l1984 050D  
                                        i1l1986 050E                                          i1l1978 04FC  
                                        u150_20 05A0                                          u150_21 059F  
                                        _INLVLA 1F3C                                          u129_20 050D  
                                        u129_21 050C                                          u170_20 03AB  
                                        u170_21 03AA                                          u171_20 0577  
                                        u171_21 0576                                          u172_20 000B  
                                        u172_21 000A                                          u173_20 000F  
                                        u173_21 000E                                          u166_20 049E  
                                        u174_20 0017                                          u166_21 049D  
                                        u174_21 0016                                          u167_20 04AE  
                                        u175_20 001B                                          u167_21 04AD  
                                        u175_21 001A                                          u168_20 0386  
                                        u176_20 001F                                          u168_21 0385  
                                        u176_21 001E                                          u169_20 0396  
                                        u177_20 002A                                          u169_21 0395  
                                        u177_21 0029                                          u178_20 002E  
                                        u178_21 002D                                          _OSCFRQ 0893  
                                        _RX1PPS 1ECB                                          _TX1REG 011A  
                                        _WDTCON 080C                                          _TX1STA 011E  
                                        _POS_ON 061C                                 _LIN_processData 0060  
                           _software_Initialize 05FD                                    ?_TMR0_Reload 0070  
                               _LIN_queuePacket 027B                         __end_of_TMR0_WriteTimer 05F3  
                      ?_EUSART1_SetErrorHandler 0070                                          _memcpy 0477  
                              ?_TMR0_Initialize 0070                                          _memset 04CF  
              ??_EUSART1_SetOverrunErrorHandler 0072                 ?_EUSART1_SetOverrunErrorHandler 0070  
                             __end_of_HiBeam_ON 0625                                 ?_WDT_Initialize 0070  
                          ?_software_Initialize 0070                                _LIN_rxInProgress 0043  
                               ??_EUSART1_Write 0070        TMR0_SetInterruptHandler@InterruptHandler 0070  
                              ?_PIN_MANAGER_IOC 0070                                 ?_LIN_startTimer 0070  
                               _eusart1RxBuffer 0028                                 _eusart1TxBuffer 0030  
                             _SYSTEM_Initialize 0525                         __end_of__initialization 004C  
                            ?_SYSTEM_Initialize 0070                                   ?_LIN_checkPID 0070  
                           processLIN@lampFlags 006C                   __end_of_EUSART1_RxDataHandler 0511  
                                     ?_LIN_init 0072                                  __pcstackCOMMON 0070  
                                 ?_LIN_enableRx 0070                                ??_LIN_calcParity 0070  
                               LIN_sendPacket@i 007D                                    __pidataBANK0 0631  
                           ??_SYSTEM_Initialize 0077                                       ?_TMR0_ISR 0070  
                          __end_of_EUSART1_Read 0432                          LIN_handler@rxDataIndex 003F  
                        ??_EUSART1_Transmit_ISR 0070                           ??_software_Initialize 0071  
                       ??_Clear_No_Call_Warning 0071                               ?_LIN_getFromTable 0070  
                   __end_of_EUSART1_Receive_ISR 03B6                          LIN_handler@LIN_rxState 0040  
                            ??_LIN_getFromTable 0071                                ?_TMR0_StartTimer 0070  
                     __end_of_SYSTEM_Initialize 0538                                   _eusart1RxHead 003B  
                                 _eusart1TxHead 003E                                   _eusart1RxTail 003A  
                                    __pbssBANK0 0020                                      __pbssBANK1 00A0  
                                 _eusart1TxTail 003D               _EUSART1_TxDefaultInterruptHandler 005C  
                                       ?_DRL_ON 0070                 ??_EUSART1_SetRxInterruptHandler 0072  
                                       ?_POS_ON 0070                        ?_EUSART1_get_last_status 0070  
                              ??_LIN_breakCheck 0071                                  ??_LIN_checkPID 0077  
                   __end_of_LIN_setTimerHandler 05B4                         __end_of_LIN_queuePacket 02DF  
               __end_of_EUSART1_SetErrorHandler 05E4                                  ??_LIN_enableRx 0070  
                                    __pmaintext 055E                                _LIN_timerHandler 0597  
                                    ??_LIN_init 0076                             LIN_getChecksum@data 0071  
              __end_of_TMR0_SetInterruptHandler 05C6                                      ??_TMR0_ISR 0070  
                                    __pintentry 0004                                ?_TMR0_WriteTimer 0070  
                                       ?_memcpy 0070                                         ?_memset 0070  
                         LIN_getChecksum@length 0075          __end_of_EUSART1_SetFramingErrorHandler 05DE  
                _EUSART1_SetFramingErrorHandler 05D8                                _LIN_timerRunning 0042  
                                       _DRL_OFF 062B                    ?_EUSART1_DefaultErrorHandler 0070  
                                       _SP1BRGH 011C                                         _SP1BRGL 011B  
                                       _OSCTUNE 0892                                         _SLRCONA 1F3B  
                                       _POS_OFF 061F                         LIN_getChecksum@checksum 0077  
                  __end_of_LIN_Slave_Initialize 058A                                    ??_HiBeam_OFF 0070  
                           _EUSART1_is_rx_ready 05A3                      __end_of_EUSART1_is_tx_done 0619  
                           _EUSART1_is_tx_ready 0634                                         __ptext1 05FD  
                                       __ptext2 0632                                         __ptext3 060D  
                                       __ptext4 0610                                         __ptext5 05E9  
                                       __ptext6 0613                                         __ptext7 0633  
                                       __ptext8 0634                                         __ptext9 0616  
                             __end_of_func_main 0636                           _OSCILLATOR_Initialize 05BA  
                              ??_LIN_sendPacket 007C                              _EUSART1_Initialize 033D  
                      ??_PIN_MANAGER_Initialize 0070                   ??_EUSART1_DefaultErrorHandler 0070  
                                       clrloop0 05B5                 __end_of_EUSART1_get_last_status 0631  
                     LIN_getFromTable@rxCommand 0075                            end_of_initialization 004C  
                          ?_EUSART1_is_rx_ready 0070                             ?_EUSART1_Initialize 0070  
                          ?_EUSART1_is_tx_ready 0070                                         memcpy@d 0077  
                                       memcpy@n 0074                                         memcpy@s 0078  
                                       memset@c 0072                                         memset@n 0074  
                                       memset@p 0076                              __end_of_HiBeam_OFF 0628  
                   _EUSART1_OverrunErrorHandler 0056                                ?_LIN_queuePacket 0070  
         __end_of_EUSART1_SetRxInterruptHandler 05D2                   _EUSART1_SetRxInterruptHandler 05CC  
                                 _LIN_getPacket 0455                                  _TMR0_ReadTimer 0613  
                                 _LIN_disableRx 05F8                            ??_EUSART1_Initialize 0072  
                              ??_WDT_Initialize 0070                               LIN_getPacket@data 0079  
                      _TMR0_SetInterruptHandler 05C0                                      _processLIN 0200  
                          __end_of_LIN_checkPID 04CF                             LIN_init@tableLength 0076  
                              ??_LIN_startTimer 0071                            __end_of_LIN_enableRx 05F8  
                                 _scheduleTable 05E4                                       _HiBeam_ON 0622  
                           EUSART1_Write@txData 0070                           ??_EUSART1_is_rx_ready 0070  
                         ??_EUSART1_is_tx_ready 0070                                  __end_of_DRL_ON 062B  
                                  _EUSART1_Read 040E                                  __end_of_POS_ON 061F  
                                 _LIN_rxCommand 005E                                  _TMR0_StopTimer 060D  
                        __end_of_TMR0_ReadTimer 0616                                  ?_LIN_getPacket 0079  
                                ?_LIN_disableRx 0070                                  __end_of_memcpy 0497  
                        ?_OSCILLATOR_Initialize 0070                                  __end_of_memset 04E6  
                           start_initialization 0038                                   _LIN_stopTimer 0601  
                      __end_of_LIN_timerHandler 05A3                            _LIN_Slave_Initialize 057D  
                 __end_of_Clear_No_Call_Warning 0633                                      ?_HiBeam_ON 0070  
 EUSART1_SetRxInterruptHandler@interruptHandler 0070   EUSART1_SetTxInterruptHandler@interruptHandler 0070  
                         __end_of_EUSART1_Write 040E                                        ??_DRL_ON 0070  
                         LIN_startTimer@timeout 0071                                        ??_POS_ON 0070  
                        __end_of_TMR0_StopTimer 0610                               LIN_calcParity@CMD 0071  
                             LIN_calcParity@PID 0072                                 ?_TMR0_ReadTimer 0070  
                         _EUSART1_RxDataHandler 04FC                  ?_EUSART1_SetRxInterruptHandler 0070  
                                   __pdataBANK0 006D                                        ??_memcpy 0076  
                                      ??_memset 0076                            processLIN@tempRxData 0063  
                   __end_of_software_Initialize 0601                                      memset@dest 0070  
                                   ?_processLIN 0070                                  _eusart1RxCount 0039  
                           LIN_init@processData 0074                                        ?_DRL_OFF 0070  
                                ?_LIN_stopTimer 0070               _EUSART1_RxDefaultInterruptHandler 005A  
                                     ___latbits 0000                                   __pcstackBANK0 0063  
                                 __pcstackBANK1 00A8                               ??_LIN_getChecksum 0073  
                         ?_LIN_Slave_Initialize 0070                                        ?_POS_OFF 0070  
               ??_EUSART1_SetTxInterruptHandler 0072                ??_EUSART1_SetFramingErrorHandler 0072  
               ?_EUSART1_SetFramingErrorHandler 0070                           _TMR0_InterruptHandler 0054  
                                     __pnvBANK0 0054                                       __pnvBANK1 00AD  
                               ?_TMR0_StopTimer 0070                                 ??_LIN_getPacket 007A  
                        _PIN_MANAGER_Initialize 0538                                   ??_LIN_handler 00A8  
                              LIN_getChecksum@i 0076                                 ??_LIN_disableRx 0070  
                            LIN_getChecksum@pid 0070                            LIN_sendPacket@length 007C  
                  ??_INTERRUPT_InterruptManager 0070                                        _BAUD1CON 011F  
                                     _lampState 0046      __end_of_EUSART1_DefaultOverrunErrorHandler 0609  
          ??_EUSART1_DefaultOverrunErrorHandler 0070             ?_EUSART1_DefaultOverrunErrorHandler 0070  
            _EUSART1_DefaultOverrunErrorHandler 0605                            _EUSART1_ErrorHandler 00AD  
                       _EUSART1_SetErrorHandler 05DE                                       _func_main 0635  
                                   ??_HiBeam_ON 0070                              _EUSART1_is_tx_done 0616  
                               LIN_checkPID@pid 0077                               ??_TMR0_Initialize 0072  
                                      _LATAbits 0018         EUSART1_SetErrorHandler@interruptHandler 0070  
                           ?_EUSART1_is_tx_done 0070                                       clear_ram0 05B4  
                                      _PIE0bits 0716                                        _PIE1bits 0717  
                                  _LIN_checkPID 04B5                      ??_TMR0_SetInterruptHandler 0072  
                                      _PIR0bits 070C                                        _PIR1bits 070D  
                                 ??_TMR0_Reload 0070                                        _LIN_init 04E6  
                        ?_EUSART1_RxDataHandler 0070                                    _LIN_enableRx 05F3  
                                      _TMR0_ISR 056E                                LIN_getPacket@cmd 007A  
                             ??_PIN_MANAGER_IOC 0070                             __end_of_LIN_handler 017A  
                               ??_LIN_stopTimer 0070                            ??_EUSART1_is_tx_done 0070  
                        ??_LIN_Slave_Initialize 0077                                      ?_func_main 0070  
                         EUSART1_Read@readValue 0070                                _LIN_getFromTable 02DF  
         __end_of_EUSART1_SetTxInterruptHandler 05CC                   _EUSART1_SetTxInterruptHandler 05C6  
                                     memcpy@tmp 0076                         ??_OSCILLATOR_Initialize 0070  
                       _EUSART1_get_last_status 062E                               ??_TMR0_StartTimer 0070  
                           __end_of_TMR0_Reload 05EE                       ??_EUSART1_SetErrorHandler 0072  
           __end_of_EUSART1_DefaultErrorHandler 060D                     _EUSART1_DefaultErrorHandler 0609  
                   __end_of_EUSART1_is_rx_ready 05AC                                      _T0CON0bits 059E  
                   __end_of_EUSART1_is_tx_ready 0635                                        __ptext10 0635  
                                      __ptext11 0525                                        __ptext20 033D  
                                      __ptext12 0619                                        __ptext21 05C6  
                                      __ptext13 0511                                        __ptext30 0455  
                                      __ptext22 05CC                                        __ptext14 0538  
                                      __ptext31 04CF                                        __ptext23 05D2  
                                      __ptext15 05BA                                        __ptext40 0477  
                                      __ptext32 0622                                        __ptext24 05D8  
                                      __ptext16 057D                                        __ptext41 0432  
                                      __ptext33 0625                                        __ptext25 05DE  
                                      __ptext17 04E6                                        __ptext50 062E  
                                      __ptext42 03B6                                        __ptext34 0628  
                                      __ptext26 004F                                        __ptext18 05AC  
                                      __ptext51 040E                                        __ptext43 03E8  
                                      __ptext35 062B                                        __ptext27 0200  
                                      __ptext19 05C0                                        __ptext60 0637  
                                      __ptext52 05A3                                        __ptext44 05F3  
                                      __ptext36 0601                                        __ptext28 061C  
                                      __ptext61 0609                                        __ptext45 05F8  
                                      __ptext37 058A                                        __ptext29 061F  
                                      __ptext62 04FC                                        __ptext54 056E  
                                      __ptext46 04B5                                        __ptext38 05EE  
                                      __ptext55 0597                                        __ptext47 02DF  
                                      __ptext39 027B                                        __ptext56 0636  
                                      __ptext48 017A                                        __ptext57 0497  
                                      __ptext49 054B                                        __ptext58 037B  
                                      __ptext59 0605                               ?_LIN_timerHandler 0070  
                       TMR0_WriteTimer@timerVal 0070                              ??_LIN_timerHandler 0070  
                             ??_TMR0_WriteTimer 0070                          LIN_getFromTable@length 0074  
                              ??_TMR0_ReadTimer 0070            __end_of_TMR0_DefaultInterruptHandler 0637  
                  _TMR0_DefaultInterruptHandler 0636                                     _SIGNAL_Data 00A0  
                                    _RC1STAbits 011D                             _LIN_rxCommandLength 0062  
EUSART1_SetOverrunErrorHandler@interruptHandler 0070                                     _LIN_handler 004F  
                                      int$flags 007E                                 _LIN_getChecksum 03B6  
            __end_of_INTERRUPT_InterruptManager 0037                      _INTERRUPT_InterruptManager 0004  
                   _EUSART1_FramingErrorHandler 0058                             _EUSART1_Receive_ISR 037B  
                                  ??_processLIN 007B                                     _LIN_timeout 006D  
                                _LIN_calcParity 017A                                      _INTCONbits 000B  
                                      memcpy@d1 0070                                        memcpy@s1 0072  
                                   ??_func_main 0070                             _LIN_setTimerHandler 05AC  
                                      intlevel1 0000                                ??_TMR0_StopTimer 0070  
                                 _CountCallBack 0041                           _Clear_No_Call_Warning 0632  
                          ?_EUSART1_Receive_ISR 0070                         ?_PIN_MANAGER_Initialize 0070  
        __end_of_EUSART1_SetOverrunErrorHandler 05D8                  _EUSART1_SetOverrunErrorHandler 05D2  
                         LIN_getFromTable@param 0070                    __end_of_EUSART1_Transmit_ISR 04B5  
                            __end_of_processLIN 027B                   ?_TMR0_DefaultInterruptHandler 0070  
                     ??_EUSART1_get_last_status 0070                                     _TMR0_Reload 05E9  
                                    _LIN_packet 0047                            ?_LIN_setTimerHandler 0070  
EUSART1_SetFramingErrorHandler@interruptHandler 0070                  ?_EUSART1_SetTxInterruptHandler 0070  
                                _LIN_breakCheck 054B                              _eusart1RxLastError 0038  
                        __end_of_LIN_calcParity 0200                                   __pstringtext1 05E4  
                            LIN_queuePacket@cmd 0066                                 _TMR0_Initialize 0511  
                             ??_LIN_queuePacket 0063                                      _TX1STAbits 011E  
                         ??_EUSART1_Receive_ISR 0070                  __end_of_PIN_MANAGER_Initialize 054B  
                           LIN_getFromTable@cmd 0073                                 _PIN_MANAGER_IOC 0633  
                              LIN_queuePacket@i 0067                         ??_EUSART1_RxDataHandler 0070  
                                 _lampFlags_old 0045                         __end_of_LIN_getChecksum 03E8  
