

Microchip MPLAB XC8 Assembler V3.00 build 20241204225717 
                                                                                               Wed Dec 17 15:31:48 2025

Microchip MPLAB XC8 C Compiler v3.00 (Free license) build 20241204225717 Og1 
     1                           	processor	16F15213
     2                           	pagewidth 120
     3                           	opt	flic
     4                           	psect	idataBANK0,global,class=CODE,space=0,delta=2,noexec
     5                           	psect	stringtext1,global,class=STRCODE,space=0,delta=2,noexec
     6                           	psect	nvBANK0,global,class=BANK0,space=1,delta=1,noexec
     7                           	psect	cinit,global,class=CODE,space=0,merge=1,delta=2
     8                           	psect	bssBANK0,global,class=BANK0,space=1,delta=1,noexec
     9                           	psect	dataBANK0,global,class=BANK0,space=1,delta=1,noexec
    10                           	psect	bssBANK1,global,class=BANK1,space=1,delta=1,noexec
    11                           	psect	clrtext,global,class=CODE,space=0,delta=2
    12                           	psect	cstackBANK1,global,class=BANK1,space=1,delta=1,noexec
    13                           	psect	cstackCOMMON,global,class=COMMON,space=1,delta=1,noexec
    14                           	psect	cstackBANK0,global,class=BANK0,space=1,delta=1,noexec
    15                           	psect	maintext,global,class=CODE,space=0,merge=1,split=1,delta=2
    16                           	psect	text1,local,class=CODE,space=0,merge=1,delta=2
    17                           	psect	text2,local,class=CODE,space=0,merge=1,delta=2
    18                           	psect	text3,local,class=CODE,space=0,merge=1,delta=2
    19                           	psect	text4,local,class=CODE,space=0,merge=1,delta=2
    20                           	psect	text5,local,class=CODE,space=0,merge=1,delta=2
    21                           	psect	text6,local,class=CODE,space=0,merge=1,delta=2
    22                           	psect	text7,local,class=CODE,space=0,merge=1,delta=2
    23                           	psect	text8,local,class=CODE,space=0,merge=1,delta=2
    24                           	psect	text9,local,class=CODE,space=0,merge=1,delta=2
    25                           	psect	text10,local,class=CODE,space=0,merge=1,delta=2
    26                           	psect	text11,local,class=CODE,space=0,merge=1,delta=2
    27                           	psect	text12,local,class=CODE,space=0,merge=1,delta=2
    28                           	psect	text13,local,class=CODE,space=0,merge=1,delta=2
    29                           	psect	text14,local,class=CODE,space=0,merge=1,delta=2
    30                           	psect	text15,local,class=CODE,space=0,merge=1,delta=2
    31                           	psect	text16,local,class=CODE,space=0,merge=1,delta=2
    32                           	psect	text17,local,class=CODE,space=0,merge=1,delta=2
    33                           	psect	text18,local,class=CODE,space=0,merge=1,delta=2
    34                           	psect	text19,local,class=CODE,space=0,merge=1,delta=2
    35                           	psect	text20,local,class=CODE,space=0,merge=1,delta=2
    36                           	psect	text21,local,class=CODE,space=0,merge=1,delta=2,group=2
    37                           	psect	text22,local,class=CODE,space=0,merge=1,delta=2
    38                           	psect	text23,local,class=CODE,space=0,merge=1,delta=2
    39                           	psect	text24,local,class=CODE,space=0,merge=1,delta=2
    40                           	psect	text25,local,class=CODE,space=0,merge=1,delta=2
    41                           	psect	text26,local,class=CODE,space=0,merge=1,delta=2
    42                           	psect	text27,local,class=CODE,space=0,merge=1,delta=2
    43                           	psect	text28,local,class=CODE,space=0,merge=1,delta=2
    44                           	psect	text29,local,class=CODE,space=0,merge=1,delta=2
    45                           	psect	text30,local,class=CODE,space=0,merge=1,delta=2,group=2
    46                           	psect	text31,local,class=CODE,space=0,merge=1,delta=2
    47                           	psect	text32,local,class=CODE,space=0,merge=1,delta=2
    48                           	psect	text33,local,class=CODE,space=0,merge=1,delta=2
    49                           	psect	text34,local,class=CODE,space=0,merge=1,delta=2
    50                           	psect	text35,local,class=CODE,space=0,merge=1,delta=2
    51                           	psect	text36,local,class=CODE,space=0,merge=1,delta=2
    52                           	psect	text37,local,class=CODE,space=0,merge=1,delta=2
    53                           	psect	text38,local,class=CODE,space=0,merge=1,delta=2
    54                           	psect	text39,local,class=CODE,space=0,merge=1,delta=2
    55                           	psect	text40,local,class=CODE,space=0,merge=1,delta=2
    56                           	psect	text41,local,class=CODE,space=0,merge=1,delta=2
    57                           	psect	text42,local,class=CODE,space=0,merge=1,delta=2
    58                           	psect	intentry,global,class=CODE,space=0,delta=2
    59                           	psect	text44,local,class=CODE,space=0,merge=1,delta=2
    60                           	psect	text45,local,class=CODE,space=0,merge=1,delta=2
    61                           	psect	text46,local,class=CODE,space=0,merge=1,delta=2
    62                           	psect	text47,local,class=CODE,space=0,merge=1,delta=2
    63                           	psect	text48,local,class=CODE,space=0,merge=1,delta=2
    64                           	psect	text49,local,class=CODE,space=0,merge=1,delta=2
    65                           	psect	text50,local,class=CODE,space=0,merge=1,delta=2
    66                           	psect	text51,local,class=CODE,space=0,merge=1,delta=2
    67                           	psect	text52,local,class=CODE,space=0,merge=1,delta=2
    68                           	psect	text53,local,class=CODE,space=0,merge=1,delta=2
    69                           	psect	config,global,abs,ovrld,class=CONFIG,space=4,delta=2,noexec
    70                           	dabs	1,0x7E,2
    71     0000                     
    72                           ; Version 2.30
    73                           ; Generated 15/09/2020 GMT
    74                           ; 
    75                           ; Copyright © 2020, Microchip Technology Inc. and its subsidiaries ("Microchip")
    76                           ; All rights reserved.
    77                           ; 
    78                           ; This software is developed by Microchip Technology Inc. and its subsidiaries ("Microch
      +                          ip").
    79                           ; 
    80                           ; Redistribution and use in source and binary forms, with or without modification, are
    81                           ; permitted provided that the following conditions are met:
    82                           ; 
    83                           ;     1. Redistributions of source code must retain the above copyright notice, this lis
      +                          t of
    84                           ;        conditions and the following disclaimer.
    85                           ; 
    86                           ;     2. Redistributions in binary form must reproduce the above copyright notice, this 
      +                          list
    87                           ;        of conditions and the following disclaimer in the documentation and/or other
    88                           ;        materials provided with the distribution. Publication is not required when
    89                           ;        this file is used in an embedded application.
    90                           ; 
    91                           ;     3. Microchip's name may not be used to endorse or promote products derived from th
      +                          is
    92                           ;        software without specific prior written permission.
    93                           ; 
    94                           ; THIS SOFTWARE IS PROVIDED BY MICROCHIP "AS IS" AND ANY EXPRESS OR IMPLIED WARRANTIES,
    95                           ; INCLUDING, BUT NOT LIMITED TO, THE IMPLIED WARRANTIES OF MERCHANTABILITY AND FITNESS F
      +                          OR
    96                           ; PURPOSE ARE DISCLAIMED.  IN NO EVENT SHALL MICROCHIP BE LIABLE FOR ANY DIRECT, INDIREC
      +                          T,
    97                           ; INCIDENTAL, SPECIAL, EXEMPLARY, OR CONSEQUENTIAL DAMAGES (INCLUDING BUT NOT LIMITED TO
    98                           ; PROCUREMENT OF SUBSTITUTE GOODS OR SERVICES; LOSS OF USE, DATA OR PROFITS; OR BUSINESS
    99                           ; INTERRUPTION) HOWSOEVER CAUSED AND ON ANY THEORY OF LIABILITY, WHETHER IN CONTRACT, ST
      +                          RICT
   100                           ; LIABILITY, OR TORT (INCLUDING NEGLIGENCE OR OTHERWISE) ARISING IN ANY WAY OUT OF THE U
      +                          SE OF
   101                           ; THIS SOFTWARE, EVEN IF ADVISED OF THE POSSIBILITY OF SUCH DAMAGE.
   102                           ; 
   103                           ; 
   104                           ; Code-generator required, PIC16F15213 Definitions
   105                           ; 
   106                           ; SFR Addresses
   107     0008                     bsr             equ	8
   108     0005                     fsr0h           equ	5
   109     0004                     fsr0l           equ	4
   110     0007                     fsr1h           equ	7
   111     0006                     fsr1l           equ	6
   112     0000                     indf            equ	0
   113     0000                     indf0           equ	0
   114     0001                     indf1           equ	1
   115     000B                     intcon          equ	11
   116     0002                     pc              equ	2
   117     0002                     pcl             equ	2
   118     000A                     pclath          equ	10
   119     0003                     status          equ	3
   120     0009                     wreg            equ	9
   121     0000                     INDF0           equ	0	;# 
   122     0001                     INDF1           equ	1	;# 
   123     0002                     PCL             equ	2	;# 
   124     0003                     STATUS          equ	3	;# 
   125     0004                     FSR0L           equ	4	;# 
   126     0005                     FSR0H           equ	5	;# 
   127     0006                     FSR1L           equ	6	;# 
   128     0007                     FSR1H           equ	7	;# 
   129     0008                     BSR             equ	8	;# 
   130     0009                     WREG            equ	9	;# 
   131     000A                     PCLATH          equ	10	;# 
   132     000B                     INTCON          equ	11	;# 
   133     000C                     PORTA           equ	12	;# 
   134     0012                     TRISA           equ	18	;# 
   135     0018                     LATA            equ	24	;# 
   136     009A                     CPCON           equ	154	;# 
   137     009B                     ADRES           equ	155	;# 
   138     009B                     ADRESL          equ	155	;# 
   139     009C                     ADRESH          equ	156	;# 
   140     009D                     ADCON0          equ	157	;# 
   141     009E                     ADCON1          equ	158	;# 
   142     009F                     ADACT           equ	159	;# 
   143     0119                     RC1REG          equ	281	;# 
   144     011A                     TX1REG          equ	282	;# 
   145     011B                     SP1BRG          equ	283	;# 
   146     011B                     SP1BRGL         equ	283	;# 
   147     011C                     SP1BRGH         equ	284	;# 
   148     011D                     RC1STA          equ	285	;# 
   149     011E                     TX1STA          equ	286	;# 
   150     011F                     BAUD1CON        equ	287	;# 
   151     018C                     SSP1BUF         equ	396	;# 
   152     018D                     SSP1ADD         equ	397	;# 
   153     018E                     SSP1MSK         equ	398	;# 
   154     018F                     SSP1STAT        equ	399	;# 
   155     0190                     SSP1CON1        equ	400	;# 
   156     0191                     SSP1CON2        equ	401	;# 
   157     0192                     SSP1CON3        equ	402	;# 
   158     020C                     TMR1L           equ	524	;# 
   159     020D                     TMR1H           equ	525	;# 
   160     020E                     T1CON           equ	526	;# 
   161     020E                     TMR1CON         equ	526	;# 
   162     020F                     T1GCON          equ	527	;# 
   163     020F                     TMR1GCON        equ	527	;# 
   164     0210                     T1GATE          equ	528	;# 
   165     0210                     TMR1GATE        equ	528	;# 
   166     0211                     T1CLK           equ	529	;# 
   167     0211                     TMR1CLK         equ	529	;# 
   168     028C                     T2TMR           equ	652	;# 
   169     028C                     TMR2            equ	652	;# 
   170     028D                     T2PR            equ	653	;# 
   171     028D                     PR2             equ	653	;# 
   172     028E                     T2CON           equ	654	;# 
   173     028F                     T2HLT           equ	655	;# 
   174     0290                     T2CLKCON        equ	656	;# 
   175     0291                     T2RST           equ	657	;# 
   176     030C                     CCPR1           equ	780	;# 
   177     030C                     CCPR1L          equ	780	;# 
   178     030D                     CCPR1H          equ	781	;# 
   179     030E                     CCP1CON         equ	782	;# 
   180     030F                     CCP1CAP         equ	783	;# 
   181     0310                     CCPR2           equ	784	;# 
   182     0310                     CCPR2L          equ	784	;# 
   183     0311                     CCPR2H          equ	785	;# 
   184     0312                     CCP2CON         equ	786	;# 
   185     0313                     CCP2CAP         equ	787	;# 
   186     0314                     PWM3DC          equ	788	;# 
   187     0314                     PWM3DCL         equ	788	;# 
   188     0315                     PWM3DCH         equ	789	;# 
   189     0316                     PWM3CON         equ	790	;# 
   190     0318                     PWM4DC          equ	792	;# 
   191     0318                     PWM4DCL         equ	792	;# 
   192     0319                     PWM4DCH         equ	793	;# 
   193     031A                     PWM4CON         equ	794	;# 
   194     059C                     TMR0L           equ	1436	;# 
   195     059C                     TMR0            equ	1436	;# 
   196     059D                     TMR0H           equ	1437	;# 
   197     059D                     PR0             equ	1437	;# 
   198     059E                     T0CON0          equ	1438	;# 
   199     059F                     T0CON1          equ	1439	;# 
   200     070C                     PIR0            equ	1804	;# 
   201     070D                     PIR1            equ	1805	;# 
   202     070E                     PIR2            equ	1806	;# 
   203     0716                     PIE0            equ	1814	;# 
   204     0717                     PIE1            equ	1815	;# 
   205     0718                     PIE2            equ	1816	;# 
   206     080C                     WDTCON          equ	2060	;# 
   207     0811                     BORCON          equ	2065	;# 
   208     0813                     PCON0           equ	2067	;# 
   209     0814                     PCON1           equ	2068	;# 
   210     081A                     NVMADR          equ	2074	;# 
   211     081A                     NVMADRL         equ	2074	;# 
   212     081B                     NVMADRH         equ	2075	;# 
   213     081C                     NVMDAT          equ	2076	;# 
   214     081C                     NVMDATL         equ	2076	;# 
   215     081D                     NVMDATH         equ	2077	;# 
   216     081E                     NVMCON1         equ	2078	;# 
   217     081F                     NVMCON2         equ	2079	;# 
   218     088E                     OSCCON          equ	2190	;# 
   219     0890                     OSCSTAT         equ	2192	;# 
   220     0891                     OSCEN           equ	2193	;# 
   221     0892                     OSCTUNE         equ	2194	;# 
   222     0893                     OSCFRQ          equ	2195	;# 
   223     090C                     FVRCON          equ	2316	;# 
   224     1E8F                     PPSLOCK         equ	7823	;# 
   225     1E90                     INTPPS          equ	7824	;# 
   226     1E91                     T0CKIPPS        equ	7825	;# 
   227     1E92                     T1CKIPPS        equ	7826	;# 
   228     1E93                     T1GPPS          equ	7827	;# 
   229     1E9C                     T2INPPS         equ	7836	;# 
   230     1EA1                     CCP1PPS         equ	7841	;# 
   231     1EA2                     CCP2PPS         equ	7842	;# 
   232     1EC3                     ADACTPPS        equ	7875	;# 
   233     1EC5                     SSP1CLKPPS      equ	7877	;# 
   234     1EC6                     SSP1DATPPS      equ	7878	;# 
   235     1EC7                     SSP1SSPPS       equ	7879	;# 
   236     1ECB                     RX1PPS          equ	7883	;# 
   237     1ECB                     RX1DTPPS        equ	7883	;# 
   238     1ECB                     RXPPS           equ	7883	;# 
   239     1ECC                     CK1PPS          equ	7884	;# 
   240     1ECC                     TX1CKPPS        equ	7884	;# 
   241     1ECC                     CKPPS           equ	7884	;# 
   242     1F10                     RA0PPS          equ	7952	;# 
   243     1F11                     RA1PPS          equ	7953	;# 
   244     1F12                     RA2PPS          equ	7954	;# 
   245     1F14                     RA4PPS          equ	7956	;# 
   246     1F15                     RA5PPS          equ	7957	;# 
   247     1F38                     ANSELA          equ	7992	;# 
   248     1F39                     WPUA            equ	7993	;# 
   249     1F3A                     ODCONA          equ	7994	;# 
   250     1F3B                     SLRCONA         equ	7995	;# 
   251     1F3C                     INLVLA          equ	7996	;# 
   252     1F3D                     IOCAP           equ	7997	;# 
   253     1F3E                     IOCAN           equ	7998	;# 
   254     1F3F                     IOCAF           equ	7999	;# 
   255     1FE4                     STATUS_SHAD     equ	8164	;# 
   256     1FE5                     WREG_SHAD       equ	8165	;# 
   257     1FE6                     BSR_SHAD        equ	8166	;# 
   258     1FE7                     PCLATH_SHAD     equ	8167	;# 
   259     1FE8                     FSR0_SHAD       equ	8168	;# 
   260     1FE8                     FSR0L_SHAD      equ	8168	;# 
   261     1FE9                     FSR0H_SHAD      equ	8169	;# 
   262     1FEA                     FSR1L_SHAD      equ	8170	;# 
   263     1FEB                     FSR1H_SHAD      equ	8171	;# 
   264     1FED                     STKPTR          equ	8173	;# 
   265     1FEE                     TOSL            equ	8174	;# 
   266     1FEF                     TOSH            equ	8175	;# 
   267     0000                     INDF0           equ	0	;# 
   268     0001                     INDF1           equ	1	;# 
   269     0002                     PCL             equ	2	;# 
   270     0003                     STATUS          equ	3	;# 
   271     0004                     FSR0L           equ	4	;# 
   272     0005                     FSR0H           equ	5	;# 
   273     0006                     FSR1L           equ	6	;# 
   274     0007                     FSR1H           equ	7	;# 
   275     0008                     BSR             equ	8	;# 
   276     0009                     WREG            equ	9	;# 
   277     000A                     PCLATH          equ	10	;# 
   278     000B                     INTCON          equ	11	;# 
   279     000C                     PORTA           equ	12	;# 
   280     0012                     TRISA           equ	18	;# 
   281     0018                     LATA            equ	24	;# 
   282     009A                     CPCON           equ	154	;# 
   283     009B                     ADRES           equ	155	;# 
   284     009B                     ADRESL          equ	155	;# 
   285     009C                     ADRESH          equ	156	;# 
   286     009D                     ADCON0          equ	157	;# 
   287     009E                     ADCON1          equ	158	;# 
   288     009F                     ADACT           equ	159	;# 
   289     0119                     RC1REG          equ	281	;# 
   290     011A                     TX1REG          equ	282	;# 
   291     011B                     SP1BRG          equ	283	;# 
   292     011B                     SP1BRGL         equ	283	;# 
   293     011C                     SP1BRGH         equ	284	;# 
   294     011D                     RC1STA          equ	285	;# 
   295     011E                     TX1STA          equ	286	;# 
   296     011F                     BAUD1CON        equ	287	;# 
   297     018C                     SSP1BUF         equ	396	;# 
   298     018D                     SSP1ADD         equ	397	;# 
   299     018E                     SSP1MSK         equ	398	;# 
   300     018F                     SSP1STAT        equ	399	;# 
   301     0190                     SSP1CON1        equ	400	;# 
   302     0191                     SSP1CON2        equ	401	;# 
   303     0192                     SSP1CON3        equ	402	;# 
   304     020C                     TMR1L           equ	524	;# 
   305     020D                     TMR1H           equ	525	;# 
   306     020E                     T1CON           equ	526	;# 
   307     020E                     TMR1CON         equ	526	;# 
   308     020F                     T1GCON          equ	527	;# 
   309     020F                     TMR1GCON        equ	527	;# 
   310     0210                     T1GATE          equ	528	;# 
   311     0210                     TMR1GATE        equ	528	;# 
   312     0211                     T1CLK           equ	529	;# 
   313     0211                     TMR1CLK         equ	529	;# 
   314     028C                     T2TMR           equ	652	;# 
   315     028C                     TMR2            equ	652	;# 
   316     028D                     T2PR            equ	653	;# 
   317     028D                     PR2             equ	653	;# 
   318     028E                     T2CON           equ	654	;# 
   319     028F                     T2HLT           equ	655	;# 
   320     0290                     T2CLKCON        equ	656	;# 
   321     0291                     T2RST           equ	657	;# 
   322     030C                     CCPR1           equ	780	;# 
   323     030C                     CCPR1L          equ	780	;# 
   324     030D                     CCPR1H          equ	781	;# 
   325     030E                     CCP1CON         equ	782	;# 
   326     030F                     CCP1CAP         equ	783	;# 
   327     0310                     CCPR2           equ	784	;# 
   328     0310                     CCPR2L          equ	784	;# 
   329     0311                     CCPR2H          equ	785	;# 
   330     0312                     CCP2CON         equ	786	;# 
   331     0313                     CCP2CAP         equ	787	;# 
   332     0314                     PWM3DC          equ	788	;# 
   333     0314                     PWM3DCL         equ	788	;# 
   334     0315                     PWM3DCH         equ	789	;# 
   335     0316                     PWM3CON         equ	790	;# 
   336     0318                     PWM4DC          equ	792	;# 
   337     0318                     PWM4DCL         equ	792	;# 
   338     0319                     PWM4DCH         equ	793	;# 
   339     031A                     PWM4CON         equ	794	;# 
   340     059C                     TMR0L           equ	1436	;# 
   341     059C                     TMR0            equ	1436	;# 
   342     059D                     TMR0H           equ	1437	;# 
   343     059D                     PR0             equ	1437	;# 
   344     059E                     T0CON0          equ	1438	;# 
   345     059F                     T0CON1          equ	1439	;# 
   346     070C                     PIR0            equ	1804	;# 
   347     070D                     PIR1            equ	1805	;# 
   348     070E                     PIR2            equ	1806	;# 
   349     0716                     PIE0            equ	1814	;# 
   350     0717                     PIE1            equ	1815	;# 
   351     0718                     PIE2            equ	1816	;# 
   352     080C                     WDTCON          equ	2060	;# 
   353     0811                     BORCON          equ	2065	;# 
   354     0813                     PCON0           equ	2067	;# 
   355     0814                     PCON1           equ	2068	;# 
   356     081A                     NVMADR          equ	2074	;# 
   357     081A                     NVMADRL         equ	2074	;# 
   358     081B                     NVMADRH         equ	2075	;# 
   359     081C                     NVMDAT          equ	2076	;# 
   360     081C                     NVMDATL         equ	2076	;# 
   361     081D                     NVMDATH         equ	2077	;# 
   362     081E                     NVMCON1         equ	2078	;# 
   363     081F                     NVMCON2         equ	2079	;# 
   364     088E                     OSCCON          equ	2190	;# 
   365     0890                     OSCSTAT         equ	2192	;# 
   366     0891                     OSCEN           equ	2193	;# 
   367     0892                     OSCTUNE         equ	2194	;# 
   368     0893                     OSCFRQ          equ	2195	;# 
   369     090C                     FVRCON          equ	2316	;# 
   370     1E8F                     PPSLOCK         equ	7823	;# 
   371     1E90                     INTPPS          equ	7824	;# 
   372     1E91                     T0CKIPPS        equ	7825	;# 
   373     1E92                     T1CKIPPS        equ	7826	;# 
   374     1E93                     T1GPPS          equ	7827	;# 
   375     1E9C                     T2INPPS         equ	7836	;# 
   376     1EA1                     CCP1PPS         equ	7841	;# 
   377     1EA2                     CCP2PPS         equ	7842	;# 
   378     1EC3                     ADACTPPS        equ	7875	;# 
   379     1EC5                     SSP1CLKPPS      equ	7877	;# 
   380     1EC6                     SSP1DATPPS      equ	7878	;# 
   381     1EC7                     SSP1SSPPS       equ	7879	;# 
   382     1ECB                     RX1PPS          equ	7883	;# 
   383     1ECB                     RX1DTPPS        equ	7883	;# 
   384     1ECB                     RXPPS           equ	7883	;# 
   385     1ECC                     CK1PPS          equ	7884	;# 
   386     1ECC                     TX1CKPPS        equ	7884	;# 
   387     1ECC                     CKPPS           equ	7884	;# 
   388     1F10                     RA0PPS          equ	7952	;# 
   389     1F11                     RA1PPS          equ	7953	;# 
   390     1F12                     RA2PPS          equ	7954	;# 
   391     1F14                     RA4PPS          equ	7956	;# 
   392     1F15                     RA5PPS          equ	7957	;# 
   393     1F38                     ANSELA          equ	7992	;# 
   394     1F39                     WPUA            equ	7993	;# 
   395     1F3A                     ODCONA          equ	7994	;# 
   396     1F3B                     SLRCONA         equ	7995	;# 
   397     1F3C                     INLVLA          equ	7996	;# 
   398     1F3D                     IOCAP           equ	7997	;# 
   399     1F3E                     IOCAN           equ	7998	;# 
   400     1F3F                     IOCAF           equ	7999	;# 
   401     1FE4                     STATUS_SHAD     equ	8164	;# 
   402     1FE5                     WREG_SHAD       equ	8165	;# 
   403     1FE6                     BSR_SHAD        equ	8166	;# 
   404     1FE7                     PCLATH_SHAD     equ	8167	;# 
   405     1FE8                     FSR0_SHAD       equ	8168	;# 
   406     1FE8                     FSR0L_SHAD      equ	8168	;# 
   407     1FE9                     FSR0H_SHAD      equ	8169	;# 
   408     1FEA                     FSR1L_SHAD      equ	8170	;# 
   409     1FEB                     FSR1H_SHAD      equ	8171	;# 
   410     1FED                     STKPTR          equ	8173	;# 
   411     1FEE                     TOSL            equ	8174	;# 
   412     1FEF                     TOSH            equ	8175	;# 
   413     0000                     INDF0           equ	0	;# 
   414     0001                     INDF1           equ	1	;# 
   415     0002                     PCL             equ	2	;# 
   416     0003                     STATUS          equ	3	;# 
   417     0004                     FSR0L           equ	4	;# 
   418     0005                     FSR0H           equ	5	;# 
   419     0006                     FSR1L           equ	6	;# 
   420     0007                     FSR1H           equ	7	;# 
   421     0008                     BSR             equ	8	;# 
   422     0009                     WREG            equ	9	;# 
   423     000A                     PCLATH          equ	10	;# 
   424     000B                     INTCON          equ	11	;# 
   425     000C                     PORTA           equ	12	;# 
   426     0012                     TRISA           equ	18	;# 
   427     0018                     LATA            equ	24	;# 
   428     009A                     CPCON           equ	154	;# 
   429     009B                     ADRES           equ	155	;# 
   430     009B                     ADRESL          equ	155	;# 
   431     009C                     ADRESH          equ	156	;# 
   432     009D                     ADCON0          equ	157	;# 
   433     009E                     ADCON1          equ	158	;# 
   434     009F                     ADACT           equ	159	;# 
   435     0119                     RC1REG          equ	281	;# 
   436     011A                     TX1REG          equ	282	;# 
   437     011B                     SP1BRG          equ	283	;# 
   438     011B                     SP1BRGL         equ	283	;# 
   439     011C                     SP1BRGH         equ	284	;# 
   440     011D                     RC1STA          equ	285	;# 
   441     011E                     TX1STA          equ	286	;# 
   442     011F                     BAUD1CON        equ	287	;# 
   443     018C                     SSP1BUF         equ	396	;# 
   444     018D                     SSP1ADD         equ	397	;# 
   445     018E                     SSP1MSK         equ	398	;# 
   446     018F                     SSP1STAT        equ	399	;# 
   447     0190                     SSP1CON1        equ	400	;# 
   448     0191                     SSP1CON2        equ	401	;# 
   449     0192                     SSP1CON3        equ	402	;# 
   450     020C                     TMR1L           equ	524	;# 
   451     020D                     TMR1H           equ	525	;# 
   452     020E                     T1CON           equ	526	;# 
   453     020E                     TMR1CON         equ	526	;# 
   454     020F                     T1GCON          equ	527	;# 
   455     020F                     TMR1GCON        equ	527	;# 
   456     0210                     T1GATE          equ	528	;# 
   457     0210                     TMR1GATE        equ	528	;# 
   458     0211                     T1CLK           equ	529	;# 
   459     0211                     TMR1CLK         equ	529	;# 
   460     028C                     T2TMR           equ	652	;# 
   461     028C                     TMR2            equ	652	;# 
   462     028D                     T2PR            equ	653	;# 
   463     028D                     PR2             equ	653	;# 
   464     028E                     T2CON           equ	654	;# 
   465     028F                     T2HLT           equ	655	;# 
   466     0290                     T2CLKCON        equ	656	;# 
   467     0291                     T2RST           equ	657	;# 
   468     030C                     CCPR1           equ	780	;# 
   469     030C                     CCPR1L          equ	780	;# 
   470     030D                     CCPR1H          equ	781	;# 
   471     030E                     CCP1CON         equ	782	;# 
   472     030F                     CCP1CAP         equ	783	;# 
   473     0310                     CCPR2           equ	784	;# 
   474     0310                     CCPR2L          equ	784	;# 
   475     0311                     CCPR2H          equ	785	;# 
   476     0312                     CCP2CON         equ	786	;# 
   477     0313                     CCP2CAP         equ	787	;# 
   478     0314                     PWM3DC          equ	788	;# 
   479     0314                     PWM3DCL         equ	788	;# 
   480     0315                     PWM3DCH         equ	789	;# 
   481     0316                     PWM3CON         equ	790	;# 
   482     0318                     PWM4DC          equ	792	;# 
   483     0318                     PWM4DCL         equ	792	;# 
   484     0319                     PWM4DCH         equ	793	;# 
   485     031A                     PWM4CON         equ	794	;# 
   486     059C                     TMR0L           equ	1436	;# 
   487     059C                     TMR0            equ	1436	;# 
   488     059D                     TMR0H           equ	1437	;# 
   489     059D                     PR0             equ	1437	;# 
   490     059E                     T0CON0          equ	1438	;# 
   491     059F                     T0CON1          equ	1439	;# 
   492     070C                     PIR0            equ	1804	;# 
   493     070D                     PIR1            equ	1805	;# 
   494     070E                     PIR2            equ	1806	;# 
   495     0716                     PIE0            equ	1814	;# 
   496     0717                     PIE1            equ	1815	;# 
   497     0718                     PIE2            equ	1816	;# 
   498     080C                     WDTCON          equ	2060	;# 
   499     0811                     BORCON          equ	2065	;# 
   500     0813                     PCON0           equ	2067	;# 
   501     0814                     PCON1           equ	2068	;# 
   502     081A                     NVMADR          equ	2074	;# 
   503     081A                     NVMADRL         equ	2074	;# 
   504     081B                     NVMADRH         equ	2075	;# 
   505     081C                     NVMDAT          equ	2076	;# 
   506     081C                     NVMDATL         equ	2076	;# 
   507     081D                     NVMDATH         equ	2077	;# 
   508     081E                     NVMCON1         equ	2078	;# 
   509     081F                     NVMCON2         equ	2079	;# 
   510     088E                     OSCCON          equ	2190	;# 
   511     0890                     OSCSTAT         equ	2192	;# 
   512     0891                     OSCEN           equ	2193	;# 
   513     0892                     OSCTUNE         equ	2194	;# 
   514     0893                     OSCFRQ          equ	2195	;# 
   515     090C                     FVRCON          equ	2316	;# 
   516     1E8F                     PPSLOCK         equ	7823	;# 
   517     1E90                     INTPPS          equ	7824	;# 
   518     1E91                     T0CKIPPS        equ	7825	;# 
   519     1E92                     T1CKIPPS        equ	7826	;# 
   520     1E93                     T1GPPS          equ	7827	;# 
   521     1E9C                     T2INPPS         equ	7836	;# 
   522     1EA1                     CCP1PPS         equ	7841	;# 
   523     1EA2                     CCP2PPS         equ	7842	;# 
   524     1EC3                     ADACTPPS        equ	7875	;# 
   525     1EC5                     SSP1CLKPPS      equ	7877	;# 
   526     1EC6                     SSP1DATPPS      equ	7878	;# 
   527     1EC7                     SSP1SSPPS       equ	7879	;# 
   528     1ECB                     RX1PPS          equ	7883	;# 
   529     1ECB                     RX1DTPPS        equ	7883	;# 
   530     1ECB                     RXPPS           equ	7883	;# 
   531     1ECC                     CK1PPS          equ	7884	;# 
   532     1ECC                     TX1CKPPS        equ	7884	;# 
   533     1ECC                     CKPPS           equ	7884	;# 
   534     1F10                     RA0PPS          equ	7952	;# 
   535     1F11                     RA1PPS          equ	7953	;# 
   536     1F12                     RA2PPS          equ	7954	;# 
   537     1F14                     RA4PPS          equ	7956	;# 
   538     1F15                     RA5PPS          equ	7957	;# 
   539     1F38                     ANSELA          equ	7992	;# 
   540     1F39                     WPUA            equ	7993	;# 
   541     1F3A                     ODCONA          equ	7994	;# 
   542     1F3B                     SLRCONA         equ	7995	;# 
   543     1F3C                     INLVLA          equ	7996	;# 
   544     1F3D                     IOCAP           equ	7997	;# 
   545     1F3E                     IOCAN           equ	7998	;# 
   546     1F3F                     IOCAF           equ	7999	;# 
   547     1FE4                     STATUS_SHAD     equ	8164	;# 
   548     1FE5                     WREG_SHAD       equ	8165	;# 
   549     1FE6                     BSR_SHAD        equ	8166	;# 
   550     1FE7                     PCLATH_SHAD     equ	8167	;# 
   551     1FE8                     FSR0_SHAD       equ	8168	;# 
   552     1FE8                     FSR0L_SHAD      equ	8168	;# 
   553     1FE9                     FSR0H_SHAD      equ	8169	;# 
   554     1FEA                     FSR1L_SHAD      equ	8170	;# 
   555     1FEB                     FSR1H_SHAD      equ	8171	;# 
   556     1FED                     STKPTR          equ	8173	;# 
   557     1FEE                     TOSL            equ	8174	;# 
   558     1FEF                     TOSH            equ	8175	;# 
   559     0000                     INDF0           equ	0	;# 
   560     0001                     INDF1           equ	1	;# 
   561     0002                     PCL             equ	2	;# 
   562     0003                     STATUS          equ	3	;# 
   563     0004                     FSR0L           equ	4	;# 
   564     0005                     FSR0H           equ	5	;# 
   565     0006                     FSR1L           equ	6	;# 
   566     0007                     FSR1H           equ	7	;# 
   567     0008                     BSR             equ	8	;# 
   568     0009                     WREG            equ	9	;# 
   569     000A                     PCLATH          equ	10	;# 
   570     000B                     INTCON          equ	11	;# 
   571     000C                     PORTA           equ	12	;# 
   572     0012                     TRISA           equ	18	;# 
   573     0018                     LATA            equ	24	;# 
   574     009A                     CPCON           equ	154	;# 
   575     009B                     ADRES           equ	155	;# 
   576     009B                     ADRESL          equ	155	;# 
   577     009C                     ADRESH          equ	156	;# 
   578     009D                     ADCON0          equ	157	;# 
   579     009E                     ADCON1          equ	158	;# 
   580     009F                     ADACT           equ	159	;# 
   581     0119                     RC1REG          equ	281	;# 
   582     011A                     TX1REG          equ	282	;# 
   583     011B                     SP1BRG          equ	283	;# 
   584     011B                     SP1BRGL         equ	283	;# 
   585     011C                     SP1BRGH         equ	284	;# 
   586     011D                     RC1STA          equ	285	;# 
   587     011E                     TX1STA          equ	286	;# 
   588     011F                     BAUD1CON        equ	287	;# 
   589     018C                     SSP1BUF         equ	396	;# 
   590     018D                     SSP1ADD         equ	397	;# 
   591     018E                     SSP1MSK         equ	398	;# 
   592     018F                     SSP1STAT        equ	399	;# 
   593     0190                     SSP1CON1        equ	400	;# 
   594     0191                     SSP1CON2        equ	401	;# 
   595     0192                     SSP1CON3        equ	402	;# 
   596     020C                     TMR1L           equ	524	;# 
   597     020D                     TMR1H           equ	525	;# 
   598     020E                     T1CON           equ	526	;# 
   599     020E                     TMR1CON         equ	526	;# 
   600     020F                     T1GCON          equ	527	;# 
   601     020F                     TMR1GCON        equ	527	;# 
   602     0210                     T1GATE          equ	528	;# 
   603     0210                     TMR1GATE        equ	528	;# 
   604     0211                     T1CLK           equ	529	;# 
   605     0211                     TMR1CLK         equ	529	;# 
   606     028C                     T2TMR           equ	652	;# 
   607     028C                     TMR2            equ	652	;# 
   608     028D                     T2PR            equ	653	;# 
   609     028D                     PR2             equ	653	;# 
   610     028E                     T2CON           equ	654	;# 
   611     028F                     T2HLT           equ	655	;# 
   612     0290                     T2CLKCON        equ	656	;# 
   613     0291                     T2RST           equ	657	;# 
   614     030C                     CCPR1           equ	780	;# 
   615     030C                     CCPR1L          equ	780	;# 
   616     030D                     CCPR1H          equ	781	;# 
   617     030E                     CCP1CON         equ	782	;# 
   618     030F                     CCP1CAP         equ	783	;# 
   619     0310                     CCPR2           equ	784	;# 
   620     0310                     CCPR2L          equ	784	;# 
   621     0311                     CCPR2H          equ	785	;# 
   622     0312                     CCP2CON         equ	786	;# 
   623     0313                     CCP2CAP         equ	787	;# 
   624     0314                     PWM3DC          equ	788	;# 
   625     0314                     PWM3DCL         equ	788	;# 
   626     0315                     PWM3DCH         equ	789	;# 
   627     0316                     PWM3CON         equ	790	;# 
   628     0318                     PWM4DC          equ	792	;# 
   629     0318                     PWM4DCL         equ	792	;# 
   630     0319                     PWM4DCH         equ	793	;# 
   631     031A                     PWM4CON         equ	794	;# 
   632     059C                     TMR0L           equ	1436	;# 
   633     059C                     TMR0            equ	1436	;# 
   634     059D                     TMR0H           equ	1437	;# 
   635     059D                     PR0             equ	1437	;# 
   636     059E                     T0CON0          equ	1438	;# 
   637     059F                     T0CON1          equ	1439	;# 
   638     070C                     PIR0            equ	1804	;# 
   639     070D                     PIR1            equ	1805	;# 
   640     070E                     PIR2            equ	1806	;# 
   641     0716                     PIE0            equ	1814	;# 
   642     0717                     PIE1            equ	1815	;# 
   643     0718                     PIE2            equ	1816	;# 
   644     080C                     WDTCON          equ	2060	;# 
   645     0811                     BORCON          equ	2065	;# 
   646     0813                     PCON0           equ	2067	;# 
   647     0814                     PCON1           equ	2068	;# 
   648     081A                     NVMADR          equ	2074	;# 
   649     081A                     NVMADRL         equ	2074	;# 
   650     081B                     NVMADRH         equ	2075	;# 
   651     081C                     NVMDAT          equ	2076	;# 
   652     081C                     NVMDATL         equ	2076	;# 
   653     081D                     NVMDATH         equ	2077	;# 
   654     081E                     NVMCON1         equ	2078	;# 
   655     081F                     NVMCON2         equ	2079	;# 
   656     088E                     OSCCON          equ	2190	;# 
   657     0890                     OSCSTAT         equ	2192	;# 
   658     0891                     OSCEN           equ	2193	;# 
   659     0892                     OSCTUNE         equ	2194	;# 
   660     0893                     OSCFRQ          equ	2195	;# 
   661     090C                     FVRCON          equ	2316	;# 
   662     1E8F                     PPSLOCK         equ	7823	;# 
   663     1E90                     INTPPS          equ	7824	;# 
   664     1E91                     T0CKIPPS        equ	7825	;# 
   665     1E92                     T1CKIPPS        equ	7826	;# 
   666     1E93                     T1GPPS          equ	7827	;# 
   667     1E9C                     T2INPPS         equ	7836	;# 
   668     1EA1                     CCP1PPS         equ	7841	;# 
   669     1EA2                     CCP2PPS         equ	7842	;# 
   670     1EC3                     ADACTPPS        equ	7875	;# 
   671     1EC5                     SSP1CLKPPS      equ	7877	;# 
   672     1EC6                     SSP1DATPPS      equ	7878	;# 
   673     1EC7                     SSP1SSPPS       equ	7879	;# 
   674     1ECB                     RX1PPS          equ	7883	;# 
   675     1ECB                     RX1DTPPS        equ	7883	;# 
   676     1ECB                     RXPPS           equ	7883	;# 
   677     1ECC                     CK1PPS          equ	7884	;# 
   678     1ECC                     TX1CKPPS        equ	7884	;# 
   679     1ECC                     CKPPS           equ	7884	;# 
   680     1F10                     RA0PPS          equ	7952	;# 
   681     1F11                     RA1PPS          equ	7953	;# 
   682     1F12                     RA2PPS          equ	7954	;# 
   683     1F14                     RA4PPS          equ	7956	;# 
   684     1F15                     RA5PPS          equ	7957	;# 
   685     1F38                     ANSELA          equ	7992	;# 
   686     1F39                     WPUA            equ	7993	;# 
   687     1F3A                     ODCONA          equ	7994	;# 
   688     1F3B                     SLRCONA         equ	7995	;# 
   689     1F3C                     INLVLA          equ	7996	;# 
   690     1F3D                     IOCAP           equ	7997	;# 
   691     1F3E                     IOCAN           equ	7998	;# 
   692     1F3F                     IOCAF           equ	7999	;# 
   693     1FE4                     STATUS_SHAD     equ	8164	;# 
   694     1FE5                     WREG_SHAD       equ	8165	;# 
   695     1FE6                     BSR_SHAD        equ	8166	;# 
   696     1FE7                     PCLATH_SHAD     equ	8167	;# 
   697     1FE8                     FSR0_SHAD       equ	8168	;# 
   698     1FE8                     FSR0L_SHAD      equ	8168	;# 
   699     1FE9                     FSR0H_SHAD      equ	8169	;# 
   700     1FEA                     FSR1L_SHAD      equ	8170	;# 
   701     1FEB                     FSR1H_SHAD      equ	8171	;# 
   702     1FED                     STKPTR          equ	8173	;# 
   703     1FEE                     TOSL            equ	8174	;# 
   704     1FEF                     TOSH            equ	8175	;# 
   705     0000                     INDF0           equ	0	;# 
   706     0001                     INDF1           equ	1	;# 
   707     0002                     PCL             equ	2	;# 
   708     0003                     STATUS          equ	3	;# 
   709     0004                     FSR0L           equ	4	;# 
   710     0005                     FSR0H           equ	5	;# 
   711     0006                     FSR1L           equ	6	;# 
   712     0007                     FSR1H           equ	7	;# 
   713     0008                     BSR             equ	8	;# 
   714     0009                     WREG            equ	9	;# 
   715     000A                     PCLATH          equ	10	;# 
   716     000B                     INTCON          equ	11	;# 
   717     000C                     PORTA           equ	12	;# 
   718     0012                     TRISA           equ	18	;# 
   719     0018                     LATA            equ	24	;# 
   720     009A                     CPCON           equ	154	;# 
   721     009B                     ADRES           equ	155	;# 
   722     009B                     ADRESL          equ	155	;# 
   723     009C                     ADRESH          equ	156	;# 
   724     009D                     ADCON0          equ	157	;# 
   725     009E                     ADCON1          equ	158	;# 
   726     009F                     ADACT           equ	159	;# 
   727     0119                     RC1REG          equ	281	;# 
   728     011A                     TX1REG          equ	282	;# 
   729     011B                     SP1BRG          equ	283	;# 
   730     011B                     SP1BRGL         equ	283	;# 
   731     011C                     SP1BRGH         equ	284	;# 
   732     011D                     RC1STA          equ	285	;# 
   733     011E                     TX1STA          equ	286	;# 
   734     011F                     BAUD1CON        equ	287	;# 
   735     018C                     SSP1BUF         equ	396	;# 
   736     018D                     SSP1ADD         equ	397	;# 
   737     018E                     SSP1MSK         equ	398	;# 
   738     018F                     SSP1STAT        equ	399	;# 
   739     0190                     SSP1CON1        equ	400	;# 
   740     0191                     SSP1CON2        equ	401	;# 
   741     0192                     SSP1CON3        equ	402	;# 
   742     020C                     TMR1L           equ	524	;# 
   743     020D                     TMR1H           equ	525	;# 
   744     020E                     T1CON           equ	526	;# 
   745     020E                     TMR1CON         equ	526	;# 
   746     020F                     T1GCON          equ	527	;# 
   747     020F                     TMR1GCON        equ	527	;# 
   748     0210                     T1GATE          equ	528	;# 
   749     0210                     TMR1GATE        equ	528	;# 
   750     0211                     T1CLK           equ	529	;# 
   751     0211                     TMR1CLK         equ	529	;# 
   752     028C                     T2TMR           equ	652	;# 
   753     028C                     TMR2            equ	652	;# 
   754     028D                     T2PR            equ	653	;# 
   755     028D                     PR2             equ	653	;# 
   756     028E                     T2CON           equ	654	;# 
   757     028F                     T2HLT           equ	655	;# 
   758     0290                     T2CLKCON        equ	656	;# 
   759     0291                     T2RST           equ	657	;# 
   760     030C                     CCPR1           equ	780	;# 
   761     030C                     CCPR1L          equ	780	;# 
   762     030D                     CCPR1H          equ	781	;# 
   763     030E                     CCP1CON         equ	782	;# 
   764     030F                     CCP1CAP         equ	783	;# 
   765     0310                     CCPR2           equ	784	;# 
   766     0310                     CCPR2L          equ	784	;# 
   767     0311                     CCPR2H          equ	785	;# 
   768     0312                     CCP2CON         equ	786	;# 
   769     0313                     CCP2CAP         equ	787	;# 
   770     0314                     PWM3DC          equ	788	;# 
   771     0314                     PWM3DCL         equ	788	;# 
   772     0315                     PWM3DCH         equ	789	;# 
   773     0316                     PWM3CON         equ	790	;# 
   774     0318                     PWM4DC          equ	792	;# 
   775     0318                     PWM4DCL         equ	792	;# 
   776     0319                     PWM4DCH         equ	793	;# 
   777     031A                     PWM4CON         equ	794	;# 
   778     059C                     TMR0L           equ	1436	;# 
   779     059C                     TMR0            equ	1436	;# 
   780     059D                     TMR0H           equ	1437	;# 
   781     059D                     PR0             equ	1437	;# 
   782     059E                     T0CON0          equ	1438	;# 
   783     059F                     T0CON1          equ	1439	;# 
   784     070C                     PIR0            equ	1804	;# 
   785     070D                     PIR1            equ	1805	;# 
   786     070E                     PIR2            equ	1806	;# 
   787     0716                     PIE0            equ	1814	;# 
   788     0717                     PIE1            equ	1815	;# 
   789     0718                     PIE2            equ	1816	;# 
   790     080C                     WDTCON          equ	2060	;# 
   791     0811                     BORCON          equ	2065	;# 
   792     0813                     PCON0           equ	2067	;# 
   793     0814                     PCON1           equ	2068	;# 
   794     081A                     NVMADR          equ	2074	;# 
   795     081A                     NVMADRL         equ	2074	;# 
   796     081B                     NVMADRH         equ	2075	;# 
   797     081C                     NVMDAT          equ	2076	;# 
   798     081C                     NVMDATL         equ	2076	;# 
   799     081D                     NVMDATH         equ	2077	;# 
   800     081E                     NVMCON1         equ	2078	;# 
   801     081F                     NVMCON2         equ	2079	;# 
   802     088E                     OSCCON          equ	2190	;# 
   803     0890                     OSCSTAT         equ	2192	;# 
   804     0891                     OSCEN           equ	2193	;# 
   805     0892                     OSCTUNE         equ	2194	;# 
   806     0893                     OSCFRQ          equ	2195	;# 
   807     090C                     FVRCON          equ	2316	;# 
   808     1E8F                     PPSLOCK         equ	7823	;# 
   809     1E90                     INTPPS          equ	7824	;# 
   810     1E91                     T0CKIPPS        equ	7825	;# 
   811     1E92                     T1CKIPPS        equ	7826	;# 
   812     1E93                     T1GPPS          equ	7827	;# 
   813     1E9C                     T2INPPS         equ	7836	;# 
   814     1EA1                     CCP1PPS         equ	7841	;# 
   815     1EA2                     CCP2PPS         equ	7842	;# 
   816     1EC3                     ADACTPPS        equ	7875	;# 
   817     1EC5                     SSP1CLKPPS      equ	7877	;# 
   818     1EC6                     SSP1DATPPS      equ	7878	;# 
   819     1EC7                     SSP1SSPPS       equ	7879	;# 
   820     1ECB                     RX1PPS          equ	7883	;# 
   821     1ECB                     RX1DTPPS        equ	7883	;# 
   822     1ECB                     RXPPS           equ	7883	;# 
   823     1ECC                     CK1PPS          equ	7884	;# 
   824     1ECC                     TX1CKPPS        equ	7884	;# 
   825     1ECC                     CKPPS           equ	7884	;# 
   826     1F10                     RA0PPS          equ	7952	;# 
   827     1F11                     RA1PPS          equ	7953	;# 
   828     1F12                     RA2PPS          equ	7954	;# 
   829     1F14                     RA4PPS          equ	7956	;# 
   830     1F15                     RA5PPS          equ	7957	;# 
   831     1F38                     ANSELA          equ	7992	;# 
   832     1F39                     WPUA            equ	7993	;# 
   833     1F3A                     ODCONA          equ	7994	;# 
   834     1F3B                     SLRCONA         equ	7995	;# 
   835     1F3C                     INLVLA          equ	7996	;# 
   836     1F3D                     IOCAP           equ	7997	;# 
   837     1F3E                     IOCAN           equ	7998	;# 
   838     1F3F                     IOCAF           equ	7999	;# 
   839     1FE4                     STATUS_SHAD     equ	8164	;# 
   840     1FE5                     WREG_SHAD       equ	8165	;# 
   841     1FE6                     BSR_SHAD        equ	8166	;# 
   842     1FE7                     PCLATH_SHAD     equ	8167	;# 
   843     1FE8                     FSR0_SHAD       equ	8168	;# 
   844     1FE8                     FSR0L_SHAD      equ	8168	;# 
   845     1FE9                     FSR0H_SHAD      equ	8169	;# 
   846     1FEA                     FSR1L_SHAD      equ	8170	;# 
   847     1FEB                     FSR1H_SHAD      equ	8171	;# 
   848     1FED                     STKPTR          equ	8173	;# 
   849     1FEE                     TOSL            equ	8174	;# 
   850     1FEF                     TOSH            equ	8175	;# 
   851     0000                     INDF0           equ	0	;# 
   852     0001                     INDF1           equ	1	;# 
   853     0002                     PCL             equ	2	;# 
   854     0003                     STATUS          equ	3	;# 
   855     0004                     FSR0L           equ	4	;# 
   856     0005                     FSR0H           equ	5	;# 
   857     0006                     FSR1L           equ	6	;# 
   858     0007                     FSR1H           equ	7	;# 
   859     0008                     BSR             equ	8	;# 
   860     0009                     WREG            equ	9	;# 
   861     000A                     PCLATH          equ	10	;# 
   862     000B                     INTCON          equ	11	;# 
   863     000C                     PORTA           equ	12	;# 
   864     0012                     TRISA           equ	18	;# 
   865     0018                     LATA            equ	24	;# 
   866     009A                     CPCON           equ	154	;# 
   867     009B                     ADRES           equ	155	;# 
   868     009B                     ADRESL          equ	155	;# 
   869     009C                     ADRESH          equ	156	;# 
   870     009D                     ADCON0          equ	157	;# 
   871     009E                     ADCON1          equ	158	;# 
   872     009F                     ADACT           equ	159	;# 
   873     0119                     RC1REG          equ	281	;# 
   874     011A                     TX1REG          equ	282	;# 
   875     011B                     SP1BRG          equ	283	;# 
   876     011B                     SP1BRGL         equ	283	;# 
   877     011C                     SP1BRGH         equ	284	;# 
   878     011D                     RC1STA          equ	285	;# 
   879     011E                     TX1STA          equ	286	;# 
   880     011F                     BAUD1CON        equ	287	;# 
   881     018C                     SSP1BUF         equ	396	;# 
   882     018D                     SSP1ADD         equ	397	;# 
   883     018E                     SSP1MSK         equ	398	;# 
   884     018F                     SSP1STAT        equ	399	;# 
   885     0190                     SSP1CON1        equ	400	;# 
   886     0191                     SSP1CON2        equ	401	;# 
   887     0192                     SSP1CON3        equ	402	;# 
   888     020C                     TMR1L           equ	524	;# 
   889     020D                     TMR1H           equ	525	;# 
   890     020E                     T1CON           equ	526	;# 
   891     020E                     TMR1CON         equ	526	;# 
   892     020F                     T1GCON          equ	527	;# 
   893     020F                     TMR1GCON        equ	527	;# 
   894     0210                     T1GATE          equ	528	;# 
   895     0210                     TMR1GATE        equ	528	;# 
   896     0211                     T1CLK           equ	529	;# 
   897     0211                     TMR1CLK         equ	529	;# 
   898     028C                     T2TMR           equ	652	;# 
   899     028C                     TMR2            equ	652	;# 
   900     028D                     T2PR            equ	653	;# 
   901     028D                     PR2             equ	653	;# 
   902     028E                     T2CON           equ	654	;# 
   903     028F                     T2HLT           equ	655	;# 
   904     0290                     T2CLKCON        equ	656	;# 
   905     0291                     T2RST           equ	657	;# 
   906     030C                     CCPR1           equ	780	;# 
   907     030C                     CCPR1L          equ	780	;# 
   908     030D                     CCPR1H          equ	781	;# 
   909     030E                     CCP1CON         equ	782	;# 
   910     030F                     CCP1CAP         equ	783	;# 
   911     0310                     CCPR2           equ	784	;# 
   912     0310                     CCPR2L          equ	784	;# 
   913     0311                     CCPR2H          equ	785	;# 
   914     0312                     CCP2CON         equ	786	;# 
   915     0313                     CCP2CAP         equ	787	;# 
   916     0314                     PWM3DC          equ	788	;# 
   917     0314                     PWM3DCL         equ	788	;# 
   918     0315                     PWM3DCH         equ	789	;# 
   919     0316                     PWM3CON         equ	790	;# 
   920     0318                     PWM4DC          equ	792	;# 
   921     0318                     PWM4DCL         equ	792	;# 
   922     0319                     PWM4DCH         equ	793	;# 
   923     031A                     PWM4CON         equ	794	;# 
   924     059C                     TMR0L           equ	1436	;# 
   925     059C                     TMR0            equ	1436	;# 
   926     059D                     TMR0H           equ	1437	;# 
   927     059D                     PR0             equ	1437	;# 
   928     059E                     T0CON0          equ	1438	;# 
   929     059F                     T0CON1          equ	1439	;# 
   930     070C                     PIR0            equ	1804	;# 
   931     070D                     PIR1            equ	1805	;# 
   932     070E                     PIR2            equ	1806	;# 
   933     0716                     PIE0            equ	1814	;# 
   934     0717                     PIE1            equ	1815	;# 
   935     0718                     PIE2            equ	1816	;# 
   936     080C                     WDTCON          equ	2060	;# 
   937     0811                     BORCON          equ	2065	;# 
   938     0813                     PCON0           equ	2067	;# 
   939     0814                     PCON1           equ	2068	;# 
   940     081A                     NVMADR          equ	2074	;# 
   941     081A                     NVMADRL         equ	2074	;# 
   942     081B                     NVMADRH         equ	2075	;# 
   943     081C                     NVMDAT          equ	2076	;# 
   944     081C                     NVMDATL         equ	2076	;# 
   945     081D                     NVMDATH         equ	2077	;# 
   946     081E                     NVMCON1         equ	2078	;# 
   947     081F                     NVMCON2         equ	2079	;# 
   948     088E                     OSCCON          equ	2190	;# 
   949     0890                     OSCSTAT         equ	2192	;# 
   950     0891                     OSCEN           equ	2193	;# 
   951     0892                     OSCTUNE         equ	2194	;# 
   952     0893                     OSCFRQ          equ	2195	;# 
   953     090C                     FVRCON          equ	2316	;# 
   954     1E8F                     PPSLOCK         equ	7823	;# 
   955     1E90                     INTPPS          equ	7824	;# 
   956     1E91                     T0CKIPPS        equ	7825	;# 
   957     1E92                     T1CKIPPS        equ	7826	;# 
   958     1E93                     T1GPPS          equ	7827	;# 
   959     1E9C                     T2INPPS         equ	7836	;# 
   960     1EA1                     CCP1PPS         equ	7841	;# 
   961     1EA2                     CCP2PPS         equ	7842	;# 
   962     1EC3                     ADACTPPS        equ	7875	;# 
   963     1EC5                     SSP1CLKPPS      equ	7877	;# 
   964     1EC6                     SSP1DATPPS      equ	7878	;# 
   965     1EC7                     SSP1SSPPS       equ	7879	;# 
   966     1ECB                     RX1PPS          equ	7883	;# 
   967     1ECB                     RX1DTPPS        equ	7883	;# 
   968     1ECB                     RXPPS           equ	7883	;# 
   969     1ECC                     CK1PPS          equ	7884	;# 
   970     1ECC                     TX1CKPPS        equ	7884	;# 
   971     1ECC                     CKPPS           equ	7884	;# 
   972     1F10                     RA0PPS          equ	7952	;# 
   973     1F11                     RA1PPS          equ	7953	;# 
   974     1F12                     RA2PPS          equ	7954	;# 
   975     1F14                     RA4PPS          equ	7956	;# 
   976     1F15                     RA5PPS          equ	7957	;# 
   977     1F38                     ANSELA          equ	7992	;# 
   978     1F39                     WPUA            equ	7993	;# 
   979     1F3A                     ODCONA          equ	7994	;# 
   980     1F3B                     SLRCONA         equ	7995	;# 
   981     1F3C                     INLVLA          equ	7996	;# 
   982     1F3D                     IOCAP           equ	7997	;# 
   983     1F3E                     IOCAN           equ	7998	;# 
   984     1F3F                     IOCAF           equ	7999	;# 
   985     1FE4                     STATUS_SHAD     equ	8164	;# 
   986     1FE5                     WREG_SHAD       equ	8165	;# 
   987     1FE6                     BSR_SHAD        equ	8166	;# 
   988     1FE7                     PCLATH_SHAD     equ	8167	;# 
   989     1FE8                     FSR0_SHAD       equ	8168	;# 
   990     1FE8                     FSR0L_SHAD      equ	8168	;# 
   991     1FE9                     FSR0H_SHAD      equ	8169	;# 
   992     1FEA                     FSR1L_SHAD      equ	8170	;# 
   993     1FEB                     FSR1H_SHAD      equ	8171	;# 
   994     1FED                     STKPTR          equ	8173	;# 
   995     1FEE                     TOSL            equ	8174	;# 
   996     1FEF                     TOSH            equ	8175	;# 
   997     0000                     INDF0           equ	0	;# 
   998     0001                     INDF1           equ	1	;# 
   999     0002                     PCL             equ	2	;# 
  1000     0003                     STATUS          equ	3	;# 
  1001     0004                     FSR0L           equ	4	;# 
  1002     0005                     FSR0H           equ	5	;# 
  1003     0006                     FSR1L           equ	6	;# 
  1004     0007                     FSR1H           equ	7	;# 
  1005     0008                     BSR             equ	8	;# 
  1006     0009                     WREG            equ	9	;# 
  1007     000A                     PCLATH          equ	10	;# 
  1008     000B                     INTCON          equ	11	;# 
  1009     000C                     PORTA           equ	12	;# 
  1010     0012                     TRISA           equ	18	;# 
  1011     0018                     LATA            equ	24	;# 
  1012     009A                     CPCON           equ	154	;# 
  1013     009B                     ADRES           equ	155	;# 
  1014     009B                     ADRESL          equ	155	;# 
  1015     009C                     ADRESH          equ	156	;# 
  1016     009D                     ADCON0          equ	157	;# 
  1017     009E                     ADCON1          equ	158	;# 
  1018     009F                     ADACT           equ	159	;# 
  1019     0119                     RC1REG          equ	281	;# 
  1020     011A                     TX1REG          equ	282	;# 
  1021     011B                     SP1BRG          equ	283	;# 
  1022     011B                     SP1BRGL         equ	283	;# 
  1023     011C                     SP1BRGH         equ	284	;# 
  1024     011D                     RC1STA          equ	285	;# 
  1025     011E                     TX1STA          equ	286	;# 
  1026     011F                     BAUD1CON        equ	287	;# 
  1027     018C                     SSP1BUF         equ	396	;# 
  1028     018D                     SSP1ADD         equ	397	;# 
  1029     018E                     SSP1MSK         equ	398	;# 
  1030     018F                     SSP1STAT        equ	399	;# 
  1031     0190                     SSP1CON1        equ	400	;# 
  1032     0191                     SSP1CON2        equ	401	;# 
  1033     0192                     SSP1CON3        equ	402	;# 
  1034     020C                     TMR1L           equ	524	;# 
  1035     020D                     TMR1H           equ	525	;# 
  1036     020E                     T1CON           equ	526	;# 
  1037     020E                     TMR1CON         equ	526	;# 
  1038     020F                     T1GCON          equ	527	;# 
  1039     020F                     TMR1GCON        equ	527	;# 
  1040     0210                     T1GATE          equ	528	;# 
  1041     0210                     TMR1GATE        equ	528	;# 
  1042     0211                     T1CLK           equ	529	;# 
  1043     0211                     TMR1CLK         equ	529	;# 
  1044     028C                     T2TMR           equ	652	;# 
  1045     028C                     TMR2            equ	652	;# 
  1046     028D                     T2PR            equ	653	;# 
  1047     028D                     PR2             equ	653	;# 
  1048     028E                     T2CON           equ	654	;# 
  1049     028F                     T2HLT           equ	655	;# 
  1050     0290                     T2CLKCON        equ	656	;# 
  1051     0291                     T2RST           equ	657	;# 
  1052     030C                     CCPR1           equ	780	;# 
  1053     030C                     CCPR1L          equ	780	;# 
  1054     030D                     CCPR1H          equ	781	;# 
  1055     030E                     CCP1CON         equ	782	;# 
  1056     030F                     CCP1CAP         equ	783	;# 
  1057     0310                     CCPR2           equ	784	;# 
  1058     0310                     CCPR2L          equ	784	;# 
  1059     0311                     CCPR2H          equ	785	;# 
  1060     0312                     CCP2CON         equ	786	;# 
  1061     0313                     CCP2CAP         equ	787	;# 
  1062     0314                     PWM3DC          equ	788	;# 
  1063     0314                     PWM3DCL         equ	788	;# 
  1064     0315                     PWM3DCH         equ	789	;# 
  1065     0316                     PWM3CON         equ	790	;# 
  1066     0318                     PWM4DC          equ	792	;# 
  1067     0318                     PWM4DCL         equ	792	;# 
  1068     0319                     PWM4DCH         equ	793	;# 
  1069     031A                     PWM4CON         equ	794	;# 
  1070     059C                     TMR0L           equ	1436	;# 
  1071     059C                     TMR0            equ	1436	;# 
  1072     059D                     TMR0H           equ	1437	;# 
  1073     059D                     PR0             equ	1437	;# 
  1074     059E                     T0CON0          equ	1438	;# 
  1075     059F                     T0CON1          equ	1439	;# 
  1076     070C                     PIR0            equ	1804	;# 
  1077     070D                     PIR1            equ	1805	;# 
  1078     070E                     PIR2            equ	1806	;# 
  1079     0716                     PIE0            equ	1814	;# 
  1080     0717                     PIE1            equ	1815	;# 
  1081     0718                     PIE2            equ	1816	;# 
  1082     080C                     WDTCON          equ	2060	;# 
  1083     0811                     BORCON          equ	2065	;# 
  1084     0813                     PCON0           equ	2067	;# 
  1085     0814                     PCON1           equ	2068	;# 
  1086     081A                     NVMADR          equ	2074	;# 
  1087     081A                     NVMADRL         equ	2074	;# 
  1088     081B                     NVMADRH         equ	2075	;# 
  1089     081C                     NVMDAT          equ	2076	;# 
  1090     081C                     NVMDATL         equ	2076	;# 
  1091     081D                     NVMDATH         equ	2077	;# 
  1092     081E                     NVMCON1         equ	2078	;# 
  1093     081F                     NVMCON2         equ	2079	;# 
  1094     088E                     OSCCON          equ	2190	;# 
  1095     0890                     OSCSTAT         equ	2192	;# 
  1096     0891                     OSCEN           equ	2193	;# 
  1097     0892                     OSCTUNE         equ	2194	;# 
  1098     0893                     OSCFRQ          equ	2195	;# 
  1099     090C                     FVRCON          equ	2316	;# 
  1100     1E8F                     PPSLOCK         equ	7823	;# 
  1101     1E90                     INTPPS          equ	7824	;# 
  1102     1E91                     T0CKIPPS        equ	7825	;# 
  1103     1E92                     T1CKIPPS        equ	7826	;# 
  1104     1E93                     T1GPPS          equ	7827	;# 
  1105     1E9C                     T2INPPS         equ	7836	;# 
  1106     1EA1                     CCP1PPS         equ	7841	;# 
  1107     1EA2                     CCP2PPS         equ	7842	;# 
  1108     1EC3                     ADACTPPS        equ	7875	;# 
  1109     1EC5                     SSP1CLKPPS      equ	7877	;# 
  1110     1EC6                     SSP1DATPPS      equ	7878	;# 
  1111     1EC7                     SSP1SSPPS       equ	7879	;# 
  1112     1ECB                     RX1PPS          equ	7883	;# 
  1113     1ECB                     RX1DTPPS        equ	7883	;# 
  1114     1ECB                     RXPPS           equ	7883	;# 
  1115     1ECC                     CK1PPS          equ	7884	;# 
  1116     1ECC                     TX1CKPPS        equ	7884	;# 
  1117     1ECC                     CKPPS           equ	7884	;# 
  1118     1F10                     RA0PPS          equ	7952	;# 
  1119     1F11                     RA1PPS          equ	7953	;# 
  1120     1F12                     RA2PPS          equ	7954	;# 
  1121     1F14                     RA4PPS          equ	7956	;# 
  1122     1F15                     RA5PPS          equ	7957	;# 
  1123     1F38                     ANSELA          equ	7992	;# 
  1124     1F39                     WPUA            equ	7993	;# 
  1125     1F3A                     ODCONA          equ	7994	;# 
  1126     1F3B                     SLRCONA         equ	7995	;# 
  1127     1F3C                     INLVLA          equ	7996	;# 
  1128     1F3D                     IOCAP           equ	7997	;# 
  1129     1F3E                     IOCAN           equ	7998	;# 
  1130     1F3F                     IOCAF           equ	7999	;# 
  1131     1FE4                     STATUS_SHAD     equ	8164	;# 
  1132     1FE5                     WREG_SHAD       equ	8165	;# 
  1133     1FE6                     BSR_SHAD        equ	8166	;# 
  1134     1FE7                     PCLATH_SHAD     equ	8167	;# 
  1135     1FE8                     FSR0_SHAD       equ	8168	;# 
  1136     1FE8                     FSR0L_SHAD      equ	8168	;# 
  1137     1FE9                     FSR0H_SHAD      equ	8169	;# 
  1138     1FEA                     FSR1L_SHAD      equ	8170	;# 
  1139     1FEB                     FSR1H_SHAD      equ	8171	;# 
  1140     1FED                     STKPTR          equ	8173	;# 
  1141     1FEE                     TOSL            equ	8174	;# 
  1142     1FEF                     TOSH            equ	8175	;# 
  1143     0000                     INDF0           equ	0	;# 
  1144     0001                     INDF1           equ	1	;# 
  1145     0002                     PCL             equ	2	;# 
  1146     0003                     STATUS          equ	3	;# 
  1147     0004                     FSR0L           equ	4	;# 
  1148     0005                     FSR0H           equ	5	;# 
  1149     0006                     FSR1L           equ	6	;# 
  1150     0007                     FSR1H           equ	7	;# 
  1151     0008                     BSR             equ	8	;# 
  1152     0009                     WREG            equ	9	;# 
  1153     000A                     PCLATH          equ	10	;# 
  1154     000B                     INTCON          equ	11	;# 
  1155     000C                     PORTA           equ	12	;# 
  1156     0012                     TRISA           equ	18	;# 
  1157     0018                     LATA            equ	24	;# 
  1158     009A                     CPCON           equ	154	;# 
  1159     009B                     ADRES           equ	155	;# 
  1160     009B                     ADRESL          equ	155	;# 
  1161     009C                     ADRESH          equ	156	;# 
  1162     009D                     ADCON0          equ	157	;# 
  1163     009E                     ADCON1          equ	158	;# 
  1164     009F                     ADACT           equ	159	;# 
  1165     0119                     RC1REG          equ	281	;# 
  1166     011A                     TX1REG          equ	282	;# 
  1167     011B                     SP1BRG          equ	283	;# 
  1168     011B                     SP1BRGL         equ	283	;# 
  1169     011C                     SP1BRGH         equ	284	;# 
  1170     011D                     RC1STA          equ	285	;# 
  1171     011E                     TX1STA          equ	286	;# 
  1172     011F                     BAUD1CON        equ	287	;# 
  1173     018C                     SSP1BUF         equ	396	;# 
  1174     018D                     SSP1ADD         equ	397	;# 
  1175     018E                     SSP1MSK         equ	398	;# 
  1176     018F                     SSP1STAT        equ	399	;# 
  1177     0190                     SSP1CON1        equ	400	;# 
  1178     0191                     SSP1CON2        equ	401	;# 
  1179     0192                     SSP1CON3        equ	402	;# 
  1180     020C                     TMR1L           equ	524	;# 
  1181     020D                     TMR1H           equ	525	;# 
  1182     020E                     T1CON           equ	526	;# 
  1183     020E                     TMR1CON         equ	526	;# 
  1184     020F                     T1GCON          equ	527	;# 
  1185     020F                     TMR1GCON        equ	527	;# 
  1186     0210                     T1GATE          equ	528	;# 
  1187     0210                     TMR1GATE        equ	528	;# 
  1188     0211                     T1CLK           equ	529	;# 
  1189     0211                     TMR1CLK         equ	529	;# 
  1190     028C                     T2TMR           equ	652	;# 
  1191     028C                     TMR2            equ	652	;# 
  1192     028D                     T2PR            equ	653	;# 
  1193     028D                     PR2             equ	653	;# 
  1194     028E                     T2CON           equ	654	;# 
  1195     028F                     T2HLT           equ	655	;# 
  1196     0290                     T2CLKCON        equ	656	;# 
  1197     0291                     T2RST           equ	657	;# 
  1198     030C                     CCPR1           equ	780	;# 
  1199     030C                     CCPR1L          equ	780	;# 
  1200     030D                     CCPR1H          equ	781	;# 
  1201     030E                     CCP1CON         equ	782	;# 
  1202     030F                     CCP1CAP         equ	783	;# 
  1203     0310                     CCPR2           equ	784	;# 
  1204     0310                     CCPR2L          equ	784	;# 
  1205     0311                     CCPR2H          equ	785	;# 
  1206     0312                     CCP2CON         equ	786	;# 
  1207     0313                     CCP2CAP         equ	787	;# 
  1208     0314                     PWM3DC          equ	788	;# 
  1209     0314                     PWM3DCL         equ	788	;# 
  1210     0315                     PWM3DCH         equ	789	;# 
  1211     0316                     PWM3CON         equ	790	;# 
  1212     0318                     PWM4DC          equ	792	;# 
  1213     0318                     PWM4DCL         equ	792	;# 
  1214     0319                     PWM4DCH         equ	793	;# 
  1215     031A                     PWM4CON         equ	794	;# 
  1216     059C                     TMR0L           equ	1436	;# 
  1217     059C                     TMR0            equ	1436	;# 
  1218     059D                     TMR0H           equ	1437	;# 
  1219     059D                     PR0             equ	1437	;# 
  1220     059E                     T0CON0          equ	1438	;# 
  1221     059F                     T0CON1          equ	1439	;# 
  1222     070C                     PIR0            equ	1804	;# 
  1223     070D                     PIR1            equ	1805	;# 
  1224     070E                     PIR2            equ	1806	;# 
  1225     0716                     PIE0            equ	1814	;# 
  1226     0717                     PIE1            equ	1815	;# 
  1227     0718                     PIE2            equ	1816	;# 
  1228     080C                     WDTCON          equ	2060	;# 
  1229     0811                     BORCON          equ	2065	;# 
  1230     0813                     PCON0           equ	2067	;# 
  1231     0814                     PCON1           equ	2068	;# 
  1232     081A                     NVMADR          equ	2074	;# 
  1233     081A                     NVMADRL         equ	2074	;# 
  1234     081B                     NVMADRH         equ	2075	;# 
  1235     081C                     NVMDAT          equ	2076	;# 
  1236     081C                     NVMDATL         equ	2076	;# 
  1237     081D                     NVMDATH         equ	2077	;# 
  1238     081E                     NVMCON1         equ	2078	;# 
  1239     081F                     NVMCON2         equ	2079	;# 
  1240     088E                     OSCCON          equ	2190	;# 
  1241     0890                     OSCSTAT         equ	2192	;# 
  1242     0891                     OSCEN           equ	2193	;# 
  1243     0892                     OSCTUNE         equ	2194	;# 
  1244     0893                     OSCFRQ          equ	2195	;# 
  1245     090C                     FVRCON          equ	2316	;# 
  1246     1E8F                     PPSLOCK         equ	7823	;# 
  1247     1E90                     INTPPS          equ	7824	;# 
  1248     1E91                     T0CKIPPS        equ	7825	;# 
  1249     1E92                     T1CKIPPS        equ	7826	;# 
  1250     1E93                     T1GPPS          equ	7827	;# 
  1251     1E9C                     T2INPPS         equ	7836	;# 
  1252     1EA1                     CCP1PPS         equ	7841	;# 
  1253     1EA2                     CCP2PPS         equ	7842	;# 
  1254     1EC3                     ADACTPPS        equ	7875	;# 
  1255     1EC5                     SSP1CLKPPS      equ	7877	;# 
  1256     1EC6                     SSP1DATPPS      equ	7878	;# 
  1257     1EC7                     SSP1SSPPS       equ	7879	;# 
  1258     1ECB                     RX1PPS          equ	7883	;# 
  1259     1ECB                     RX1DTPPS        equ	7883	;# 
  1260     1ECB                     RXPPS           equ	7883	;# 
  1261     1ECC                     CK1PPS          equ	7884	;# 
  1262     1ECC                     TX1CKPPS        equ	7884	;# 
  1263     1ECC                     CKPPS           equ	7884	;# 
  1264     1F10                     RA0PPS          equ	7952	;# 
  1265     1F11                     RA1PPS          equ	7953	;# 
  1266     1F12                     RA2PPS          equ	7954	;# 
  1267     1F14                     RA4PPS          equ	7956	;# 
  1268     1F15                     RA5PPS          equ	7957	;# 
  1269     1F38                     ANSELA          equ	7992	;# 
  1270     1F39                     WPUA            equ	7993	;# 
  1271     1F3A                     ODCONA          equ	7994	;# 
  1272     1F3B                     SLRCONA         equ	7995	;# 
  1273     1F3C                     INLVLA          equ	7996	;# 
  1274     1F3D                     IOCAP           equ	7997	;# 
  1275     1F3E                     IOCAN           equ	7998	;# 
  1276     1F3F                     IOCAF           equ	7999	;# 
  1277     1FE4                     STATUS_SHAD     equ	8164	;# 
  1278     1FE5                     WREG_SHAD       equ	8165	;# 
  1279     1FE6                     BSR_SHAD        equ	8166	;# 
  1280     1FE7                     PCLATH_SHAD     equ	8167	;# 
  1281     1FE8                     FSR0_SHAD       equ	8168	;# 
  1282     1FE8                     FSR0L_SHAD      equ	8168	;# 
  1283     1FE9                     FSR0H_SHAD      equ	8169	;# 
  1284     1FEA                     FSR1L_SHAD      equ	8170	;# 
  1285     1FEB                     FSR1H_SHAD      equ	8171	;# 
  1286     1FED                     STKPTR          equ	8173	;# 
  1287     1FEE                     TOSL            equ	8174	;# 
  1288     1FEF                     TOSH            equ	8175	;# 
  1289                           
  1290                           	psect	idataBANK0
  1291     0629                     __pidataBANK0:
  1292                           
  1293                           ;initializer for _LIN_timeout
  1294     0629  340A               	retlw	10
  1295                           
  1296                           	psect	stringtext1
  1297     05EB                     __pstringtext1:
  1298     05EB                     _scheduleTable:
  1299     05EB  3401               	retlw	1
  1300     05EC  3401               	retlw	1
  1301     05ED  3408               	retlw	8
  1302     05EE  34A0               	retlw	low (_SIGNAL_Data| 0)
  1303     05EF  3400               	retlw	high (_SIGNAL_Data| 0)
  1304     05F0                     __end_of_scheduleTable:
  1305                           
  1306                           	psect	nvBANK0
  1307     0054                     __pnvBANK0:
  1308     0054                     _TMR0_InterruptHandler:
  1309     0054                     	ds	2
  1310     0056                     _EUSART1_ErrorHandler:
  1311     0056                     	ds	2
  1312     0058                     _EUSART1_OverrunErrorHandler:
  1313     0058                     	ds	2
  1314     005A                     _EUSART1_FramingErrorHandler:
  1315     005A                     	ds	2
  1316     005C                     _EUSART1_RxDefaultInterruptHandler:
  1317     005C                     	ds	2
  1318     005E                     _EUSART1_TxDefaultInterruptHandler:
  1319     005E                     	ds	2
  1320     0060                     _LIN_rxCommand:
  1321     0060                     	ds	2
  1322     0062                     _LIN_processData:
  1323     0062                     	ds	2
  1324     0064                     _LIN_rxCommandLength:
  1325     0064                     	ds	1
  1326     0012                     _TRISA          set	18
  1327     0018                     _LATA           set	24
  1328     000B                     _INTCONbits     set	11
  1329     0018                     _LATAbits       set	24
  1330     0119                     _RC1REG         set	281
  1331     011A                     _TX1REG         set	282
  1332     011C                     _SP1BRGH        set	284
  1333     011B                     _SP1BRGL        set	283
  1334     011E                     _TX1STA         set	286
  1335     011D                     _RC1STA         set	285
  1336     011F                     _BAUD1CON       set	287
  1337     011D                     _RC1STAbits     set	285
  1338     011E                     _TX1STAbits     set	286
  1339     059E                     _T0CON0bits     set	1438
  1340     059E                     _T0CON0         set	1438
  1341     059C                     _TMR0L          set	1436
  1342     059D                     _TMR0H          set	1437
  1343     059F                     _T0CON1         set	1439
  1344     070D                     _PIR1bits       set	1805
  1345     070C                     _PIR0bits       set	1804
  1346     0716                     _PIE0bits       set	1814
  1347     0717                     _PIE1bits       set	1815
  1348     080C                     _WDTCON         set	2060
  1349     0892                     _OSCTUNE        set	2194
  1350     0893                     _OSCFRQ         set	2195
  1351     0891                     _OSCEN          set	2193
  1352     1ECB                     _RX1PPS         set	7883
  1353     1F10                     _RA0PPS         set	7952
  1354     1F3C                     _INLVLA         set	7996
  1355     1F3B                     _SLRCONA        set	7995
  1356     1F3A                     _ODCONA         set	7994
  1357     1F39                     _WPUA           set	7993
  1358     1F38                     _ANSELA         set	7992
  1359                           
  1360                           	psect	cinit
  1361     0038                     start_initialization:	
  1362                           ; #config settings
  1363                           
  1364     0038                     __initialization:
  1365                           
  1366                           ; Initialize objects allocated to BANK0
  1367     0038  3186  2629  3180   	fcall	__pidataBANK0	;fetch initializer
  1368     003B  00EE               	movwf	__pdataBANK0& (0+127)
  1369                           
  1370                           ; Clear objects allocated to BANK0
  1371     003C  3020               	movlw	low __pbssBANK0
  1372     003D  0084               	movwf	4
  1373     003E  3000               	movlw	high __pbssBANK0
  1374     003F  0085               	movwf	5
  1375     0040  3034               	movlw	52
  1376     0041  3185  25BB  3180   	fcall	clear_ram0
  1377                           
  1378                           ; Clear objects allocated to BANK1
  1379     0044  30A0               	movlw	low __pbssBANK1
  1380     0045  0084               	movwf	4
  1381     0046  3000               	movlw	high __pbssBANK1
  1382     0047  0085               	movwf	5
  1383     0048  3008               	movlw	8
  1384     0049  3185  25BB  3180   	fcall	clear_ram0
  1385     004C                     end_of_initialization:	
  1386                           ;End of C runtime variable initialization code
  1387                           
  1388     004C                     __end_of__initialization:
  1389     004C  107E               	bcf	int$flags,0	;clear compiler interrupt flag (level 1)
  1390     004D  0140               	movlb	0
  1391     004E  2DA0               	ljmp	_main	;jump to C main() function
  1392                           
  1393                           	psect	bssBANK0
  1394     0020                     __pbssBANK0:
  1395     0020                     _eusart1RxStatusBuffer:
  1396     0020                     	ds	8
  1397     0028                     _eusart1RxBuffer:
  1398     0028                     	ds	8
  1399     0030                     _eusart1TxBuffer:
  1400     0030                     	ds	8
  1401     0038                     _eusart1RxLastError:
  1402     0038                     	ds	1
  1403     0039                     _eusart1RxCount:
  1404     0039                     	ds	1
  1405     003A                     _eusart1RxTail:
  1406     003A                     	ds	1
  1407     003B                     _eusart1RxHead:
  1408     003B                     	ds	1
  1409     003C                     _eusart1TxBufferRemaining:
  1410     003C                     	ds	1
  1411     003D                     _eusart1TxTail:
  1412     003D                     	ds	1
  1413     003E                     _eusart1TxHead:
  1414     003E                     	ds	1
  1415     003F                     LIN_handler@rxDataIndex:
  1416     003F                     	ds	1
  1417     0040                     LIN_handler@LIN_rxState:
  1418     0040                     	ds	1
  1419     0041                     _CountCallBack:
  1420     0041                     	ds	1
  1421     0042                     _LIN_timerRunning:
  1422     0042                     	ds	1
  1423     0043                     _LIN_rxInProgress:
  1424     0043                     	ds	1
  1425     0044                     _lampFlags_old:
  1426     0044                     	ds	1
  1427     0045                     _lampFlags:
  1428     0045                     	ds	1
  1429     0046                     _lampState:
  1430     0046                     	ds	1
  1431     0047                     _LIN_packet:
  1432     0047                     	ds	13
  1433                           
  1434                           	psect	dataBANK0
  1435     006E                     __pdataBANK0:
  1436     006E                     _LIN_timeout:
  1437     006E                     	ds	1
  1438                           
  1439                           	psect	bssBANK1
  1440     00A0                     __pbssBANK1:
  1441     00A0                     _SIGNAL_Data:
  1442     00A0                     	ds	8
  1443                           
  1444                           	psect	clrtext
  1445     05BB                     clear_ram0:	
  1446                           ;	Called with FSR0 containing the base address, and
  1447                           ;	WREG with the size to clear
  1448                           
  1449     05BB  0064               	clrwdt	;clear the watchdog before getting into this loop
  1450     05BC                     clrloop0:
  1451     05BC  0180               	clrf	0	;clear RAM location pointed to by FSR
  1452     05BD  3101               	addfsr 0,1
  1453     05BE  0B89               	decfsz	9,f	;Have we reached the end of clearing yet?
  1454     05BF  2DBC               	goto	clrloop0	;have we reached the end yet?
  1455     05C0  3400               	retlw	0	;all done for this memory range, return
  1456                           
  1457                           	psect	cstackBANK1
  1458     00A8                     __pcstackBANK1:
  1459     00A8                     ??_LIN_handler:
  1460                           
  1461                           ; 1 bytes @ 0x0
  1462     00A8                     	ds	5
  1463                           
  1464                           	psect	cstackCOMMON
  1465     0070                     __pcstackCOMMON:
  1466     0070                     ?_processLIN:
  1467     0070                     ?_LIN_stopTimer:	
  1468                           ; 1 bytes @ 0x0
  1469                           
  1470     0070                     ?_LIN_enableRx:	
  1471                           ; 1 bytes @ 0x0
  1472                           
  1473     0070                     ?_LIN_setTimerHandler:	
  1474                           ; 1 bytes @ 0x0
  1475                           
  1476     0070                     ?_LIN_getChecksum:	
  1477                           ; 1 bytes @ 0x0
  1478                           
  1479     0070                     ?_EUSART1_is_rx_ready:	
  1480                           ; 1 bytes @ 0x0
  1481                           
  1482     0070                     ?_LIN_startTimer:	
  1483                           ; 1 bytes @ 0x0
  1484                           
  1485     0070                     ?_LIN_breakCheck:	
  1486                           ; 1 bytes @ 0x0
  1487                           
  1488     0070                     ?_EUSART1_Read:	
  1489                           ; 1 bytes @ 0x0
  1490                           
  1491     0070                     ?_LIN_checkPID:	
  1492                           ; 1 bytes @ 0x0
  1493                           
  1494     0070                     ?_LIN_getFromTable:	
  1495                           ; 1 bytes @ 0x0
  1496                           
  1497     0070                     ?_LIN_disableRx:	
  1498                           ; 1 bytes @ 0x0
  1499                           
  1500     0070                     ?_EUSART1_Write:	
  1501                           ; 1 bytes @ 0x0
  1502                           
  1503     0070                     ?_LIN_calcParity:	
  1504                           ; 1 bytes @ 0x0
  1505                           
  1506     0070                     ?_TMR0_WriteTimer:	
  1507                           ; 1 bytes @ 0x0
  1508                           
  1509     0070                     ?_TMR0_SetInterruptHandler:	
  1510                           ; 1 bytes @ 0x0
  1511                           
  1512     0070                     ?_EUSART1_get_last_status:	
  1513                           ; 1 bytes @ 0x0
  1514                           
  1515     0070                     ?_EUSART1_SetRxInterruptHandler:	
  1516                           ; 1 bytes @ 0x0
  1517                           
  1518     0070                     ?_EUSART1_Receive_ISR:	
  1519                           ; 1 bytes @ 0x0
  1520                           
  1521     0070                     ?_EUSART1_SetTxInterruptHandler:	
  1522                           ; 1 bytes @ 0x0
  1523                           
  1524     0070                     ?_EUSART1_Transmit_ISR:	
  1525                           ; 1 bytes @ 0x0
  1526                           
  1527     0070                     ?_EUSART1_SetFramingErrorHandler:	
  1528                           ; 1 bytes @ 0x0
  1529                           
  1530     0070                     ?_EUSART1_DefaultFramingErrorHandler:	
  1531                           ; 1 bytes @ 0x0
  1532                           
  1533     0070                     ?_EUSART1_SetOverrunErrorHandler:	
  1534                           ; 1 bytes @ 0x0
  1535                           
  1536     0070                     ?_EUSART1_DefaultOverrunErrorHandler:	
  1537                           ; 1 bytes @ 0x0
  1538                           
  1539     0070                     ?_EUSART1_SetErrorHandler:	
  1540                           ; 1 bytes @ 0x0
  1541                           
  1542     0070                     ?_EUSART1_DefaultErrorHandler:	
  1543                           ; 1 bytes @ 0x0
  1544                           
  1545     0070                     ?_EUSART1_RxDataHandler:	
  1546                           ; 1 bytes @ 0x0
  1547                           
  1548     0070                     ?_TMR0_ISR:	
  1549                           ; 1 bytes @ 0x0
  1550                           
  1551     0070                     ?_PIN_MANAGER_Initialize:	
  1552                           ; 1 bytes @ 0x0
  1553                           
  1554     0070                     ?_OSCILLATOR_Initialize:	
  1555                           ; 1 bytes @ 0x0
  1556                           
  1557     0070                     ?_WDT_Initialize:	
  1558                           ; 1 bytes @ 0x0
  1559                           
  1560     0070                     ?_TMR0_Initialize:	
  1561                           ; 1 bytes @ 0x0
  1562                           
  1563     0070                     ?_TMR0_DefaultInterruptHandler:	
  1564                           ; 1 bytes @ 0x0
  1565                           
  1566     0070                     ?_DRL_ON:	
  1567                           ; 1 bytes @ 0x0
  1568                           
  1569     0070                     ?_DRL_OFF:	
  1570                           ; 1 bytes @ 0x0
  1571                           
  1572     0070                     ?_POS_ON:	
  1573                           ; 1 bytes @ 0x0
  1574                           
  1575     0070                     ?_POS_OFF:	
  1576                           ; 1 bytes @ 0x0
  1577                           
  1578     0070                     ?_HIBEAM_ON:	
  1579                           ; 1 bytes @ 0x0
  1580                           
  1581     0070                     ?_HIBEAM_OFF:	
  1582                           ; 1 bytes @ 0x0
  1583                           
  1584     0070                     ?_LIN_Slave_Initialize:	
  1585                           ; 1 bytes @ 0x0
  1586                           
  1587     0070                     ?_LIN_queuePacket:	
  1588                           ; 1 bytes @ 0x0
  1589                           
  1590     0070                     ?_LIN_handler:	
  1591                           ; 1 bytes @ 0x0
  1592                           
  1593     0070                     ?_LIN_timerHandler:	
  1594                           ; 1 bytes @ 0x0
  1595                           
  1596     0070                     ?_EUSART1_Initialize:	
  1597                           ; 1 bytes @ 0x0
  1598                           
  1599     0070                     ?_INTERRUPT_InterruptManager:	
  1600                           ; 1 bytes @ 0x0
  1601                           
  1602     0070                     ?_SYSTEM_Initialize:	
  1603                           ; 1 bytes @ 0x0
  1604                           
  1605     0070                     ?_main:	
  1606                           ; 1 bytes @ 0x0
  1607                           
  1608     0070                     ?i1_LIN_stopTimer:	
  1609                           ; 1 bytes @ 0x0
  1610                           
  1611     0070                     ?_memcpy:	
  1612                           ; 1 bytes @ 0x0
  1613                           
  1614     0070                     ?_memset:	
  1615                           ; 2 bytes @ 0x0
  1616                           
  1617     0070                     LIN_getFromTable@param:	
  1618                           ; 2 bytes @ 0x0
  1619                           
  1620     0070                     LIN_getChecksum@pid:	
  1621                           ; 1 bytes @ 0x0
  1622                           
  1623     0070                     EUSART1_Read@readValue:	
  1624                           ; 1 bytes @ 0x0
  1625                           
  1626     0070                     EUSART1_Write@txData:	
  1627                           ; 1 bytes @ 0x0
  1628                           
  1629     0070                     TMR0_WriteTimer@timerVal:	
  1630                           ; 1 bytes @ 0x0
  1631                           
  1632     0070                     EUSART1_SetFramingErrorHandler@interruptHandler:	
  1633                           ; 1 bytes @ 0x0
  1634                           
  1635     0070                     EUSART1_SetOverrunErrorHandler@interruptHandler:	
  1636                           ; 2 bytes @ 0x0
  1637                           
  1638     0070                     EUSART1_SetErrorHandler@interruptHandler:	
  1639                           ; 2 bytes @ 0x0
  1640                           
  1641     0070                     EUSART1_SetTxInterruptHandler@interruptHandler:	
  1642                           ; 2 bytes @ 0x0
  1643                           
  1644     0070                     EUSART1_SetRxInterruptHandler@interruptHandler:	
  1645                           ; 2 bytes @ 0x0
  1646                           
  1647     0070                     TMR0_SetInterruptHandler@InterruptHandler:	
  1648                           ; 2 bytes @ 0x0
  1649                           
  1650     0070                     memcpy@d1:	
  1651                           ; 2 bytes @ 0x0
  1652                           
  1653     0070                     memset@dest:	
  1654                           ; 2 bytes @ 0x0
  1655                           
  1656     0070                     ??_LIN_stopTimer:	
  1657                           ; 2 bytes @ 0x0
  1658                           
  1659     0070                     ??_LIN_enableRx:	
  1660                           ; 1 bytes @ 0x0
  1661                           
  1662     0070                     ??_EUSART1_is_rx_ready:	
  1663                           ; 1 bytes @ 0x0
  1664                           
  1665     0070                     ??_EUSART1_Read:	
  1666                           ; 1 bytes @ 0x0
  1667                           
  1668     0070                     ??_LIN_disableRx:	
  1669                           ; 1 bytes @ 0x0
  1670                           
  1671     0070                     ??_EUSART1_Write:	
  1672                           ; 1 bytes @ 0x0
  1673                           
  1674     0070                     ??_LIN_calcParity:	
  1675                           ; 1 bytes @ 0x0
  1676                           
  1677     0070                     ??_TMR0_WriteTimer:	
  1678                           ; 1 bytes @ 0x0
  1679                           
  1680     0070                     ??_EUSART1_get_last_status:	
  1681                           ; 1 bytes @ 0x0
  1682                           
  1683     0070                     ??_EUSART1_Receive_ISR:	
  1684                           ; 1 bytes @ 0x0
  1685                           
  1686     0070                     ??_EUSART1_Transmit_ISR:	
  1687                           ; 1 bytes @ 0x0
  1688                           
  1689     0070                     ??_EUSART1_DefaultFramingErrorHandler:	
  1690                           ; 1 bytes @ 0x0
  1691                           
  1692     0070                     ??_EUSART1_DefaultOverrunErrorHandler:	
  1693                           ; 1 bytes @ 0x0
  1694                           
  1695     0070                     ??_EUSART1_DefaultErrorHandler:	
  1696                           ; 1 bytes @ 0x0
  1697                           
  1698     0070                     ??_EUSART1_RxDataHandler:	
  1699                           ; 1 bytes @ 0x0
  1700                           
  1701     0070                     ??_TMR0_ISR:	
  1702                           ; 1 bytes @ 0x0
  1703                           
  1704     0070                     ??_PIN_MANAGER_Initialize:	
  1705                           ; 1 bytes @ 0x0
  1706                           
  1707     0070                     ??_OSCILLATOR_Initialize:	
  1708                           ; 1 bytes @ 0x0
  1709                           
  1710     0070                     ??_WDT_Initialize:	
  1711                           ; 1 bytes @ 0x0
  1712                           
  1713     0070                     ??_TMR0_DefaultInterruptHandler:	
  1714                           ; 1 bytes @ 0x0
  1715                           
  1716     0070                     ??_DRL_ON:	
  1717                           ; 1 bytes @ 0x0
  1718                           
  1719     0070                     ??_DRL_OFF:	
  1720                           ; 1 bytes @ 0x0
  1721                           
  1722     0070                     ??_POS_ON:	
  1723                           ; 1 bytes @ 0x0
  1724                           
  1725     0070                     ??_POS_OFF:	
  1726                           ; 1 bytes @ 0x0
  1727                           
  1728     0070                     ??_HIBEAM_ON:	
  1729                           ; 1 bytes @ 0x0
  1730                           
  1731     0070                     ??_HIBEAM_OFF:	
  1732                           ; 1 bytes @ 0x0
  1733                           
  1734     0070                     ??_LIN_timerHandler:	
  1735                           ; 1 bytes @ 0x0
  1736                           
  1737     0070                     ??_INTERRUPT_InterruptManager:	
  1738                           ; 1 bytes @ 0x0
  1739                           
  1740     0070                     ??i1_LIN_stopTimer:	
  1741                           ; 1 bytes @ 0x0
  1742                           
  1743                           
  1744                           ; 1 bytes @ 0x0
  1745     0070                     	ds	1
  1746     0071                     LIN_calcParity@CMD:
  1747     0071                     LIN_startTimer@timeout:	
  1748                           ; 1 bytes @ 0x1
  1749                           
  1750     0071                     LIN_getChecksum@data:	
  1751                           ; 1 bytes @ 0x1
  1752                           
  1753     0071                     ??_LIN_startTimer:	
  1754                           ; 2 bytes @ 0x1
  1755                           
  1756     0071                     ??_LIN_breakCheck:	
  1757                           ; 1 bytes @ 0x1
  1758                           
  1759     0071                     ??_LIN_getFromTable:	
  1760                           ; 1 bytes @ 0x1
  1761                           
  1762                           
  1763                           ; 1 bytes @ 0x1
  1764     0071                     	ds	1
  1765     0072                     ?_LIN_init:
  1766     0072                     LIN_calcParity@PID:	
  1767                           ; 1 bytes @ 0x2
  1768                           
  1769     0072                     LIN_init@command:	
  1770                           ; 1 bytes @ 0x2
  1771                           
  1772     0072                     memcpy@s1:	
  1773                           ; 2 bytes @ 0x2
  1774                           
  1775     0072                     memset@c:	
  1776                           ; 2 bytes @ 0x2
  1777                           
  1778     0072                     ??_LIN_setTimerHandler:	
  1779                           ; 2 bytes @ 0x2
  1780                           
  1781     0072                     ??_TMR0_SetInterruptHandler:	
  1782                           ; 1 bytes @ 0x2
  1783                           
  1784     0072                     ??_EUSART1_SetRxInterruptHandler:	
  1785                           ; 1 bytes @ 0x2
  1786                           
  1787     0072                     ??_EUSART1_SetTxInterruptHandler:	
  1788                           ; 1 bytes @ 0x2
  1789                           
  1790     0072                     ??_EUSART1_SetFramingErrorHandler:	
  1791                           ; 1 bytes @ 0x2
  1792                           
  1793     0072                     ??_EUSART1_SetOverrunErrorHandler:	
  1794                           ; 1 bytes @ 0x2
  1795                           
  1796     0072                     ??_EUSART1_SetErrorHandler:	
  1797                           ; 1 bytes @ 0x2
  1798                           
  1799     0072                     ??_TMR0_Initialize:	
  1800                           ; 1 bytes @ 0x2
  1801                           
  1802     0072                     ??_EUSART1_Initialize:	
  1803                           ; 1 bytes @ 0x2
  1804                           
  1805                           
  1806                           ; 1 bytes @ 0x2
  1807     0072                     	ds	1
  1808     0073                     LIN_getFromTable@cmd:
  1809     0073                     ??_LIN_getChecksum:	
  1810                           ; 1 bytes @ 0x3
  1811                           
  1812                           
  1813                           ; 1 bytes @ 0x3
  1814     0073                     	ds	1
  1815     0074                     LIN_getFromTable@length:
  1816     0074                     LIN_init@processData:	
  1817                           ; 1 bytes @ 0x4
  1818                           
  1819     0074                     memcpy@n:	
  1820                           ; 2 bytes @ 0x4
  1821                           
  1822     0074                     memset@n:	
  1823                           ; 2 bytes @ 0x4
  1824                           
  1825                           
  1826                           ; 2 bytes @ 0x4
  1827     0074                     	ds	1
  1828     0075                     LIN_getChecksum@length:
  1829     0075                     LIN_getFromTable@rxCommand:	
  1830                           ; 1 bytes @ 0x5
  1831                           
  1832                           
  1833                           ; 2 bytes @ 0x5
  1834     0075                     	ds	1
  1835     0076                     LIN_init@tableLength:
  1836     0076                     LIN_getChecksum@i:	
  1837                           ; 1 bytes @ 0x6
  1838                           
  1839     0076                     memcpy@tmp:	
  1840                           ; 1 bytes @ 0x6
  1841                           
  1842     0076                     memset@p:	
  1843                           ; 1 bytes @ 0x6
  1844                           
  1845     0076                     ??_LIN_init:	
  1846                           ; 1 bytes @ 0x6
  1847                           
  1848     0076                     ??_memcpy:	
  1849                           ; 1 bytes @ 0x6
  1850                           
  1851     0076                     ??_memset:	
  1852                           ; 1 bytes @ 0x6
  1853                           
  1854                           
  1855                           ; 1 bytes @ 0x6
  1856     0076                     	ds	1
  1857     0077                     LIN_checkPID@pid:
  1858     0077                     memcpy@d:	
  1859                           ; 1 bytes @ 0x7
  1860                           
  1861     0077                     LIN_getChecksum@checksum:	
  1862                           ; 1 bytes @ 0x7
  1863                           
  1864     0077                     ??_LIN_checkPID:	
  1865                           ; 2 bytes @ 0x7
  1866                           
  1867     0077                     ??_LIN_Slave_Initialize:	
  1868                           ; 1 bytes @ 0x7
  1869                           
  1870     0077                     ??_SYSTEM_Initialize:	
  1871                           ; 1 bytes @ 0x7
  1872                           
  1873                           
  1874                           ; 1 bytes @ 0x7
  1875     0077                     	ds	1
  1876     0078                     memcpy@s:
  1877                           
  1878                           ; 1 bytes @ 0x8
  1879     0078                     	ds	1
  1880     0079                     ?_LIN_getPacket:
  1881     0079                     ?_LIN_sendPacket:	
  1882                           ; 1 bytes @ 0x9
  1883                           
  1884     0079                     LIN_sendPacket@pid:	
  1885                           ; 1 bytes @ 0x9
  1886                           
  1887     0079                     LIN_getPacket@data:	
  1888                           ; 1 bytes @ 0x9
  1889                           
  1890                           
  1891                           ; 1 bytes @ 0x9
  1892     0079                     	ds	1
  1893     007A                     LIN_getPacket@cmd:
  1894     007A                     LIN_sendPacket@data:	
  1895                           ; 1 bytes @ 0xA
  1896                           
  1897     007A                     ??_LIN_getPacket:	
  1898                           ; 2 bytes @ 0xA
  1899                           
  1900                           
  1901                           ; 1 bytes @ 0xA
  1902     007A                     	ds	1
  1903     007B                     ??_processLIN:
  1904                           
  1905                           ; 1 bytes @ 0xB
  1906     007B                     	ds	1
  1907     007C                     LIN_sendPacket@length:
  1908     007C                     ??_LIN_sendPacket:	
  1909                           ; 1 bytes @ 0xC
  1910                           
  1911                           
  1912                           ; 1 bytes @ 0xC
  1913     007C                     	ds	1
  1914     007D                     LIN_sendPacket@i:
  1915                           
  1916                           ; 1 bytes @ 0xD
  1917     007D                     	ds	1
  1918     007E                     ??_main:
  1919                           
  1920                           	psect	cstackBANK0
  1921     0065                     __pcstackBANK0:	
  1922                           ; 1 bytes @ 0xE
  1923                           
  1924     0065                     processLIN@tempRxData:
  1925     0065                     ??_LIN_queuePacket:	
  1926                           ; 8 bytes @ 0x0
  1927                           
  1928                           
  1929                           ; 1 bytes @ 0x0
  1930     0065                     	ds	1
  1931     0066                     LIN_queuePacket@cmd:
  1932                           
  1933                           ; 1 bytes @ 0x1
  1934     0066                     	ds	1
  1935     0067                     LIN_queuePacket@i:
  1936                           
  1937                           ; 1 bytes @ 0x2
  1938     0067                     	ds	1
  1939     0068                     LIN_queuePacket@tempSchedule:
  1940                           
  1941                           ; 2 bytes @ 0x3
  1942     0068                     	ds	5
  1943     006D                     processLIN@cmd:
  1944                           
  1945                           ; 1 bytes @ 0x8
  1946     006D                     	ds	1
  1947                           
  1948                           	psect	maintext
  1949     05A0                     __pmaintext:	
  1950 ;;
  1951 ;;Main: autosize = 0, tempsize = 0, incstack = 0, save=0
  1952 ;;
  1953 ;; *************** function _main *****************
  1954 ;; Defined at:
  1955 ;;		line 57 in file "main.c"
  1956 ;; Parameters:    Size  Location     Type
  1957 ;;		None
  1958 ;; Auto vars:     Size  Location     Type
  1959 ;;		None
  1960 ;; Return value:  Size  Location     Type
  1961 ;;                  1    wreg      void 
  1962 ;; Registers used:
  1963 ;;		wreg, fsr0l, fsr0h, fsr1l, fsr1h, status,2, status,0, pclath, cstack
  1964 ;; Tracked objects:
  1965 ;;		On entry : B3F/0
  1966 ;;		On exit  : 0/0
  1967 ;;		Unchanged: 0/0
  1968 ;; Data sizes:     COMMON   BANK0   BANK1   BANK2
  1969 ;;      Params:         0       0       0       0
  1970 ;;      Locals:         0       0       0       0
  1971 ;;      Temps:          0       0       0       0
  1972 ;;      Totals:         0       0       0       0
  1973 ;;Total ram usage:        0 bytes
  1974 ;; Hardware stack levels required when called: 9
  1975 ;; This function calls:
  1976 ;;		_LIN_handler
  1977 ;;		_SYSTEM_Initialize
  1978 ;; This function is called by:
  1979 ;;		Startup code after reset
  1980 ;; This function uses a non-reentrant model
  1981 ;;
  1982                           
  1983     05A0                     _main:	
  1984                           ;psect for function _main
  1985                           
  1986     05A0                     l2398:	
  1987                           ;incstack = 0
  1988                           ; Regs used in _main: [wreg-fsr1h+status,2+status,0+pclath+cstack]
  1989                           
  1990                           
  1991                           ;main.c: 60:     SYSTEM_Initialize();
  1992     05A0  3185  2531  3185   	fcall	_SYSTEM_Initialize
  1993     05A3                     l2400:
  1994                           
  1995                           ;main.c: 66:     (INTCONbits.GIE = 1);
  1996     05A3  178B               	bsf	11,7	;volatile
  1997     05A4                     l2402:
  1998                           
  1999                           ;main.c: 69:     (INTCONbits.PEIE = 1);
  2000     05A4  170B               	bsf	11,6	;volatile
  2001     05A5                     l2404:
  2002                           
  2003                           ;main.c: 78:     {;main.c: 80:         LIN_handler();
  2004     05A5  3180  204F  3185   	fcall	_LIN_handler
  2005     05A8  2DA5               	goto	l2404
  2006     05A9  2837               	ljmp	start
  2007     05AA                     __end_of_main:
  2008                           
  2009                           	psect	text1
  2010     0531                     __ptext1:	
  2011 ;; *************** function _SYSTEM_Initialize *****************
  2012 ;; Defined at:
  2013 ;;		line 50 in file "mcc_generated_files/mcc.c"
  2014 ;; Parameters:    Size  Location     Type
  2015 ;;		None
  2016 ;; Auto vars:     Size  Location     Type
  2017 ;;		None
  2018 ;; Return value:  Size  Location     Type
  2019 ;;                  1    wreg      void 
  2020 ;; Registers used:
  2021 ;;		wreg, status,2, status,0, pclath, cstack
  2022 ;; Tracked objects:
  2023 ;;		On entry : 0/0
  2024 ;;		On exit  : 0/0
  2025 ;;		Unchanged: 0/0
  2026 ;; Data sizes:     COMMON   BANK0   BANK1   BANK2
  2027 ;;      Params:         0       0       0       0
  2028 ;;      Locals:         0       0       0       0
  2029 ;;      Temps:          0       0       0       0
  2030 ;;      Totals:         0       0       0       0
  2031 ;;Total ram usage:        0 bytes
  2032 ;; Hardware stack levels used: 1
  2033 ;; Hardware stack levels required when called: 8
  2034 ;; This function calls:
  2035 ;;		_EUSART1_Initialize
  2036 ;;		_LIN_Slave_Initialize
  2037 ;;		_OSCILLATOR_Initialize
  2038 ;;		_PIN_MANAGER_Initialize
  2039 ;;		_TMR0_Initialize
  2040 ;;		_WDT_Initialize
  2041 ;; This function is called by:
  2042 ;;		_main
  2043 ;; This function uses a non-reentrant model
  2044 ;;
  2045                           
  2046     0531                     _SYSTEM_Initialize:	
  2047                           ;psect for function _SYSTEM_Initialize
  2048                           
  2049     0531                     l2192:	
  2050                           ;incstack = 0
  2051                           ; Regs used in _SYSTEM_Initialize: [wreg+status,2+status,0+pclath+cstack]
  2052                           
  2053                           
  2054                           ;mcc_generated_files/mcc.c: 53:     PIN_MANAGER_Initialize();
  2055     0531  3185  2544  3185   	fcall	_PIN_MANAGER_Initialize
  2056                           
  2057                           ;mcc_generated_files/mcc.c: 54:     OSCILLATOR_Initialize();
  2058     0534  3185  25C1  3185   	fcall	_OSCILLATOR_Initialize
  2059                           
  2060                           ;mcc_generated_files/mcc.c: 55:     WDT_Initialize();
  2061     0537  3186  2611  3185   	fcall	_WDT_Initialize
  2062     053A                     l2194:
  2063                           
  2064                           ;mcc_generated_files/mcc.c: 56:     TMR0_Initialize();
  2065     053A  3185  251D  3185   	fcall	_TMR0_Initialize
  2066     053D                     l2196:
  2067                           
  2068                           ;mcc_generated_files/mcc.c: 57:     EUSART1_Initialize();
  2069     053D  3183  234A  3185   	fcall	_EUSART1_Initialize
  2070     0540                     l2198:
  2071                           
  2072                           ;mcc_generated_files/mcc.c: 58:     LIN_Slave_Initialize();
  2073     0540  3185  2579  3185   	fcall	_LIN_Slave_Initialize
  2074     0543                     l470:
  2075     0543  0008               	return
  2076     0544                     __end_of_SYSTEM_Initialize:
  2077                           
  2078                           	psect	text2
  2079     0611                     __ptext2:	
  2080 ;; *************** function _WDT_Initialize *****************
  2081 ;; Defined at:
  2082 ;;		line 71 in file "mcc_generated_files/mcc.c"
  2083 ;; Parameters:    Size  Location     Type
  2084 ;;		None
  2085 ;; Auto vars:     Size  Location     Type
  2086 ;;		None
  2087 ;; Return value:  Size  Location     Type
  2088 ;;                  1    wreg      void 
  2089 ;; Registers used:
  2090 ;;		status,2
  2091 ;; Tracked objects:
  2092 ;;		On entry : 0/0
  2093 ;;		On exit  : 0/0
  2094 ;;		Unchanged: 0/0
  2095 ;; Data sizes:     COMMON   BANK0   BANK1   BANK2
  2096 ;;      Params:         0       0       0       0
  2097 ;;      Locals:         0       0       0       0
  2098 ;;      Temps:          0       0       0       0
  2099 ;;      Totals:         0       0       0       0
  2100 ;;Total ram usage:        0 bytes
  2101 ;; Hardware stack levels used: 1
  2102 ;; Hardware stack levels required when called: 4
  2103 ;; This function calls:
  2104 ;;		Nothing
  2105 ;; This function is called by:
  2106 ;;		_SYSTEM_Initialize
  2107 ;; This function uses a non-reentrant model
  2108 ;;
  2109                           
  2110     0611                     _WDT_Initialize:	
  2111                           ;psect for function _WDT_Initialize
  2112                           
  2113     0611                     l1472:	
  2114                           ;incstack = 0
  2115                           ; Regs used in _WDT_Initialize: [status,2]
  2116                           
  2117                           
  2118                           ;mcc_generated_files/mcc.c: 74:     WDTCON = 0x00;
  2119     0611  0150               	movlb	16	; select bank16
  2120     0612  018C               	clrf	12	;volatile
  2121     0613                     l476:
  2122     0613  0008               	return
  2123     0614                     __end_of_WDT_Initialize:
  2124                           
  2125                           	psect	text3
  2126     051D                     __ptext3:	
  2127 ;; *************** function _TMR0_Initialize *****************
  2128 ;; Defined at:
  2129 ;;		line 61 in file "mcc_generated_files/tmr0.c"
  2130 ;; Parameters:    Size  Location     Type
  2131 ;;		None
  2132 ;; Auto vars:     Size  Location     Type
  2133 ;;		None
  2134 ;; Return value:  Size  Location     Type
  2135 ;;                  1    wreg      void 
  2136 ;; Registers used:
  2137 ;;		wreg, status,2, status,0, pclath, cstack
  2138 ;; Tracked objects:
  2139 ;;		On entry : 0/0
  2140 ;;		On exit  : 0/0
  2141 ;;		Unchanged: 0/0
  2142 ;; Data sizes:     COMMON   BANK0   BANK1   BANK2
  2143 ;;      Params:         0       0       0       0
  2144 ;;      Locals:         0       0       0       0
  2145 ;;      Temps:          0       0       0       0
  2146 ;;      Totals:         0       0       0       0
  2147 ;;Total ram usage:        0 bytes
  2148 ;; Hardware stack levels used: 1
  2149 ;; Hardware stack levels required when called: 5
  2150 ;; This function calls:
  2151 ;;		_TMR0_SetInterruptHandler
  2152 ;; This function is called by:
  2153 ;;		_SYSTEM_Initialize
  2154 ;; This function uses a non-reentrant model
  2155 ;;
  2156                           
  2157     051D                     _TMR0_Initialize:	
  2158                           ;psect for function _TMR0_Initialize
  2159                           
  2160     051D                     l2054:	
  2161                           ;incstack = 0
  2162                           ; Regs used in _TMR0_Initialize: [wreg+status,2+status,0+pclath+cstack]
  2163                           
  2164                           
  2165                           ;mcc_generated_files/tmr0.c: 66:     T0CON1 = 0x45;
  2166     051D  3045               	movlw	69
  2167     051E  014B               	movlb	11	; select bank11
  2168     051F  009F               	movwf	31	;volatile
  2169                           
  2170                           ;mcc_generated_files/tmr0.c: 69:     TMR0H = 0xF9;
  2171     0520  30F9               	movlw	249
  2172     0521  009D               	movwf	29	;volatile
  2173     0522                     l2056:
  2174                           
  2175                           ;mcc_generated_files/tmr0.c: 72:     TMR0L = 0x00;
  2176     0522  019C               	clrf	28	;volatile
  2177     0523                     l2058:
  2178                           
  2179                           ;mcc_generated_files/tmr0.c: 75:     PIR0bits.TMR0IF = 0;
  2180     0523  014E               	movlb	14	; select bank14
  2181     0524  128C               	bcf	12,5	;volatile
  2182     0525                     l2060:
  2183                           
  2184                           ;mcc_generated_files/tmr0.c: 78:     PIE0bits.TMR0IE = 1;
  2185     0525  1696               	bsf	22,5	;volatile
  2186     0526                     l2062:
  2187                           
  2188                           ;mcc_generated_files/tmr0.c: 81:     TMR0_SetInterruptHandler(TMR0_DefaultInterruptHandl
      +                          er);
  2189     0526  302A               	movlw	low _TMR0_DefaultInterruptHandler
  2190     0527  00F0               	movwf	TMR0_SetInterruptHandler@InterruptHandler
  2191     0528  3006               	movlw	high _TMR0_DefaultInterruptHandler
  2192     0529  00F1               	movwf	TMR0_SetInterruptHandler@InterruptHandler+1
  2193     052A  3185  25C7  3185   	fcall	_TMR0_SetInterruptHandler
  2194     052D                     l2064:
  2195                           
  2196                           ;mcc_generated_files/tmr0.c: 84:     T0CON0 = 0x80;
  2197     052D  3080               	movlw	128
  2198     052E  014B               	movlb	11	; select bank11
  2199     052F  009E               	movwf	30	;volatile
  2200     0530                     l523:
  2201     0530  0008               	return
  2202     0531                     __end_of_TMR0_Initialize:
  2203                           
  2204                           	psect	text4
  2205     0544                     __ptext4:	
  2206 ;; *************** function _PIN_MANAGER_Initialize *****************
  2207 ;; Defined at:
  2208 ;;		line 55 in file "mcc_generated_files/pin_manager.c"
  2209 ;; Parameters:    Size  Location     Type
  2210 ;;		None
  2211 ;; Auto vars:     Size  Location     Type
  2212 ;;		None
  2213 ;; Return value:  Size  Location     Type
  2214 ;;                  1    wreg      void 
  2215 ;; Registers used:
  2216 ;;		status,2
  2217 ;; Tracked objects:
  2218 ;;		On entry : 0/0
  2219 ;;		On exit  : 0/0
  2220 ;;		Unchanged: 0/0
  2221 ;; Data sizes:     COMMON   BANK0   BANK1   BANK2
  2222 ;;      Params:         0       0       0       0
  2223 ;;      Locals:         0       0       0       0
  2224 ;;      Temps:          0       0       0       0
  2225 ;;      Totals:         0       0       0       0
  2226 ;;Total ram usage:        0 bytes
  2227 ;; Hardware stack levels used: 1
  2228 ;; Hardware stack levels required when called: 4
  2229 ;; This function calls:
  2230 ;;		Nothing
  2231 ;; This function is called by:
  2232 ;;		_SYSTEM_Initialize
  2233 ;; This function uses a non-reentrant model
  2234 ;;
  2235                           
  2236     0544                     _PIN_MANAGER_Initialize:	
  2237                           ;psect for function _PIN_MANAGER_Initialize
  2238                           
  2239     0544                     l1456:	
  2240                           ;incstack = 0
  2241                           ; Regs used in _PIN_MANAGER_Initialize: [status,2]
  2242                           
  2243                           
  2244                           ;mcc_generated_files/pin_manager.c: 60:     LATA = 0x00;
  2245     0544  0140               	movlb	0	; select bank0
  2246     0545  0198               	clrf	24	;volatile
  2247     0546                     l1458:
  2248                           
  2249                           ;mcc_generated_files/pin_manager.c: 65:     TRISA = 0x0C;
  2250     0546  300C               	movlw	12
  2251     0547  0092               	movwf	18	;volatile
  2252                           
  2253                           ;mcc_generated_files/pin_manager.c: 70:     ANSELA = 0x00;
  2254     0548  017E               	movlb	62	; select bank62
  2255     0549  01B8               	clrf	56	;volatile
  2256                           
  2257                           ;mcc_generated_files/pin_manager.c: 75:     WPUA = 0x00;
  2258     054A  01B9               	clrf	57	;volatile
  2259                           
  2260                           ;mcc_generated_files/pin_manager.c: 80:     ODCONA = 0x00;
  2261     054B  01BA               	clrf	58	;volatile
  2262     054C                     l1460:
  2263                           
  2264                           ;mcc_generated_files/pin_manager.c: 85:     SLRCONA = 0x37;
  2265     054C  3037               	movlw	55
  2266     054D  00BB               	movwf	59	;volatile
  2267     054E                     l1462:
  2268                           
  2269                           ;mcc_generated_files/pin_manager.c: 90:     INLVLA = 0x3F;
  2270     054E  303F               	movlw	63
  2271     054F  00BC               	movwf	60	;volatile
  2272     0550                     l1464:
  2273                           
  2274                           ;mcc_generated_files/pin_manager.c: 99:     RX1PPS = 0x02;
  2275     0550  3002               	movlw	2
  2276     0551  017D               	movlb	61	; select bank61
  2277     0552  00CB               	movwf	75	;volatile
  2278     0553                     l1466:
  2279                           
  2280                           ;mcc_generated_files/pin_manager.c: 100:     RA0PPS = 0x05;
  2281     0553  3005               	movlw	5
  2282     0554  017E               	movlb	62	; select bank62
  2283     0555  0090               	movwf	16	;volatile
  2284     0556                     l497:
  2285     0556  0008               	return
  2286     0557                     __end_of_PIN_MANAGER_Initialize:
  2287                           
  2288                           	psect	text5
  2289     05C1                     __ptext5:	
  2290 ;; *************** function _OSCILLATOR_Initialize *****************
  2291 ;; Defined at:
  2292 ;;		line 61 in file "mcc_generated_files/mcc.c"
  2293 ;; Parameters:    Size  Location     Type
  2294 ;;		None
  2295 ;; Auto vars:     Size  Location     Type
  2296 ;;		None
  2297 ;; Return value:  Size  Location     Type
  2298 ;;                  1    wreg      void 
  2299 ;; Registers used:
  2300 ;;		status,2
  2301 ;; Tracked objects:
  2302 ;;		On entry : 0/0
  2303 ;;		On exit  : 0/0
  2304 ;;		Unchanged: 0/0
  2305 ;; Data sizes:     COMMON   BANK0   BANK1   BANK2
  2306 ;;      Params:         0       0       0       0
  2307 ;;      Locals:         0       0       0       0
  2308 ;;      Temps:          0       0       0       0
  2309 ;;      Totals:         0       0       0       0
  2310 ;;Total ram usage:        0 bytes
  2311 ;; Hardware stack levels used: 1
  2312 ;; Hardware stack levels required when called: 4
  2313 ;; This function calls:
  2314 ;;		Nothing
  2315 ;; This function is called by:
  2316 ;;		_SYSTEM_Initialize
  2317 ;; This function uses a non-reentrant model
  2318 ;;
  2319                           
  2320     05C1                     _OSCILLATOR_Initialize:	
  2321                           ;psect for function _OSCILLATOR_Initialize
  2322                           
  2323     05C1                     l1468:	
  2324                           ;incstack = 0
  2325                           ; Regs used in _OSCILLATOR_Initialize: [status,2]
  2326                           
  2327                           
  2328                           ;mcc_generated_files/mcc.c: 64:     OSCEN = 0x00;
  2329     05C1  0151               	movlb	17	; select bank17
  2330     05C2  0191               	clrf	17	;volatile
  2331     05C3                     l1470:
  2332                           
  2333                           ;mcc_generated_files/mcc.c: 66:     OSCFRQ = 0x05;
  2334     05C3  3005               	movlw	5
  2335     05C4  0093               	movwf	19	;volatile
  2336                           
  2337                           ;mcc_generated_files/mcc.c: 68:     OSCTUNE = 0x00;
  2338     05C5  0192               	clrf	18	;volatile
  2339     05C6                     l473:
  2340     05C6  0008               	return
  2341     05C7                     __end_of_OSCILLATOR_Initialize:
  2342                           
  2343                           	psect	text6
  2344     0579                     __ptext6:	
  2345 ;; *************** function _LIN_Slave_Initialize *****************
  2346 ;; Defined at:
  2347 ;;		line 89 in file "mcc_generated_files/LINDrivers/lin_app.c"
  2348 ;; Parameters:    Size  Location     Type
  2349 ;;		None
  2350 ;; Auto vars:     Size  Location     Type
  2351 ;;		None
  2352 ;; Return value:  Size  Location     Type
  2353 ;;                  1    wreg      void 
  2354 ;; Registers used:
  2355 ;;		wreg, status,2, status,0, pclath, cstack
  2356 ;; Tracked objects:
  2357 ;;		On entry : 0/0
  2358 ;;		On exit  : 0/0
  2359 ;;		Unchanged: 0/0
  2360 ;; Data sizes:     COMMON   BANK0   BANK1   BANK2
  2361 ;;      Params:         0       0       0       0
  2362 ;;      Locals:         0       0       0       0
  2363 ;;      Temps:          0       0       0       0
  2364 ;;      Totals:         0       0       0       0
  2365 ;;Total ram usage:        0 bytes
  2366 ;; Hardware stack levels used: 1
  2367 ;; Hardware stack levels required when called: 7
  2368 ;; This function calls:
  2369 ;;		_LIN_init
  2370 ;; This function is called by:
  2371 ;;		_SYSTEM_Initialize
  2372 ;; This function uses a non-reentrant model
  2373 ;;
  2374                           
  2375     0579                     _LIN_Slave_Initialize:	
  2376                           ;psect for function _LIN_Slave_Initialize
  2377                           
  2378     0579                     l1900:	
  2379                           ;incstack = 0
  2380                           ; Regs used in _LIN_Slave_Initialize: [wreg+status,2+status,0+pclath+cstack]
  2381                           
  2382                           
  2383                           ;mcc_generated_files/LINDrivers/lin_app.c: 90:   LIN_init((sizeof(scheduleTable)/sizeof(
      +                          lin_rx_cmd_t)), scheduleTable, processLIN);
  2384     0579  30EB               	movlw	low (_scheduleTable| (0+32768))
  2385     057A  00F2               	movwf	LIN_init@command
  2386     057B  3085               	movlw	high (_scheduleTable| (0+32768))
  2387     057C  00F3               	movwf	LIN_init@command+1
  2388     057D  300F               	movlw	low _processLIN
  2389     057E  00F4               	movwf	LIN_init@processData
  2390     057F  3002               	movlw	high _processLIN
  2391     0580  00F5               	movwf	LIN_init@processData+1
  2392     0581  3001               	movlw	1
  2393     0582  3184  24F2  3185   	fcall	_LIN_init
  2394     0585                     l69:
  2395     0585  0008               	return
  2396     0586                     __end_of_LIN_Slave_Initialize:
  2397                           
  2398                           	psect	text7
  2399     04F2                     __ptext7:	
  2400 ;; *************** function _LIN_init *****************
  2401 ;; Defined at:
  2402 ;;		line 57 in file "mcc_generated_files/LINDrivers/lin_slave.c"
  2403 ;; Parameters:    Size  Location     Type
  2404 ;;  tableLength     1    wreg     unsigned char 
  2405 ;;  command         2    2[COMMON] const PTR const struct .
  2406 ;;		 -> scheduleTable(5), 
  2407 ;;  processData     2    4[COMMON] PTR FTN()void 
  2408 ;;		 -> processLIN(1), 
  2409 ;; Auto vars:     Size  Location     Type
  2410 ;;  tableLength     1    6[COMMON] unsigned char 
  2411 ;; Return value:  Size  Location     Type
  2412 ;;                  1    wreg      void 
  2413 ;; Registers used:
  2414 ;;		wreg, status,2, status,0, pclath, cstack
  2415 ;; Tracked objects:
  2416 ;;		On entry : 0/0
  2417 ;;		On exit  : 0/0
  2418 ;;		Unchanged: 0/0
  2419 ;; Data sizes:     COMMON   BANK0   BANK1   BANK2
  2420 ;;      Params:         4       0       0       0
  2421 ;;      Locals:         1       0       0       0
  2422 ;;      Temps:          0       0       0       0
  2423 ;;      Totals:         5       0       0       0
  2424 ;;Total ram usage:        5 bytes
  2425 ;; Hardware stack levels used: 1
  2426 ;; Hardware stack levels required when called: 6
  2427 ;; This function calls:
  2428 ;;		_LIN_enableRx
  2429 ;;		_LIN_setTimerHandler
  2430 ;;		_LIN_stopTimer
  2431 ;; This function is called by:
  2432 ;;		_LIN_Slave_Initialize
  2433 ;; This function uses a non-reentrant model
  2434 ;;
  2435                           
  2436     04F2                     _LIN_init:	
  2437                           ;psect for function _LIN_init
  2438                           
  2439                           
  2440                           ;incstack = 0
  2441                           ; Regs used in _LIN_init: [wreg+status,2+status,0+pclath+cstack]
  2442                           ;LIN_init@tableLength stored from wreg
  2443     04F2  00F6               	movwf	LIN_init@tableLength
  2444     04F3                     l1764:
  2445                           
  2446                           ;mcc_generated_files/LINDrivers/lin_slave.c: 58:     LIN_rxCommand = command;
  2447     04F3  0873               	movf	LIN_init@command+1,w
  2448     04F4  0140               	movlb	0	; select bank0
  2449     04F5  00E1               	movwf	_LIN_rxCommand+1
  2450     04F6  0872               	movf	LIN_init@command,w
  2451     04F7  00E0               	movwf	_LIN_rxCommand
  2452                           
  2453                           ;mcc_generated_files/LINDrivers/lin_slave.c: 59:     LIN_rxCommandLength = tableLength;
  2454     04F8  0876               	movf	LIN_init@tableLength,w
  2455     04F9  00E4               	movwf	_LIN_rxCommandLength
  2456                           
  2457                           ;mcc_generated_files/LINDrivers/lin_slave.c: 60:     LIN_processData = processData;
  2458     04FA  0875               	movf	LIN_init@processData+1,w
  2459     04FB  00E3               	movwf	_LIN_processData+1
  2460     04FC  0874               	movf	LIN_init@processData,w
  2461     04FD  00E2               	movwf	_LIN_processData
  2462     04FE                     l1766:
  2463                           
  2464                           ;mcc_generated_files/LINDrivers/lin_slave.c: 61:     LIN_stopTimer();
  2465     04FE  3185  25F0  3184   	fcall	_LIN_stopTimer
  2466     0501                     l1768:
  2467                           
  2468                           ;mcc_generated_files/LINDrivers/lin_slave.c: 62:     LIN_enableRx();
  2469     0501  3185  25FA  3184   	fcall	_LIN_enableRx
  2470     0504                     l1770:
  2471                           
  2472                           ;mcc_generated_files/LINDrivers/lin_slave.c: 63:     LIN_setTimerHandler();
  2473     0504  3185  25B3  3184   	fcall	_LIN_setTimerHandler
  2474     0507                     l159:
  2475     0507  0008               	return
  2476     0508                     __end_of_LIN_init:
  2477                           
  2478                           	psect	text8
  2479     05B3                     __ptext8:	
  2480 ;; *************** function _LIN_setTimerHandler *****************
  2481 ;; Defined at:
  2482 ;;		line 300 in file "mcc_generated_files/LINDrivers/lin_slave.c"
  2483 ;; Parameters:    Size  Location     Type
  2484 ;;		None
  2485 ;; Auto vars:     Size  Location     Type
  2486 ;;		None
  2487 ;; Return value:  Size  Location     Type
  2488 ;;                  1    wreg      void 
  2489 ;; Registers used:
  2490 ;;		wreg, status,2, status,0, pclath, cstack
  2491 ;; Tracked objects:
  2492 ;;		On entry : 0/0
  2493 ;;		On exit  : 0/0
  2494 ;;		Unchanged: 0/0
  2495 ;; Data sizes:     COMMON   BANK0   BANK1   BANK2
  2496 ;;      Params:         0       0       0       0
  2497 ;;      Locals:         0       0       0       0
  2498 ;;      Temps:          0       0       0       0
  2499 ;;      Totals:         0       0       0       0
  2500 ;;Total ram usage:        0 bytes
  2501 ;; Hardware stack levels used: 1
  2502 ;; Hardware stack levels required when called: 5
  2503 ;; This function calls:
  2504 ;;		_TMR0_SetInterruptHandler
  2505 ;; This function is called by:
  2506 ;;		_LIN_init
  2507 ;; This function uses a non-reentrant model
  2508 ;;
  2509                           
  2510     05B3                     _LIN_setTimerHandler:	
  2511                           ;psect for function _LIN_setTimerHandler
  2512                           
  2513     05B3                     l1708:	
  2514                           ;incstack = 0
  2515                           ; Regs used in _LIN_setTimerHandler: [wreg+status,2+status,0+pclath+cstack]
  2516                           
  2517                           
  2518                           ;mcc_generated_files/LINDrivers/lin_slave.c: 301:     TMR0_SetInterruptHandler(LIN_timer
      +                          Handler);
  2519     05B3  3093               	movlw	low _LIN_timerHandler
  2520     05B4  00F0               	movwf	TMR0_SetInterruptHandler@InterruptHandler
  2521     05B5  3005               	movlw	high _LIN_timerHandler
  2522     05B6  00F1               	movwf	TMR0_SetInterruptHandler@InterruptHandler+1
  2523     05B7  3185  25C7  3185   	fcall	_TMR0_SetInterruptHandler
  2524     05BA                     l253:
  2525     05BA  0008               	return
  2526     05BB                     __end_of_LIN_setTimerHandler:
  2527                           
  2528                           	psect	text9
  2529     05C7                     __ptext9:	
  2530 ;; *************** function _TMR0_SetInterruptHandler *****************
  2531 ;; Defined at:
  2532 ;;		line 134 in file "mcc_generated_files/tmr0.c"
  2533 ;; Parameters:    Size  Location     Type
  2534 ;;  InterruptHan    2    0[COMMON] PTR FTN()void 
  2535 ;;		 -> TMR0_DefaultInterruptHandler(1), LIN_timerHandler(1), 
  2536 ;; Auto vars:     Size  Location     Type
  2537 ;;		None
  2538 ;; Return value:  Size  Location     Type
  2539 ;;                  1    wreg      void 
  2540 ;; Registers used:
  2541 ;;		wreg
  2542 ;; Tracked objects:
  2543 ;;		On entry : 0/0
  2544 ;;		On exit  : 0/0
  2545 ;;		Unchanged: 0/0
  2546 ;; Data sizes:     COMMON   BANK0   BANK1   BANK2
  2547 ;;      Params:         2       0       0       0
  2548 ;;      Locals:         0       0       0       0
  2549 ;;      Temps:          0       0       0       0
  2550 ;;      Totals:         2       0       0       0
  2551 ;;Total ram usage:        2 bytes
  2552 ;; Hardware stack levels used: 1
  2553 ;; Hardware stack levels required when called: 4
  2554 ;; This function calls:
  2555 ;;		Nothing
  2556 ;; This function is called by:
  2557 ;;		_LIN_setTimerHandler
  2558 ;;		_TMR0_Initialize
  2559 ;; This function uses a non-reentrant model
  2560 ;;
  2561                           
  2562     05C7                     _TMR0_SetInterruptHandler:	
  2563                           ;psect for function _TMR0_SetInterruptHandler
  2564                           
  2565     05C7                     l1700:	
  2566                           ;incstack = 0
  2567                           ; Regs used in _TMR0_SetInterruptHandler: [wreg]
  2568                           
  2569                           
  2570                           ;mcc_generated_files/tmr0.c: 135:     TMR0_InterruptHandler = InterruptHandler;
  2571     05C7  0871               	movf	TMR0_SetInterruptHandler@InterruptHandler+1,w
  2572     05C8  0140               	movlb	0	; select bank0
  2573     05C9  00D5               	movwf	_TMR0_InterruptHandler+1
  2574     05CA  0870               	movf	TMR0_SetInterruptHandler@InterruptHandler,w
  2575     05CB  00D4               	movwf	_TMR0_InterruptHandler
  2576     05CC                     l545:
  2577     05CC  0008               	return
  2578     05CD                     __end_of_TMR0_SetInterruptHandler:
  2579                           
  2580                           	psect	text10
  2581     034A                     __ptext10:	
  2582 ;; *************** function _EUSART1_Initialize *****************
  2583 ;; Defined at:
  2584 ;;		line 88 in file "mcc_generated_files/eusart1.c"
  2585 ;; Parameters:    Size  Location     Type
  2586 ;;		None
  2587 ;; Auto vars:     Size  Location     Type
  2588 ;;		None
  2589 ;; Return value:  Size  Location     Type
  2590 ;;                  1    wreg      void 
  2591 ;; Registers used:
  2592 ;;		wreg, status,2, status,0, pclath, cstack
  2593 ;; Tracked objects:
  2594 ;;		On entry : 0/0
  2595 ;;		On exit  : 0/0
  2596 ;;		Unchanged: 0/0
  2597 ;; Data sizes:     COMMON   BANK0   BANK1   BANK2
  2598 ;;      Params:         0       0       0       0
  2599 ;;      Locals:         0       0       0       0
  2600 ;;      Temps:          0       0       0       0
  2601 ;;      Totals:         0       0       0       0
  2602 ;;Total ram usage:        0 bytes
  2603 ;; Hardware stack levels used: 1
  2604 ;; Hardware stack levels required when called: 5
  2605 ;; This function calls:
  2606 ;;		_EUSART1_SetErrorHandler
  2607 ;;		_EUSART1_SetFramingErrorHandler
  2608 ;;		_EUSART1_SetOverrunErrorHandler
  2609 ;;		_EUSART1_SetRxInterruptHandler
  2610 ;;		_EUSART1_SetTxInterruptHandler
  2611 ;; This function is called by:
  2612 ;;		_SYSTEM_Initialize
  2613 ;; This function uses a non-reentrant model
  2614 ;;
  2615                           
  2616     034A                     _EUSART1_Initialize:	
  2617                           ;psect for function _EUSART1_Initialize
  2618                           
  2619     034A                     l2018:	
  2620                           ;incstack = 0
  2621                           ; Regs used in _EUSART1_Initialize: [wreg+status,2+status,0+pclath+cstack]
  2622                           
  2623                           
  2624                           ;mcc_generated_files/eusart1.c: 91:     PIE1bits.RC1IE = 0;
  2625     034A  014E               	movlb	14	; select bank14
  2626     034B  1217               	bcf	23,4	;volatile
  2627     034C                     l2020:
  2628                           
  2629                           ;mcc_generated_files/eusart1.c: 92:     EUSART1_SetRxInterruptHandler(EUSART1_Receive_IS
      +                          R);
  2630     034C  3088               	movlw	low _EUSART1_Receive_ISR
  2631     034D  00F0               	movwf	EUSART1_SetRxInterruptHandler@interruptHandler
  2632     034E  3003               	movlw	high _EUSART1_Receive_ISR
  2633     034F  00F1               	movwf	EUSART1_SetRxInterruptHandler@interruptHandler+1
  2634     0350  3185  25D3  3183   	fcall	_EUSART1_SetRxInterruptHandler
  2635     0353                     l2022:
  2636                           
  2637                           ;mcc_generated_files/eusart1.c: 93:     PIE1bits.TX1IE = 0;
  2638     0353  014E               	movlb	14	; select bank14
  2639     0354  1197               	bcf	23,3	;volatile
  2640                           
  2641                           ;mcc_generated_files/eusart1.c: 94:     EUSART1_SetTxInterruptHandler(EUSART1_Transmit_I
      +                          SR);
  2642     0355  30A3               	movlw	low _EUSART1_Transmit_ISR
  2643     0356  00F0               	movwf	EUSART1_SetTxInterruptHandler@interruptHandler
  2644     0357  3004               	movlw	high _EUSART1_Transmit_ISR
  2645     0358  00F1               	movwf	EUSART1_SetTxInterruptHandler@interruptHandler+1
  2646     0359  3185  25CD  3183   	fcall	_EUSART1_SetTxInterruptHandler
  2647     035C                     l2024:
  2648                           
  2649                           ;mcc_generated_files/eusart1.c: 98:     BAUD1CON = 0x09;
  2650     035C  3009               	movlw	9
  2651     035D  0142               	movlb	2	; select bank2
  2652     035E  009F               	movwf	31	;volatile
  2653     035F                     l2026:
  2654                           
  2655                           ;mcc_generated_files/eusart1.c: 101:     RC1STA = 0x90;
  2656     035F  3090               	movlw	144
  2657     0360  009D               	movwf	29	;volatile
  2658     0361                     l2028:
  2659                           
  2660                           ;mcc_generated_files/eusart1.c: 104:     TX1STA = 0x24;
  2661     0361  3024               	movlw	36
  2662     0362  009E               	movwf	30	;volatile
  2663     0363                     l2030:
  2664                           
  2665                           ;mcc_generated_files/eusart1.c: 107:     SP1BRGL = 0xFF;
  2666     0363  30FF               	movlw	255
  2667     0364  009B               	movwf	27	;volatile
  2668     0365                     l2032:
  2669                           
  2670                           ;mcc_generated_files/eusart1.c: 110:     SP1BRGH = 0x02;
  2671     0365  3002               	movlw	2
  2672     0366  009C               	movwf	28	;volatile
  2673                           
  2674                           ;mcc_generated_files/eusart1.c: 113:     EUSART1_SetFramingErrorHandler(EUSART1_DefaultF
      +                          ramingErrorHandler);
  2675     0367  302B               	movlw	low _EUSART1_DefaultFramingErrorHandler
  2676     0368  00F0               	movwf	EUSART1_SetFramingErrorHandler@interruptHandler
  2677     0369  3006               	movlw	high _EUSART1_DefaultFramingErrorHandler
  2678     036A  00F1               	movwf	EUSART1_SetFramingErrorHandler@interruptHandler+1
  2679     036B  3185  25DF  3183   	fcall	_EUSART1_SetFramingErrorHandler
  2680                           
  2681                           ;mcc_generated_files/eusart1.c: 114:     EUSART1_SetOverrunErrorHandler(EUSART1_DefaultO
      +                          verrunErrorHandler);
  2682     036E  3009               	movlw	low _EUSART1_DefaultOverrunErrorHandler
  2683     036F  00F0               	movwf	EUSART1_SetOverrunErrorHandler@interruptHandler
  2684     0370  3006               	movlw	high _EUSART1_DefaultOverrunErrorHandler
  2685     0371  00F1               	movwf	EUSART1_SetOverrunErrorHandler@interruptHandler+1
  2686     0372  3185  25D9  3183   	fcall	_EUSART1_SetOverrunErrorHandler
  2687                           
  2688                           ;mcc_generated_files/eusart1.c: 115:     EUSART1_SetErrorHandler(EUSART1_DefaultErrorHan
      +                          dler);
  2689     0375  300D               	movlw	low _EUSART1_DefaultErrorHandler
  2690     0376  00F0               	movwf	EUSART1_SetErrorHandler@interruptHandler
  2691     0377  3006               	movlw	high _EUSART1_DefaultErrorHandler
  2692     0378  00F1               	movwf	EUSART1_SetErrorHandler@interruptHandler+1
  2693     0379  3185  25E5  3183   	fcall	_EUSART1_SetErrorHandler
  2694     037C                     l2034:
  2695                           
  2696                           ;mcc_generated_files/eusart1.c: 117:     eusart1RxLastError.status = 0;
  2697     037C  0140               	movlb	0	; select bank0
  2698     037D  01B8               	clrf	_eusart1RxLastError	;volatile
  2699     037E                     l2036:
  2700                           
  2701                           ;mcc_generated_files/eusart1.c: 120:     eusart1TxHead = 0;
  2702     037E  01BE               	clrf	_eusart1TxHead	;volatile
  2703     037F                     l2038:
  2704                           
  2705                           ;mcc_generated_files/eusart1.c: 121:     eusart1TxTail = 0;
  2706     037F  01BD               	clrf	_eusart1TxTail	;volatile
  2707     0380                     l2040:
  2708                           
  2709                           ;mcc_generated_files/eusart1.c: 122:     eusart1TxBufferRemaining = sizeof(eusart1TxBuff
      +                          er);
  2710     0380  3008               	movlw	8
  2711     0381  00BC               	movwf	_eusart1TxBufferRemaining	;volatile
  2712     0382                     l2042:
  2713                           
  2714                           ;mcc_generated_files/eusart1.c: 124:     eusart1RxHead = 0;
  2715     0382  01BB               	clrf	_eusart1RxHead	;volatile
  2716     0383                     l2044:
  2717                           
  2718                           ;mcc_generated_files/eusart1.c: 125:     eusart1RxTail = 0;
  2719     0383  01BA               	clrf	_eusart1RxTail	;volatile
  2720     0384                     l2046:
  2721                           
  2722                           ;mcc_generated_files/eusart1.c: 126:     eusart1RxCount = 0;
  2723     0384  01B9               	clrf	_eusart1RxCount	;volatile
  2724     0385                     l2048:
  2725                           
  2726                           ;mcc_generated_files/eusart1.c: 129:     PIE1bits.RC1IE = 1;
  2727     0385  014E               	movlb	14	; select bank14
  2728     0386  1617               	bsf	23,4	;volatile
  2729     0387                     l341:
  2730     0387  0008               	return
  2731     0388                     __end_of_EUSART1_Initialize:
  2732                           
  2733                           	psect	text11
  2734     05CD                     __ptext11:	
  2735 ;; *************** function _EUSART1_SetTxInterruptHandler *****************
  2736 ;; Defined at:
  2737 ;;		line 276 in file "mcc_generated_files/eusart1.c"
  2738 ;; Parameters:    Size  Location     Type
  2739 ;;  interruptHan    2    0[COMMON] PTR FTN()void 
  2740 ;;		 -> EUSART1_Transmit_ISR(1), 
  2741 ;; Auto vars:     Size  Location     Type
  2742 ;;		None
  2743 ;; Return value:  Size  Location     Type
  2744 ;;                  1    wreg      void 
  2745 ;; Registers used:
  2746 ;;		wreg
  2747 ;; Tracked objects:
  2748 ;;		On entry : 0/0
  2749 ;;		On exit  : 0/0
  2750 ;;		Unchanged: 0/0
  2751 ;; Data sizes:     COMMON   BANK0   BANK1   BANK2
  2752 ;;      Params:         2       0       0       0
  2753 ;;      Locals:         0       0       0       0
  2754 ;;      Temps:          0       0       0       0
  2755 ;;      Totals:         2       0       0       0
  2756 ;;Total ram usage:        2 bytes
  2757 ;; Hardware stack levels used: 1
  2758 ;; Hardware stack levels required when called: 4
  2759 ;; This function calls:
  2760 ;;		Nothing
  2761 ;; This function is called by:
  2762 ;;		_EUSART1_Initialize
  2763 ;; This function uses a non-reentrant model
  2764 ;;
  2765                           
  2766     05CD                     _EUSART1_SetTxInterruptHandler:	
  2767                           ;psect for function _EUSART1_SetTxInterruptHandler
  2768                           
  2769     05CD                     l1878:	
  2770                           ;incstack = 0
  2771                           ; Regs used in _EUSART1_SetTxInterruptHandler: [wreg]
  2772                           
  2773                           
  2774                           ;mcc_generated_files/eusart1.c: 277:     EUSART1_TxDefaultInterruptHandler = interruptHa
      +                          ndler;
  2775     05CD  0871               	movf	EUSART1_SetTxInterruptHandler@interruptHandler+1,w
  2776     05CE  0140               	movlb	0	; select bank0
  2777     05CF  00DF               	movwf	_EUSART1_TxDefaultInterruptHandler+1
  2778     05D0  0870               	movf	EUSART1_SetTxInterruptHandler@interruptHandler,w
  2779     05D1  00DE               	movwf	_EUSART1_TxDefaultInterruptHandler
  2780     05D2                     l407:
  2781     05D2  0008               	return
  2782     05D3                     __end_of_EUSART1_SetTxInterruptHandler:
  2783                           
  2784                           	psect	text12
  2785     05D3                     __ptext12:	
  2786 ;; *************** function _EUSART1_SetRxInterruptHandler *****************
  2787 ;; Defined at:
  2788 ;;		line 280 in file "mcc_generated_files/eusart1.c"
  2789 ;; Parameters:    Size  Location     Type
  2790 ;;  interruptHan    2    0[COMMON] PTR FTN()void 
  2791 ;;		 -> EUSART1_Receive_ISR(1), 
  2792 ;; Auto vars:     Size  Location     Type
  2793 ;;		None
  2794 ;; Return value:  Size  Location     Type
  2795 ;;                  1    wreg      void 
  2796 ;; Registers used:
  2797 ;;		wreg
  2798 ;; Tracked objects:
  2799 ;;		On entry : 0/0
  2800 ;;		On exit  : 0/0
  2801 ;;		Unchanged: 0/0
  2802 ;; Data sizes:     COMMON   BANK0   BANK1   BANK2
  2803 ;;      Params:         2       0       0       0
  2804 ;;      Locals:         0       0       0       0
  2805 ;;      Temps:          0       0       0       0
  2806 ;;      Totals:         2       0       0       0
  2807 ;;Total ram usage:        2 bytes
  2808 ;; Hardware stack levels used: 1
  2809 ;; Hardware stack levels required when called: 4
  2810 ;; This function calls:
  2811 ;;		Nothing
  2812 ;; This function is called by:
  2813 ;;		_EUSART1_Initialize
  2814 ;; This function uses a non-reentrant model
  2815 ;;
  2816                           
  2817     05D3                     _EUSART1_SetRxInterruptHandler:	
  2818                           ;psect for function _EUSART1_SetRxInterruptHandler
  2819                           
  2820     05D3                     l1876:	
  2821                           ;incstack = 0
  2822                           ; Regs used in _EUSART1_SetRxInterruptHandler: [wreg]
  2823                           
  2824                           
  2825                           ;mcc_generated_files/eusart1.c: 281:     EUSART1_RxDefaultInterruptHandler = interruptHa
      +                          ndler;
  2826     05D3  0871               	movf	EUSART1_SetRxInterruptHandler@interruptHandler+1,w
  2827     05D4  0140               	movlb	0	; select bank0
  2828     05D5  00DD               	movwf	_EUSART1_RxDefaultInterruptHandler+1
  2829     05D6  0870               	movf	EUSART1_SetRxInterruptHandler@interruptHandler,w
  2830     05D7  00DC               	movwf	_EUSART1_RxDefaultInterruptHandler
  2831     05D8                     l410:
  2832     05D8  0008               	return
  2833     05D9                     __end_of_EUSART1_SetRxInterruptHandler:
  2834                           
  2835                           	psect	text13
  2836     05D9                     __ptext13:	
  2837 ;; *************** function _EUSART1_SetOverrunErrorHandler *****************
  2838 ;; Defined at:
  2839 ;;		line 268 in file "mcc_generated_files/eusart1.c"
  2840 ;; Parameters:    Size  Location     Type
  2841 ;;  interruptHan    2    0[COMMON] PTR FTN()void 
  2842 ;;		 -> EUSART1_DefaultOverrunErrorHandler(1), 
  2843 ;; Auto vars:     Size  Location     Type
  2844 ;;		None
  2845 ;; Return value:  Size  Location     Type
  2846 ;;                  1    wreg      void 
  2847 ;; Registers used:
  2848 ;;		wreg
  2849 ;; Tracked objects:
  2850 ;;		On entry : 0/0
  2851 ;;		On exit  : 0/0
  2852 ;;		Unchanged: 0/0
  2853 ;; Data sizes:     COMMON   BANK0   BANK1   BANK2
  2854 ;;      Params:         2       0       0       0
  2855 ;;      Locals:         0       0       0       0
  2856 ;;      Temps:          0       0       0       0
  2857 ;;      Totals:         2       0       0       0
  2858 ;;Total ram usage:        2 bytes
  2859 ;; Hardware stack levels used: 1
  2860 ;; Hardware stack levels required when called: 4
  2861 ;; This function calls:
  2862 ;;		Nothing
  2863 ;; This function is called by:
  2864 ;;		_EUSART1_Initialize
  2865 ;; This function uses a non-reentrant model
  2866 ;;
  2867                           
  2868     05D9                     _EUSART1_SetOverrunErrorHandler:	
  2869                           ;psect for function _EUSART1_SetOverrunErrorHandler
  2870                           
  2871     05D9                     l1882:	
  2872                           ;incstack = 0
  2873                           ; Regs used in _EUSART1_SetOverrunErrorHandler: [wreg]
  2874                           
  2875                           
  2876                           ;mcc_generated_files/eusart1.c: 269:     EUSART1_OverrunErrorHandler = interruptHandler;
  2877     05D9  0871               	movf	EUSART1_SetOverrunErrorHandler@interruptHandler+1,w
  2878     05DA  0140               	movlb	0	; select bank0
  2879     05DB  00D9               	movwf	_EUSART1_OverrunErrorHandler+1
  2880     05DC  0870               	movf	EUSART1_SetOverrunErrorHandler@interruptHandler,w
  2881     05DD  00D8               	movwf	_EUSART1_OverrunErrorHandler
  2882     05DE                     l401:
  2883     05DE  0008               	return
  2884     05DF                     __end_of_EUSART1_SetOverrunErrorHandler:
  2885                           
  2886                           	psect	text14
  2887     05DF                     __ptext14:	
  2888 ;; *************** function _EUSART1_SetFramingErrorHandler *****************
  2889 ;; Defined at:
  2890 ;;		line 264 in file "mcc_generated_files/eusart1.c"
  2891 ;; Parameters:    Size  Location     Type
  2892 ;;  interruptHan    2    0[COMMON] PTR FTN()void 
  2893 ;;		 -> EUSART1_DefaultFramingErrorHandler(1), 
  2894 ;; Auto vars:     Size  Location     Type
  2895 ;;		None
  2896 ;; Return value:  Size  Location     Type
  2897 ;;                  1    wreg      void 
  2898 ;; Registers used:
  2899 ;;		wreg
  2900 ;; Tracked objects:
  2901 ;;		On entry : 0/0
  2902 ;;		On exit  : 0/0
  2903 ;;		Unchanged: 0/0
  2904 ;; Data sizes:     COMMON   BANK0   BANK1   BANK2
  2905 ;;      Params:         2       0       0       0
  2906 ;;      Locals:         0       0       0       0
  2907 ;;      Temps:          0       0       0       0
  2908 ;;      Totals:         2       0       0       0
  2909 ;;Total ram usage:        2 bytes
  2910 ;; Hardware stack levels used: 1
  2911 ;; Hardware stack levels required when called: 4
  2912 ;; This function calls:
  2913 ;;		Nothing
  2914 ;; This function is called by:
  2915 ;;		_EUSART1_Initialize
  2916 ;; This function uses a non-reentrant model
  2917 ;;
  2918                           
  2919     05DF                     _EUSART1_SetFramingErrorHandler:	
  2920                           ;psect for function _EUSART1_SetFramingErrorHandler
  2921                           
  2922     05DF                     l1880:	
  2923                           ;incstack = 0
  2924                           ; Regs used in _EUSART1_SetFramingErrorHandler: [wreg]
  2925                           
  2926                           
  2927                           ;mcc_generated_files/eusart1.c: 265:     EUSART1_FramingErrorHandler = interruptHandler;
  2928     05DF  0871               	movf	EUSART1_SetFramingErrorHandler@interruptHandler+1,w
  2929     05E0  0140               	movlb	0	; select bank0
  2930     05E1  00DB               	movwf	_EUSART1_FramingErrorHandler+1
  2931     05E2  0870               	movf	EUSART1_SetFramingErrorHandler@interruptHandler,w
  2932     05E3  00DA               	movwf	_EUSART1_FramingErrorHandler
  2933     05E4                     l398:
  2934     05E4  0008               	return
  2935     05E5                     __end_of_EUSART1_SetFramingErrorHandler:
  2936                           
  2937                           	psect	text15
  2938     05E5                     __ptext15:	
  2939 ;; *************** function _EUSART1_SetErrorHandler *****************
  2940 ;; Defined at:
  2941 ;;		line 272 in file "mcc_generated_files/eusart1.c"
  2942 ;; Parameters:    Size  Location     Type
  2943 ;;  interruptHan    2    0[COMMON] PTR FTN()void 
  2944 ;;		 -> EUSART1_DefaultErrorHandler(1), 
  2945 ;; Auto vars:     Size  Location     Type
  2946 ;;		None
  2947 ;; Return value:  Size  Location     Type
  2948 ;;                  1    wreg      void 
  2949 ;; Registers used:
  2950 ;;		wreg
  2951 ;; Tracked objects:
  2952 ;;		On entry : 0/0
  2953 ;;		On exit  : 0/0
  2954 ;;		Unchanged: 0/0
  2955 ;; Data sizes:     COMMON   BANK0   BANK1   BANK2
  2956 ;;      Params:         2       0       0       0
  2957 ;;      Locals:         0       0       0       0
  2958 ;;      Temps:          0       0       0       0
  2959 ;;      Totals:         2       0       0       0
  2960 ;;Total ram usage:        2 bytes
  2961 ;; Hardware stack levels used: 1
  2962 ;; Hardware stack levels required when called: 4
  2963 ;; This function calls:
  2964 ;;		Nothing
  2965 ;; This function is called by:
  2966 ;;		_EUSART1_Initialize
  2967 ;; This function uses a non-reentrant model
  2968 ;;
  2969                           
  2970     05E5                     _EUSART1_SetErrorHandler:	
  2971                           ;psect for function _EUSART1_SetErrorHandler
  2972                           
  2973     05E5                     l1884:	
  2974                           ;incstack = 0
  2975                           ; Regs used in _EUSART1_SetErrorHandler: [wreg]
  2976                           
  2977                           
  2978                           ;mcc_generated_files/eusart1.c: 273:     EUSART1_ErrorHandler = interruptHandler;
  2979     05E5  0871               	movf	EUSART1_SetErrorHandler@interruptHandler+1,w
  2980     05E6  0140               	movlb	0	; select bank0
  2981     05E7  00D7               	movwf	_EUSART1_ErrorHandler+1
  2982     05E8  0870               	movf	EUSART1_SetErrorHandler@interruptHandler,w
  2983     05E9  00D6               	movwf	_EUSART1_ErrorHandler
  2984     05EA                     l404:
  2985     05EA  0008               	return
  2986     05EB                     __end_of_EUSART1_SetErrorHandler:
  2987                           
  2988                           	psect	text16
  2989     004F                     __ptext16:	
  2990 ;; *************** function _LIN_handler *****************
  2991 ;; Defined at:
  2992 ;;		line 91 in file "mcc_generated_files/LINDrivers/lin_slave.c"
  2993 ;; Parameters:    Size  Location     Type
  2994 ;;		None
  2995 ;; Auto vars:     Size  Location     Type
  2996 ;;		None
  2997 ;; Return value:  Size  Location     Type
  2998 ;;                  1    wreg      enum E204
  2999 ;; Registers used:
  3000 ;;		wreg, fsr0l, fsr0h, fsr1l, fsr1h, status,2, status,0, pclath, cstack
  3001 ;; Tracked objects:
  3002 ;;		On entry : 0/0
  3003 ;;		On exit  : 0/0
  3004 ;;		Unchanged: 0/0
  3005 ;; Data sizes:     COMMON   BANK0   BANK1   BANK2
  3006 ;;      Params:         0       0       0       0
  3007 ;;      Locals:         0       0       0       0
  3008 ;;      Temps:          0       0       5       0
  3009 ;;      Totals:         0       0       5       0
  3010 ;;Total ram usage:        5 bytes
  3011 ;; Hardware stack levels used: 1
  3012 ;; Hardware stack levels required when called: 7
  3013 ;; This function calls:
  3014 ;;		NULL
  3015 ;;		_EUSART1_Read
  3016 ;;		_EUSART1_is_rx_ready
  3017 ;;		_LIN_breakCheck
  3018 ;;		_LIN_checkPID
  3019 ;;		_LIN_disableRx
  3020 ;;		_LIN_enableRx
  3021 ;;		_LIN_getChecksum
  3022 ;;		_LIN_getFromTable
  3023 ;;		_LIN_queuePacket
  3024 ;;		_LIN_startTimer
  3025 ;;		_LIN_stopTimer
  3026 ;;		_memset
  3027 ;;		_processLIN
  3028 ;; This function is called by:
  3029 ;;		_main
  3030 ;; This function uses a non-reentrant model
  3031 ;;
  3032                           
  3033     004F                     _LIN_handler:	
  3034                           ;psect for function _LIN_handler
  3035                           
  3036     004F                     l2308:	
  3037                           ;incstack = 0
  3038                           ; Regs used in _LIN_handler: [wreg-fsr1h+status,2+status,0+pclath+cstack]
  3039                           
  3040                           
  3041                           ;mcc_generated_files/LINDrivers/lin_slave.c: 92:     static lin_rx_state_t LIN_rxState =
      +                           LIN_RX_IDLE;;mcc_generated_files/LINDrivers/lin_slave.c: 93:     static uint8_t rxDataI
      +                          ndex = 0;;mcc_generated_files/LINDrivers/lin_slave.c: 95:     if(LIN_rxInProgress == 1){
  3042     004F  0140               	movlb	0	; select bank0
  3043     0050  0343               	decf	_LIN_rxInProgress,w
  3044     0051  1D03               	btfss	3,2
  3045     0052  2854               	goto	u1811
  3046     0053  2855               	goto	u1810
  3047     0054                     u1811:
  3048     0054  295F               	goto	l2390
  3049     0055                     u1810:
  3050     0055                     l2310:
  3051                           
  3052                           ;mcc_generated_files/LINDrivers/lin_slave.c: 96:         if(LIN_timerRunning == 0){
  3053     0055  0842               	movf	_LIN_timerRunning,w
  3054     0056  1D03               	btfss	3,2
  3055     0057  2859               	goto	u1821
  3056     0058  285A               	goto	u1820
  3057     0059                     u1821:
  3058     0059  295F               	goto	l2390
  3059     005A                     u1820:
  3060     005A                     l2312:
  3061                           
  3062                           ;mcc_generated_files/LINDrivers/lin_slave.c: 98:             LIN_rxState = LIN_RX_ERROR;
  3063     005A  3008               	movlw	8
  3064     005B  00C0               	movwf	LIN_handler@LIN_rxState
  3065     005C  295F               	goto	l2390
  3066     005D                     l2314:
  3067                           
  3068                           ;mcc_generated_files/LINDrivers/lin_slave.c: 104:             if(EUSART1_is_rx_ready() >
      +                           0){
  3069     005D  3185  25AA  3180   	fcall	_EUSART1_is_rx_ready
  3070     0060  3A00               	xorlw	0
  3071     0061  1903               	skipnz
  3072     0062  2864               	goto	u1831
  3073     0063  2865               	goto	u1830
  3074     0064                     u1831:
  3075     0064  2988               	goto	l205
  3076     0065                     u1830:
  3077     0065                     l2316:
  3078                           
  3079                           ;mcc_generated_files/LINDrivers/lin_slave.c: 106:                 LIN_startTimer(20);
  3080     0065  3014               	movlw	20
  3081     0066  3185  2586  3180   	fcall	_LIN_startTimer
  3082     0069                     l2318:
  3083                           
  3084                           ;mcc_generated_files/LINDrivers/lin_slave.c: 107:                 LIN_rxInProgress = 1;
  3085     0069  3001               	movlw	1
  3086     006A  0140               	movlb	0	; select bank0
  3087     006B  00C3               	movwf	_LIN_rxInProgress
  3088     006C                     l2320:
  3089                           
  3090                           ;mcc_generated_files/LINDrivers/lin_slave.c: 108:                 LIN_rxState = LIN_RX_B
      +                          REAK;
  3091     006C  3001               	movlw	1
  3092     006D  00C0               	movwf	LIN_handler@LIN_rxState
  3093     006E  2988               	goto	l205
  3094     006F                     l2322:
  3095                           
  3096                           ;mcc_generated_files/LINDrivers/lin_slave.c: 112:             if(EUSART1_is_rx_ready() >
      +                           0){
  3097     006F  3185  25AA  3180   	fcall	_EUSART1_is_rx_ready
  3098     0072  3A00               	xorlw	0
  3099     0073  1903               	skipnz
  3100     0074  2876               	goto	u1841
  3101     0075  2877               	goto	u1840
  3102     0076                     u1841:
  3103     0076  2988               	goto	l205
  3104     0077                     u1840:
  3105     0077                     l2324:
  3106                           
  3107                           ;mcc_generated_files/LINDrivers/lin_slave.c: 113:                 if(LIN_breakCheck() ==
      +                           1){
  3108     0077  3185  2557  3180   	fcall	_LIN_breakCheck
  3109     007A  3A01               	xorlw	1
  3110     007B  1D03               	skipz
  3111     007C  287E               	goto	u1851
  3112     007D  287F               	goto	u1850
  3113     007E                     u1851:
  3114     007E  2883               	goto	l181
  3115     007F                     u1850:
  3116     007F                     l2326:
  3117                           
  3118                           ;mcc_generated_files/LINDrivers/lin_slave.c: 114:                     LIN_rxState = LIN_
      +                          RX_SYNC;
  3119     007F  3002               	movlw	2
  3120     0080  0140               	movlb	0	; select bank0
  3121     0081  00C0               	movwf	LIN_handler@LIN_rxState
  3122                           
  3123                           ;mcc_generated_files/LINDrivers/lin_slave.c: 115:                 } else {
  3124     0082  2988               	goto	l205
  3125     0083                     l181:
  3126                           
  3127                           ;mcc_generated_files/LINDrivers/lin_slave.c: 116:                     LIN_rxState = LIN_
      +                          RX_ERROR;
  3128     0083  3008               	movlw	8
  3129     0084  0140               	movlb	0	; select bank0
  3130     0085  00C0               	movwf	LIN_handler@LIN_rxState
  3131     0086  2988               	goto	l205
  3132     0087                     l2328:
  3133                           
  3134                           ;mcc_generated_files/LINDrivers/lin_slave.c: 121:             if(EUSART1_is_rx_ready() >
      +                           0){
  3135     0087  3185  25AA  3180   	fcall	_EUSART1_is_rx_ready
  3136     008A  3A00               	xorlw	0
  3137     008B  1903               	skipnz
  3138     008C  288E               	goto	u1861
  3139     008D  288F               	goto	u1860
  3140     008E                     u1861:
  3141     008E  2988               	goto	l205
  3142     008F                     u1860:
  3143     008F                     l2330:
  3144                           
  3145                           ;mcc_generated_files/LINDrivers/lin_slave.c: 122:                 if(EUSART1_Read() == 0
      +                          x55){
  3146     008F  3184  241A  3180   	fcall	_EUSART1_Read
  3147     0092  3A55               	xorlw	85
  3148     0093  1D03               	skipz
  3149     0094  2896               	goto	u1871
  3150     0095  2897               	goto	u1870
  3151     0096                     u1871:
  3152     0096  2883               	goto	l181
  3153     0097                     u1870:
  3154     0097                     l2332:
  3155                           
  3156                           ;mcc_generated_files/LINDrivers/lin_slave.c: 123:                     LIN_rxState = LIN_
      +                          RX_PID;
  3157     0097  3003               	movlw	3
  3158     0098  0140               	movlb	0	; select bank0
  3159     0099  00C0               	movwf	LIN_handler@LIN_rxState
  3160                           
  3161                           ;mcc_generated_files/LINDrivers/lin_slave.c: 124:                 } else {
  3162     009A  2988               	goto	l205
  3163     009B                     l2334:
  3164                           
  3165                           ;mcc_generated_files/LINDrivers/lin_slave.c: 130:             if(EUSART1_is_rx_ready() >
      +                           0){
  3166     009B  3185  25AA  3180   	fcall	_EUSART1_is_rx_ready
  3167     009E  3A00               	xorlw	0
  3168     009F  1903               	skipnz
  3169     00A0  28A2               	goto	u1881
  3170     00A1  28A3               	goto	u1880
  3171     00A2                     u1881:
  3172     00A2  2988               	goto	l205
  3173     00A3                     u1880:
  3174     00A3                     l2336:
  3175                           
  3176                           ;mcc_generated_files/LINDrivers/lin_slave.c: 131:                 LIN_packet.PID = EUSAR
      +                          T1_Read();
  3177     00A3  3184  241A  3180   	fcall	_EUSART1_Read
  3178     00A6  0140               	movlb	0	; select bank0
  3179     00A7  00C7               	movwf	_LIN_packet
  3180     00A8                     l2338:
  3181                           
  3182                           ;mcc_generated_files/LINDrivers/lin_slave.c: 134:                 if(LIN_checkPID(LIN_pa
      +                          cket.PID) == 0){
  3183     00A8  0847               	movf	_LIN_packet,w
  3184     00A9  3184  24C1  3180   	fcall	_LIN_checkPID
  3185     00AC  3A00               	xorlw	0
  3186     00AD  1D03               	skipz
  3187     00AE  28B0               	goto	u1891
  3188     00AF  28B1               	goto	u1890
  3189     00B0                     u1891:
  3190     00B0  28B2               	goto	l2342
  3191     00B1                     u1890:
  3192     00B1  2883               	goto	l181
  3193     00B2                     l2342:
  3194                           
  3195                           ;mcc_generated_files/LINDrivers/lin_slave.c: 138:                 LIN_packet.type = LIN_
      +                          getFromTable(LIN_packet.PID, TYPE);
  3196     00B2  01F0               	clrf	LIN_getFromTable@param
  3197     00B3  0AF0               	incf	LIN_getFromTable@param,f
  3198     00B4  0140               	movlb	0	; select bank0
  3199     00B5  0847               	movf	_LIN_packet,w
  3200     00B6  3182  22EC  3180   	fcall	_LIN_getFromTable
  3201     00B9  0140               	movlb	0	; select bank0
  3202     00BA  00D1               	movwf	_LIN_packet+10
  3203     00BB                     l2344:
  3204                           
  3205                           ;mcc_generated_files/LINDrivers/lin_slave.c: 139:                 if(LIN_packet.type == 
      +                          RECEIVE){
  3206     00BB  0351               	decf	_LIN_packet+10,w
  3207     00BC  1D03               	btfss	3,2
  3208     00BD  28BF               	goto	u1901
  3209     00BE  28C0               	goto	u1900
  3210     00BF                     u1901:
  3211     00BF  28CB               	goto	l2350
  3212     00C0                     u1900:
  3213     00C0                     l2346:
  3214                           
  3215                           ;mcc_generated_files/LINDrivers/lin_slave.c: 140:                     LIN_packet.length 
      +                          = LIN_getFromTable(LIN_packet.PID, LENGTH);
  3216     00C0  3002               	movlw	2
  3217     00C1  00F0               	movwf	LIN_getFromTable@param
  3218     00C2  0847               	movf	_LIN_packet,w
  3219     00C3  3182  22EC  3180   	fcall	_LIN_getFromTable
  3220     00C6  0140               	movlb	0	; select bank0
  3221     00C7  00D2               	movwf	_LIN_packet+11
  3222     00C8                     l2348:
  3223                           
  3224                           ;mcc_generated_files/LINDrivers/lin_slave.c: 141:                     LIN_rxState = LIN_
      +                          RX_DATA;
  3225     00C8  3004               	movlw	4
  3226     00C9  00C0               	movwf	LIN_handler@LIN_rxState
  3227                           
  3228                           ;mcc_generated_files/LINDrivers/lin_slave.c: 142:                 }
  3229     00CA  2988               	goto	l205
  3230     00CB                     l2350:
  3231                           
  3232                           ;mcc_generated_files/LINDrivers/lin_slave.c: 144:                     LIN_disableRx();
  3233     00CB  3185  25FF  3180   	fcall	_LIN_disableRx
  3234     00CE                     l2352:
  3235                           
  3236                           ;mcc_generated_files/LINDrivers/lin_slave.c: 145:                     LIN_rxState = LIN_
      +                          RX_TX_DATA;
  3237     00CE  3006               	movlw	6
  3238     00CF  0140               	movlb	0	; select bank0
  3239     00D0  00C0               	movwf	LIN_handler@LIN_rxState
  3240     00D1  2988               	goto	l205
  3241     00D2                     l2354:
  3242                           
  3243                           ;mcc_generated_files/LINDrivers/lin_slave.c: 150:             if(EUSART1_is_rx_ready() >
      +                           0){
  3244     00D2  3185  25AA  3180   	fcall	_EUSART1_is_rx_ready
  3245     00D5  3A00               	xorlw	0
  3246     00D6  1903               	skipnz
  3247     00D7  28D9               	goto	u1911
  3248     00D8  28DA               	goto	u1910
  3249     00D9                     u1911:
  3250     00D9  2988               	goto	l205
  3251     00DA                     u1910:
  3252     00DA                     l2356:
  3253                           
  3254                           ;mcc_generated_files/LINDrivers/lin_slave.c: 151:                 LIN_packet.data[rxData
      +                          Index] = EUSART1_Read();
  3255     00DA  3184  241A  3180   	fcall	_EUSART1_Read
  3256     00DD  0141               	movlb	1	; select bank1
  3257     00DE  00A8               	movwf	??_LIN_handler^(0+128)
  3258     00DF  3048               	movlw	low (_LIN_packet+1)
  3259     00E0  00A9               	movwf	(??_LIN_handler+1)^(0+128)
  3260     00E1  3000               	movlw	high (_LIN_packet+1)
  3261     00E2  00AA               	movwf	((??_LIN_handler+1)^(0+128)+1)
  3262     00E3  0140               	movlb	0	; select bank0
  3263     00E4  083F               	movf	LIN_handler@rxDataIndex,w
  3264     00E5  0141               	movlb	1	; select bank1
  3265     00E6  0729               	addwf	(??_LIN_handler+1)^(0+128),w
  3266     00E7  00AB               	movwf	(??_LIN_handler+3)^(0+128)
  3267     00E8  3000               	movlw	0
  3268     00E9  3D2A               	addwfc	(??_LIN_handler+2)^(0+128),w
  3269     00EA  00AC               	movwf	(??_LIN_handler+4)^(0+128)
  3270     00EB  082B               	movf	(??_LIN_handler+3)^(0+128),w
  3271     00EC  0086               	movwf	6
  3272     00ED  082C               	movf	(??_LIN_handler+4)^(0+128),w
  3273     00EE  0087               	movwf	7
  3274     00EF  0828               	movf	??_LIN_handler^(0+128),w
  3275     00F0  0081               	movwf	1
  3276     00F1                     l2358:
  3277                           
  3278                           ;mcc_generated_files/LINDrivers/lin_slave.c: 152:                 if(++rxDataIndex >= LI
      +                          N_packet.length){
  3279     00F1  0140               	movlb	0	; select bank0
  3280     00F2  0852               	movf	_LIN_packet+11,w
  3281     00F3  0141               	movlb	1	; select bank1
  3282     00F4  00A8               	movwf	??_LIN_handler^(0+128)
  3283     00F5  01A9               	clrf	(??_LIN_handler^(0+128)+1)
  3284     00F6  1BA8               	btfsc	??_LIN_handler^(0+128),7
  3285     00F7  03A9               	decf	(??_LIN_handler^(0+128)+1),f
  3286     00F8  3001               	movlw	1
  3287     00F9  0140               	movlb	0	; select bank0
  3288     00FA  07BF               	addwf	LIN_handler@rxDataIndex,f
  3289     00FB  0141               	movlb	1	; select bank1
  3290     00FC  0829               	movf	(??_LIN_handler+1)^(0+128),w
  3291     00FD  3A80               	xorlw	128
  3292     00FE  3C80               	sublw	128
  3293     00FF  1D03               	skipz
  3294     0100  2904               	goto	u1925
  3295     0101  0828               	movf	??_LIN_handler^(0+128),w
  3296     0102  0140               	movlb	0	; select bank0
  3297     0103  023F               	subwf	LIN_handler@rxDataIndex,w
  3298     0104                     u1925:
  3299     0104  1C03               	skipc
  3300     0105  2907               	goto	u1921
  3301     0106  2908               	goto	u1920
  3302     0107                     u1921:
  3303     0107  2988               	goto	l205
  3304     0108                     u1920:
  3305     0108                     l2360:
  3306                           
  3307                           ;mcc_generated_files/LINDrivers/lin_slave.c: 154:                     rxDataIndex = 0;
  3308     0108  0140               	movlb	0	; select bank0
  3309     0109  01BF               	clrf	LIN_handler@rxDataIndex
  3310     010A                     l2362:
  3311                           
  3312                           ;mcc_generated_files/LINDrivers/lin_slave.c: 155:                     LIN_rxState = LIN_
      +                          RX_CHECKSUM;
  3313     010A  3005               	movlw	5
  3314     010B  00C0               	movwf	LIN_handler@LIN_rxState
  3315     010C  2988               	goto	l205
  3316     010D                     l2364:
  3317                           
  3318                           ;mcc_generated_files/LINDrivers/lin_slave.c: 160:             if(EUSART1_is_rx_ready() >
      +                           0){
  3319     010D  3185  25AA  3180   	fcall	_EUSART1_is_rx_ready
  3320     0110  3A00               	xorlw	0
  3321     0111  1903               	skipnz
  3322     0112  2914               	goto	u1931
  3323     0113  2915               	goto	u1930
  3324     0114                     u1931:
  3325     0114  2988               	goto	l205
  3326     0115                     u1930:
  3327     0115                     l2366:
  3328                           
  3329                           ;mcc_generated_files/LINDrivers/lin_slave.c: 161:                 LIN_packet.checksum = 
      +                          EUSART1_Read();
  3330     0115  3184  241A  3180   	fcall	_EUSART1_Read
  3331     0118  0140               	movlb	0	; select bank0
  3332     0119  00D0               	movwf	_LIN_packet+9
  3333                           
  3334                           ;mcc_generated_files/LINDrivers/lin_slave.c: 162:                 if(LIN_packet.checksum
      +                           != LIN_getChecksum(LIN_packet.length, LIN_packet.PID, LIN_packet.data)) {
  3335     011A  0847               	movf	_LIN_packet,w
  3336     011B  00F0               	movwf	LIN_getChecksum@pid
  3337     011C  3048               	movlw	low (_LIN_packet+1)
  3338     011D  00F1               	movwf	LIN_getChecksum@data
  3339     011E  3000               	movlw	high (_LIN_packet+1)
  3340     011F  00F2               	movwf	LIN_getChecksum@data+1
  3341     0120  0852               	movf	_LIN_packet+11,w
  3342     0121  3183  23C2  3180   	fcall	_LIN_getChecksum
  3343     0124  0140               	movlb	0	; select bank0
  3344     0125  0650               	xorwf	_LIN_packet+9,w
  3345     0126  1903               	skipnz
  3346     0127  2929               	goto	u1941
  3347     0128  292A               	goto	u1940
  3348     0129                     u1941:
  3349     0129  292B               	goto	l197
  3350     012A                     u1940:
  3351     012A  2883               	goto	l181
  3352     012B                     l197:	
  3353                           ;mcc_generated_files/LINDrivers/lin_slave.c: 165:                 else {
  3354                           
  3355                           
  3356                           ;mcc_generated_files/LINDrivers/lin_slave.c: 166:                     LIN_rxState = LIN_
      +                          RX_RDY;
  3357     012B  3007               	movlw	7
  3358     012C  00C0               	movwf	LIN_handler@LIN_rxState
  3359     012D  2988               	goto	l205
  3360     012E                     l2370:
  3361                           
  3362                           ;mcc_generated_files/LINDrivers/lin_slave.c: 171:             LIN_queuePacket(LIN_packet
      +                          .PID);
  3363     012E  0140               	movlb	0	; select bank0
  3364     012F  0847               	movf	_LIN_packet,w
  3365     0130  3182  228A  3180   	fcall	_LIN_queuePacket
  3366     0133                     l2372:
  3367                           
  3368                           ;mcc_generated_files/LINDrivers/lin_slave.c: 172:             LIN_rxState = LIN_RX_RDY;
  3369     0133  3007               	movlw	7
  3370     0134  0140               	movlb	0	; select bank0
  3371     0135  00C0               	movwf	LIN_handler@LIN_rxState
  3372     0136                     l200:	
  3373                           ;mcc_generated_files/LINDrivers/lin_slave.c: 173:         case LIN_RX_RDY:
  3374                           
  3375                           
  3376                           ;mcc_generated_files/LINDrivers/lin_slave.c: 174:             LIN_processData();
  3377     0136  0140               	movlb	0	; select bank0
  3378     0137  0863               	movf	_LIN_processData+1,w
  3379     0138  008A               	movwf	10
  3380     0139  0862               	movf	_LIN_processData,w
  3381     013A  000A               	callw
  3382     013B  3180               	pagesel	$
  3383     013C                     l2374:
  3384                           
  3385                           ;mcc_generated_files/LINDrivers/lin_slave.c: 176:             LIN_stopTimer();
  3386     013C  3185  25F0  3180   	fcall	_LIN_stopTimer
  3387     013F                     l2376:
  3388                           
  3389                           ;mcc_generated_files/LINDrivers/lin_slave.c: 177:             rxDataIndex = 0;
  3390     013F  0140               	movlb	0	; select bank0
  3391     0140  01BF               	clrf	LIN_handler@rxDataIndex
  3392     0141                     l2378:
  3393                           
  3394                           ;mcc_generated_files/LINDrivers/lin_slave.c: 178:             LIN_rxInProgress = 0;
  3395     0141  01C3               	clrf	_LIN_rxInProgress
  3396     0142                     l2380:
  3397                           
  3398                           ;mcc_generated_files/LINDrivers/lin_slave.c: 179:             memset(LIN_packet.rawPacke
      +                          t, 0, sizeof(LIN_packet.rawPacket));
  3399     0142  3047               	movlw	low _LIN_packet
  3400     0143  00F0               	movwf	memset@dest
  3401     0144  3000               	movlw	high _LIN_packet
  3402     0145  00F1               	movwf	memset@dest+1
  3403     0146  3000               	movlw	0
  3404     0147  00F2               	movwf	memset@c
  3405     0148  00F3               	movwf	memset@c+1
  3406     0149  300D               	movlw	13
  3407     014A  00F4               	movwf	memset@n
  3408     014B  3000               	movlw	0
  3409     014C  00F5               	movwf	memset@n+1
  3410     014D  3184  24DB  3180   	fcall	_memset
  3411     0150                     l2382:
  3412                           
  3413                           ;mcc_generated_files/LINDrivers/lin_slave.c: 181:             if(TX1STAbits.TRMT){
  3414     0150  0142               	movlb	2	; select bank2
  3415     0151  1C9E               	btfss	30,1	;volatile
  3416     0152  2954               	goto	u1951
  3417     0153  2955               	goto	u1950
  3418     0154                     u1951:
  3419     0154  295B               	goto	l203
  3420     0155                     u1950:
  3421     0155                     l2384:
  3422                           
  3423                           ;mcc_generated_files/LINDrivers/lin_slave.c: 182:                 LIN_enableRx();
  3424     0155  3185  25FA  3180   	fcall	_LIN_enableRx
  3425     0158                     l2386:
  3426                           
  3427                           ;mcc_generated_files/LINDrivers/lin_slave.c: 183:                 LIN_rxState = LIN_RX_I
      +                          DLE;
  3428     0158  0140               	movlb	0	; select bank0
  3429     0159  01C0               	clrf	LIN_handler@LIN_rxState
  3430                           
  3431                           ;mcc_generated_files/LINDrivers/lin_slave.c: 184:             } else {
  3432     015A  2988               	goto	l205
  3433     015B                     l203:
  3434                           
  3435                           ;mcc_generated_files/LINDrivers/lin_slave.c: 185:                 LIN_rxState = LIN_RX_W
      +                          AIT;
  3436     015B  3009               	movlw	9
  3437     015C  0140               	movlb	0	; select bank0
  3438     015D  00C0               	movwf	LIN_handler@LIN_rxState
  3439     015E  2988               	goto	l205
  3440     015F                     l2390:
  3441     015F  0840               	movf	LIN_handler@LIN_rxState,w
  3442     0160  0141               	movlb	1	; select bank1
  3443     0161  00A8               	movwf	??_LIN_handler^(0+128)
  3444     0162  01A9               	clrf	(??_LIN_handler^(0+128)+1)
  3445                           
  3446                           ; Switch on 2 bytes has been partitioned into a top level switch of size 1, and 1 sub-sw
      +                          itches
  3447                           ; Switch size 1, requested type "simple"
  3448                           ; Number of cases is 1, Range of values is 0 to 0
  3449                           ; switch strategies available:
  3450                           ; Name         Instructions Cycles
  3451                           ; simple_byte            4     3 (average)
  3452                           ; direct_byte            8     6 (fixed)
  3453                           ; jumptable            260     6 (fixed)
  3454                           ;	Chosen strategy is simple_byte
  3455     0163  0829               	movf	(??_LIN_handler+1)^(0+128),w
  3456     0164  3A00               	xorlw	0	; case 0
  3457     0165  1903               	skipnz
  3458     0166  2968               	goto	l2476
  3459     0167  2988               	goto	l205
  3460     0168                     l2476:
  3461                           
  3462                           ; Switch size 1, requested type "simple"
  3463                           ; Number of cases is 10, Range of values is 0 to 9
  3464                           ; switch strategies available:
  3465                           ; Name         Instructions Cycles
  3466                           ; direct_byte           26     6 (fixed)
  3467                           ; simple_byte           31    16 (average)
  3468                           ; jumptable            260     6 (fixed)
  3469                           ;	Chosen strategy is simple_byte
  3470     0168  0828               	movf	??_LIN_handler^(0+128),w
  3471     0169  3A00               	xorlw	0	; case 0
  3472     016A  1903               	skipnz
  3473     016B  285D               	goto	l2314
  3474     016C  3A01               	xorlw	1	; case 1
  3475     016D  1903               	skipnz
  3476     016E  286F               	goto	l2322
  3477     016F  3A03               	xorlw	3	; case 2
  3478     0170  1903               	skipnz
  3479     0171  2887               	goto	l2328
  3480     0172  3A01               	xorlw	1	; case 3
  3481     0173  1903               	skipnz
  3482     0174  289B               	goto	l2334
  3483     0175  3A07               	xorlw	7	; case 4
  3484     0176  1903               	skipnz
  3485     0177  28D2               	goto	l2354
  3486     0178  3A01               	xorlw	1	; case 5
  3487     0179  1903               	skipnz
  3488     017A  290D               	goto	l2364
  3489     017B  3A03               	xorlw	3	; case 6
  3490     017C  1903               	skipnz
  3491     017D  292E               	goto	l2370
  3492     017E  3A01               	xorlw	1	; case 7
  3493     017F  1903               	skipnz
  3494     0180  2936               	goto	l200
  3495     0181  3A0F               	xorlw	15	; case 8
  3496     0182  1903               	skipnz
  3497     0183  293C               	goto	l2374
  3498     0184  3A01               	xorlw	1	; case 9
  3499     0185  1903               	skipnz
  3500     0186  2950               	goto	l2382
  3501     0187  2988               	goto	l205
  3502     0188                     l205:
  3503     0188  0008               	return
  3504     0189                     __end_of_LIN_handler:
  3505                           
  3506                           	psect	text17
  3507     020F                     __ptext17:	
  3508 ;; *************** function _processLIN *****************
  3509 ;; Defined at:
  3510 ;;		line 93 in file "mcc_generated_files/LINDrivers/lin_app.c"
  3511 ;; Parameters:    Size  Location     Type
  3512 ;;		None
  3513 ;; Auto vars:     Size  Location     Type
  3514 ;;  tempRxData      8    0[BANK0 ] unsigned char [8]
  3515 ;;  cmd             1    8[BANK0 ] unsigned char 
  3516 ;; Return value:  Size  Location     Type
  3517 ;;                  1    wreg      void 
  3518 ;; Registers used:
  3519 ;;		wreg, fsr0l, fsr0h, fsr1l, fsr1h, status,2, status,0, pclath, cstack
  3520 ;; Tracked objects:
  3521 ;;		On entry : 0/0
  3522 ;;		On exit  : 0/0
  3523 ;;		Unchanged: 0/0
  3524 ;; Data sizes:     COMMON   BANK0   BANK1   BANK2
  3525 ;;      Params:         0       0       0       0
  3526 ;;      Locals:         0       9       0       0
  3527 ;;      Temps:          1       0       0       0
  3528 ;;      Totals:         1       9       0       0
  3529 ;;Total ram usage:       10 bytes
  3530 ;; Hardware stack levels used: 1
  3531 ;; Hardware stack levels required when called: 6
  3532 ;; This function calls:
  3533 ;;		_DRL_OFF
  3534 ;;		_DRL_ON
  3535 ;;		_HIBEAM_OFF
  3536 ;;		_HIBEAM_ON
  3537 ;;		_LIN_getPacket
  3538 ;;		_POS_OFF
  3539 ;;		_POS_ON
  3540 ;; This function is called by:
  3541 ;;		_LIN_Slave_Initialize
  3542 ;;		_LIN_handler
  3543 ;; This function uses a non-reentrant model
  3544 ;;
  3545                           
  3546     020F                     _processLIN:	
  3547                           ;psect for function _processLIN
  3548                           
  3549     020F                     l1902:	
  3550                           ;incstack = 0
  3551                           ; Regs used in _processLIN: [wreg-fsr1h+status,2+status,0+pclath+cstack]
  3552                           
  3553                           
  3554                           ;mcc_generated_files/LINDrivers/lin_app.c: 94:   uint8_t tempRxData[8];;mcc_generated_fi
      +                          les/LINDrivers/lin_app.c: 95:   uint8_t cmd;;mcc_generated_files/LINDrivers/lin_app.c: 9
      +                          7:   cmd = LIN_getPacket(tempRxData);
  3555     020F  3065               	movlw	(low (processLIN@tempRxData| 0))& (0+255)
  3556     0210  00F9               	movwf	LIN_getPacket@data
  3557     0211  3184  2461  3182   	fcall	_LIN_getPacket
  3558     0214  0140               	movlb	0	; select bank0
  3559     0215  00ED               	movwf	processLIN@cmd
  3560     0216                     l1904:
  3561                           
  3562                           ;mcc_generated_files/LINDrivers/lin_app.c: 99:   lampFlags.Byte = lampFlags_old.Byte;
  3563     0216  0844               	movf	_lampFlags_old,w
  3564     0217  00C5               	movwf	_lampFlags
  3565                           
  3566                           ;mcc_generated_files/LINDrivers/lin_app.c: 101:   switch (cmd) {
  3567     0218  2A5E               	goto	l1928
  3568     0219                     l1906:
  3569                           
  3570                           ;mcc_generated_files/LINDrivers/lin_app.c: 128:     if (tempRxData[0] == 0x24) {
  3571     0219  3024               	movlw	36
  3572     021A  0665               	xorwf	processLIN@tempRxData,w
  3573     021B  1D03               	btfss	3,2
  3574     021C  2A1E               	goto	u1301
  3575     021D  2A1F               	goto	u1300
  3576     021E                     u1301:
  3577     021E  2A4D               	goto	l1920
  3578     021F                     u1300:
  3579     021F                     l1908:
  3580                           
  3581                           ;mcc_generated_files/LINDrivers/lin_app.c: 131:       if ((tempRxData[1] & 0B10000000) =
      +                          = 0B10000000 || (tempRxData[1] & 0B01000000) == 0B01000000){
  3582     021F  1BE6               	btfsc	processLIN@tempRxData+1,7
  3583     0220  2A22               	goto	u1311
  3584     0221  2A23               	goto	u1310
  3585     0222                     u1311:
  3586     0222  2A27               	goto	l77
  3587     0223                     u1310:
  3588     0223                     l1910:
  3589     0223  1F66               	btfss	processLIN@tempRxData+1,6
  3590     0224  2A26               	goto	u1321
  3591     0225  2A27               	goto	u1320
  3592     0226                     u1321:
  3593     0226  2A2A               	goto	l75
  3594     0227                     u1320:
  3595     0227                     l77:
  3596                           
  3597                           ;mcc_generated_files/LINDrivers/lin_app.c: 132:         lampState.OverTaking = 1;
  3598     0227  15C6               	bsf	_lampState,3
  3599                           
  3600                           ;mcc_generated_files/LINDrivers/lin_app.c: 133:         lampFlags.fHIBEAM = 1;
  3601     0228  15C5               	bsf	_lampFlags,3
  3602                           
  3603                           ;mcc_generated_files/LINDrivers/lin_app.c: 134:       }else{
  3604     0229  2A2C               	goto	l78
  3605     022A                     l75:
  3606                           
  3607                           ;mcc_generated_files/LINDrivers/lin_app.c: 135:         lampState.OverTaking = 0;
  3608     022A  11C6               	bcf	_lampState,3
  3609                           
  3610                           ;mcc_generated_files/LINDrivers/lin_app.c: 136:         lampFlags.fHIBEAM = 0;
  3611     022B  11C5               	bcf	_lampFlags,3
  3612     022C                     l78:	
  3613                           ;mcc_generated_files/LINDrivers/lin_app.c: 137:       }
  3614                           
  3615                           
  3616                           ;mcc_generated_files/LINDrivers/lin_app.c: 164:       if (((tempRxData[2] & 0B01000000) 
      +                          == 0B01000000) &&
  3617     022C  1F67               	btfss	processLIN@tempRxData+2,6
  3618     022D  2A2F               	goto	u1331
  3619     022E  2A30               	goto	u1330
  3620     022F                     u1331:
  3621     022F  2A3B               	goto	l79
  3622     0230                     u1330:
  3623     0230                     l1912:
  3624     0230  3007               	movlw	7
  3625     0231  0569               	andwf	processLIN@tempRxData+4,w
  3626     0232  00FB               	movwf	??_processLIN
  3627     0233  3007               	movlw	7
  3628     0234  067B               	xorwf	??_processLIN,w
  3629     0235  1D03               	btfss	3,2
  3630     0236  2A38               	goto	u1341
  3631     0237  2A39               	goto	u1340
  3632     0238                     u1341:
  3633     0238  2A3B               	goto	l79
  3634     0239                     u1340:
  3635     0239                     l1914:
  3636                           
  3637                           ;mcc_generated_files/LINDrivers/lin_app.c: 165:           ((tempRxData[4] & 0B00000111) 
      +                          == 0B00000111)) {;mcc_generated_files/LINDrivers/lin_app.c: 166:         lampFlags.fDRL 
      +                          = 1;
  3638     0239  1445               	bsf	_lampFlags,0
  3639                           
  3640                           ;mcc_generated_files/LINDrivers/lin_app.c: 167:       }else {
  3641     023A  2A3C               	goto	l80
  3642     023B                     l79:
  3643                           
  3644                           ;mcc_generated_files/LINDrivers/lin_app.c: 168:         lampFlags.fDRL = 0;
  3645     023B  1045               	bcf	_lampFlags,0
  3646     023C                     l80:	
  3647                           ;mcc_generated_files/LINDrivers/lin_app.c: 169:       }
  3648                           
  3649                           
  3650                           ;mcc_generated_files/LINDrivers/lin_app.c: 173:       if (((tempRxData[5] & 0B00100000) 
      +                          == 0B00100000) &&
  3651     023C  1EEA               	btfss	processLIN@tempRxData+5,5
  3652     023D  2A3F               	goto	u1351
  3653     023E  2A40               	goto	u1350
  3654     023F                     u1351:
  3655     023F  2A4B               	goto	l81
  3656     0240                     u1350:
  3657     0240                     l1916:
  3658     0240  3007               	movlw	7
  3659     0241  0569               	andwf	processLIN@tempRxData+4,w
  3660     0242  00FB               	movwf	??_processLIN
  3661     0243  3007               	movlw	7
  3662     0244  067B               	xorwf	??_processLIN,w
  3663     0245  1D03               	btfss	3,2
  3664     0246  2A48               	goto	u1361
  3665     0247  2A49               	goto	u1360
  3666     0248                     u1361:
  3667     0248  2A4B               	goto	l81
  3668     0249                     u1360:
  3669     0249                     l1918:
  3670                           
  3671                           ;mcc_generated_files/LINDrivers/lin_app.c: 174:           ((tempRxData[4] & 0B00000111) 
      +                          == 0B00000111)) {;mcc_generated_files/LINDrivers/lin_app.c: 175:         lampFlags.fPOS 
      +                          = 1;
  3672     0249  14C5               	bsf	_lampFlags,1
  3673                           
  3674                           ;mcc_generated_files/LINDrivers/lin_app.c: 176:       }else{
  3675     024A  2A63               	goto	l86
  3676     024B                     l81:
  3677                           
  3678                           ;mcc_generated_files/LINDrivers/lin_app.c: 177:         lampFlags.fPOS = 0;
  3679     024B  10C5               	bcf	_lampFlags,1
  3680     024C  2A63               	goto	l86
  3681     024D                     l1920:
  3682     024D  0365               	decf	processLIN@tempRxData,w
  3683     024E  1D03               	btfss	3,2
  3684     024F  2A51               	goto	u1371
  3685     0250  2A52               	goto	u1370
  3686     0251                     u1371:
  3687     0251  2A63               	goto	l86
  3688     0252                     u1370:
  3689     0252                     l1922:
  3690                           
  3691                           ;mcc_generated_files/LINDrivers/lin_app.c: 181:       if ((tempRxData[4] & 0B00000111) =
      +                          = 0B00000111) {
  3692     0252  3007               	movlw	7
  3693     0253  0569               	andwf	processLIN@tempRxData+4,w
  3694     0254  00FB               	movwf	??_processLIN
  3695     0255  3007               	movlw	7
  3696     0256  067B               	xorwf	??_processLIN,w
  3697     0257  1D03               	btfss	3,2
  3698     0258  2A5A               	goto	u1381
  3699     0259  2A5B               	goto	u1380
  3700     025A                     u1381:
  3701     025A  2A63               	goto	l86
  3702     025B                     u1380:
  3703     025B                     l1924:
  3704                           
  3705                           ;mcc_generated_files/LINDrivers/lin_app.c: 182:         lampState.Byte = 0;
  3706     025B  01C6               	clrf	_lampState
  3707                           
  3708                           ;mcc_generated_files/LINDrivers/lin_app.c: 183:         lampFlags.Byte = 0;
  3709     025C  01C5               	clrf	_lampFlags
  3710     025D  2A63               	goto	l86
  3711     025E                     l1928:
  3712     025E  086D               	movf	processLIN@cmd,w
  3713                           
  3714                           ; Switch size 1, requested type "simple"
  3715                           ; Number of cases is 1, Range of values is 1 to 1
  3716                           ; switch strategies available:
  3717                           ; Name         Instructions Cycles
  3718                           ; simple_byte            4     3 (average)
  3719                           ; direct_byte           11     9 (fixed)
  3720                           ; jumptable            263     9 (fixed)
  3721                           ;	Chosen strategy is simple_byte
  3722     025F  3A01               	xorlw	1	; case 1
  3723     0260  1903               	skipnz
  3724     0261  2A19               	goto	l1906
  3725     0262  2A63               	goto	l86
  3726     0263                     l86:
  3727                           
  3728                           ;mcc_generated_files/LINDrivers/lin_app.c: 196:   if (lampFlags.fDRL) {
  3729     0263  1C45               	btfss	_lampFlags,0
  3730     0264  2A66               	goto	u1391
  3731     0265  2A67               	goto	u1390
  3732     0266                     u1391:
  3733     0266  2A6B               	goto	l1932
  3734     0267                     u1390:
  3735     0267                     l1930:
  3736                           
  3737                           ;mcc_generated_files/LINDrivers/lin_app.c: 197:     DRL_ON();
  3738     0267  3186  2620  3182   	fcall	_DRL_ON
  3739                           
  3740                           ;mcc_generated_files/LINDrivers/lin_app.c: 198:   } else {
  3741     026A  2A6E               	goto	l1934
  3742     026B                     l1932:
  3743                           
  3744                           ;mcc_generated_files/LINDrivers/lin_app.c: 199:     DRL_OFF();
  3745     026B  3186  2623  3182   	fcall	_DRL_OFF
  3746     026E                     l1934:
  3747                           
  3748                           ;mcc_generated_files/LINDrivers/lin_app.c: 202:   if (lampFlags.fPOS) {
  3749     026E  0140               	movlb	0	; select bank0
  3750     026F  1CC5               	btfss	_lampFlags,1
  3751     0270  2A72               	goto	u1401
  3752     0271  2A73               	goto	u1400
  3753     0272                     u1401:
  3754     0272  2A77               	goto	l1938
  3755     0273                     u1400:
  3756     0273                     l1936:
  3757                           
  3758                           ;mcc_generated_files/LINDrivers/lin_app.c: 203:     POS_ON();
  3759     0273  3186  2614  3182   	fcall	_POS_ON
  3760                           
  3761                           ;mcc_generated_files/LINDrivers/lin_app.c: 204:   } else {
  3762     0276  2A7A               	goto	l1940
  3763     0277                     l1938:
  3764                           
  3765                           ;mcc_generated_files/LINDrivers/lin_app.c: 205:     POS_OFF();
  3766     0277  3186  2617  3182   	fcall	_POS_OFF
  3767     027A                     l1940:
  3768                           
  3769                           ;mcc_generated_files/LINDrivers/lin_app.c: 214:   if (lampFlags.fHIBEAM) {
  3770     027A  0140               	movlb	0	; select bank0
  3771     027B  1DC5               	btfss	_lampFlags,3
  3772     027C  2A7E               	goto	u1411
  3773     027D  2A7F               	goto	u1410
  3774     027E                     u1411:
  3775     027E  2A83               	goto	l1944
  3776     027F                     u1410:
  3777     027F                     l1942:
  3778                           
  3779                           ;mcc_generated_files/LINDrivers/lin_app.c: 215:     HIBEAM_ON();
  3780     027F  3186  261A  3182   	fcall	_HIBEAM_ON
  3781                           
  3782                           ;mcc_generated_files/LINDrivers/lin_app.c: 216:   } else {
  3783     0282  2A86               	goto	l1946
  3784     0283                     l1944:
  3785                           
  3786                           ;mcc_generated_files/LINDrivers/lin_app.c: 217:     HIBEAM_OFF();
  3787     0283  3186  261D  3182   	fcall	_HIBEAM_OFF
  3788     0286                     l1946:
  3789                           
  3790                           ;mcc_generated_files/LINDrivers/lin_app.c: 231:   lampFlags_old = lampFlags;
  3791     0286  0140               	movlb	0	; select bank0
  3792     0287  0845               	movf	_lampFlags,w
  3793     0288  00C4               	movwf	_lampFlags_old
  3794     0289                     l94:
  3795     0289  0008               	return
  3796     028A                     __end_of_processLIN:
  3797                           
  3798                           	psect	text18
  3799     0614                     __ptext18:	
  3800 ;; *************** function _POS_ON *****************
  3801 ;; Defined at:
  3802 ;;		line 73 in file "mcc_generated_files/LINDrivers/lin_app.c"
  3803 ;; Parameters:    Size  Location     Type
  3804 ;;		None
  3805 ;; Auto vars:     Size  Location     Type
  3806 ;;		None
  3807 ;; Return value:  Size  Location     Type
  3808 ;;                  1    wreg      void 
  3809 ;; Registers used:
  3810 ;;		None
  3811 ;; Tracked objects:
  3812 ;;		On entry : 0/0
  3813 ;;		On exit  : 0/0
  3814 ;;		Unchanged: 0/0
  3815 ;; Data sizes:     COMMON   BANK0   BANK1   BANK2
  3816 ;;      Params:         0       0       0       0
  3817 ;;      Locals:         0       0       0       0
  3818 ;;      Temps:          0       0       0       0
  3819 ;;      Totals:         0       0       0       0
  3820 ;;Total ram usage:        0 bytes
  3821 ;; Hardware stack levels used: 1
  3822 ;; Hardware stack levels required when called: 4
  3823 ;; This function calls:
  3824 ;;		Nothing
  3825 ;; This function is called by:
  3826 ;;		_processLIN
  3827 ;; This function uses a non-reentrant model
  3828 ;;
  3829                           
  3830     0614                     _POS_ON:	
  3831                           ;psect for function _POS_ON
  3832                           
  3833     0614                     l25:	
  3834                           ;incstack = 0
  3835                           ; Regs used in _POS_ON: []
  3836                           
  3837     0614  0140               	movlb	0	; select bank0
  3838     0615  1698               	bsf	24,5	;volatile
  3839     0616                     l27:
  3840     0616  0008               	return
  3841     0617                     __end_of_POS_ON:
  3842                           
  3843                           	psect	text19
  3844     0617                     __ptext19:	
  3845 ;; *************** function _POS_OFF *****************
  3846 ;; Defined at:
  3847 ;;		line 74 in file "mcc_generated_files/LINDrivers/lin_app.c"
  3848 ;; Parameters:    Size  Location     Type
  3849 ;;		None
  3850 ;; Auto vars:     Size  Location     Type
  3851 ;;		None
  3852 ;; Return value:  Size  Location     Type
  3853 ;;                  1    wreg      void 
  3854 ;; Registers used:
  3855 ;;		None
  3856 ;; Tracked objects:
  3857 ;;		On entry : 0/0
  3858 ;;		On exit  : 0/0
  3859 ;;		Unchanged: 0/0
  3860 ;; Data sizes:     COMMON   BANK0   BANK1   BANK2
  3861 ;;      Params:         0       0       0       0
  3862 ;;      Locals:         0       0       0       0
  3863 ;;      Temps:          0       0       0       0
  3864 ;;      Totals:         0       0       0       0
  3865 ;;Total ram usage:        0 bytes
  3866 ;; Hardware stack levels used: 1
  3867 ;; Hardware stack levels required when called: 4
  3868 ;; This function calls:
  3869 ;;		Nothing
  3870 ;; This function is called by:
  3871 ;;		_processLIN
  3872 ;; This function uses a non-reentrant model
  3873 ;;
  3874                           
  3875     0617                     _POS_OFF:	
  3876                           ;psect for function _POS_OFF
  3877                           
  3878     0617                     l30:	
  3879                           ;incstack = 0
  3880                           ; Regs used in _POS_OFF: []
  3881                           
  3882     0617  0140               	movlb	0	; select bank0
  3883     0618  1298               	bcf	24,5	;volatile
  3884     0619                     l32:
  3885     0619  0008               	return
  3886     061A                     __end_of_POS_OFF:
  3887                           
  3888                           	psect	text20
  3889     0461                     __ptext20:	
  3890 ;; *************** function _LIN_getPacket *****************
  3891 ;; Defined at:
  3892 ;;		line 202 in file "mcc_generated_files/LINDrivers/lin_slave.c"
  3893 ;; Parameters:    Size  Location     Type
  3894 ;;  data            1    9[COMMON] PTR unsigned char 
  3895 ;;		 -> processLIN@tempRxData(8), 
  3896 ;; Auto vars:     Size  Location     Type
  3897 ;;  cmd             1   10[COMMON] unsigned char 
  3898 ;; Return value:  Size  Location     Type
  3899 ;;                  1    wreg      unsigned char 
  3900 ;; Registers used:
  3901 ;;		wreg, fsr1l, fsr1h, status,2, status,0, pclath, cstack
  3902 ;; Tracked objects:
  3903 ;;		On entry : 0/0
  3904 ;;		On exit  : 0/0
  3905 ;;		Unchanged: 0/0
  3906 ;; Data sizes:     COMMON   BANK0   BANK1   BANK2
  3907 ;;      Params:         1       0       0       0
  3908 ;;      Locals:         1       0       0       0
  3909 ;;      Temps:          0       0       0       0
  3910 ;;      Totals:         2       0       0       0
  3911 ;;Total ram usage:        2 bytes
  3912 ;; Hardware stack levels used: 1
  3913 ;; Hardware stack levels required when called: 5
  3914 ;; This function calls:
  3915 ;;		_memcpy
  3916 ;;		_memset
  3917 ;; This function is called by:
  3918 ;;		_processLIN
  3919 ;; This function uses a non-reentrant model
  3920 ;;
  3921                           
  3922     0461                     _LIN_getPacket:	
  3923                           ;psect for function _LIN_getPacket
  3924                           
  3925     0461                     l1772:	
  3926                           ;incstack = 0
  3927                           ; Regs used in _LIN_getPacket: [wreg+fsr1l+fsr1h+status,2+status,0+pclath+cstack]
  3928                           
  3929                           
  3930                           ;mcc_generated_files/LINDrivers/lin_slave.c: 203:     uint8_t cmd = LIN_packet.PID & 0x3
      +                          F;
  3931     0461  0140               	movlb	0	; select bank0
  3932     0462  0847               	movf	_LIN_packet,w
  3933     0463  393F               	andlw	63
  3934     0464  00FA               	movwf	LIN_getPacket@cmd
  3935     0465                     l1774:
  3936                           
  3937                           ;mcc_generated_files/LINDrivers/lin_slave.c: 205:     memcpy(data, LIN_packet.data, size
      +                          of(LIN_packet.data));
  3938     0465  0879               	movf	LIN_getPacket@data,w
  3939     0466  00F0               	movwf	memcpy@d1
  3940     0467  01F1               	clrf	memcpy@d1+1
  3941     0468  3048               	movlw	low (_LIN_packet+1)
  3942     0469  00F2               	movwf	memcpy@s1
  3943     046A  3000               	movlw	high (_LIN_packet+1)
  3944     046B  00F3               	movwf	memcpy@s1+1
  3945     046C  3008               	movlw	8
  3946     046D  00F4               	movwf	memcpy@n
  3947     046E  3000               	movlw	0
  3948     046F  00F5               	movwf	memcpy@n+1
  3949     0470  3184  2483  3184   	fcall	_memcpy
  3950     0473                     l1776:
  3951                           
  3952                           ;mcc_generated_files/LINDrivers/lin_slave.c: 206:     memset(LIN_packet.rawPacket, 0, si
      +                          zeof(LIN_packet.rawPacket));
  3953     0473  3047               	movlw	low _LIN_packet
  3954     0474  00F0               	movwf	memset@dest
  3955     0475  3000               	movlw	high _LIN_packet
  3956     0476  00F1               	movwf	memset@dest+1
  3957     0477  3000               	movlw	0
  3958     0478  00F2               	movwf	memset@c
  3959     0479  00F3               	movwf	memset@c+1
  3960     047A  300D               	movlw	13
  3961     047B  00F4               	movwf	memset@n
  3962     047C  3000               	movlw	0
  3963     047D  00F5               	movwf	memset@n+1
  3964     047E  3184  24DB  3184   	fcall	_memset
  3965     0481                     l1778:
  3966                           
  3967                           ;mcc_generated_files/LINDrivers/lin_slave.c: 208:     return cmd;
  3968     0481  087A               	movf	LIN_getPacket@cmd,w
  3969     0482                     l214:
  3970     0482  0008               	return
  3971     0483                     __end_of_LIN_getPacket:
  3972                           
  3973                           	psect	text21
  3974     04DB                     __ptext21:	
  3975 ;; *************** function _memset *****************
  3976 ;; Defined at:
  3977 ;;		line 3 in file "C:\Program Files\Microchip\xc8\v3.00\pic\sources\c99\common\memset.c"
  3978 ;; Parameters:    Size  Location     Type
  3979 ;;  dest            2    0[COMMON] PTR void 
  3980 ;;		 -> LIN_packet(13), 
  3981 ;;  c               2    2[COMMON] int 
  3982 ;;  n               2    4[COMMON] unsigned int 
  3983 ;; Auto vars:     Size  Location     Type
  3984 ;;  p               1    6[COMMON] PTR unsigned char 
  3985 ;;		 -> LIN_packet(13), 
  3986 ;; Return value:  Size  Location     Type
  3987 ;;                  2    0[COMMON] PTR void 
  3988 ;; Registers used:
  3989 ;;		wreg, fsr1l, fsr1h, status,2, status,0
  3990 ;; Tracked objects:
  3991 ;;		On entry : 0/0
  3992 ;;		On exit  : 0/0
  3993 ;;		Unchanged: 0/0
  3994 ;; Data sizes:     COMMON   BANK0   BANK1   BANK2
  3995 ;;      Params:         6       0       0       0
  3996 ;;      Locals:         1       0       0       0
  3997 ;;      Temps:          0       0       0       0
  3998 ;;      Totals:         7       0       0       0
  3999 ;;Total ram usage:        7 bytes
  4000 ;; Hardware stack levels used: 1
  4001 ;; Hardware stack levels required when called: 4
  4002 ;; This function calls:
  4003 ;;		Nothing
  4004 ;; This function is called by:
  4005 ;;		_LIN_handler
  4006 ;;		_LIN_getPacket
  4007 ;; This function uses a non-reentrant model
  4008 ;;
  4009                           
  4010     04DB                     _memset:	
  4011                           ;psect for function _memset
  4012                           
  4013     04DB                     l1738:	
  4014                           ;incstack = 0
  4015                           ; Regs used in _memset: [wreg+fsr1l+fsr1h+status,2+status,0]
  4016                           
  4017     04DB  0870               	movf	memset@dest,w
  4018     04DC  00F6               	movwf	memset@p
  4019     04DD  2CE5               	goto	l1744
  4020     04DE                     l1740:
  4021     04DE  0876               	movf	memset@p,w
  4022     04DF  0086               	movwf	6
  4023     04E0  0187               	clrf	7
  4024     04E1  0872               	movf	memset@c,w
  4025     04E2  0081               	movwf	1
  4026     04E3                     l1742:
  4027     04E3  3001               	movlw	1
  4028     04E4  07F6               	addwf	memset@p,f
  4029     04E5                     l1744:
  4030     04E5  3001               	movlw	1
  4031     04E6  02F4               	subwf	memset@n,f
  4032     04E7  3000               	movlw	0
  4033     04E8  3BF5               	subwfb	memset@n+1,f
  4034     04E9  0A74               	incf	memset@n,w
  4035     04EA  1D03               	skipz
  4036     04EB  2CF0               	goto	u931
  4037     04EC  0A75               	incf	memset@n+1,w
  4038     04ED  1D03               	btfss	3,2
  4039     04EE  2CF0               	goto	u931
  4040     04EF  2CF1               	goto	u930
  4041     04F0                     u931:
  4042     04F0  2CDE               	goto	l1740
  4043     04F1                     u930:
  4044     04F1                     l1102:
  4045     04F1  0008               	return
  4046     04F2                     __end_of_memset:
  4047                           
  4048                           	psect	text22
  4049     061A                     __ptext22:	
  4050 ;; *************** function _HIBEAM_ON *****************
  4051 ;; Defined at:
  4052 ;;		line 77 in file "mcc_generated_files/LINDrivers/lin_app.c"
  4053 ;; Parameters:    Size  Location     Type
  4054 ;;		None
  4055 ;; Auto vars:     Size  Location     Type
  4056 ;;		None
  4057 ;; Return value:  Size  Location     Type
  4058 ;;                  1    wreg      void 
  4059 ;; Registers used:
  4060 ;;		None
  4061 ;; Tracked objects:
  4062 ;;		On entry : 0/0
  4063 ;;		On exit  : 0/0
  4064 ;;		Unchanged: 0/0
  4065 ;; Data sizes:     COMMON   BANK0   BANK1   BANK2
  4066 ;;      Params:         0       0       0       0
  4067 ;;      Locals:         0       0       0       0
  4068 ;;      Temps:          0       0       0       0
  4069 ;;      Totals:         0       0       0       0
  4070 ;;Total ram usage:        0 bytes
  4071 ;; Hardware stack levels used: 1
  4072 ;; Hardware stack levels required when called: 4
  4073 ;; This function calls:
  4074 ;;		Nothing
  4075 ;; This function is called by:
  4076 ;;		_processLIN
  4077 ;; This function uses a non-reentrant model
  4078 ;;
  4079                           
  4080     061A                     _HIBEAM_ON:	
  4081                           ;psect for function _HIBEAM_ON
  4082                           
  4083     061A                     l41:	
  4084                           ;incstack = 0
  4085                           ; Regs used in _HIBEAM_ON: []
  4086                           
  4087     061A  0140               	movlb	0	; select bank0
  4088     061B  1618               	bsf	24,4	;volatile
  4089     061C                     l43:
  4090     061C  0008               	return
  4091     061D                     __end_of_HIBEAM_ON:
  4092                           
  4093                           	psect	text23
  4094     061D                     __ptext23:	
  4095 ;; *************** function _HIBEAM_OFF *****************
  4096 ;; Defined at:
  4097 ;;		line 78 in file "mcc_generated_files/LINDrivers/lin_app.c"
  4098 ;; Parameters:    Size  Location     Type
  4099 ;;		None
  4100 ;; Auto vars:     Size  Location     Type
  4101 ;;		None
  4102 ;; Return value:  Size  Location     Type
  4103 ;;                  1    wreg      void 
  4104 ;; Registers used:
  4105 ;;		None
  4106 ;; Tracked objects:
  4107 ;;		On entry : 0/0
  4108 ;;		On exit  : 0/0
  4109 ;;		Unchanged: 0/0
  4110 ;; Data sizes:     COMMON   BANK0   BANK1   BANK2
  4111 ;;      Params:         0       0       0       0
  4112 ;;      Locals:         0       0       0       0
  4113 ;;      Temps:          0       0       0       0
  4114 ;;      Totals:         0       0       0       0
  4115 ;;Total ram usage:        0 bytes
  4116 ;; Hardware stack levels used: 1
  4117 ;; Hardware stack levels required when called: 4
  4118 ;; This function calls:
  4119 ;;		Nothing
  4120 ;; This function is called by:
  4121 ;;		_processLIN
  4122 ;; This function uses a non-reentrant model
  4123 ;;
  4124                           
  4125     061D                     _HIBEAM_OFF:	
  4126                           ;psect for function _HIBEAM_OFF
  4127                           
  4128     061D                     l46:	
  4129                           ;incstack = 0
  4130                           ; Regs used in _HIBEAM_OFF: []
  4131                           
  4132     061D  0140               	movlb	0	; select bank0
  4133     061E  1218               	bcf	24,4	;volatile
  4134     061F                     l48:
  4135     061F  0008               	return
  4136     0620                     __end_of_HIBEAM_OFF:
  4137                           
  4138                           	psect	text24
  4139     0620                     __ptext24:	
  4140 ;; *************** function _DRL_ON *****************
  4141 ;; Defined at:
  4142 ;;		line 71 in file "mcc_generated_files/LINDrivers/lin_app.c"
  4143 ;; Parameters:    Size  Location     Type
  4144 ;;		None
  4145 ;; Auto vars:     Size  Location     Type
  4146 ;;		None
  4147 ;; Return value:  Size  Location     Type
  4148 ;;                  1    wreg      void 
  4149 ;; Registers used:
  4150 ;;		None
  4151 ;; Tracked objects:
  4152 ;;		On entry : 0/0
  4153 ;;		On exit  : 0/0
  4154 ;;		Unchanged: 0/0
  4155 ;; Data sizes:     COMMON   BANK0   BANK1   BANK2
  4156 ;;      Params:         0       0       0       0
  4157 ;;      Locals:         0       0       0       0
  4158 ;;      Temps:          0       0       0       0
  4159 ;;      Totals:         0       0       0       0
  4160 ;;Total ram usage:        0 bytes
  4161 ;; Hardware stack levels used: 1
  4162 ;; Hardware stack levels required when called: 4
  4163 ;; This function calls:
  4164 ;;		Nothing
  4165 ;; This function is called by:
  4166 ;;		_processLIN
  4167 ;; This function uses a non-reentrant model
  4168 ;;
  4169                           
  4170     0620                     _DRL_ON:	
  4171                           ;psect for function _DRL_ON
  4172                           
  4173     0620                     l15:	
  4174                           ;incstack = 0
  4175                           ; Regs used in _DRL_ON: []
  4176                           
  4177     0620  0140               	movlb	0	; select bank0
  4178     0621  1498               	bsf	24,1	;volatile
  4179     0622                     l17:
  4180     0622  0008               	return
  4181     0623                     __end_of_DRL_ON:
  4182                           
  4183                           	psect	text25
  4184     0623                     __ptext25:	
  4185 ;; *************** function _DRL_OFF *****************
  4186 ;; Defined at:
  4187 ;;		line 72 in file "mcc_generated_files/LINDrivers/lin_app.c"
  4188 ;; Parameters:    Size  Location     Type
  4189 ;;		None
  4190 ;; Auto vars:     Size  Location     Type
  4191 ;;		None
  4192 ;; Return value:  Size  Location     Type
  4193 ;;                  1    wreg      void 
  4194 ;; Registers used:
  4195 ;;		None
  4196 ;; Tracked objects:
  4197 ;;		On entry : 0/0
  4198 ;;		On exit  : 0/0
  4199 ;;		Unchanged: 0/0
  4200 ;; Data sizes:     COMMON   BANK0   BANK1   BANK2
  4201 ;;      Params:         0       0       0       0
  4202 ;;      Locals:         0       0       0       0
  4203 ;;      Temps:          0       0       0       0
  4204 ;;      Totals:         0       0       0       0
  4205 ;;Total ram usage:        0 bytes
  4206 ;; Hardware stack levels used: 1
  4207 ;; Hardware stack levels required when called: 4
  4208 ;; This function calls:
  4209 ;;		Nothing
  4210 ;; This function is called by:
  4211 ;;		_processLIN
  4212 ;; This function uses a non-reentrant model
  4213 ;;
  4214                           
  4215     0623                     _DRL_OFF:	
  4216                           ;psect for function _DRL_OFF
  4217                           
  4218     0623                     l20:	
  4219                           ;incstack = 0
  4220                           ; Regs used in _DRL_OFF: []
  4221                           
  4222     0623  0140               	movlb	0	; select bank0
  4223     0624  1098               	bcf	24,1	;volatile
  4224     0625                     l22:
  4225     0625  0008               	return
  4226     0626                     __end_of_DRL_OFF:
  4227                           
  4228                           	psect	text26
  4229     05F0                     __ptext26:	
  4230 ;; *************** function _LIN_stopTimer *****************
  4231 ;; Defined at:
  4232 ;;		line 304 in file "mcc_generated_files/LINDrivers/lin_slave.c"
  4233 ;; Parameters:    Size  Location     Type
  4234 ;;		None
  4235 ;; Auto vars:     Size  Location     Type
  4236 ;;		None
  4237 ;; Return value:  Size  Location     Type
  4238 ;;                  1    wreg      void 
  4239 ;; Registers used:
  4240 ;;		status,2
  4241 ;; Tracked objects:
  4242 ;;		On entry : 0/0
  4243 ;;		On exit  : 0/0
  4244 ;;		Unchanged: 0/0
  4245 ;; Data sizes:     COMMON   BANK0   BANK1   BANK2
  4246 ;;      Params:         0       0       0       0
  4247 ;;      Locals:         0       0       0       0
  4248 ;;      Temps:          0       0       0       0
  4249 ;;      Totals:         0       0       0       0
  4250 ;;Total ram usage:        0 bytes
  4251 ;; Hardware stack levels used: 1
  4252 ;; Hardware stack levels required when called: 4
  4253 ;; This function calls:
  4254 ;;		Nothing
  4255 ;; This function is called by:
  4256 ;;		_LIN_init
  4257 ;;		_LIN_handler
  4258 ;; This function uses a non-reentrant model
  4259 ;;
  4260                           
  4261     05F0                     _LIN_stopTimer:	
  4262                           ;psect for function _LIN_stopTimer
  4263                           
  4264     05F0                     l1702:	
  4265                           ;incstack = 0
  4266                           ; Regs used in _LIN_stopTimer: [status,2]
  4267                           
  4268                           
  4269                           ;mcc_generated_files/LINDrivers/lin_slave.c: 305:     __nop();
  4270     05F0  0000               	nop
  4271     05F1                     l1704:
  4272                           
  4273                           ;mcc_generated_files/LINDrivers/lin_slave.c: 307:     CountCallBack = 0;
  4274     05F1  0140               	movlb	0	; select bank0
  4275     05F2  01C1               	clrf	_CountCallBack	;volatile
  4276                           
  4277                           ;mcc_generated_files/LINDrivers/lin_slave.c: 308:     LIN_timerRunning = 0;
  4278     05F3  01C2               	clrf	_LIN_timerRunning
  4279     05F4                     l256:
  4280     05F4  0008               	return
  4281     05F5                     __end_of_LIN_stopTimer:
  4282                           
  4283                           	psect	text27
  4284     0586                     __ptext27:	
  4285 ;; *************** function _LIN_startTimer *****************
  4286 ;; Defined at:
  4287 ;;		line 283 in file "mcc_generated_files/LINDrivers/lin_slave.c"
  4288 ;; Parameters:    Size  Location     Type
  4289 ;;  timeout         1    wreg     unsigned char 
  4290 ;; Auto vars:     Size  Location     Type
  4291 ;;  timeout         1    1[COMMON] unsigned char 
  4292 ;; Return value:  Size  Location     Type
  4293 ;;                  1    wreg      void 
  4294 ;; Registers used:
  4295 ;;		wreg, status,2, status,0, pclath, cstack
  4296 ;; Tracked objects:
  4297 ;;		On entry : 0/0
  4298 ;;		On exit  : 0/0
  4299 ;;		Unchanged: 0/0
  4300 ;; Data sizes:     COMMON   BANK0   BANK1   BANK2
  4301 ;;      Params:         0       0       0       0
  4302 ;;      Locals:         1       0       0       0
  4303 ;;      Temps:          0       0       0       0
  4304 ;;      Totals:         1       0       0       0
  4305 ;;Total ram usage:        1 bytes
  4306 ;; Hardware stack levels used: 1
  4307 ;; Hardware stack levels required when called: 5
  4308 ;; This function calls:
  4309 ;;		_TMR0_WriteTimer
  4310 ;; This function is called by:
  4311 ;;		_LIN_handler
  4312 ;; This function uses a non-reentrant model
  4313 ;;
  4314                           
  4315     0586                     _LIN_startTimer:	
  4316                           ;psect for function _LIN_startTimer
  4317                           
  4318                           
  4319                           ;incstack = 0
  4320                           ; Regs used in _LIN_startTimer: [wreg+status,2+status,0+pclath+cstack]
  4321                           ;LIN_startTimer@timeout stored from wreg
  4322     0586  00F1               	movwf	LIN_startTimer@timeout
  4323     0587                     l1976:
  4324                           
  4325                           ;mcc_generated_files/LINDrivers/lin_slave.c: 284:     LIN_timeout = timeout;
  4326     0587  0871               	movf	LIN_startTimer@timeout,w
  4327     0588  0140               	movlb	0	; select bank0
  4328     0589  00EE               	movwf	_LIN_timeout
  4329     058A                     l1978:
  4330                           
  4331                           ;mcc_generated_files/LINDrivers/lin_slave.c: 285:     TMR0_WriteTimer(0);
  4332     058A  3000               	movlw	0
  4333     058B  3185  25F5  3185   	fcall	_TMR0_WriteTimer
  4334     058E                     l1980:
  4335                           
  4336                           ;mcc_generated_files/LINDrivers/lin_slave.c: 286:     __nop();
  4337     058E  0000               	nop
  4338     058F                     l1982:
  4339                           
  4340                           ;mcc_generated_files/LINDrivers/lin_slave.c: 287:     LIN_timerRunning = 1;
  4341     058F  3001               	movlw	1
  4342     0590  0140               	movlb	0	; select bank0
  4343     0591  00C2               	movwf	_LIN_timerRunning
  4344     0592                     l246:
  4345     0592  0008               	return
  4346     0593                     __end_of_LIN_startTimer:
  4347                           
  4348                           	psect	text28
  4349     05F5                     __ptext28:	
  4350 ;; *************** function _TMR0_WriteTimer *****************
  4351 ;; Defined at:
  4352 ;;		line 109 in file "mcc_generated_files/tmr0.c"
  4353 ;; Parameters:    Size  Location     Type
  4354 ;;  timerVal        1    wreg     unsigned char 
  4355 ;; Auto vars:     Size  Location     Type
  4356 ;;  timerVal        1    0[COMMON] unsigned char 
  4357 ;; Return value:  Size  Location     Type
  4358 ;;                  1    wreg      void 
  4359 ;; Registers used:
  4360 ;;		wreg
  4361 ;; Tracked objects:
  4362 ;;		On entry : 0/0
  4363 ;;		On exit  : 0/0
  4364 ;;		Unchanged: 0/0
  4365 ;; Data sizes:     COMMON   BANK0   BANK1   BANK2
  4366 ;;      Params:         0       0       0       0
  4367 ;;      Locals:         1       0       0       0
  4368 ;;      Temps:          0       0       0       0
  4369 ;;      Totals:         1       0       0       0
  4370 ;;Total ram usage:        1 bytes
  4371 ;; Hardware stack levels used: 1
  4372 ;; Hardware stack levels required when called: 4
  4373 ;; This function calls:
  4374 ;;		Nothing
  4375 ;; This function is called by:
  4376 ;;		_LIN_startTimer
  4377 ;; This function uses a non-reentrant model
  4378 ;;
  4379                           
  4380     05F5                     _TMR0_WriteTimer:	
  4381                           ;psect for function _TMR0_WriteTimer
  4382                           
  4383                           
  4384                           ;incstack = 0
  4385                           ; Regs used in _TMR0_WriteTimer: [wreg]
  4386                           ;TMR0_WriteTimer@timerVal stored from wreg
  4387     05F5  00F0               	movwf	TMR0_WriteTimer@timerVal
  4388     05F6                     l1870:
  4389                           
  4390                           ;mcc_generated_files/tmr0.c: 109: void TMR0_WriteTimer(uint8_t timerVal);mcc_generated_f
      +                          iles/tmr0.c: 110: {;mcc_generated_files/tmr0.c: 112:     TMR0L = timerVal;
  4391     05F6  0870               	movf	TMR0_WriteTimer@timerVal,w
  4392     05F7  014B               	movlb	11	; select bank11
  4393     05F8  009C               	movwf	28	;volatile
  4394     05F9                     l535:
  4395     05F9  0008               	return
  4396     05FA                     __end_of_TMR0_WriteTimer:
  4397                           
  4398                           	psect	text29
  4399     028A                     __ptext29:	
  4400 ;; *************** function _LIN_queuePacket *****************
  4401 ;; Defined at:
  4402 ;;		line 66 in file "mcc_generated_files/LINDrivers/lin_slave.c"
  4403 ;; Parameters:    Size  Location     Type
  4404 ;;  cmd             1    wreg     unsigned char 
  4405 ;; Auto vars:     Size  Location     Type
  4406 ;;  cmd             1    1[BANK0 ] unsigned char 
  4407 ;;  i               1    2[BANK0 ] unsigned char 
  4408 ;;  tempSchedule    2    3[BANK0 ] PTR const struct .
  4409 ;;		 -> NULL(0), scheduleTable(5), 
  4410 ;; Return value:  Size  Location     Type
  4411 ;;                  1    wreg      void 
  4412 ;; Registers used:
  4413 ;;		wreg, fsr0l, fsr0h, fsr1l, fsr1h, status,2, status,0, pclath, cstack
  4414 ;; Tracked objects:
  4415 ;;		On entry : 0/0
  4416 ;;		On exit  : 0/0
  4417 ;;		Unchanged: 0/0
  4418 ;; Data sizes:     COMMON   BANK0   BANK1   BANK2
  4419 ;;      Params:         0       0       0       0
  4420 ;;      Locals:         0       4       0       0
  4421 ;;      Temps:          0       1       0       0
  4422 ;;      Totals:         0       5       0       0
  4423 ;;Total ram usage:        5 bytes
  4424 ;; Hardware stack levels used: 1
  4425 ;; Hardware stack levels required when called: 6
  4426 ;; This function calls:
  4427 ;;		_LIN_getChecksum
  4428 ;;		_LIN_sendPacket
  4429 ;;		_memcpy
  4430 ;; This function is called by:
  4431 ;;		_LIN_handler
  4432 ;; This function uses a non-reentrant model
  4433 ;;
  4434                           
  4435     028A                     _LIN_queuePacket:	
  4436                           ;psect for function _LIN_queuePacket
  4437                           
  4438                           
  4439                           ;incstack = 0
  4440                           ; Regs used in _LIN_queuePacket: [wreg-fsr1h+status,2+status,0+pclath+cstack]
  4441                           ;LIN_queuePacket@cmd stored from wreg
  4442     028A  0140               	movlb	0	; select bank0
  4443     028B  00E6               	movwf	LIN_queuePacket@cmd
  4444     028C                     l2284:
  4445                           
  4446                           ;mcc_generated_files/LINDrivers/lin_slave.c: 67:     const lin_rx_cmd_t* tempSchedule = 
      +                          LIN_rxCommand;
  4447     028C  0861               	movf	_LIN_rxCommand+1,w
  4448     028D  00E9               	movwf	LIN_queuePacket@tempSchedule+1
  4449     028E  0860               	movf	_LIN_rxCommand,w
  4450     028F  00E8               	movwf	LIN_queuePacket@tempSchedule
  4451     0290                     l2286:
  4452                           
  4453                           ;mcc_generated_files/LINDrivers/lin_slave.c: 69:     cmd &= 0x3F;
  4454     0290  303F               	movlw	63
  4455     0291  05E6               	andwf	LIN_queuePacket@cmd,f
  4456     0292                     l2288:
  4457                           
  4458                           ;mcc_generated_files/LINDrivers/lin_slave.c: 70:     for(uint8_t i = 0; i < LIN_rxComman
      +                          dLength; i++){
  4459     0292  01E7               	clrf	LIN_queuePacket@i
  4460     0293  2AA5               	goto	l2298
  4461     0294                     l2290:
  4462                           
  4463                           ;mcc_generated_files/LINDrivers/lin_slave.c: 71:         if(cmd == tempSchedule->cmd){
  4464     0294  0868               	movf	LIN_queuePacket@tempSchedule,w
  4465     0295  0084               	movwf	4
  4466     0296  0869               	movf	LIN_queuePacket@tempSchedule+1,w
  4467     0297  0085               	movwf	5
  4468     0298  0800               	movf	0,w	;code access
  4469     0299  0666               	xorwf	LIN_queuePacket@cmd,w
  4470     029A  1D03               	skipz
  4471     029B  2A9D               	goto	u1791
  4472     029C  2A9E               	goto	u1790
  4473     029D                     u1791:
  4474     029D  2A9F               	goto	l2294
  4475     029E                     u1790:
  4476     029E  2AAB               	goto	l2300
  4477     029F                     l2294:
  4478                           
  4479                           ;mcc_generated_files/LINDrivers/lin_slave.c: 74:         tempSchedule++;
  4480     029F  3005               	movlw	5
  4481     02A0  07E8               	addwf	LIN_queuePacket@tempSchedule,f
  4482     02A1  3000               	movlw	0
  4483     02A2  3DE9               	addwfc	LIN_queuePacket@tempSchedule+1,f
  4484     02A3                     l2296:
  4485                           
  4486                           ;mcc_generated_files/LINDrivers/lin_slave.c: 75:     }
  4487     02A3  3001               	movlw	1
  4488     02A4  07E7               	addwf	LIN_queuePacket@i,f
  4489     02A5                     l2298:
  4490     02A5  0864               	movf	_LIN_rxCommandLength,w
  4491     02A6  0267               	subwf	LIN_queuePacket@i,w
  4492     02A7  1C03               	skipc
  4493     02A8  2AAA               	goto	u1801
  4494     02A9  2AAB               	goto	u1800
  4495     02AA                     u1801:
  4496     02AA  2A94               	goto	l2290
  4497     02AB                     u1800:
  4498     02AB                     l2300:
  4499                           
  4500                           ;mcc_generated_files/LINDrivers/lin_slave.c: 77:     LIN_packet.type = tempSchedule->typ
      +                          e;
  4501     02AB  3001               	movlw	1
  4502     02AC  0768               	addwf	LIN_queuePacket@tempSchedule,w
  4503     02AD  0084               	movwf	4
  4504     02AE  0869               	movf	LIN_queuePacket@tempSchedule+1,w
  4505     02AF  1803               	skipnc
  4506     02B0  3E01               	addlw	1
  4507     02B1  0085               	movwf	5
  4508     02B2  0800               	movf	0,w	;code access
  4509     02B3  00D1               	movwf	_LIN_packet+10
  4510                           
  4511                           ;mcc_generated_files/LINDrivers/lin_slave.c: 78:     LIN_packet.length = tempSchedule->l
      +                          ength;
  4512     02B4  3002               	movlw	2
  4513     02B5  0768               	addwf	LIN_queuePacket@tempSchedule,w
  4514     02B6  0084               	movwf	4
  4515     02B7  0869               	movf	LIN_queuePacket@tempSchedule+1,w
  4516     02B8  1803               	skipnc
  4517     02B9  3E01               	addlw	1
  4518     02BA  0085               	movwf	5
  4519     02BB  0800               	movf	0,w	;code access
  4520     02BC  00D2               	movwf	_LIN_packet+11
  4521     02BD                     l2302:
  4522                           
  4523                           ;mcc_generated_files/LINDrivers/lin_slave.c: 82:     memcpy(LIN_packet.data, tempSchedul
      +                          e->data, LIN_packet.length);
  4524     02BD  3048               	movlw	low (_LIN_packet+1)
  4525     02BE  00F0               	movwf	memcpy@d1
  4526     02BF  3000               	movlw	high (_LIN_packet+1)
  4527     02C0  00F1               	movwf	memcpy@d1+1
  4528     02C1  3003               	movlw	3
  4529     02C2  0768               	addwf	LIN_queuePacket@tempSchedule,w
  4530     02C3  0084               	movwf	4
  4531     02C4  0869               	movf	LIN_queuePacket@tempSchedule+1,w
  4532     02C5  1803               	skipnc
  4533     02C6  3E01               	addlw	1
  4534     02C7  0085               	movwf	5
  4535     02C8  3F00               	moviw [0]fsr0
  4536     02C9  00F2               	movwf	memcpy@s1
  4537     02CA  3F01               	moviw [1]fsr0
  4538     02CB  00F3               	movwf	memcpy@s1+1
  4539     02CC  0852               	movf	_LIN_packet+11,w
  4540     02CD  00F4               	movwf	memcpy@n
  4541     02CE  01F5               	clrf	memcpy@n+1
  4542     02CF  1BF4               	btfsc	memcpy@n,7
  4543     02D0  03F5               	decf	memcpy@n+1,f
  4544     02D1  3184  2483  3182   	fcall	_memcpy
  4545     02D4                     l2304:
  4546                           
  4547                           ;mcc_generated_files/LINDrivers/lin_slave.c: 85:     LIN_packet.checksum = LIN_getChecks
      +                          um(LIN_packet.length, LIN_packet.PID, LIN_packet.data);
  4548     02D4  0140               	movlb	0	; select bank0
  4549     02D5  0847               	movf	_LIN_packet,w
  4550     02D6  00F0               	movwf	LIN_getChecksum@pid
  4551     02D7  3048               	movlw	low (_LIN_packet+1)
  4552     02D8  00F1               	movwf	LIN_getChecksum@data
  4553     02D9  3000               	movlw	high (_LIN_packet+1)
  4554     02DA  00F2               	movwf	LIN_getChecksum@data+1
  4555     02DB  0852               	movf	_LIN_packet+11,w
  4556     02DC  3183  23C2  3182   	fcall	_LIN_getChecksum
  4557     02DF  0140               	movlb	0	; select bank0
  4558     02E0  00D0               	movwf	_LIN_packet+9
  4559     02E1                     l2306:
  4560                           
  4561                           ;mcc_generated_files/LINDrivers/lin_slave.c: 86:     LIN_sendPacket(LIN_packet.length, L
      +                          IN_packet.PID, LIN_packet.data);
  4562     02E1  0847               	movf	_LIN_packet,w
  4563     02E2  00F9               	movwf	LIN_sendPacket@pid
  4564     02E3  3048               	movlw	low (_LIN_packet+1)
  4565     02E4  00FA               	movwf	LIN_sendPacket@data
  4566     02E5  3000               	movlw	high (_LIN_packet+1)
  4567     02E6  00FB               	movwf	LIN_sendPacket@data+1
  4568     02E7  0852               	movf	_LIN_packet+11,w
  4569     02E8  3184  243E  3182   	fcall	_LIN_sendPacket
  4570     02EB                     l166:
  4571     02EB  0008               	return
  4572     02EC                     __end_of_LIN_queuePacket:
  4573                           
  4574                           	psect	text30
  4575     0483                     __ptext30:	
  4576 ;; *************** function _memcpy *****************
  4577 ;; Defined at:
  4578 ;;		line 4 in file "C:\Program Files\Microchip\xc8\v3.00\pic\sources\c99\common\memcpy.c"
  4579 ;; Parameters:    Size  Location     Type
  4580 ;;  d1              2    0[COMMON] PTR void 
  4581 ;;		 -> LIN_packet(13), processLIN@tempRxData(8), 
  4582 ;;  s1              2    2[COMMON] PTR const void 
  4583 ;;		 -> LIN_packet$data(8), LIN_packet(13), SIGNAL_Data(8), 
  4584 ;;  n               2    4[COMMON] unsigned int 
  4585 ;; Auto vars:     Size  Location     Type
  4586 ;;  s               1    8[COMMON] PTR const unsigned char 
  4587 ;;		 -> LIN_packet$data(8), LIN_packet(13), SIGNAL_Data(8), 
  4588 ;;  d               1    7[COMMON] PTR unsigned char 
  4589 ;;		 -> LIN_packet(13), processLIN@tempRxData(8), 
  4590 ;;  tmp             1    6[COMMON] unsigned char 
  4591 ;; Return value:  Size  Location     Type
  4592 ;;                  2    0[COMMON] PTR void 
  4593 ;; Registers used:
  4594 ;;		wreg, fsr1l, fsr1h, status,2, status,0
  4595 ;; Tracked objects:
  4596 ;;		On entry : 0/0
  4597 ;;		On exit  : 0/0
  4598 ;;		Unchanged: 0/0
  4599 ;; Data sizes:     COMMON   BANK0   BANK1   BANK2
  4600 ;;      Params:         6       0       0       0
  4601 ;;      Locals:         3       0       0       0
  4602 ;;      Temps:          0       0       0       0
  4603 ;;      Totals:         9       0       0       0
  4604 ;;Total ram usage:        9 bytes
  4605 ;; Hardware stack levels used: 1
  4606 ;; Hardware stack levels required when called: 4
  4607 ;; This function calls:
  4608 ;;		Nothing
  4609 ;; This function is called by:
  4610 ;;		_LIN_queuePacket
  4611 ;;		_LIN_getPacket
  4612 ;; This function uses a non-reentrant model
  4613 ;;
  4614                           
  4615     0483                     _memcpy:	
  4616                           ;psect for function _memcpy
  4617                           
  4618     0483                     l1710:	
  4619                           ;incstack = 0
  4620                           ; Regs used in _memcpy: [wreg+fsr1l+fsr1h+status,2+status,0]
  4621                           
  4622     0483  0872               	movf	memcpy@s1,w
  4623     0484  00F8               	movwf	memcpy@s
  4624     0485  0870               	movf	memcpy@d1,w
  4625     0486  00F7               	movwf	memcpy@d
  4626     0487  2C96               	goto	l1093
  4627     0488                     l1712:
  4628     0488  0878               	movf	memcpy@s,w
  4629     0489  0086               	movwf	6
  4630     048A  0187               	clrf	7
  4631     048B  0801               	movf	1,w
  4632     048C  00F6               	movwf	memcpy@tmp
  4633     048D                     l1714:
  4634     048D  3001               	movlw	1
  4635     048E  07F8               	addwf	memcpy@s,f
  4636     048F                     l1716:
  4637     048F  0877               	movf	memcpy@d,w
  4638     0490  0086               	movwf	6
  4639     0491  0187               	clrf	7
  4640     0492  0876               	movf	memcpy@tmp,w
  4641     0493  0081               	movwf	1
  4642     0494  3001               	movlw	1
  4643     0495  07F7               	addwf	memcpy@d,f
  4644     0496                     l1093:
  4645     0496  3001               	movlw	1
  4646     0497  02F4               	subwf	memcpy@n,f
  4647     0498  3000               	movlw	0
  4648     0499  3BF5               	subwfb	memcpy@n+1,f
  4649     049A  0A74               	incf	memcpy@n,w
  4650     049B  1D03               	skipz
  4651     049C  2CA1               	goto	u901
  4652     049D  0A75               	incf	memcpy@n+1,w
  4653     049E  1D03               	btfss	3,2
  4654     049F  2CA1               	goto	u901
  4655     04A0  2CA2               	goto	u900
  4656     04A1                     u901:
  4657     04A1  2C88               	goto	l1712
  4658     04A2                     u900:
  4659     04A2                     l1096:
  4660     04A2  0008               	return
  4661     04A3                     __end_of_memcpy:
  4662                           
  4663                           	psect	text31
  4664     043E                     __ptext31:	
  4665 ;; *************** function _LIN_sendPacket *****************
  4666 ;; Defined at:
  4667 ;;		line 192 in file "mcc_generated_files/LINDrivers/lin_slave.c"
  4668 ;; Parameters:    Size  Location     Type
  4669 ;;  length          1    wreg     unsigned char 
  4670 ;;  pid             1    9[COMMON] unsigned char 
  4671 ;;  data            2   10[COMMON] PTR unsigned char 
  4672 ;;		 -> LIN_packet(13), 
  4673 ;; Auto vars:     Size  Location     Type
  4674 ;;  length          1   12[COMMON] unsigned char 
  4675 ;;  i               1   13[COMMON] unsigned char 
  4676 ;; Return value:  Size  Location     Type
  4677 ;;                  1    wreg      void 
  4678 ;; Registers used:
  4679 ;;		wreg, fsr1l, fsr1h, status,2, status,0, pclath, cstack
  4680 ;; Tracked objects:
  4681 ;;		On entry : 0/0
  4682 ;;		On exit  : 0/0
  4683 ;;		Unchanged: 0/0
  4684 ;; Data sizes:     COMMON   BANK0   BANK1   BANK2
  4685 ;;      Params:         3       0       0       0
  4686 ;;      Locals:         2       0       0       0
  4687 ;;      Temps:          0       0       0       0
  4688 ;;      Totals:         5       0       0       0
  4689 ;;Total ram usage:        5 bytes
  4690 ;; Hardware stack levels used: 1
  4691 ;; Hardware stack levels required when called: 5
  4692 ;; This function calls:
  4693 ;;		_EUSART1_Write
  4694 ;;		_LIN_getChecksum
  4695 ;; This function is called by:
  4696 ;;		_LIN_queuePacket
  4697 ;; This function uses a non-reentrant model
  4698 ;;
  4699                           
  4700     043E                     _LIN_sendPacket:	
  4701                           ;psect for function _LIN_sendPacket
  4702                           
  4703                           
  4704                           ;incstack = 0
  4705                           ; Regs used in _LIN_sendPacket: [wreg+fsr1l+fsr1h+status,2+status,0+pclath+cstack]
  4706                           ;LIN_sendPacket@length stored from wreg
  4707     043E  00FC               	movwf	LIN_sendPacket@length
  4708     043F                     l1782:
  4709                           
  4710                           ;mcc_generated_files/LINDrivers/lin_slave.c: 195:     for(uint8_t i = 0; i < length; i++
      +                          ){
  4711     043F  01FD               	clrf	LIN_sendPacket@i
  4712     0440  2C4D               	goto	l1788
  4713     0441                     l1784:
  4714                           
  4715                           ;mcc_generated_files/LINDrivers/lin_slave.c: 196:         EUSART1_Write(*(data + i));
  4716     0441  087D               	movf	LIN_sendPacket@i,w
  4717     0442  077A               	addwf	LIN_sendPacket@data,w
  4718     0443  0086               	movwf	6
  4719     0444  3000               	movlw	0
  4720     0445  3D7B               	addwfc	LIN_sendPacket@data+1,w
  4721     0446  0087               	movwf	7
  4722     0447  0801               	movf	1,w
  4723     0448  3183  23F4  3184   	fcall	_EUSART1_Write
  4724     044B                     l1786:
  4725                           
  4726                           ;mcc_generated_files/LINDrivers/lin_slave.c: 197:     }
  4727     044B  3001               	movlw	1
  4728     044C  07FD               	addwf	LIN_sendPacket@i,f
  4729     044D                     l1788:
  4730     044D  087C               	movf	LIN_sendPacket@length,w
  4731     044E  027D               	subwf	LIN_sendPacket@i,w
  4732     044F  1C03               	skipc
  4733     0450  2C52               	goto	u971
  4734     0451  2C53               	goto	u970
  4735     0452                     u971:
  4736     0452  2C41               	goto	l1784
  4737     0453                     u970:
  4738     0453                     l1790:
  4739                           
  4740                           ;mcc_generated_files/LINDrivers/lin_slave.c: 199:     EUSART1_Write(LIN_getChecksum(leng
      +                          th, pid, data));
  4741     0453  0879               	movf	LIN_sendPacket@pid,w
  4742     0454  00F0               	movwf	LIN_getChecksum@pid
  4743     0455  087B               	movf	LIN_sendPacket@data+1,w
  4744     0456  00F2               	movwf	LIN_getChecksum@data+1
  4745     0457  087A               	movf	LIN_sendPacket@data,w
  4746     0458  00F1               	movwf	LIN_getChecksum@data
  4747     0459  087C               	movf	LIN_sendPacket@length,w
  4748     045A  3183  23C2  3184   	fcall	_LIN_getChecksum
  4749     045D  3183  23F4  3184   	fcall	_EUSART1_Write
  4750     0460                     l211:
  4751     0460  0008               	return
  4752     0461                     __end_of_LIN_sendPacket:
  4753                           
  4754                           	psect	text32
  4755     03C2                     __ptext32:	
  4756 ;; *************** function _LIN_getChecksum *****************
  4757 ;; Defined at:
  4758 ;;		line 270 in file "mcc_generated_files/LINDrivers/lin_slave.c"
  4759 ;; Parameters:    Size  Location     Type
  4760 ;;  length          1    wreg     unsigned char 
  4761 ;;  pid             1    0[COMMON] unsigned char 
  4762 ;;  data            2    1[COMMON] PTR unsigned char 
  4763 ;;		 -> LIN_packet(13), 
  4764 ;; Auto vars:     Size  Location     Type
  4765 ;;  length          1    5[COMMON] unsigned char 
  4766 ;;  i               1    6[COMMON] unsigned char 
  4767 ;;  checksum        2    7[COMMON] unsigned short 
  4768 ;; Return value:  Size  Location     Type
  4769 ;;                  1    wreg      unsigned char 
  4770 ;; Registers used:
  4771 ;;		wreg, fsr1l, fsr1h, status,2, status,0
  4772 ;; Tracked objects:
  4773 ;;		On entry : 0/0
  4774 ;;		On exit  : 0/0
  4775 ;;		Unchanged: 0/0
  4776 ;; Data sizes:     COMMON   BANK0   BANK1   BANK2
  4777 ;;      Params:         3       0       0       0
  4778 ;;      Locals:         4       0       0       0
  4779 ;;      Temps:          2       0       0       0
  4780 ;;      Totals:         9       0       0       0
  4781 ;;Total ram usage:        9 bytes
  4782 ;; Hardware stack levels used: 1
  4783 ;; Hardware stack levels required when called: 4
  4784 ;; This function calls:
  4785 ;;		Nothing
  4786 ;; This function is called by:
  4787 ;;		_LIN_queuePacket
  4788 ;;		_LIN_handler
  4789 ;;		_LIN_sendPacket
  4790 ;; This function uses a non-reentrant model
  4791 ;;
  4792                           
  4793     03C2                     _LIN_getChecksum:	
  4794                           ;psect for function _LIN_getChecksum
  4795                           
  4796                           
  4797                           ;incstack = 0
  4798                           ; Regs used in _LIN_getChecksum: [wreg+fsr1l+fsr1h+status,2+status,0]
  4799                           ;LIN_getChecksum@length stored from wreg
  4800     03C2  00F5               	movwf	LIN_getChecksum@length
  4801     03C3                     l1718:
  4802                           
  4803                           ;mcc_generated_files/LINDrivers/lin_slave.c: 271:     uint16_t checksum = pid;
  4804     03C3  0870               	movf	LIN_getChecksum@pid,w
  4805     03C4  00F3               	movwf	??_LIN_getChecksum
  4806     03C5  01F4               	clrf	??_LIN_getChecksum+1
  4807     03C6  0873               	movf	??_LIN_getChecksum,w
  4808     03C7  00F7               	movwf	LIN_getChecksum@checksum
  4809     03C8  0874               	movf	??_LIN_getChecksum+1,w
  4810     03C9  00F8               	movwf	LIN_getChecksum@checksum+1
  4811     03CA                     l1720:
  4812                           
  4813                           ;mcc_generated_files/LINDrivers/lin_slave.c: 273:     for (uint8_t i = 0; i < length; i+
      +                          +){
  4814     03CA  01F6               	clrf	LIN_getChecksum@i
  4815     03CB  2BEA               	goto	l1732
  4816     03CC                     l1722:
  4817                           
  4818                           ;mcc_generated_files/LINDrivers/lin_slave.c: 274:         checksum = checksum + *data++;
  4819     03CC  0871               	movf	LIN_getChecksum@data,w
  4820     03CD  0086               	movwf	6
  4821     03CE  0872               	movf	LIN_getChecksum@data+1,w
  4822     03CF  0087               	movwf	7
  4823     03D0  0801               	movf	1,w
  4824     03D1  0777               	addwf	LIN_getChecksum@checksum,w
  4825     03D2  00F7               	movwf	LIN_getChecksum@checksum
  4826     03D3  0878               	movf	LIN_getChecksum@checksum+1,w
  4827     03D4  1803               	skipnc
  4828     03D5  0A78               	incf	LIN_getChecksum@checksum+1,w
  4829     03D6  00F8               	movwf	LIN_getChecksum@checksum+1
  4830     03D7                     l1724:
  4831     03D7  3001               	movlw	1
  4832     03D8  07F1               	addwf	LIN_getChecksum@data,f
  4833     03D9  3000               	movlw	0
  4834     03DA  3DF2               	addwfc	LIN_getChecksum@data+1,f
  4835     03DB                     l1726:
  4836                           
  4837                           ;mcc_generated_files/LINDrivers/lin_slave.c: 275:         if(checksum > 0xFF)
  4838     03DB  3001               	movlw	1
  4839     03DC  0278               	subwf	LIN_getChecksum@checksum+1,w
  4840     03DD  3000               	movlw	0
  4841     03DE  1903               	skipnz
  4842     03DF  0277               	subwf	LIN_getChecksum@checksum,w
  4843     03E0  1C03               	skipc
  4844     03E1  2BE3               	goto	u911
  4845     03E2  2BE4               	goto	u910
  4846     03E3                     u911:
  4847     03E3  2BE8               	goto	l1730
  4848     03E4                     u910:
  4849     03E4                     l1728:
  4850                           
  4851                           ;mcc_generated_files/LINDrivers/lin_slave.c: 276:             checksum -= 0xFF;
  4852     03E4  30FF               	movlw	255
  4853     03E5  02F7               	subwf	LIN_getChecksum@checksum,f
  4854     03E6  3000               	movlw	0
  4855     03E7  3BF8               	subwfb	LIN_getChecksum@checksum+1,f
  4856     03E8                     l1730:
  4857                           
  4858                           ;mcc_generated_files/LINDrivers/lin_slave.c: 277:     }
  4859     03E8  3001               	movlw	1
  4860     03E9  07F6               	addwf	LIN_getChecksum@i,f
  4861     03EA                     l1732:
  4862     03EA  0875               	movf	LIN_getChecksum@length,w
  4863     03EB  0276               	subwf	LIN_getChecksum@i,w
  4864     03EC  1C03               	skipc
  4865     03ED  2BEF               	goto	u921
  4866     03EE  2BF0               	goto	u920
  4867     03EF                     u921:
  4868     03EF  2BCC               	goto	l1722
  4869     03F0                     u920:
  4870     03F0                     l242:
  4871                           
  4872                           ;mcc_generated_files/LINDrivers/lin_slave.c: 278:     checksum = ~checksum;
  4873     03F0  09F7               	comf	LIN_getChecksum@checksum,f
  4874     03F1  09F8               	comf	LIN_getChecksum@checksum+1,f
  4875     03F2                     l1734:
  4876                           
  4877                           ;mcc_generated_files/LINDrivers/lin_slave.c: 280:     return (uint8_t)checksum;
  4878     03F2  0877               	movf	LIN_getChecksum@checksum,w
  4879     03F3                     l243:
  4880     03F3  0008               	return
  4881     03F4                     __end_of_LIN_getChecksum:
  4882                           
  4883                           	psect	text33
  4884     03F4                     __ptext33:	
  4885 ;; *************** function _EUSART1_Write *****************
  4886 ;; Defined at:
  4887 ;;		line 173 in file "mcc_generated_files/eusart1.c"
  4888 ;; Parameters:    Size  Location     Type
  4889 ;;  txData          1    wreg     unsigned char 
  4890 ;; Auto vars:     Size  Location     Type
  4891 ;;  txData          1    0[COMMON] unsigned char 
  4892 ;; Return value:  Size  Location     Type
  4893 ;;                  1    wreg      void 
  4894 ;; Registers used:
  4895 ;;		wreg, fsr1l, fsr1h, status,2, status,0
  4896 ;; Tracked objects:
  4897 ;;		On entry : 0/0
  4898 ;;		On exit  : 0/0
  4899 ;;		Unchanged: 0/0
  4900 ;; Data sizes:     COMMON   BANK0   BANK1   BANK2
  4901 ;;      Params:         0       0       0       0
  4902 ;;      Locals:         1       0       0       0
  4903 ;;      Temps:          0       0       0       0
  4904 ;;      Totals:         1       0       0       0
  4905 ;;Total ram usage:        1 bytes
  4906 ;; Hardware stack levels used: 1
  4907 ;; Hardware stack levels required when called: 4
  4908 ;; This function calls:
  4909 ;;		Nothing
  4910 ;; This function is called by:
  4911 ;;		_LIN_sendPacket
  4912 ;; This function uses a non-reentrant model
  4913 ;;
  4914                           
  4915     03F4                     _EUSART1_Write:	
  4916                           ;psect for function _EUSART1_Write
  4917                           
  4918                           
  4919                           ;incstack = 0
  4920                           ; Regs used in _EUSART1_Write: [wreg+fsr1l+fsr1h+status,2+status,0]
  4921                           ;EUSART1_Write@txData stored from wreg
  4922     03F4  00F0               	movwf	EUSART1_Write@txData
  4923     03F5                     l1746:
  4924     03F5                     l1748:	
  4925                           ;mcc_generated_files/eusart1.c: 173: void EUSART1_Write(uint8_t txData);mcc_generated_fi
      +                          les/eusart1.c: 174: {;mcc_generated_files/eusart1.c: 175:     while(0 == eusart1TxBuffer
      +                          Remaining)
  4926                           
  4927                           
  4928                           ;mcc_generated_files/eusart1.c: 175:     while(0 == eusart1TxBufferRemaining)
  4929     03F5  0140               	movlb	0	; select bank0
  4930     03F6  083C               	movf	_eusart1TxBufferRemaining,w	;volatile
  4931     03F7  1903               	btfsc	3,2
  4932     03F8  2BFA               	goto	u941
  4933     03F9  2BFB               	goto	u940
  4934     03FA                     u941:
  4935     03FA  2BF5               	goto	l1748
  4936     03FB                     u940:
  4937     03FB                     l365:
  4938                           
  4939                           ;mcc_generated_files/eusart1.c: 179:     if(0 == PIE1bits.TX1IE)
  4940     03FB  014E               	movlb	14	; select bank14
  4941     03FC  1997               	btfsc	23,3	;volatile
  4942     03FD  2BFF               	goto	u951
  4943     03FE  2C00               	goto	u950
  4944     03FF                     u951:
  4945     03FF  2C04               	goto	l366
  4946     0400                     u950:
  4947     0400                     l1750:
  4948                           
  4949                           ;mcc_generated_files/eusart1.c: 180:     {;mcc_generated_files/eusart1.c: 181:         T
      +                          X1REG = txData;
  4950     0400  0870               	movf	EUSART1_Write@txData,w
  4951     0401  0142               	movlb	2	; select bank2
  4952     0402  009A               	movwf	26	;volatile
  4953                           
  4954                           ;mcc_generated_files/eusart1.c: 182:     }
  4955     0403  2C17               	goto	l1762
  4956     0404                     l366:	
  4957                           ;mcc_generated_files/eusart1.c: 183:     else
  4958                           
  4959                           
  4960                           ;mcc_generated_files/eusart1.c: 184:     {;mcc_generated_files/eusart1.c: 185:         P
      +                          IE1bits.TX1IE = 0;
  4961     0404  1197               	bcf	23,3	;volatile
  4962     0405                     l1752:
  4963                           
  4964                           ;mcc_generated_files/eusart1.c: 186:         eusart1TxBuffer[eusart1TxHead++] = txData;
  4965     0405  0140               	movlb	0	; select bank0
  4966     0406  083E               	movf	_eusart1TxHead,w
  4967     0407  3E30               	addlw	(low (_eusart1TxBuffer| 0))& (0+255)
  4968     0408  0086               	movwf	6
  4969     0409  0187               	clrf	7
  4970     040A  0870               	movf	EUSART1_Write@txData,w
  4971     040B  0081               	movwf	1
  4972     040C                     l1754:
  4973     040C  3001               	movlw	1
  4974     040D  07BE               	addwf	_eusart1TxHead,f	;volatile
  4975     040E                     l1756:
  4976                           
  4977                           ;mcc_generated_files/eusart1.c: 187:         if(sizeof(eusart1TxBuffer) <= eusart1TxHead
      +                          )
  4978     040E  3008               	movlw	8
  4979     040F  023E               	subwf	_eusart1TxHead,w	;volatile
  4980     0410  1C03               	skipc
  4981     0411  2C13               	goto	u961
  4982     0412  2C14               	goto	u960
  4983     0413                     u961:
  4984     0413  2C15               	goto	l1760
  4985     0414                     u960:
  4986     0414                     l1758:
  4987                           
  4988                           ;mcc_generated_files/eusart1.c: 188:         {;mcc_generated_files/eusart1.c: 189:      
      +                                 eusart1TxHead = 0;
  4989     0414  01BE               	clrf	_eusart1TxHead	;volatile
  4990     0415                     l1760:
  4991                           
  4992                           ;mcc_generated_files/eusart1.c: 191:         eusart1TxBufferRemaining--;
  4993     0415  3001               	movlw	1
  4994     0416  02BC               	subwf	_eusart1TxBufferRemaining,f	;volatile
  4995     0417                     l1762:
  4996                           
  4997                           ;mcc_generated_files/eusart1.c: 193:     PIE1bits.TX1IE = 1;
  4998     0417  014E               	movlb	14	; select bank14
  4999     0418  1597               	bsf	23,3	;volatile
  5000     0419                     l369:
  5001     0419  0008               	return
  5002     041A                     __end_of_EUSART1_Write:
  5003                           
  5004                           	psect	text34
  5005     05FA                     __ptext34:	
  5006 ;; *************** function _LIN_enableRx *****************
  5007 ;; Defined at:
  5008 ;;		line 311 in file "mcc_generated_files/LINDrivers/lin_slave.c"
  5009 ;; Parameters:    Size  Location     Type
  5010 ;;		None
  5011 ;; Auto vars:     Size  Location     Type
  5012 ;;		None
  5013 ;; Return value:  Size  Location     Type
  5014 ;;                  1    wreg      void 
  5015 ;; Registers used:
  5016 ;;		None
  5017 ;; Tracked objects:
  5018 ;;		On entry : 0/0
  5019 ;;		On exit  : 0/0
  5020 ;;		Unchanged: 0/0
  5021 ;; Data sizes:     COMMON   BANK0   BANK1   BANK2
  5022 ;;      Params:         0       0       0       0
  5023 ;;      Locals:         0       0       0       0
  5024 ;;      Temps:          0       0       0       0
  5025 ;;      Totals:         0       0       0       0
  5026 ;;Total ram usage:        0 bytes
  5027 ;; Hardware stack levels used: 1
  5028 ;; Hardware stack levels required when called: 4
  5029 ;; This function calls:
  5030 ;;		Nothing
  5031 ;; This function is called by:
  5032 ;;		_LIN_init
  5033 ;;		_LIN_handler
  5034 ;; This function uses a non-reentrant model
  5035 ;;
  5036                           
  5037     05FA                     _LIN_enableRx:	
  5038                           ;psect for function _LIN_enableRx
  5039                           
  5040     05FA                     l1706:	
  5041                           ;incstack = 0
  5042                           ; Regs used in _LIN_enableRx: []
  5043                           
  5044                           
  5045                           ;mcc_generated_files/LINDrivers/lin_slave.c: 312:     RC1STAbits.CREN = 1;
  5046     05FA  0142               	movlb	2	; select bank2
  5047     05FB  161D               	bsf	29,4	;volatile
  5048                           
  5049                           ;mcc_generated_files/LINDrivers/lin_slave.c: 313:     PIE1bits.RC1IE = 1;
  5050     05FC  014E               	movlb	14	; select bank14
  5051     05FD  1617               	bsf	23,4	;volatile
  5052     05FE                     l259:
  5053     05FE  0008               	return
  5054     05FF                     __end_of_LIN_enableRx:
  5055                           
  5056                           	psect	text35
  5057     05FF                     __ptext35:	
  5058 ;; *************** function _LIN_disableRx *****************
  5059 ;; Defined at:
  5060 ;;		line 316 in file "mcc_generated_files/LINDrivers/lin_slave.c"
  5061 ;; Parameters:    Size  Location     Type
  5062 ;;		None
  5063 ;; Auto vars:     Size  Location     Type
  5064 ;;		None
  5065 ;; Return value:  Size  Location     Type
  5066 ;;                  1    wreg      void 
  5067 ;; Registers used:
  5068 ;;		None
  5069 ;; Tracked objects:
  5070 ;;		On entry : 0/0
  5071 ;;		On exit  : 0/0
  5072 ;;		Unchanged: 0/0
  5073 ;; Data sizes:     COMMON   BANK0   BANK1   BANK2
  5074 ;;      Params:         0       0       0       0
  5075 ;;      Locals:         0       0       0       0
  5076 ;;      Temps:          0       0       0       0
  5077 ;;      Totals:         0       0       0       0
  5078 ;;Total ram usage:        0 bytes
  5079 ;; Hardware stack levels used: 1
  5080 ;; Hardware stack levels required when called: 4
  5081 ;; This function calls:
  5082 ;;		Nothing
  5083 ;; This function is called by:
  5084 ;;		_LIN_handler
  5085 ;; This function uses a non-reentrant model
  5086 ;;
  5087                           
  5088     05FF                     _LIN_disableRx:	
  5089                           ;psect for function _LIN_disableRx
  5090                           
  5091     05FF                     l2012:	
  5092                           ;incstack = 0
  5093                           ; Regs used in _LIN_disableRx: []
  5094                           
  5095                           
  5096                           ;mcc_generated_files/LINDrivers/lin_slave.c: 317:     RC1STAbits.CREN = 0;
  5097     05FF  0142               	movlb	2	; select bank2
  5098     0600  121D               	bcf	29,4	;volatile
  5099                           
  5100                           ;mcc_generated_files/LINDrivers/lin_slave.c: 318:     PIE1bits.RC1IE = 0;
  5101     0601  014E               	movlb	14	; select bank14
  5102     0602  1217               	bcf	23,4	;volatile
  5103     0603                     l262:
  5104     0603  0008               	return
  5105     0604                     __end_of_LIN_disableRx:
  5106                           
  5107                           	psect	text36
  5108     04C1                     __ptext36:	
  5109 ;; *************** function _LIN_checkPID *****************
  5110 ;; Defined at:
  5111 ;;		line 241 in file "mcc_generated_files/LINDrivers/lin_slave.c"
  5112 ;; Parameters:    Size  Location     Type
  5113 ;;  pid             1    wreg     unsigned char 
  5114 ;; Auto vars:     Size  Location     Type
  5115 ;;  pid             1    7[COMMON] unsigned char 
  5116 ;; Return value:  Size  Location     Type
  5117 ;;                  1    wreg      _Bool 
  5118 ;; Registers used:
  5119 ;;		wreg, fsr0l, fsr0h, status,2, status,0, pclath, cstack
  5120 ;; Tracked objects:
  5121 ;;		On entry : 0/0
  5122 ;;		On exit  : 0/0
  5123 ;;		Unchanged: 0/0
  5124 ;; Data sizes:     COMMON   BANK0   BANK1   BANK2
  5125 ;;      Params:         0       0       0       0
  5126 ;;      Locals:         1       0       0       0
  5127 ;;      Temps:          0       0       0       0
  5128 ;;      Totals:         1       0       0       0
  5129 ;;Total ram usage:        1 bytes
  5130 ;; Hardware stack levels used: 1
  5131 ;; Hardware stack levels required when called: 5
  5132 ;; This function calls:
  5133 ;;		_LIN_calcParity
  5134 ;;		_LIN_getFromTable
  5135 ;; This function is called by:
  5136 ;;		_LIN_handler
  5137 ;; This function uses a non-reentrant model
  5138 ;;
  5139                           
  5140     04C1                     _LIN_checkPID:	
  5141                           ;psect for function _LIN_checkPID
  5142                           
  5143                           
  5144                           ;incstack = 0
  5145                           ; Regs used in _LIN_checkPID: [wreg-fsr0h+status,2+status,0+pclath+cstack]
  5146                           ;LIN_checkPID@pid stored from wreg
  5147     04C1  00F7               	movwf	LIN_checkPID@pid
  5148     04C2                     l1996:
  5149                           
  5150                           ;mcc_generated_files/LINDrivers/lin_slave.c: 242:     if(LIN_getFromTable(pid, TYPE) == 
      +                          ERROR)
  5151     04C2  01F0               	clrf	LIN_getFromTable@param
  5152     04C3  0AF0               	incf	LIN_getFromTable@param,f
  5153     04C4  0877               	movf	LIN_checkPID@pid,w
  5154     04C5  3182  22EC  3184   	fcall	_LIN_getFromTable
  5155     04C8  3A02               	xorlw	2
  5156     04C9  1D03               	skipz
  5157     04CA  2CCC               	goto	u1481
  5158     04CB  2CCD               	goto	u1480
  5159     04CC                     u1481:
  5160     04CC  2CCF               	goto	l2002
  5161     04CD                     u1480:
  5162     04CD                     l1998:
  5163                           
  5164                           ;mcc_generated_files/LINDrivers/lin_slave.c: 243:         return 0;
  5165     04CD  3000               	movlw	0
  5166     04CE  2CDA               	goto	l232
  5167     04CF                     l2002:
  5168                           
  5169                           ;mcc_generated_files/LINDrivers/lin_slave.c: 245:     if(pid == LIN_calcParity(pid & 0x3
      +                          F))
  5170     04CF  0877               	movf	LIN_checkPID@pid,w
  5171     04D0  393F               	andlw	63
  5172     04D1  3181  2189  3184   	fcall	_LIN_calcParity
  5173     04D4  0677               	xorwf	LIN_checkPID@pid,w
  5174     04D5  1D03               	skipz
  5175     04D6  2CD8               	goto	u1491
  5176     04D7  2CD9               	goto	u1490
  5177     04D8                     u1491:
  5178     04D8  2CCD               	goto	l1998
  5179     04D9                     u1490:
  5180     04D9                     l2004:
  5181                           
  5182                           ;mcc_generated_files/LINDrivers/lin_slave.c: 246:         return 1;
  5183     04D9  3001               	movlw	1
  5184     04DA                     l232:
  5185     04DA  0008               	return
  5186     04DB                     __end_of_LIN_checkPID:
  5187                           
  5188                           	psect	text37
  5189     02EC                     __ptext37:	
  5190 ;; *************** function _LIN_getFromTable *****************
  5191 ;; Defined at:
  5192 ;;		line 211 in file "mcc_generated_files/LINDrivers/lin_slave.c"
  5193 ;; Parameters:    Size  Location     Type
  5194 ;;  cmd             1    wreg     unsigned char 
  5195 ;;  param           1    0[COMMON] enum E221
  5196 ;; Auto vars:     Size  Location     Type
  5197 ;;  cmd             1    3[COMMON] unsigned char 
  5198 ;;  length          1    4[COMMON] unsigned char 
  5199 ;;  rxCommand       2    5[COMMON] PTR const struct .
  5200 ;;		 -> NULL(0), scheduleTable(5), 
  5201 ;; Return value:  Size  Location     Type
  5202 ;;                  1    wreg      unsigned char 
  5203 ;; Registers used:
  5204 ;;		wreg, fsr0l, fsr0h, status,2, status,0, pclath
  5205 ;; Tracked objects:
  5206 ;;		On entry : 0/0
  5207 ;;		On exit  : 0/0
  5208 ;;		Unchanged: 0/0
  5209 ;; Data sizes:     COMMON   BANK0   BANK1   BANK2
  5210 ;;      Params:         1       0       0       0
  5211 ;;      Locals:         4       0       0       0
  5212 ;;      Temps:          2       0       0       0
  5213 ;;      Totals:         7       0       0       0
  5214 ;;Total ram usage:        7 bytes
  5215 ;; Hardware stack levels used: 1
  5216 ;; Hardware stack levels required when called: 4
  5217 ;; This function calls:
  5218 ;;		Nothing
  5219 ;; This function is called by:
  5220 ;;		_LIN_handler
  5221 ;;		_LIN_checkPID
  5222 ;; This function uses a non-reentrant model
  5223 ;;
  5224                           
  5225     02EC                     _LIN_getFromTable:	
  5226                           ;psect for function _LIN_getFromTable
  5227                           
  5228                           
  5229                           ;incstack = 0
  5230                           ; Regs used in _LIN_getFromTable: [wreg-fsr0h+status,2+status,0+pclath]
  5231                           ;LIN_getFromTable@cmd stored from wreg
  5232     02EC  00F3               	movwf	LIN_getFromTable@cmd
  5233     02ED                     l1814:
  5234                           
  5235                           ;mcc_generated_files/LINDrivers/lin_slave.c: 212:     const lin_rx_cmd_t* rxCommand = LI
      +                          N_rxCommand;
  5236     02ED  0140               	movlb	0	; select bank0
  5237     02EE  0861               	movf	_LIN_rxCommand+1,w
  5238     02EF  00F6               	movwf	LIN_getFromTable@rxCommand+1
  5239     02F0  0860               	movf	_LIN_rxCommand,w
  5240     02F1  00F5               	movwf	LIN_getFromTable@rxCommand
  5241     02F2                     l1816:
  5242                           
  5243                           ;mcc_generated_files/LINDrivers/lin_slave.c: 214:     cmd &= 0x3F;
  5244     02F2  303F               	movlw	63
  5245     02F3  05F3               	andwf	LIN_getFromTable@cmd,f
  5246     02F4                     l1818:
  5247                           
  5248                           ;mcc_generated_files/LINDrivers/lin_slave.c: 216:     for(uint8_t length = 0; length < L
      +                          IN_rxCommandLength; length++){
  5249     02F4  01F4               	clrf	LIN_getFromTable@length
  5250     02F5  2B17               	goto	l1832
  5251     02F6                     l1820:
  5252                           
  5253                           ;mcc_generated_files/LINDrivers/lin_slave.c: 217:         if(cmd == rxCommand->cmd){
  5254     02F6  0875               	movf	LIN_getFromTable@rxCommand,w
  5255     02F7  0084               	movwf	4
  5256     02F8  0876               	movf	LIN_getFromTable@rxCommand+1,w
  5257     02F9  0085               	movwf	5
  5258     02FA  0800               	movf	0,w	;code access
  5259     02FB  0673               	xorwf	LIN_getFromTable@cmd,w
  5260     02FC  1D03               	skipz
  5261     02FD  2AFF               	goto	u1001
  5262     02FE  2B00               	goto	u1000
  5263     02FF                     u1001:
  5264     02FF  2B01               	goto	l1824
  5265     0300                     u1000:
  5266     0300  2B36               	goto	l1848
  5267     0301                     l1824:
  5268                           
  5269                           ;mcc_generated_files/LINDrivers/lin_slave.c: 220:         rxCommand++;
  5270     0301  3005               	movlw	5
  5271     0302  07F5               	addwf	LIN_getFromTable@rxCommand,f
  5272     0303  3000               	movlw	0
  5273     0304  3DF6               	addwfc	LIN_getFromTable@rxCommand+1,f
  5274                           
  5275                           ;mcc_generated_files/LINDrivers/lin_slave.c: 222:         if(length == (LIN_rxCommandLen
      +                          gth-1)){
  5276     0305  0864               	movf	_LIN_rxCommandLength,w
  5277     0306  3EFF               	addlw	255
  5278     0307  00F1               	movwf	??_LIN_getFromTable
  5279     0308  30FF               	movlw	255
  5280     0309  1803               	skipnc
  5281     030A  3000               	movlw	0
  5282     030B  00F2               	movwf	??_LIN_getFromTable+1
  5283     030C  0874               	movf	LIN_getFromTable@length,w
  5284     030D  0671               	xorwf	??_LIN_getFromTable,w
  5285     030E  0472               	iorwf	??_LIN_getFromTable+1,w
  5286     030F  1D03               	skipz
  5287     0310  2B12               	goto	u1011
  5288     0311  2B13               	goto	u1010
  5289     0312                     u1011:
  5290     0312  2B15               	goto	l1830
  5291     0313                     u1010:
  5292     0313                     l1826:
  5293                           
  5294                           ;mcc_generated_files/LINDrivers/lin_slave.c: 223:             return ERROR;
  5295     0313  3002               	movlw	2
  5296     0314  2B49               	goto	l222
  5297     0315                     l1830:
  5298                           
  5299                           ;mcc_generated_files/LINDrivers/lin_slave.c: 225:     }
  5300     0315  3001               	movlw	1
  5301     0316  07F4               	addwf	LIN_getFromTable@length,f
  5302     0317                     l1832:
  5303     0317  0864               	movf	_LIN_rxCommandLength,w
  5304     0318  0274               	subwf	LIN_getFromTable@length,w
  5305     0319  1C03               	skipc
  5306     031A  2B1C               	goto	u1021
  5307     031B  2B1D               	goto	u1020
  5308     031C                     u1021:
  5309     031C  2AF6               	goto	l1820
  5310     031D                     u1020:
  5311     031D  2B36               	goto	l1848
  5312     031E                     l1834:
  5313                           
  5314                           ;mcc_generated_files/LINDrivers/lin_slave.c: 229:             return rxCommand->cmd;
  5315     031E  0875               	movf	LIN_getFromTable@rxCommand,w
  5316     031F  0084               	movwf	4
  5317     0320  0876               	movf	LIN_getFromTable@rxCommand+1,w
  5318     0321  0085               	movwf	5
  5319     0322  0800               	movf	0,w	;code access
  5320     0323  2B49               	goto	l222
  5321     0324                     l1838:
  5322                           
  5323                           ;mcc_generated_files/LINDrivers/lin_slave.c: 231:             return rxCommand->type;
  5324     0324  3001               	movlw	1
  5325     0325  0775               	addwf	LIN_getFromTable@rxCommand,w
  5326     0326  0084               	movwf	4
  5327     0327  0876               	movf	LIN_getFromTable@rxCommand+1,w
  5328     0328  1803               	skipnc
  5329     0329  3E01               	addlw	1
  5330     032A  0085               	movwf	5
  5331     032B  0800               	movf	0,w	;code access
  5332     032C  2B49               	goto	l222
  5333     032D                     l1842:
  5334                           
  5335                           ;mcc_generated_files/LINDrivers/lin_slave.c: 233:             return rxCommand->length;
  5336     032D  3002               	movlw	2
  5337     032E  0775               	addwf	LIN_getFromTable@rxCommand,w
  5338     032F  0084               	movwf	4
  5339     0330  0876               	movf	LIN_getFromTable@rxCommand+1,w
  5340     0331  1803               	skipnc
  5341     0332  3E01               	addlw	1
  5342     0333  0085               	movwf	5
  5343     0334  0800               	movf	0,w	;code access
  5344     0335  2B49               	goto	l222
  5345     0336                     l1848:
  5346     0336  0870               	movf	LIN_getFromTable@param,w
  5347     0337  00F1               	movwf	??_LIN_getFromTable
  5348     0338  01F2               	clrf	??_LIN_getFromTable+1
  5349                           
  5350                           ; Switch on 2 bytes has been partitioned into a top level switch of size 1, and 1 sub-sw
      +                          itches
  5351                           ; Switch size 1, requested type "simple"
  5352                           ; Number of cases is 1, Range of values is 0 to 0
  5353                           ; switch strategies available:
  5354                           ; Name         Instructions Cycles
  5355                           ; simple_byte            4     3 (average)
  5356                           ; direct_byte            8     6 (fixed)
  5357                           ; jumptable            260     6 (fixed)
  5358                           ;	Chosen strategy is simple_byte
  5359     0339  0872               	movf	??_LIN_getFromTable+1,w
  5360     033A  3A00               	xorlw	0	; case 0
  5361     033B  1903               	skipnz
  5362     033C  2B3E               	goto	l2478
  5363     033D  2B13               	goto	l1826
  5364     033E                     l2478:
  5365                           
  5366                           ; Switch size 1, requested type "simple"
  5367                           ; Number of cases is 3, Range of values is 0 to 2
  5368                           ; switch strategies available:
  5369                           ; Name         Instructions Cycles
  5370                           ; simple_byte           10     6 (average)
  5371                           ; direct_byte           12     6 (fixed)
  5372                           ; jumptable            260     6 (fixed)
  5373                           ;	Chosen strategy is simple_byte
  5374     033E  0871               	movf	??_LIN_getFromTable,w
  5375     033F  3A00               	xorlw	0	; case 0
  5376     0340  1903               	skipnz
  5377     0341  2B1E               	goto	l1834
  5378     0342  3A01               	xorlw	1	; case 1
  5379     0343  1903               	skipnz
  5380     0344  2B24               	goto	l1838
  5381     0345  3A03               	xorlw	3	; case 2
  5382     0346  1903               	skipnz
  5383     0347  2B2D               	goto	l1842
  5384     0348  2B13               	goto	l1826
  5385     0349                     l222:
  5386     0349  0008               	return
  5387     034A                     __end_of_LIN_getFromTable:
  5388                           
  5389                           	psect	text38
  5390     0189                     __ptext38:	
  5391 ;; *************** function _LIN_calcParity *****************
  5392 ;; Defined at:
  5393 ;;		line 252 in file "mcc_generated_files/LINDrivers/lin_slave.c"
  5394 ;; Parameters:    Size  Location     Type
  5395 ;;  CMD             1    wreg     unsigned char 
  5396 ;; Auto vars:     Size  Location     Type
  5397 ;;  CMD             1    1[COMMON] unsigned char 
  5398 ;;  PID             1    2[COMMON] struct .
  5399 ;; Return value:  Size  Location     Type
  5400 ;;                  1    wreg      unsigned char 
  5401 ;; Registers used:
  5402 ;;		wreg, status,0
  5403 ;; Tracked objects:
  5404 ;;		On entry : 0/0
  5405 ;;		On exit  : 0/0
  5406 ;;		Unchanged: 0/0
  5407 ;; Data sizes:     COMMON   BANK0   BANK1   BANK2
  5408 ;;      Params:         0       0       0       0
  5409 ;;      Locals:         2       0       0       0
  5410 ;;      Temps:          1       0       0       0
  5411 ;;      Totals:         3       0       0       0
  5412 ;;Total ram usage:        3 bytes
  5413 ;; Hardware stack levels used: 1
  5414 ;; Hardware stack levels required when called: 4
  5415 ;; This function calls:
  5416 ;;		Nothing
  5417 ;; This function is called by:
  5418 ;;		_LIN_checkPID
  5419 ;; This function uses a non-reentrant model
  5420 ;;
  5421                           
  5422     0189                     _LIN_calcParity:	
  5423                           ;psect for function _LIN_calcParity
  5424                           
  5425                           
  5426                           ;incstack = 0
  5427                           ; Regs used in _LIN_calcParity: [wreg+status,0]
  5428                           ;LIN_calcParity@CMD stored from wreg
  5429     0189  00F1               	movwf	LIN_calcParity@CMD
  5430     018A                     l1862:
  5431                           
  5432                           ;mcc_generated_files/LINDrivers/lin_slave.c: 253:     lin_pid_t PID;;mcc_generated_files
      +                          /LINDrivers/lin_slave.c: 254:     PID.rawPID = CMD;
  5433     018A  0871               	movf	LIN_calcParity@CMD,w
  5434     018B  00F2               	movwf	LIN_calcParity@PID
  5435                           
  5436                           ;mcc_generated_files/LINDrivers/lin_slave.c: 259:     PID.P0 = PID.ID0 ^ PID.ID1;
  5437     018C  18F2               	btfsc	LIN_calcParity@PID,1
  5438     018D  298F               	goto	u1031
  5439     018E  2991               	goto	u1030
  5440     018F                     u1031:
  5441     018F  3001               	movlw	1
  5442     0190  2992               	goto	u1032
  5443     0191                     u1030:
  5444     0191  3000               	movlw	0
  5445     0192                     u1032:
  5446     0192  00F0               	movwf	??_LIN_calcParity
  5447     0193  1872               	btfsc	LIN_calcParity@PID,0
  5448     0194  2996               	goto	u1041
  5449     0195  2998               	goto	u1040
  5450     0196                     u1041:
  5451     0196  3001               	movlw	1
  5452     0197  2999               	goto	u1042
  5453     0198                     u1040:
  5454     0198  3000               	movlw	0
  5455     0199                     u1042:
  5456     0199  0670               	xorwf	??_LIN_calcParity,w
  5457     019A  1D03               	skipz
  5458     019B  299D               	goto	u1051
  5459     019C  299F               	goto	u1050
  5460     019D                     u1051:
  5461     019D  1772               	bsf	LIN_calcParity@PID,6
  5462     019E  29A0               	goto	u1064
  5463     019F                     u1050:
  5464     019F  1372               	bcf	LIN_calcParity@PID,6
  5465     01A0                     u1064:
  5466                           
  5467                           ;mcc_generated_files/LINDrivers/lin_slave.c: 260:     PID.P0 = PID.P0 ^ PID.ID2;
  5468     01A0  1972               	btfsc	LIN_calcParity@PID,2
  5469     01A1  29A3               	goto	u1071
  5470     01A2  29A5               	goto	u1070
  5471     01A3                     u1071:
  5472     01A3  3001               	movlw	1
  5473     01A4  29A6               	goto	u1072
  5474     01A5                     u1070:
  5475     01A5  3000               	movlw	0
  5476     01A6                     u1072:
  5477     01A6  00F0               	movwf	??_LIN_calcParity
  5478     01A7  1B72               	btfsc	LIN_calcParity@PID,6
  5479     01A8  29AA               	goto	u1081
  5480     01A9  29AC               	goto	u1080
  5481     01AA                     u1081:
  5482     01AA  3001               	movlw	1
  5483     01AB  29AD               	goto	u1082
  5484     01AC                     u1080:
  5485     01AC  3000               	movlw	0
  5486     01AD                     u1082:
  5487     01AD  0670               	xorwf	??_LIN_calcParity,w
  5488     01AE  1D03               	skipz
  5489     01AF  29B1               	goto	u1091
  5490     01B0  29B3               	goto	u1090
  5491     01B1                     u1091:
  5492     01B1  1772               	bsf	LIN_calcParity@PID,6
  5493     01B2  29B4               	goto	u1104
  5494     01B3                     u1090:
  5495     01B3  1372               	bcf	LIN_calcParity@PID,6
  5496     01B4                     u1104:
  5497                           
  5498                           ;mcc_generated_files/LINDrivers/lin_slave.c: 261:     PID.P0 = PID.P0 ^ PID.ID4;
  5499     01B4  1A72               	btfsc	LIN_calcParity@PID,4
  5500     01B5  29B7               	goto	u1111
  5501     01B6  29B9               	goto	u1110
  5502     01B7                     u1111:
  5503     01B7  3001               	movlw	1
  5504     01B8  29BA               	goto	u1112
  5505     01B9                     u1110:
  5506     01B9  3000               	movlw	0
  5507     01BA                     u1112:
  5508     01BA  00F0               	movwf	??_LIN_calcParity
  5509     01BB  1B72               	btfsc	LIN_calcParity@PID,6
  5510     01BC  29BE               	goto	u1121
  5511     01BD  29C0               	goto	u1120
  5512     01BE                     u1121:
  5513     01BE  3001               	movlw	1
  5514     01BF  29C1               	goto	u1122
  5515     01C0                     u1120:
  5516     01C0  3000               	movlw	0
  5517     01C1                     u1122:
  5518     01C1  0670               	xorwf	??_LIN_calcParity,w
  5519     01C2  1D03               	skipz
  5520     01C3  29C5               	goto	u1131
  5521     01C4  29C7               	goto	u1130
  5522     01C5                     u1131:
  5523     01C5  1772               	bsf	LIN_calcParity@PID,6
  5524     01C6  29C8               	goto	u1144
  5525     01C7                     u1130:
  5526     01C7  1372               	bcf	LIN_calcParity@PID,6
  5527     01C8                     u1144:
  5528                           
  5529                           ;mcc_generated_files/LINDrivers/lin_slave.c: 262:     PID.P1 = PID.ID1 ^ PID.ID3;
  5530     01C8  19F2               	btfsc	LIN_calcParity@PID,3
  5531     01C9  29CB               	goto	u1151
  5532     01CA  29CD               	goto	u1150
  5533     01CB                     u1151:
  5534     01CB  3001               	movlw	1
  5535     01CC  29CE               	goto	u1152
  5536     01CD                     u1150:
  5537     01CD  3000               	movlw	0
  5538     01CE                     u1152:
  5539     01CE  00F0               	movwf	??_LIN_calcParity
  5540     01CF  18F2               	btfsc	LIN_calcParity@PID,1
  5541     01D0  29D2               	goto	u1161
  5542     01D1  29D4               	goto	u1160
  5543     01D2                     u1161:
  5544     01D2  3001               	movlw	1
  5545     01D3  29D5               	goto	u1162
  5546     01D4                     u1160:
  5547     01D4  3000               	movlw	0
  5548     01D5                     u1162:
  5549     01D5  0670               	xorwf	??_LIN_calcParity,w
  5550     01D6  1D03               	skipz
  5551     01D7  29D9               	goto	u1171
  5552     01D8  29DB               	goto	u1170
  5553     01D9                     u1171:
  5554     01D9  17F2               	bsf	LIN_calcParity@PID,7
  5555     01DA  29DC               	goto	u1184
  5556     01DB                     u1170:
  5557     01DB  13F2               	bcf	LIN_calcParity@PID,7
  5558     01DC                     u1184:
  5559                           
  5560                           ;mcc_generated_files/LINDrivers/lin_slave.c: 263:     PID.P1 = PID.P1 ^ PID.ID4;
  5561     01DC  1A72               	btfsc	LIN_calcParity@PID,4
  5562     01DD  29DF               	goto	u1191
  5563     01DE  29E1               	goto	u1190
  5564     01DF                     u1191:
  5565     01DF  3001               	movlw	1
  5566     01E0  29E2               	goto	u1192
  5567     01E1                     u1190:
  5568     01E1  3000               	movlw	0
  5569     01E2                     u1192:
  5570     01E2  00F0               	movwf	??_LIN_calcParity
  5571     01E3  1BF2               	btfsc	LIN_calcParity@PID,7
  5572     01E4  29E6               	goto	u1201
  5573     01E5  29E8               	goto	u1200
  5574     01E6                     u1201:
  5575     01E6  3001               	movlw	1
  5576     01E7  29E9               	goto	u1202
  5577     01E8                     u1200:
  5578     01E8  3000               	movlw	0
  5579     01E9                     u1202:
  5580     01E9  0670               	xorwf	??_LIN_calcParity,w
  5581     01EA  1D03               	skipz
  5582     01EB  29ED               	goto	u1211
  5583     01EC  29EF               	goto	u1210
  5584     01ED                     u1211:
  5585     01ED  17F2               	bsf	LIN_calcParity@PID,7
  5586     01EE  29F0               	goto	u1224
  5587     01EF                     u1210:
  5588     01EF  13F2               	bcf	LIN_calcParity@PID,7
  5589     01F0                     u1224:
  5590                           
  5591                           ;mcc_generated_files/LINDrivers/lin_slave.c: 264:     PID.P1 = PID.P1 ^ PID.ID5;
  5592     01F0  1AF2               	btfsc	LIN_calcParity@PID,5
  5593     01F1  29F3               	goto	u1231
  5594     01F2  29F5               	goto	u1230
  5595     01F3                     u1231:
  5596     01F3  3001               	movlw	1
  5597     01F4  29F6               	goto	u1232
  5598     01F5                     u1230:
  5599     01F5  3000               	movlw	0
  5600     01F6                     u1232:
  5601     01F6  00F0               	movwf	??_LIN_calcParity
  5602     01F7  1BF2               	btfsc	LIN_calcParity@PID,7
  5603     01F8  29FA               	goto	u1241
  5604     01F9  29FC               	goto	u1240
  5605     01FA                     u1241:
  5606     01FA  3001               	movlw	1
  5607     01FB  29FD               	goto	u1242
  5608     01FC                     u1240:
  5609     01FC  3000               	movlw	0
  5610     01FD                     u1242:
  5611     01FD  0670               	xorwf	??_LIN_calcParity,w
  5612     01FE  1D03               	skipz
  5613     01FF  2A01               	goto	u1251
  5614     0200  2A03               	goto	u1250
  5615     0201                     u1251:
  5616     0201  17F2               	bsf	LIN_calcParity@PID,7
  5617     0202  2A04               	goto	u1264
  5618     0203                     u1250:
  5619     0203  13F2               	bcf	LIN_calcParity@PID,7
  5620     0204                     u1264:
  5621     0204                     l1864:
  5622                           
  5623                           ;mcc_generated_files/LINDrivers/lin_slave.c: 265:     PID.P1 = ~PID.P1;
  5624     0204  1003               	clrc
  5625     0205  1FF2               	btfss	LIN_calcParity@PID,7
  5626     0206  1403               	setc
  5627     0207  1803               	btfsc	3,0
  5628     0208  2A0A               	goto	u1271
  5629     0209  2A0C               	goto	u1270
  5630     020A                     u1271:
  5631     020A  17F2               	bsf	LIN_calcParity@PID,7
  5632     020B  2A0D               	goto	u1284
  5633     020C                     u1270:
  5634     020C  13F2               	bcf	LIN_calcParity@PID,7
  5635     020D                     u1284:
  5636     020D                     l1866:
  5637                           
  5638                           ;mcc_generated_files/LINDrivers/lin_slave.c: 267:     return PID.rawPID;
  5639     020D  0872               	movf	LIN_calcParity@PID,w
  5640     020E                     l236:
  5641     020E  0008               	return
  5642     020F                     __end_of_LIN_calcParity:
  5643                           
  5644                           	psect	text39
  5645     0557                     __ptext39:	
  5646 ;; *************** function _LIN_breakCheck *****************
  5647 ;; Defined at:
  5648 ;;		line 321 in file "mcc_generated_files/LINDrivers/lin_slave.c"
  5649 ;; Parameters:    Size  Location     Type
  5650 ;;		None
  5651 ;; Auto vars:     Size  Location     Type
  5652 ;;		None
  5653 ;; Return value:  Size  Location     Type
  5654 ;;                  1    wreg      _Bool 
  5655 ;; Registers used:
  5656 ;;		wreg, fsr1l, fsr1h, status,2, status,0, pclath, cstack
  5657 ;; Tracked objects:
  5658 ;;		On entry : 0/0
  5659 ;;		On exit  : 0/0
  5660 ;;		Unchanged: 0/0
  5661 ;; Data sizes:     COMMON   BANK0   BANK1   BANK2
  5662 ;;      Params:         0       0       0       0
  5663 ;;      Locals:         0       0       0       0
  5664 ;;      Temps:          0       0       0       0
  5665 ;;      Totals:         0       0       0       0
  5666 ;;Total ram usage:        0 bytes
  5667 ;; Hardware stack levels used: 1
  5668 ;; Hardware stack levels required when called: 5
  5669 ;; This function calls:
  5670 ;;		_EUSART1_Read
  5671 ;;		_EUSART1_get_last_status
  5672 ;; This function is called by:
  5673 ;;		_LIN_handler
  5674 ;; This function uses a non-reentrant model
  5675 ;;
  5676                           
  5677     0557                     _LIN_breakCheck:	
  5678                           ;psect for function _LIN_breakCheck
  5679                           
  5680     0557                     l1984:	
  5681                           ;incstack = 0
  5682                           ; Regs used in _LIN_breakCheck: [wreg+fsr1l+fsr1h+status,2+status,0+pclath+cstack]
  5683                           
  5684                           
  5685                           ;mcc_generated_files/LINDrivers/lin_slave.c: 323:     if((EUSART1_Read() == 0x00) && (EU
      +                          SART1_get_last_status().ferr == 1)){
  5686     0557  3184  241A  3185   	fcall	_EUSART1_Read
  5687     055A  3A00               	xorlw	0
  5688     055B  1D03               	skipz
  5689     055C  2D5E               	goto	u1461
  5690     055D  2D5F               	goto	u1460
  5691     055E                     u1461:
  5692     055E  2D68               	goto	l1992
  5693     055F                     u1460:
  5694     055F                     l1986:
  5695     055F  3186  2626  3185   	fcall	_EUSART1_get_last_status
  5696     0562  1C89               	btfss	9,1
  5697     0563  2D65               	goto	u1471
  5698     0564  2D66               	goto	u1470
  5699     0565                     u1471:
  5700     0565  2D68               	goto	l1992
  5701     0566                     u1470:
  5702     0566                     l1988:
  5703                           
  5704                           ;mcc_generated_files/LINDrivers/lin_slave.c: 324:         return 1;
  5705     0566  3001               	movlw	1
  5706     0567  2D69               	goto	l266
  5707     0568                     l1992:
  5708                           
  5709                           ;mcc_generated_files/LINDrivers/lin_slave.c: 327:     return 0;
  5710     0568  3000               	movlw	0
  5711     0569                     l266:
  5712     0569  0008               	return
  5713     056A                     __end_of_LIN_breakCheck:
  5714                           
  5715                           	psect	text40
  5716     0626                     __ptext40:	
  5717 ;; *************** function _EUSART1_get_last_status *****************
  5718 ;; Defined at:
  5719 ;;		line 147 in file "mcc_generated_files/eusart1.c"
  5720 ;; Parameters:    Size  Location     Type
  5721 ;;		None
  5722 ;; Auto vars:     Size  Location     Type
  5723 ;;		None
  5724 ;; Return value:  Size  Location     Type
  5725 ;;                  1    wreg      struct .
  5726 ;; Registers used:
  5727 ;;		wreg
  5728 ;; Tracked objects:
  5729 ;;		On entry : 0/0
  5730 ;;		On exit  : 0/0
  5731 ;;		Unchanged: 0/0
  5732 ;; Data sizes:     COMMON   BANK0   BANK1   BANK2
  5733 ;;      Params:         0       0       0       0
  5734 ;;      Locals:         0       0       0       0
  5735 ;;      Temps:          0       0       0       0
  5736 ;;      Totals:         0       0       0       0
  5737 ;;Total ram usage:        0 bytes
  5738 ;; Hardware stack levels used: 1
  5739 ;; Hardware stack levels required when called: 4
  5740 ;; This function calls:
  5741 ;;		Nothing
  5742 ;; This function is called by:
  5743 ;;		_LIN_breakCheck
  5744 ;; This function uses a non-reentrant model
  5745 ;;
  5746                           
  5747     0626                     _EUSART1_get_last_status:	
  5748                           ;psect for function _EUSART1_get_last_status
  5749                           
  5750     0626                     l1872:	
  5751                           ;incstack = 0
  5752                           ; Regs used in _EUSART1_get_last_status: [wreg]
  5753                           
  5754                           
  5755                           ;mcc_generated_files/eusart1.c: 148:     return eusart1RxLastError;
  5756     0626  0140               	movlb	0	; select bank0
  5757     0627  0838               	movf	_eusart1RxLastError,w	;volatile
  5758     0628                     l353:
  5759     0628  0008               	return
  5760     0629                     __end_of_EUSART1_get_last_status:
  5761                           
  5762                           	psect	text41
  5763     041A                     __ptext41:	
  5764 ;; *************** function _EUSART1_Read *****************
  5765 ;; Defined at:
  5766 ;;		line 151 in file "mcc_generated_files/eusart1.c"
  5767 ;; Parameters:    Size  Location     Type
  5768 ;;		None
  5769 ;; Auto vars:     Size  Location     Type
  5770 ;;  readValue       1    0[COMMON] unsigned char 
  5771 ;; Return value:  Size  Location     Type
  5772 ;;                  1    wreg      unsigned char 
  5773 ;; Registers used:
  5774 ;;		wreg, fsr1l, fsr1h, status,2, status,0
  5775 ;; Tracked objects:
  5776 ;;		On entry : 0/0
  5777 ;;		On exit  : 0/0
  5778 ;;		Unchanged: 0/0
  5779 ;; Data sizes:     COMMON   BANK0   BANK1   BANK2
  5780 ;;      Params:         0       0       0       0
  5781 ;;      Locals:         1       0       0       0
  5782 ;;      Temps:          0       0       0       0
  5783 ;;      Totals:         1       0       0       0
  5784 ;;Total ram usage:        1 bytes
  5785 ;; Hardware stack levels used: 1
  5786 ;; Hardware stack levels required when called: 4
  5787 ;; This function calls:
  5788 ;;		Nothing
  5789 ;; This function is called by:
  5790 ;;		_LIN_handler
  5791 ;;		_LIN_breakCheck
  5792 ;; This function uses a non-reentrant model
  5793 ;;
  5794                           
  5795     041A                     _EUSART1_Read:	
  5796                           ;psect for function _EUSART1_Read
  5797                           
  5798     041A                     l1792:	
  5799                           ;incstack = 0
  5800                           ; Regs used in _EUSART1_Read: [wreg+fsr1l+fsr1h+status,2+status,0]
  5801                           
  5802     041A                     l1794:	
  5803                           ;mcc_generated_files/eusart1.c: 155:     while(0 == eusart1RxCount)
  5804                           
  5805                           
  5806                           ;mcc_generated_files/eusart1.c: 155:     while(0 == eusart1RxCount)
  5807     041A  0140               	movlb	0	; select bank0
  5808     041B  0839               	movf	_eusart1RxCount,w	;volatile
  5809     041C  1903               	btfsc	3,2
  5810     041D  2C1F               	goto	u981
  5811     041E  2C20               	goto	u980
  5812     041F                     u981:
  5813     041F  2C1A               	goto	l1794
  5814     0420                     u980:
  5815     0420                     l1796:
  5816                           
  5817                           ;mcc_generated_files/eusart1.c: 159:     eusart1RxLastError = eusart1RxStatusBuffer[eusa
      +                          rt1RxTail];
  5818     0420  083A               	movf	_eusart1RxTail,w	;volatile
  5819     0421  3E20               	addlw	(low (_eusart1RxStatusBuffer| 0))& (0+255)
  5820     0422  0086               	movwf	6
  5821     0423  0187               	clrf	7
  5822     0424  0801               	movf	1,w
  5823     0425  00B8               	movwf	_eusart1RxLastError	;volatile
  5824                           
  5825                           ;mcc_generated_files/eusart1.c: 161:     readValue = eusart1RxBuffer[eusart1RxTail++];
  5826     0426  083A               	movf	_eusart1RxTail,w
  5827     0427  3E28               	addlw	(low (_eusart1RxBuffer| 0))& (0+255)
  5828     0428  0086               	movwf	6
  5829     0429  0187               	clrf	7
  5830     042A  0801               	movf	1,w
  5831     042B  00F0               	movwf	EUSART1_Read@readValue
  5832     042C                     l1798:
  5833     042C  3001               	movlw	1
  5834     042D  07BA               	addwf	_eusart1RxTail,f	;volatile
  5835     042E                     l1800:
  5836                           
  5837                           ;mcc_generated_files/eusart1.c: 162:     if(sizeof(eusart1RxBuffer) <= eusart1RxTail)
  5838     042E  3008               	movlw	8
  5839     042F  023A               	subwf	_eusart1RxTail,w	;volatile
  5840     0430  1C03               	skipc
  5841     0431  2C33               	goto	u991
  5842     0432  2C34               	goto	u990
  5843     0433                     u991:
  5844     0433  2C35               	goto	l1804
  5845     0434                     u990:
  5846     0434                     l1802:
  5847                           
  5848                           ;mcc_generated_files/eusart1.c: 163:     {;mcc_generated_files/eusart1.c: 164:         e
      +                          usart1RxTail = 0;
  5849     0434  01BA               	clrf	_eusart1RxTail	;volatile
  5850     0435                     l1804:
  5851                           
  5852                           ;mcc_generated_files/eusart1.c: 166:     PIE1bits.RC1IE = 0;
  5853     0435  014E               	movlb	14	; select bank14
  5854     0436  1217               	bcf	23,4	;volatile
  5855     0437                     l1806:
  5856                           
  5857                           ;mcc_generated_files/eusart1.c: 167:     eusart1RxCount--;
  5858     0437  3001               	movlw	1
  5859     0438  0140               	movlb	0	; select bank0
  5860     0439  02B9               	subwf	_eusart1RxCount,f	;volatile
  5861     043A                     l1808:
  5862                           
  5863                           ;mcc_generated_files/eusart1.c: 168:     PIE1bits.RC1IE = 1;
  5864     043A  014E               	movlb	14	; select bank14
  5865     043B  1617               	bsf	23,4	;volatile
  5866     043C                     l1810:
  5867                           
  5868                           ;mcc_generated_files/eusart1.c: 170:     return readValue;
  5869     043C  0870               	movf	EUSART1_Read@readValue,w
  5870     043D                     l360:
  5871     043D  0008               	return
  5872     043E                     __end_of_EUSART1_Read:
  5873                           
  5874                           	psect	text42
  5875     05AA                     __ptext42:	
  5876 ;; *************** function _EUSART1_is_rx_ready *****************
  5877 ;; Defined at:
  5878 ;;		line 137 in file "mcc_generated_files/eusart1.c"
  5879 ;; Parameters:    Size  Location     Type
  5880 ;;		None
  5881 ;; Auto vars:     Size  Location     Type
  5882 ;;		None
  5883 ;; Return value:  Size  Location     Type
  5884 ;;                  1    wreg      _Bool 
  5885 ;; Registers used:
  5886 ;;		wreg, status,2, status,0
  5887 ;; Tracked objects:
  5888 ;;		On entry : 0/0
  5889 ;;		On exit  : 0/0
  5890 ;;		Unchanged: 0/0
  5891 ;; Data sizes:     COMMON   BANK0   BANK1   BANK2
  5892 ;;      Params:         0       0       0       0
  5893 ;;      Locals:         0       0       0       0
  5894 ;;      Temps:          0       0       0       0
  5895 ;;      Totals:         0       0       0       0
  5896 ;;Total ram usage:        0 bytes
  5897 ;; Hardware stack levels used: 1
  5898 ;; Hardware stack levels required when called: 4
  5899 ;; This function calls:
  5900 ;;		Nothing
  5901 ;; This function is called by:
  5902 ;;		_LIN_handler
  5903 ;; This function uses a non-reentrant model
  5904 ;;
  5905                           
  5906     05AA                     _EUSART1_is_rx_ready:	
  5907                           ;psect for function _EUSART1_is_rx_ready
  5908                           
  5909     05AA                     l1972:	
  5910                           ;incstack = 0
  5911                           ; Regs used in _EUSART1_is_rx_ready: [wreg+status,2+status,0]
  5912                           
  5913                           
  5914                           ;mcc_generated_files/eusart1.c: 139:     return (eusart1RxCount ? 1 : 0);
  5915     05AA  0140               	movlb	0	; select bank0
  5916     05AB  0839               	movf	_eusart1RxCount,w	;volatile
  5917     05AC  1D03               	btfss	3,2
  5918     05AD  2DAF               	goto	u1441
  5919     05AE  2DB1               	goto	u1440
  5920     05AF                     u1441:
  5921     05AF  3001               	movlw	1
  5922     05B0  2DB2               	goto	u1450
  5923     05B1                     u1440:
  5924     05B1  3000               	movlw	0
  5925     05B2                     u1450:
  5926     05B2                     l347:
  5927     05B2  0008               	return
  5928     05B3                     __end_of_EUSART1_is_rx_ready:
  5929                           
  5930                           	psect	intentry
  5931     0004                     __pintentry:	
  5932 ;; *************** function _INTERRUPT_InterruptManager *****************
  5933 ;; Defined at:
  5934 ;;		line 52 in file "mcc_generated_files/interrupt_manager.c"
  5935 ;; Parameters:    Size  Location     Type
  5936 ;;		None
  5937 ;; Auto vars:     Size  Location     Type
  5938 ;;		None
  5939 ;; Return value:  Size  Location     Type
  5940 ;;                  1    wreg      void 
  5941 ;; Registers used:
  5942 ;;		wreg, fsr1l, fsr1h, status,2, status,0, pclath, cstack
  5943 ;; Tracked objects:
  5944 ;;		On entry : 0/0
  5945 ;;		On exit  : 0/0
  5946 ;;		Unchanged: 0/0
  5947 ;; Data sizes:     COMMON   BANK0   BANK1   BANK2
  5948 ;;      Params:         0       0       0       0
  5949 ;;      Locals:         0       0       0       0
  5950 ;;      Temps:          0       0       0       0
  5951 ;;      Totals:         0       0       0       0
  5952 ;;Total ram usage:        0 bytes
  5953 ;; Hardware stack levels used: 1
  5954 ;; Hardware stack levels required when called: 3
  5955 ;; This function calls:
  5956 ;;		NULL
  5957 ;;		_EUSART1_Receive_ISR
  5958 ;;		_EUSART1_Transmit_ISR
  5959 ;;		_TMR0_ISR
  5960 ;; This function is called by:
  5961 ;;		Interrupt level 1
  5962 ;; This function uses a non-reentrant model
  5963 ;;
  5964                           
  5965     0004                     _INTERRUPT_InterruptManager:
  5966                           
  5967                           ;incstack = 0
  5968     0004  147E               	bsf	int$flags,0	;set compiler interrupt flag (level 1)
  5969                           
  5970                           ; Regs used in _INTERRUPT_InterruptManager: [wreg+fsr1l+fsr1h+status,2+status,0+pclath+c
      +                          stack]
  5971     0005  3180               	pagesel	$
  5972     0006                     i1l2200:
  5973                           
  5974                           ;mcc_generated_files/interrupt_manager.c: 55:     if(PIE0bits.TMR0IE == 1 && PIR0bits.TM
      +                          R0IF == 1)
  5975     0006  014E               	movlb	14	; select bank14
  5976     0007  1E96               	btfss	22,5	;volatile
  5977     0008  280A               	goto	u172_21
  5978     0009  280B               	goto	u172_20
  5979     000A                     u172_21:
  5980     000A  2813               	goto	i1l435
  5981     000B                     u172_20:
  5982     000B                     i1l2202:
  5983     000B  1E8C               	btfss	12,5	;volatile
  5984     000C  280E               	goto	u173_21
  5985     000D  280F               	goto	u173_20
  5986     000E                     u173_21:
  5987     000E  2813               	goto	i1l435
  5988     000F                     u173_20:
  5989     000F                     i1l2204:
  5990                           
  5991                           ;mcc_generated_files/interrupt_manager.c: 56:     {;mcc_generated_files/interrupt_manage
      +                          r.c: 57:         TMR0_ISR();
  5992     000F  3185  256A  3180   	fcall	_TMR0_ISR
  5993                           
  5994                           ;mcc_generated_files/interrupt_manager.c: 58:     }
  5995     0012  2835               	goto	i1l443
  5996     0013                     i1l435:	
  5997                           ;mcc_generated_files/interrupt_manager.c: 59:     else if(INTCONbits.PEIE == 1)
  5998                           
  5999     0013  1F0B               	btfss	11,6	;volatile
  6000     0014  2816               	goto	u174_21
  6001     0015  2817               	goto	u174_20
  6002     0016                     u174_21:
  6003     0016  2835               	goto	i1l443
  6004     0017                     u174_20:
  6005     0017                     i1l2206:
  6006                           
  6007                           ;mcc_generated_files/interrupt_manager.c: 60:     {;mcc_generated_files/interrupt_manage
      +                          r.c: 61:         if(PIE1bits.TX1IE == 1 && PIR1bits.TX1IF == 1)
  6008     0017  1D97               	btfss	23,3	;volatile
  6009     0018  281A               	goto	u175_21
  6010     0019  281B               	goto	u175_20
  6011     001A                     u175_21:
  6012     001A  2826               	goto	i1l438
  6013     001B                     u175_20:
  6014     001B                     i1l2208:
  6015     001B  1D8D               	btfss	13,3	;volatile
  6016     001C  281E               	goto	u176_21
  6017     001D  281F               	goto	u176_20
  6018     001E                     u176_21:
  6019     001E  2826               	goto	i1l438
  6020     001F                     u176_20:
  6021     001F                     i1l2210:
  6022                           
  6023                           ;mcc_generated_files/interrupt_manager.c: 62:         {;mcc_generated_files/interrupt_ma
      +                          nager.c: 63:             EUSART1_TxDefaultInterruptHandler();
  6024     001F  0140               	movlb	0	; select bank0
  6025     0020  085F               	movf	_EUSART1_TxDefaultInterruptHandler+1,w
  6026     0021  008A               	movwf	10
  6027     0022  085E               	movf	_EUSART1_TxDefaultInterruptHandler,w
  6028     0023  000A               	callw
  6029     0024  3180               	pagesel	$
  6030                           
  6031                           ;mcc_generated_files/interrupt_manager.c: 64:         }
  6032     0025  2835               	goto	i1l443
  6033     0026                     i1l438:	
  6034                           ;mcc_generated_files/interrupt_manager.c: 65:         else if(PIE1bits.RC1IE == 1 && PIR
      +                          1bits.RC1IF == 1)
  6035                           
  6036     0026  1E17               	btfss	23,4	;volatile
  6037     0027  2829               	goto	u177_21
  6038     0028  282A               	goto	u177_20
  6039     0029                     u177_21:
  6040     0029  2835               	goto	i1l442
  6041     002A                     u177_20:
  6042     002A                     i1l2212:
  6043     002A  1E0D               	btfss	13,4	;volatile
  6044     002B  282D               	goto	u178_21
  6045     002C  282E               	goto	u178_20
  6046     002D                     u178_21:
  6047     002D  2835               	goto	i1l442
  6048     002E                     u178_20:
  6049     002E                     i1l2214:
  6050                           
  6051                           ;mcc_generated_files/interrupt_manager.c: 66:         {;mcc_generated_files/interrupt_ma
      +                          nager.c: 67:             EUSART1_RxDefaultInterruptHandler();
  6052     002E  0140               	movlb	0	; select bank0
  6053     002F  085D               	movf	_EUSART1_RxDefaultInterruptHandler+1,w
  6054     0030  008A               	movwf	10
  6055     0031  085C               	movf	_EUSART1_RxDefaultInterruptHandler,w
  6056     0032  000A               	callw
  6057     0033  3180               	pagesel	$
  6058                           
  6059                           ;mcc_generated_files/interrupt_manager.c: 68:         }
  6060     0034  2835               	goto	i1l443
  6061     0035                     i1l442:	
  6062                           ;mcc_generated_files/interrupt_manager.c: 75:     {;mcc_generated_files/interrupt_manage
      +                          r.c: 77:     }
  6063                           
  6064     0035                     i1l443:
  6065     0035  107E               	bcf	int$flags,0	;clear compiler interrupt flag (level 1)
  6066     0036  0009               	retfie
  6067     0037                     __end_of_INTERRUPT_InterruptManager:
  6068                           
  6069                           	psect	text44
  6070     056A                     __ptext44:	
  6071 ;; *************** function _TMR0_ISR *****************
  6072 ;; Defined at:
  6073 ;;		line 121 in file "mcc_generated_files/tmr0.c"
  6074 ;; Parameters:    Size  Location     Type
  6075 ;;		None
  6076 ;; Auto vars:     Size  Location     Type
  6077 ;;		None
  6078 ;; Return value:  Size  Location     Type
  6079 ;;                  1    wreg      void 
  6080 ;; Registers used:
  6081 ;;		wreg, status,2, status,0, pclath, cstack
  6082 ;; Tracked objects:
  6083 ;;		On entry : 0/0
  6084 ;;		On exit  : 0/0
  6085 ;;		Unchanged: 0/0
  6086 ;; Data sizes:     COMMON   BANK0   BANK1   BANK2
  6087 ;;      Params:         0       0       0       0
  6088 ;;      Locals:         0       0       0       0
  6089 ;;      Temps:          0       0       0       0
  6090 ;;      Totals:         0       0       0       0
  6091 ;;Total ram usage:        0 bytes
  6092 ;; Hardware stack levels used: 1
  6093 ;; Hardware stack levels required when called: 2
  6094 ;; This function calls:
  6095 ;;		NULL
  6096 ;;		_LIN_timerHandler
  6097 ;;		_TMR0_DefaultInterruptHandler
  6098 ;; This function is called by:
  6099 ;;		_INTERRUPT_InterruptManager
  6100 ;; This function uses a non-reentrant model
  6101 ;;
  6102                           
  6103     056A                     _TMR0_ISR:	
  6104                           ;psect for function _TMR0_ISR
  6105                           
  6106     056A                     i1l2186:	
  6107                           ;incstack = 0
  6108                           ; Regs used in _TMR0_ISR: [wreg+status,2+status,0+pclath+cstack]
  6109                           
  6110                           
  6111                           ;mcc_generated_files/tmr0.c: 124:     PIR0bits.TMR0IF = 0;
  6112     056A  014E               	movlb	14	; select bank14
  6113     056B  128C               	bcf	12,5	;volatile
  6114     056C                     i1l2188:
  6115                           
  6116                           ;mcc_generated_files/tmr0.c: 125:     if(TMR0_InterruptHandler)
  6117     056C  0140               	movlb	0	; select bank0
  6118     056D  0854               	movf	_TMR0_InterruptHandler,w
  6119     056E  0455               	iorwf	_TMR0_InterruptHandler+1,w
  6120     056F  1903               	btfsc	3,2
  6121     0570  2D72               	goto	u171_21
  6122     0571  2D73               	goto	u171_20
  6123     0572                     u171_21:
  6124     0572  2D78               	goto	i1l542
  6125     0573                     u171_20:
  6126     0573                     i1l2190:
  6127                           
  6128                           ;mcc_generated_files/tmr0.c: 126:     {;mcc_generated_files/tmr0.c: 127:         TMR0_In
      +                          terruptHandler();
  6129     0573  0855               	movf	_TMR0_InterruptHandler+1,w
  6130     0574  008A               	movwf	10
  6131     0575  0854               	movf	_TMR0_InterruptHandler,w
  6132     0576  000A               	callw
  6133     0577  3185               	pagesel	$
  6134     0578                     i1l542:
  6135     0578  0008               	return
  6136     0579                     __end_of_TMR0_ISR:
  6137                           
  6138                           	psect	text45
  6139     0593                     __ptext45:	
  6140 ;; *************** function _LIN_timerHandler *****************
  6141 ;; Defined at:
  6142 ;;		line 290 in file "mcc_generated_files/LINDrivers/lin_slave.c"
  6143 ;; Parameters:    Size  Location     Type
  6144 ;;		None
  6145 ;; Auto vars:     Size  Location     Type
  6146 ;;		None
  6147 ;; Return value:  Size  Location     Type
  6148 ;;                  1    wreg      void 
  6149 ;; Registers used:
  6150 ;;		wreg, status,2, status,0, pclath, cstack
  6151 ;; Tracked objects:
  6152 ;;		On entry : 0/0
  6153 ;;		On exit  : 0/0
  6154 ;;		Unchanged: 0/0
  6155 ;; Data sizes:     COMMON   BANK0   BANK1   BANK2
  6156 ;;      Params:         0       0       0       0
  6157 ;;      Locals:         0       0       0       0
  6158 ;;      Temps:          0       0       0       0
  6159 ;;      Totals:         0       0       0       0
  6160 ;;Total ram usage:        0 bytes
  6161 ;; Hardware stack levels used: 1
  6162 ;; Hardware stack levels required when called: 1
  6163 ;; This function calls:
  6164 ;;		i1_LIN_stopTimer
  6165 ;; This function is called by:
  6166 ;;		_LIN_setTimerHandler
  6167 ;;		_TMR0_ISR
  6168 ;; This function uses a non-reentrant model
  6169 ;;
  6170                           
  6171     0593                     _LIN_timerHandler:	
  6172                           ;psect for function _LIN_timerHandler
  6173                           
  6174     0593                     i1l2014:	
  6175                           ;incstack = 0
  6176                           ; Regs used in _LIN_timerHandler: [wreg+status,2+status,0+pclath+cstack]
  6177                           
  6178                           
  6179                           ;mcc_generated_files/LINDrivers/lin_slave.c: 293:     if (++CountCallBack >= LIN_timeout
      +                          )
  6180     0593  3001               	movlw	1
  6181     0594  0140               	movlb	0	; select bank0
  6182     0595  07C1               	addwf	_CountCallBack,f	;volatile
  6183     0596  086E               	movf	_LIN_timeout,w
  6184     0597  0241               	subwf	_CountCallBack,w	;volatile
  6185     0598  1C03               	skipc
  6186     0599  2D9B               	goto	u150_21
  6187     059A  2D9C               	goto	u150_20
  6188     059B                     u150_21:
  6189     059B  2D9F               	goto	i1l250
  6190     059C                     u150_20:
  6191     059C                     i1l2016:
  6192                           
  6193                           ;mcc_generated_files/LINDrivers/lin_slave.c: 294:     {;mcc_generated_files/LINDrivers/l
      +                          in_slave.c: 296:         LIN_stopTimer();
  6194     059C  3186  2604  3185   	fcall	i1_LIN_stopTimer
  6195     059F                     i1l250:
  6196     059F  0008               	return
  6197     05A0                     __end_of_LIN_timerHandler:
  6198                           
  6199                           	psect	text46
  6200     062A                     __ptext46:	
  6201 ;; *************** function _TMR0_DefaultInterruptHandler *****************
  6202 ;; Defined at:
  6203 ;;		line 138 in file "mcc_generated_files/tmr0.c"
  6204 ;; Parameters:    Size  Location     Type
  6205 ;;		None
  6206 ;; Auto vars:     Size  Location     Type
  6207 ;;		None
  6208 ;; Return value:  Size  Location     Type
  6209 ;;                  1    wreg      void 
  6210 ;; Registers used:
  6211 ;;		None
  6212 ;; Tracked objects:
  6213 ;;		On entry : 0/0
  6214 ;;		On exit  : 0/0
  6215 ;;		Unchanged: 0/0
  6216 ;; Data sizes:     COMMON   BANK0   BANK1   BANK2
  6217 ;;      Params:         0       0       0       0
  6218 ;;      Locals:         0       0       0       0
  6219 ;;      Temps:          0       0       0       0
  6220 ;;      Totals:         0       0       0       0
  6221 ;;Total ram usage:        0 bytes
  6222 ;; Hardware stack levels used: 1
  6223 ;; This function calls:
  6224 ;;		Nothing
  6225 ;; This function is called by:
  6226 ;;		_TMR0_Initialize
  6227 ;;		_TMR0_ISR
  6228 ;; This function uses a non-reentrant model
  6229 ;;
  6230                           
  6231     062A                     _TMR0_DefaultInterruptHandler:	
  6232                           ;psect for function _TMR0_DefaultInterruptHandler
  6233                           
  6234     062A                     i1l548:	
  6235                           ;incstack = 0
  6236                           ; Regs used in _TMR0_DefaultInterruptHandler: []
  6237                           
  6238     062A  0008               	return
  6239     062B                     __end_of_TMR0_DefaultInterruptHandler:
  6240                           
  6241                           	psect	text47
  6242     0604                     __ptext47:	
  6243 ;; *************** function i1_LIN_stopTimer *****************
  6244 ;; Defined at:
  6245 ;;		line 304 in file "mcc_generated_files/LINDrivers/lin_slave.c"
  6246 ;; Parameters:    Size  Location     Type
  6247 ;;		None
  6248 ;; Auto vars:     Size  Location     Type
  6249 ;;		None
  6250 ;; Return value:  Size  Location     Type
  6251 ;;                  1    wreg      void 
  6252 ;; Registers used:
  6253 ;;		status,2
  6254 ;; Tracked objects:
  6255 ;;		On entry : 0/0
  6256 ;;		On exit  : 0/0
  6257 ;;		Unchanged: 0/0
  6258 ;; Data sizes:     COMMON   BANK0   BANK1   BANK2
  6259 ;;      Params:         0       0       0       0
  6260 ;;      Locals:         0       0       0       0
  6261 ;;      Temps:          0       0       0       0
  6262 ;;      Totals:         0       0       0       0
  6263 ;;Total ram usage:        0 bytes
  6264 ;; Hardware stack levels used: 1
  6265 ;; This function calls:
  6266 ;;		Nothing
  6267 ;; This function is called by:
  6268 ;;		_LIN_timerHandler
  6269 ;; This function uses a non-reentrant model
  6270 ;;
  6271                           
  6272     0604                     i1_LIN_stopTimer:	
  6273                           ;psect for function i1_LIN_stopTimer
  6274                           
  6275     0604                     i1l1896:	
  6276                           ;incstack = 0
  6277                           ; Regs used in i1_LIN_stopTimer: [status,2]
  6278                           
  6279                           
  6280                           ;mcc_generated_files/LINDrivers/lin_slave.c: 305:     __nop();
  6281     0604  0000               	nop
  6282     0605                     i1l1898:
  6283                           
  6284                           ;mcc_generated_files/LINDrivers/lin_slave.c: 307:     CountCallBack = 0;
  6285     0605  0140               	movlb	0	; select bank0
  6286     0606  01C1               	clrf	_CountCallBack	;volatile
  6287                           
  6288                           ;mcc_generated_files/LINDrivers/lin_slave.c: 308:     LIN_timerRunning = 0;
  6289     0607  01C2               	clrf	_LIN_timerRunning
  6290     0608                     i1l256:
  6291     0608  0008               	return
  6292     0609                     __end_ofi1_LIN_stopTimer:
  6293                           
  6294                           	psect	text48
  6295     04A3                     __ptext48:	
  6296 ;; *************** function _EUSART1_Transmit_ISR *****************
  6297 ;; Defined at:
  6298 ;;		line 197 in file "mcc_generated_files/eusart1.c"
  6299 ;; Parameters:    Size  Location     Type
  6300 ;;		None
  6301 ;; Auto vars:     Size  Location     Type
  6302 ;;		None
  6303 ;; Return value:  Size  Location     Type
  6304 ;;                  1    wreg      void 
  6305 ;; Registers used:
  6306 ;;		wreg, fsr1l, fsr1h, status,2, status,0
  6307 ;; Tracked objects:
  6308 ;;		On entry : 0/0
  6309 ;;		On exit  : 0/0
  6310 ;;		Unchanged: 0/0
  6311 ;; Data sizes:     COMMON   BANK0   BANK1   BANK2
  6312 ;;      Params:         0       0       0       0
  6313 ;;      Locals:         0       0       0       0
  6314 ;;      Temps:          0       0       0       0
  6315 ;;      Totals:         0       0       0       0
  6316 ;;Total ram usage:        0 bytes
  6317 ;; Hardware stack levels used: 1
  6318 ;; This function calls:
  6319 ;;		Nothing
  6320 ;; This function is called by:
  6321 ;;		_EUSART1_Initialize
  6322 ;;		_INTERRUPT_InterruptManager
  6323 ;; This function uses a non-reentrant model
  6324 ;;
  6325                           
  6326     04A3                     _EUSART1_Transmit_ISR:	
  6327                           ;psect for function _EUSART1_Transmit_ISR
  6328                           
  6329     04A3                     i1l2154:	
  6330                           ;incstack = 0
  6331                           ; Regs used in _EUSART1_Transmit_ISR: [wreg+fsr1l+fsr1h+status,2+status,0]
  6332                           
  6333                           
  6334                           ;mcc_generated_files/eusart1.c: 201:     if(sizeof(eusart1TxBuffer) > eusart1TxBufferRem
      +                          aining)
  6335     04A3  3008               	movlw	8
  6336     04A4  0140               	movlb	0	; select bank0
  6337     04A5  023C               	subwf	_eusart1TxBufferRemaining,w	;volatile
  6338     04A6  1803               	skipnc
  6339     04A7  2CA9               	goto	u166_21
  6340     04A8  2CAA               	goto	u166_20
  6341     04A9                     u166_21:
  6342     04A9  2CBE               	goto	i1l372
  6343     04AA                     u166_20:
  6344     04AA                     i1l2156:
  6345                           
  6346                           ;mcc_generated_files/eusart1.c: 202:     {;mcc_generated_files/eusart1.c: 203:         T
      +                          X1REG = eusart1TxBuffer[eusart1TxTail++];
  6347     04AA  083D               	movf	_eusart1TxTail,w
  6348     04AB  3E30               	addlw	(low (_eusart1TxBuffer| 0))& (0+255)
  6349     04AC  0086               	movwf	6
  6350     04AD  0187               	clrf	7
  6351     04AE  0801               	movf	1,w
  6352     04AF  0142               	movlb	2	; select bank2
  6353     04B0  009A               	movwf	26	;volatile
  6354     04B1                     i1l2158:
  6355     04B1  3001               	movlw	1
  6356     04B2  0140               	movlb	0	; select bank0
  6357     04B3  07BD               	addwf	_eusart1TxTail,f	;volatile
  6358     04B4                     i1l2160:
  6359                           
  6360                           ;mcc_generated_files/eusart1.c: 204:         if(sizeof(eusart1TxBuffer) <= eusart1TxTail
      +                          )
  6361     04B4  3008               	movlw	8
  6362     04B5  023D               	subwf	_eusart1TxTail,w	;volatile
  6363     04B6  1C03               	skipc
  6364     04B7  2CB9               	goto	u167_21
  6365     04B8  2CBA               	goto	u167_20
  6366     04B9                     u167_21:
  6367     04B9  2CBB               	goto	i1l2164
  6368     04BA                     u167_20:
  6369     04BA                     i1l2162:
  6370                           
  6371                           ;mcc_generated_files/eusart1.c: 205:         {;mcc_generated_files/eusart1.c: 206:      
      +                                 eusart1TxTail = 0;
  6372     04BA  01BD               	clrf	_eusart1TxTail	;volatile
  6373     04BB                     i1l2164:
  6374                           
  6375                           ;mcc_generated_files/eusart1.c: 208:         eusart1TxBufferRemaining++;
  6376     04BB  3001               	movlw	1
  6377     04BC  07BC               	addwf	_eusart1TxBufferRemaining,f	;volatile
  6378                           
  6379                           ;mcc_generated_files/eusart1.c: 209:     }
  6380     04BD  2CC0               	goto	i1l375
  6381     04BE                     i1l372:	
  6382                           ;mcc_generated_files/eusart1.c: 210:     else
  6383                           
  6384                           
  6385                           ;mcc_generated_files/eusart1.c: 211:     {;mcc_generated_files/eusart1.c: 212:         P
      +                          IE1bits.TX1IE = 0;
  6386     04BE  014E               	movlb	14	; select bank14
  6387     04BF  1197               	bcf	23,3	;volatile
  6388     04C0                     i1l375:
  6389     04C0  0008               	return
  6390     04C1                     __end_of_EUSART1_Transmit_ISR:
  6391                           
  6392                           	psect	text49
  6393     0388                     __ptext49:	
  6394 ;; *************** function _EUSART1_Receive_ISR *****************
  6395 ;; Defined at:
  6396 ;;		line 216 in file "mcc_generated_files/eusart1.c"
  6397 ;; Parameters:    Size  Location     Type
  6398 ;;		None
  6399 ;; Auto vars:     Size  Location     Type
  6400 ;;		None
  6401 ;; Return value:  Size  Location     Type
  6402 ;;                  1    wreg      void 
  6403 ;; Registers used:
  6404 ;;		wreg, fsr1l, fsr1h, status,2, status,0, pclath, cstack
  6405 ;; Tracked objects:
  6406 ;;		On entry : 0/0
  6407 ;;		On exit  : 0/0
  6408 ;;		Unchanged: 0/0
  6409 ;; Data sizes:     COMMON   BANK0   BANK1   BANK2
  6410 ;;      Params:         0       0       0       0
  6411 ;;      Locals:         0       0       0       0
  6412 ;;      Temps:          0       0       0       0
  6413 ;;      Totals:         0       0       0       0
  6414 ;;Total ram usage:        0 bytes
  6415 ;; Hardware stack levels used: 1
  6416 ;; Hardware stack levels required when called: 2
  6417 ;; This function calls:
  6418 ;;		NULL
  6419 ;;		_EUSART1_DefaultErrorHandler
  6420 ;;		_EUSART1_DefaultFramingErrorHandler
  6421 ;;		_EUSART1_DefaultOverrunErrorHandler
  6422 ;;		_EUSART1_RxDataHandler
  6423 ;; This function is called by:
  6424 ;;		_EUSART1_Initialize
  6425 ;;		_INTERRUPT_InterruptManager
  6426 ;; This function uses a non-reentrant model
  6427 ;;
  6428                           
  6429     0388                     _EUSART1_Receive_ISR:	
  6430                           ;psect for function _EUSART1_Receive_ISR
  6431                           
  6432     0388                     i1l2166:	
  6433                           ;incstack = 0
  6434                           ; Regs used in _EUSART1_Receive_ISR: [wreg+fsr1l+fsr1h+status,2+status,0+pclath+cstack]
  6435                           
  6436                           
  6437                           ;mcc_generated_files/eusart1.c: 219:     eusart1RxStatusBuffer[eusart1RxHead].status = 0
      +                          ;
  6438     0388  0140               	movlb	0	; select bank0
  6439     0389  083B               	movf	_eusart1RxHead,w	;volatile
  6440     038A  3E20               	addlw	(low (_eusart1RxStatusBuffer| 0))& (0+255)
  6441     038B  0086               	movwf	6
  6442     038C  0187               	clrf	7
  6443     038D  0181               	clrf	1
  6444     038E                     i1l2168:
  6445                           
  6446                           ;mcc_generated_files/eusart1.c: 221:     if(RC1STAbits.FERR){
  6447     038E  0142               	movlb	2	; select bank2
  6448     038F  1D1D               	btfss	29,2	;volatile
  6449     0390  2B92               	goto	u168_21
  6450     0391  2B93               	goto	u168_20
  6451     0392                     u168_21:
  6452     0392  2B9E               	goto	i1l2174
  6453     0393                     u168_20:
  6454     0393                     i1l2170:
  6455                           
  6456                           ;mcc_generated_files/eusart1.c: 222:         eusart1RxStatusBuffer[eusart1RxHead].ferr =
      +                           1;
  6457     0393  0140               	movlb	0	; select bank0
  6458     0394  083B               	movf	_eusart1RxHead,w	;volatile
  6459     0395  3E20               	addlw	(low (_eusart1RxStatusBuffer| 0))& (0+255)
  6460     0396  0086               	movwf	6
  6461     0397  0187               	clrf	7
  6462     0398  1481               	bsf	1,1
  6463     0399                     i1l2172:
  6464                           
  6465                           ;mcc_generated_files/eusart1.c: 223:         EUSART1_FramingErrorHandler();
  6466     0399  085B               	movf	_EUSART1_FramingErrorHandler+1,w
  6467     039A  008A               	movwf	10
  6468     039B  085A               	movf	_EUSART1_FramingErrorHandler,w
  6469     039C  000A               	callw
  6470     039D  3183               	pagesel	$
  6471     039E                     i1l2174:
  6472                           
  6473                           ;mcc_generated_files/eusart1.c: 226:     if(RC1STAbits.OERR){
  6474     039E  0142               	movlb	2	; select bank2
  6475     039F  1C9D               	btfss	29,1	;volatile
  6476     03A0  2BA2               	goto	u169_21
  6477     03A1  2BA3               	goto	u169_20
  6478     03A2                     u169_21:
  6479     03A2  2BAE               	goto	i1l2180
  6480     03A3                     u169_20:
  6481     03A3                     i1l2176:
  6482                           
  6483                           ;mcc_generated_files/eusart1.c: 227:         eusart1RxStatusBuffer[eusart1RxHead].oerr =
      +                           1;
  6484     03A3  0140               	movlb	0	; select bank0
  6485     03A4  083B               	movf	_eusart1RxHead,w	;volatile
  6486     03A5  3E20               	addlw	(low (_eusart1RxStatusBuffer| 0))& (0+255)
  6487     03A6  0086               	movwf	6
  6488     03A7  0187               	clrf	7
  6489     03A8  1501               	bsf	1,2
  6490     03A9                     i1l2178:
  6491                           
  6492                           ;mcc_generated_files/eusart1.c: 228:         EUSART1_OverrunErrorHandler();
  6493     03A9  0859               	movf	_EUSART1_OverrunErrorHandler+1,w
  6494     03AA  008A               	movwf	10
  6495     03AB  0858               	movf	_EUSART1_OverrunErrorHandler,w
  6496     03AC  000A               	callw
  6497     03AD  3183               	pagesel	$
  6498     03AE                     i1l2180:
  6499                           
  6500                           ;mcc_generated_files/eusart1.c: 231:     if(eusart1RxStatusBuffer[eusart1RxHead].status)
      +                          {
  6501     03AE  0140               	movlb	0	; select bank0
  6502     03AF  083B               	movf	_eusart1RxHead,w	;volatile
  6503     03B0  3E20               	addlw	(low (_eusart1RxStatusBuffer| 0))& (0+255)
  6504     03B1  0086               	movwf	6
  6505     03B2  0187               	clrf	7
  6506     03B3  0801               	movf	1,w
  6507     03B4  1903               	btfsc	3,2
  6508     03B5  2BB7               	goto	u170_21
  6509     03B6  2BB8               	goto	u170_20
  6510     03B7                     u170_21:
  6511     03B7  2BBE               	goto	i1l2184
  6512     03B8                     u170_20:
  6513     03B8                     i1l2182:
  6514                           
  6515                           ;mcc_generated_files/eusart1.c: 232:         EUSART1_ErrorHandler();
  6516     03B8  0857               	movf	_EUSART1_ErrorHandler+1,w
  6517     03B9  008A               	movwf	10
  6518     03BA  0856               	movf	_EUSART1_ErrorHandler,w
  6519     03BB  000A               	callw
  6520     03BC  3183               	pagesel	$
  6521                           
  6522                           ;mcc_generated_files/eusart1.c: 233:     } else {
  6523     03BD  2BC1               	goto	i1l382
  6524     03BE                     i1l2184:
  6525                           
  6526                           ;mcc_generated_files/eusart1.c: 234:         EUSART1_RxDataHandler();
  6527     03BE  3185  2508  3183   	fcall	_EUSART1_RxDataHandler
  6528     03C1                     i1l382:
  6529     03C1  0008               	return
  6530     03C2                     __end_of_EUSART1_Receive_ISR:
  6531                           
  6532                           	psect	text50
  6533     0609                     __ptext50:	
  6534 ;; *************** function _EUSART1_DefaultOverrunErrorHandler *****************
  6535 ;; Defined at:
  6536 ;;		line 252 in file "mcc_generated_files/eusart1.c"
  6537 ;; Parameters:    Size  Location     Type
  6538 ;;		None
  6539 ;; Auto vars:     Size  Location     Type
  6540 ;;		None
  6541 ;; Return value:  Size  Location     Type
  6542 ;;                  1    wreg      void 
  6543 ;; Registers used:
  6544 ;;		None
  6545 ;; Tracked objects:
  6546 ;;		On entry : 0/0
  6547 ;;		On exit  : 0/0
  6548 ;;		Unchanged: 0/0
  6549 ;; Data sizes:     COMMON   BANK0   BANK1   BANK2
  6550 ;;      Params:         0       0       0       0
  6551 ;;      Locals:         0       0       0       0
  6552 ;;      Temps:          0       0       0       0
  6553 ;;      Totals:         0       0       0       0
  6554 ;;Total ram usage:        0 bytes
  6555 ;; Hardware stack levels used: 1
  6556 ;; This function calls:
  6557 ;;		Nothing
  6558 ;; This function is called by:
  6559 ;;		_EUSART1_Initialize
  6560 ;;		_EUSART1_Receive_ISR
  6561 ;; This function uses a non-reentrant model
  6562 ;;
  6563                           
  6564     0609                     _EUSART1_DefaultOverrunErrorHandler:	
  6565                           ;psect for function _EUSART1_DefaultOverrunErrorHandler
  6566                           
  6567     0609                     i1l2050:	
  6568                           ;incstack = 0
  6569                           ; Regs used in _EUSART1_DefaultOverrunErrorHandler: []
  6570                           
  6571                           
  6572                           ;mcc_generated_files/eusart1.c: 255:     RC1STAbits.CREN = 0;
  6573     0609  0142               	movlb	2	; select bank2
  6574     060A  121D               	bcf	29,4	;volatile
  6575                           
  6576                           ;mcc_generated_files/eusart1.c: 256:     RC1STAbits.CREN = 1;
  6577     060B  161D               	bsf	29,4	;volatile
  6578     060C                     i1l392:
  6579     060C  0008               	return
  6580     060D                     __end_of_EUSART1_DefaultOverrunErrorHandler:
  6581                           
  6582                           	psect	text51
  6583     062B                     __ptext51:	
  6584 ;; *************** function _EUSART1_DefaultFramingErrorHandler *****************
  6585 ;; Defined at:
  6586 ;;		line 250 in file "mcc_generated_files/eusart1.c"
  6587 ;; Parameters:    Size  Location     Type
  6588 ;;		None
  6589 ;; Auto vars:     Size  Location     Type
  6590 ;;		None
  6591 ;; Return value:  Size  Location     Type
  6592 ;;                  1    wreg      void 
  6593 ;; Registers used:
  6594 ;;		None
  6595 ;; Tracked objects:
  6596 ;;		On entry : 0/0
  6597 ;;		On exit  : 0/0
  6598 ;;		Unchanged: 0/0
  6599 ;; Data sizes:     COMMON   BANK0   BANK1   BANK2
  6600 ;;      Params:         0       0       0       0
  6601 ;;      Locals:         0       0       0       0
  6602 ;;      Temps:          0       0       0       0
  6603 ;;      Totals:         0       0       0       0
  6604 ;;Total ram usage:        0 bytes
  6605 ;; Hardware stack levels used: 1
  6606 ;; This function calls:
  6607 ;;		Nothing
  6608 ;; This function is called by:
  6609 ;;		_EUSART1_Initialize
  6610 ;;		_EUSART1_Receive_ISR
  6611 ;; This function uses a non-reentrant model
  6612 ;;
  6613                           
  6614     062B                     _EUSART1_DefaultFramingErrorHandler:	
  6615                           ;psect for function _EUSART1_DefaultFramingErrorHandler
  6616                           
  6617     062B                     i1l389:	
  6618                           ;incstack = 0
  6619                           ; Regs used in _EUSART1_DefaultFramingErrorHandler: []
  6620                           
  6621     062B  0008               	return
  6622     062C                     __end_of_EUSART1_DefaultFramingErrorHandler:
  6623                           
  6624                           	psect	text52
  6625     060D                     __ptext52:	
  6626 ;; *************** function _EUSART1_DefaultErrorHandler *****************
  6627 ;; Defined at:
  6628 ;;		line 260 in file "mcc_generated_files/eusart1.c"
  6629 ;; Parameters:    Size  Location     Type
  6630 ;;		None
  6631 ;; Auto vars:     Size  Location     Type
  6632 ;;		None
  6633 ;; Return value:  Size  Location     Type
  6634 ;;                  1    wreg      void 
  6635 ;; Registers used:
  6636 ;;		wreg, fsr1l, fsr1h, status,2, status,0, pclath, cstack
  6637 ;; Tracked objects:
  6638 ;;		On entry : 0/0
  6639 ;;		On exit  : 0/0
  6640 ;;		Unchanged: 0/0
  6641 ;; Data sizes:     COMMON   BANK0   BANK1   BANK2
  6642 ;;      Params:         0       0       0       0
  6643 ;;      Locals:         0       0       0       0
  6644 ;;      Temps:          0       0       0       0
  6645 ;;      Totals:         0       0       0       0
  6646 ;;Total ram usage:        0 bytes
  6647 ;; Hardware stack levels used: 1
  6648 ;; Hardware stack levels required when called: 1
  6649 ;; This function calls:
  6650 ;;		_EUSART1_RxDataHandler
  6651 ;; This function is called by:
  6652 ;;		_EUSART1_Initialize
  6653 ;;		_EUSART1_Receive_ISR
  6654 ;; This function uses a non-reentrant model
  6655 ;;
  6656                           
  6657     060D                     _EUSART1_DefaultErrorHandler:	
  6658                           ;psect for function _EUSART1_DefaultErrorHandler
  6659                           
  6660     060D                     i1l2052:	
  6661                           ;incstack = 0
  6662                           ; Regs used in _EUSART1_DefaultErrorHandler: [wreg+fsr1l+fsr1h+status,2+status,0+pclath+
      +                          cstack]
  6663                           
  6664                           
  6665                           ;mcc_generated_files/eusart1.c: 261:     EUSART1_RxDataHandler();
  6666     060D  3185  2508  3186   	fcall	_EUSART1_RxDataHandler
  6667     0610                     i1l395:
  6668     0610  0008               	return
  6669     0611                     __end_of_EUSART1_DefaultErrorHandler:
  6670                           
  6671                           	psect	text53
  6672     0508                     __ptext53:	
  6673 ;; *************** function _EUSART1_RxDataHandler *****************
  6674 ;; Defined at:
  6675 ;;		line 240 in file "mcc_generated_files/eusart1.c"
  6676 ;; Parameters:    Size  Location     Type
  6677 ;;		None
  6678 ;; Auto vars:     Size  Location     Type
  6679 ;;		None
  6680 ;; Return value:  Size  Location     Type
  6681 ;;                  1    wreg      void 
  6682 ;; Registers used:
  6683 ;;		wreg, fsr1l, fsr1h, status,2, status,0
  6684 ;; Tracked objects:
  6685 ;;		On entry : 0/0
  6686 ;;		On exit  : 0/0
  6687 ;;		Unchanged: 0/0
  6688 ;; Data sizes:     COMMON   BANK0   BANK1   BANK2
  6689 ;;      Params:         0       0       0       0
  6690 ;;      Locals:         0       0       0       0
  6691 ;;      Temps:          0       0       0       0
  6692 ;;      Totals:         0       0       0       0
  6693 ;;Total ram usage:        0 bytes
  6694 ;; Hardware stack levels used: 1
  6695 ;; This function calls:
  6696 ;;		Nothing
  6697 ;; This function is called by:
  6698 ;;		_EUSART1_Receive_ISR
  6699 ;;		_EUSART1_DefaultErrorHandler
  6700 ;; This function uses a non-reentrant model
  6701 ;;
  6702                           
  6703     0508                     _EUSART1_RxDataHandler:	
  6704                           ;psect for function _EUSART1_RxDataHandler
  6705                           
  6706     0508                     i1l1886:	
  6707                           ;incstack = 0
  6708                           ; Regs used in _EUSART1_RxDataHandler: [wreg+fsr1l+fsr1h+status,2+status,0]
  6709                           
  6710                           
  6711                           ;mcc_generated_files/eusart1.c: 242:     eusart1RxBuffer[eusart1RxHead++] = RC1REG;
  6712     0508  0140               	movlb	0	; select bank0
  6713     0509  083B               	movf	_eusart1RxHead,w
  6714     050A  3E28               	addlw	(low (_eusart1RxBuffer| 0))& (0+255)
  6715     050B  0086               	movwf	6
  6716     050C  0187               	clrf	7
  6717     050D  0142               	movlb	2	; select bank2
  6718     050E  0819               	movf	25,w	;volatile
  6719     050F  0081               	movwf	1
  6720     0510                     i1l1888:
  6721     0510  3001               	movlw	1
  6722     0511  0140               	movlb	0	; select bank0
  6723     0512  07BB               	addwf	_eusart1RxHead,f	;volatile
  6724     0513                     i1l1890:
  6725                           
  6726                           ;mcc_generated_files/eusart1.c: 243:     if(sizeof(eusart1RxBuffer) <= eusart1RxHead)
  6727     0513  3008               	movlw	8
  6728     0514  023B               	subwf	_eusart1RxHead,w	;volatile
  6729     0515  1C03               	skipc
  6730     0516  2D18               	goto	u129_21
  6731     0517  2D19               	goto	u129_20
  6732     0518                     u129_21:
  6733     0518  2D1A               	goto	i1l1894
  6734     0519                     u129_20:
  6735     0519                     i1l1892:
  6736                           
  6737                           ;mcc_generated_files/eusart1.c: 244:     {;mcc_generated_files/eusart1.c: 245:         e
      +                          usart1RxHead = 0;
  6738     0519  01BB               	clrf	_eusart1RxHead	;volatile
  6739     051A                     i1l1894:
  6740                           
  6741                           ;mcc_generated_files/eusart1.c: 247:     eusart1RxCount++;
  6742     051A  3001               	movlw	1
  6743     051B  07B9               	addwf	_eusart1RxCount,f	;volatile
  6744     051C                     i1l386:
  6745     051C  0008               	return
  6746     051D                     __end_of_EUSART1_RxDataHandler:
  6747     0000                     ___latbits      equ	0
  6748     007E                     btemp           set	126	;btemp
  6749     007E                     int$flags       set	126
  6750     007E                     wtemp0          set	126
  6751                           
  6752                           	psect	config
  6753                           
  6754                           ;Config register CONFIG1 @ 0x8007
  6755                           ;	External Oscillator Mode Selection bits
  6756                           ;	FEXTOSC = OFF, Oscillator not enabled
  6757                           ;	Power-up Default Value for COSC bits
  6758                           ;	RSTOSC = HFINTOSC_32MHZ, HFINTOSC (32 MHz)
  6759                           ;	Clock Out Enable bit
  6760                           ;	CLKOUTEN = OFF, CLKOUT function is disabled; I/O function on RA4
  6761                           ;	VDD Range Analog Calibration Selection bit
  6762                           ;	VDDAR = HI, Internal analog systems are calibrated for operation between VDD = 2.3V - 
      +                          5.5V
  6763     8007                     	org	32775
  6764     8007  3FCD               	dw	16333
  6765                           
  6766                           ;Config register CONFIG2 @ 0x8008
  6767                           ;	Master Clear Enable bit
  6768                           ;	MCLRE = EXTMCLR, If LVP = 0, MCLR pin is MCLR; If LVP = 1, RA3 pin function is MCLR
  6769                           ;	Power-up Timer Selection bits
  6770                           ;	PWRTS = PWRT_OFF, PWRT is disabled
  6771                           ;	WDT Operating Mode bits
  6772                           ;	WDTE = OFF, WDT disabled; SEN is ignored
  6773                           ;	Brown-out Reset Enable bits
  6774                           ;	BOREN = ON, Brown-out Reset Enabled, SBOREN bit is ignored
  6775                           ;	Brown-out Reset Voltage Selection bit
  6776                           ;	BORV = LO, Brown-out Reset Voltage (VBOR) set to 1.9V
  6777                           ;	PPSLOCKED One-Way Set Enable bit
  6778                           ;	PPS1WAY = ON, The PPSLOCKED bit can be set once after an unlocking sequence is execute
      +                          d; once PPSLOCKED is set, all future changes to PPS registers are prevented
  6779                           ;	Stack Overflow/Underflow Reset Enable bit
  6780                           ;	STVREN = ON, Stack Overflow or Underflow will cause a reset
  6781     8008                     	org	32776
  6782     8008  3FE7               	dw	16359
  6783                           
  6784                           ;Config register CONFIG4 @ 0x800A
  6785                           ;	Boot Block Size Selection bits
  6786                           ;	BBSIZE = BB512, 512 words boot block size
  6787                           ;	Boot Block Enable bit
  6788                           ;	BBEN = OFF, Boot Block is disabled
  6789                           ;	SAF Enable bit
  6790                           ;	SAFEN = OFF, SAF is disabled
  6791                           ;	Application Block Write Protection bit
  6792                           ;	WRTAPP = OFF, Application Block is not write-protected
  6793                           ;	Boot Block Write Protection bit
  6794                           ;	WRTB = OFF, Boot Block is not write-protected
  6795                           ;	Configuration Registers Write Protection bit
  6796                           ;	WRTC = OFF, Configuration Registers are not write-protected
  6797                           ;	Storage Area Flash (SAF) Write Protection bit
  6798                           ;	WRTSAF = OFF, SAF is not write-protected
  6799                           ;	Low Voltage Programming Enable bit
  6800                           ;	LVP = ON, Low Voltage programming enabled. MCLR/Vpp pin function is MCLR. MCLRE Config
      +                          uration bit is ignored.
  6801     800A                     	org	32778
  6802     800A  3FFF               	dw	16383
  6803                           
  6804                           ;Config register CONFIG5 @ 0x800B
  6805                           ;	User Program Flash Memory Code Protection bit
  6806                           ;	CP = OFF, User Program Flash Memory code protection is disabled
  6807     800B                     	org	32779
  6808     800B  3FFF               	dw	16383

Data Sizes:
    Strings     0
    Constant    5
    Data        1
    BSS         60
    Persistent  49
    Stack       0

Auto Spaces:
    Space          Size  Autos    Used
    COMMON           14     14      14
    BANK0            80      9      79
    BANK1            80      5      13
    BANK2            80      0       0

Pointer List with Targets:

    EUSART1_ErrorHandler	PTR FTN()void  size(2) Largest target is 1
		 -> EUSART1_DefaultErrorHandler(), NULL(), 

    EUSART1_FramingErrorHandler	PTR FTN()void  size(2) Largest target is 1
		 -> EUSART1_DefaultFramingErrorHandler(), NULL(), 

    EUSART1_OverrunErrorHandler	PTR FTN()void  size(2) Largest target is 1
		 -> EUSART1_DefaultOverrunErrorHandler(), NULL(), 

    EUSART1_RxDefaultInterruptHandler	PTR FTN()void  size(2) Largest target is 1
		 -> EUSART1_Receive_ISR(), NULL(), 

    EUSART1_SetErrorHandler@interruptHandler	PTR FTN()void  size(2) Largest target is 1
		 -> EUSART1_DefaultErrorHandler(), 

    EUSART1_SetFramingErrorHandler@interruptHandler	PTR FTN()void  size(2) Largest target is 1
		 -> EUSART1_DefaultFramingErrorHandler(), 

    EUSART1_SetOverrunErrorHandler@interruptHandler	PTR FTN()void  size(2) Largest target is 1
		 -> EUSART1_DefaultOverrunErrorHandler(), 

    EUSART1_SetRxInterruptHandler@interruptHandler	PTR FTN()void  size(2) Largest target is 1
		 -> EUSART1_Receive_ISR(), 

    EUSART1_SetTxInterruptHandler@interruptHandler	PTR FTN()void  size(2) Largest target is 1
		 -> EUSART1_Transmit_ISR(), 

    EUSART1_TxDefaultInterruptHandler	PTR FTN()void  size(2) Largest target is 1
		 -> EUSART1_Transmit_ISR(), NULL(), 

    LIN_getChecksum@data	PTR unsigned char  size(2) Largest target is 13
		 -> LIN_packet(BANK0[13]), 

    LIN_getFromTable@rxCommand	PTR const struct . size(2) Largest target is 5
		 -> scheduleTable(CODE[5]), NULL(NULL[0]), 

    LIN_getFromTable@rxCommand$data	PTR unsigned char  size(2) Largest target is 8
		 -> SIGNAL_Data(BANK1[8]), 

    LIN_getPacket@data	PTR unsigned char  size(1) Largest target is 8
		 -> processLIN@tempRxData(BANK0[8]), 

    LIN_init@command	const PTR const struct . size(2) Largest target is 5
		 -> scheduleTable(CODE[5]), 

    LIN_init@processData	PTR FTN()void  size(2) Largest target is 1
		 -> processLIN(), 

    LIN_processData	PTR FTN()void  size(2) Largest target is 1
		 -> processLIN(), NULL(), 

    LIN_queuePacket@tempSchedule	PTR const struct . size(2) Largest target is 5
		 -> scheduleTable(CODE[5]), NULL(NULL[0]), 

    LIN_queuePacket@tempSchedule$data	PTR unsigned char  size(2) Largest target is 8
		 -> SIGNAL_Data(BANK1[8]), 

    LIN_rxCommand	PTR const struct . size(2) Largest target is 5
		 -> scheduleTable(CODE[5]), NULL(NULL[0]), 

    LIN_rxCommand$data	PTR unsigned char  size(2) Largest target is 8
		 -> SIGNAL_Data(BANK1[8]), 

    LIN_sendPacket@data	PTR unsigned char  size(2) Largest target is 13
		 -> LIN_packet(BANK0[13]), 

    memcpy@d	PTR unsigned char  size(1) Largest target is 13
		 -> LIN_packet(BANK0[13]), processLIN@tempRxData(BANK0[8]), 

    memcpy@d1	PTR void  size(2) Largest target is 13
		 -> LIN_packet(BANK0[13]), processLIN@tempRxData(BANK0[8]), 

    memcpy@s	PTR const unsigned char  size(1) Largest target is 13
		 -> LIN_packet(BANK0[13]), LIN_packet$data(BANK0[8]), SIGNAL_Data(BANK1[8]), 

    memcpy@s1	PTR const void  size(2) Largest target is 13
		 -> LIN_packet(BANK0[13]), LIN_packet$data(BANK0[8]), SIGNAL_Data(BANK1[8]), 

    memset@dest	PTR void  size(2) Largest target is 13
		 -> LIN_packet(BANK0[13]), 

    memset@p	PTR unsigned char  size(1) Largest target is 13
		 -> LIN_packet(BANK0[13]), 

    S26$data	PTR unsigned char  size(2) Largest target is 8
		 -> SIGNAL_Data(BANK1[8]), 

    scheduleTable$data	PTR unsigned char  size(2) Largest target is 8
		 -> SIGNAL_Data(BANK1[8]), 

    sp__memcpy	PTR void  size(2) Largest target is 13
		 -> LIN_packet(BANK0[13]), processLIN@tempRxData(BANK0[8]), 

    sp__memset	PTR void  size(2) Largest target is 13
		 -> LIN_packet(BANK0[13]), 

    TMR0_InterruptHandler	PTR FTN()void  size(2) Largest target is 1
		 -> LIN_timerHandler(), TMR0_DefaultInterruptHandler(), NULL(), 

    TMR0_SetInterruptHandler@InterruptHandler	PTR FTN()void  size(2) Largest target is 1
		 -> LIN_timerHandler(), TMR0_DefaultInterruptHandler(), 


Critical Paths under _main in COMMON

    _TMR0_Initialize->_TMR0_SetInterruptHandler
    _LIN_Slave_Initialize->_LIN_init
    _LIN_setTimerHandler->_TMR0_SetInterruptHandler
    _EUSART1_Initialize->_EUSART1_SetErrorHandler
    _EUSART1_Initialize->_EUSART1_SetFramingErrorHandler
    _EUSART1_Initialize->_EUSART1_SetOverrunErrorHandler
    _EUSART1_Initialize->_EUSART1_SetRxInterruptHandler
    _EUSART1_Initialize->_EUSART1_SetTxInterruptHandler
    _processLIN->_LIN_getPacket
    _LIN_getPacket->_memcpy
    _LIN_startTimer->_TMR0_WriteTimer
    _LIN_queuePacket->_LIN_sendPacket
    _LIN_sendPacket->_LIN_getChecksum
    _LIN_checkPID->_LIN_getFromTable
    _LIN_breakCheck->_EUSART1_Read

Critical Paths under _INTERRUPT_InterruptManager in COMMON

    None.

Critical Paths under _main in BANK0

    _LIN_handler->_processLIN

Critical Paths under _INTERRUPT_InterruptManager in BANK0

    None.

Critical Paths under _main in BANK1

    _main->_LIN_handler

Critical Paths under _INTERRUPT_InterruptManager in BANK1

    None.

Critical Paths under _main in BANK2

    None.

Critical Paths under _INTERRUPT_InterruptManager in BANK2

    None.

Call Graph Tables:

 ---------------------------------------------------------------------------------
 (Depth) Function   	        Calls       Base Space   Used Autos Params    Refs
 ---------------------------------------------------------------------------------
 (0) _main                                                 0     0      0    2998
                        _LIN_handler
                  _SYSTEM_Initialize
 ---------------------------------------------------------------------------------
 (1) _SYSTEM_Initialize                                    0     0      0     238
                 _EUSART1_Initialize
               _LIN_Slave_Initialize
              _OSCILLATOR_Initialize
             _PIN_MANAGER_Initialize
                    _TMR0_Initialize
                     _WDT_Initialize
 ---------------------------------------------------------------------------------
 (2) _WDT_Initialize                                       0     0      0       0
 ---------------------------------------------------------------------------------
 (2) _TMR0_Initialize                                      0     0      0      24
           _TMR0_SetInterruptHandler
 ---------------------------------------------------------------------------------
 (2) _PIN_MANAGER_Initialize                               0     0      0       0
 ---------------------------------------------------------------------------------
 (2) _OSCILLATOR_Initialize                                0     0      0       0
 ---------------------------------------------------------------------------------
 (2) _LIN_Slave_Initialize                                 0     0      0      99
                           _LIN_init
 ---------------------------------------------------------------------------------
 (3) _LIN_init                                             5     1      4      99
                                              2 COMMON     5     1      4
                       _LIN_enableRx
                _LIN_setTimerHandler
                      _LIN_stopTimer
 ---------------------------------------------------------------------------------
 (4) _LIN_setTimerHandler                                  0     0      0      24
           _TMR0_SetInterruptHandler
 ---------------------------------------------------------------------------------
 (3) _TMR0_SetInterruptHandler                             2     0      2      24
                                              0 COMMON     2     0      2
 ---------------------------------------------------------------------------------
 (2) _EUSART1_Initialize                                   0     0      0     115
            _EUSART1_SetErrorHandler
     _EUSART1_SetFramingErrorHandler
     _EUSART1_SetOverrunErrorHandler
      _EUSART1_SetRxInterruptHandler
      _EUSART1_SetTxInterruptHandler
 ---------------------------------------------------------------------------------
 (3) _EUSART1_SetTxInterruptHandler                        2     0      2      23
                                              0 COMMON     2     0      2
 ---------------------------------------------------------------------------------
 (3) _EUSART1_SetRxInterruptHandler                        2     0      2      23
                                              0 COMMON     2     0      2
 ---------------------------------------------------------------------------------
 (3) _EUSART1_SetOverrunErrorHandler                       2     0      2      23
                                              0 COMMON     2     0      2
 ---------------------------------------------------------------------------------
 (3) _EUSART1_SetFramingErrorHandler                       2     0      2      23
                                              0 COMMON     2     0      2
 ---------------------------------------------------------------------------------
 (3) _EUSART1_SetErrorHandler                              2     0      2      23
                                              0 COMMON     2     0      2
 ---------------------------------------------------------------------------------
 (1) _LIN_handler                                          5     5      0    2760
                                              0 BANK1      5     5      0
                                NULL *
                       _EUSART1_Read
                _EUSART1_is_rx_ready
                     _LIN_breakCheck
                       _LIN_checkPID
                      _LIN_disableRx
                       _LIN_enableRx
                    _LIN_getChecksum
                   _LIN_getFromTable
                    _LIN_queuePacket
                     _LIN_startTimer
                      _LIN_stopTimer
                             _memset
                         _processLIN *
 ---------------------------------------------------------------------------------
 (2) _processLIN                                          10    10      0     549
                                             11 COMMON     1     1      0
                                              0 BANK0      9     9      0
                            _DRL_OFF
                             _DRL_ON
                         _HIBEAM_OFF
                          _HIBEAM_ON
                      _LIN_getPacket
                            _POS_OFF
                             _POS_ON
 ---------------------------------------------------------------------------------
 (3) _POS_ON                                               0     0      0       0
 ---------------------------------------------------------------------------------
 (3) _POS_OFF                                              0     0      0       0
 ---------------------------------------------------------------------------------
 (3) _LIN_getPacket                                        2     1      1     297
                                              9 COMMON     2     1      1
                             _memcpy
                             _memset
 ---------------------------------------------------------------------------------
 (4) _memset                                               7     1      6     102
                                              0 COMMON     7     1      6
 ---------------------------------------------------------------------------------
 (3) _HIBEAM_ON                                            0     0      0       0
 ---------------------------------------------------------------------------------
 (3) _HIBEAM_OFF                                           0     0      0       0
 ---------------------------------------------------------------------------------
 (3) _DRL_ON                                               0     0      0       0
 ---------------------------------------------------------------------------------
 (3) _DRL_OFF                                              0     0      0       0
 ---------------------------------------------------------------------------------
 (4) _LIN_stopTimer                                        0     0      0       0
 ---------------------------------------------------------------------------------
 (2) _LIN_startTimer                                       1     1      0      58
                                              1 COMMON     1     1      0
                    _TMR0_WriteTimer
 ---------------------------------------------------------------------------------
 (3) _TMR0_WriteTimer                                      1     1      0      29
                                              0 COMMON     1     1      0
 ---------------------------------------------------------------------------------
 (2) _LIN_queuePacket                                      5     5      0     991
                                              0 BANK0      5     5      0
                    _LIN_getChecksum
                     _LIN_sendPacket
                             _memcpy
 ---------------------------------------------------------------------------------
 (4) _memcpy                                               9     3      6     149
                                              0 COMMON     9     3      6
 ---------------------------------------------------------------------------------
 (3) _LIN_sendPacket                                       5     2      3     426
                                              9 COMMON     5     2      3
                      _EUSART1_Write
                    _LIN_getChecksum
 ---------------------------------------------------------------------------------
 (4) _LIN_getChecksum                                      9     6      3     196
                                              0 COMMON     9     6      3
 ---------------------------------------------------------------------------------
 (4) _EUSART1_Write                                        1     1      0      58
                                              0 COMMON     1     1      0
 ---------------------------------------------------------------------------------
 (4) _LIN_enableRx                                         0     0      0       0
 ---------------------------------------------------------------------------------
 (2) _LIN_disableRx                                        0     0      0       0
 ---------------------------------------------------------------------------------
 (2) _LIN_checkPID                                         1     1      0     624
                                              7 COMMON     1     1      0
                     _LIN_calcParity
                   _LIN_getFromTable
 ---------------------------------------------------------------------------------
 (2) _LIN_getFromTable                                     7     6      1     192
                                              0 COMMON     7     6      1
 ---------------------------------------------------------------------------------
 (3) _LIN_calcParity                                       3     3      0     345
                                              0 COMMON     3     3      0
 ---------------------------------------------------------------------------------
 (2) _LIN_breakCheck                                       0     0      0      24
                       _EUSART1_Read
            _EUSART1_get_last_status
 ---------------------------------------------------------------------------------
 (3) _EUSART1_get_last_status                              0     0      0       0
 ---------------------------------------------------------------------------------
 (3) _EUSART1_Read                                         1     1      0      24
                                              0 COMMON     1     1      0
 ---------------------------------------------------------------------------------
 (2) _EUSART1_is_rx_ready                                  0     0      0       0
 ---------------------------------------------------------------------------------
 (8) NULL(Fake)                                            0     0      0       0
 ---------------------------------------------------------------------------------
 Estimated maximum stack depth 8
 ---------------------------------------------------------------------------------
 (Depth) Function   	        Calls       Base Space   Used Autos Params    Refs
 ---------------------------------------------------------------------------------
 (6) _INTERRUPT_InterruptManager                           0     0      0       0
                                NULL *
                _EUSART1_Receive_ISR *
               _EUSART1_Transmit_ISR *
                           _TMR0_ISR
 ---------------------------------------------------------------------------------
 (7) _TMR0_ISR                                             0     0      0       0
                                NULL *
                   _LIN_timerHandler *
       _TMR0_DefaultInterruptHandler *
 ---------------------------------------------------------------------------------
 (8) _TMR0_DefaultInterruptHandler                         0     0      0       0
 ---------------------------------------------------------------------------------
 (8) _LIN_timerHandler                                     0     0      0       0
                    i1_LIN_stopTimer
 ---------------------------------------------------------------------------------
 (9) i1_LIN_stopTimer                                      0     0      0       0
 ---------------------------------------------------------------------------------
 (7) _EUSART1_Transmit_ISR                                 0     0      0       0
 ---------------------------------------------------------------------------------
 (7) _EUSART1_Receive_ISR                                  0     0      0       0
                                NULL *
        _EUSART1_DefaultErrorHandler *
 _EUSART1_DefaultFramingErrorHandler *
 _EUSART1_DefaultOverrunErrorHandler *
              _EUSART1_RxDataHandler
 ---------------------------------------------------------------------------------
 (8) _EUSART1_DefaultOverrunErrorHandler                   0     0      0       0
 ---------------------------------------------------------------------------------
 (8) _EUSART1_DefaultFramingErrorHandler                   0     0      0       0
 ---------------------------------------------------------------------------------
 (8) _EUSART1_DefaultErrorHandler                          0     0      0       0
              _EUSART1_RxDataHandler
 ---------------------------------------------------------------------------------
 (8) _EUSART1_RxDataHandler                                0     0      0       0
 ---------------------------------------------------------------------------------
 (8) NULL(Fake)                                            0     0      0       0
 ---------------------------------------------------------------------------------
 Estimated maximum stack depth 9
 ---------------------------------------------------------------------------------

 Call Graph Graphs:

 _main (ROOT)
   _LIN_handler
     NULL(Fake) *
     _EUSART1_Read *
     _EUSART1_is_rx_ready *
     _LIN_breakCheck *
       _EUSART1_Read
       _EUSART1_get_last_status
     _LIN_checkPID *
       _LIN_calcParity
       _LIN_getFromTable
     _LIN_disableRx *
     _LIN_enableRx *
     _LIN_getChecksum *
     _LIN_getFromTable *
     _LIN_queuePacket *
       _LIN_getChecksum
       _LIN_sendPacket
         _EUSART1_Write
         _LIN_getChecksum
       _memcpy
     _LIN_startTimer *
       _TMR0_WriteTimer
     _LIN_stopTimer *
     _memset *
     _processLIN *
       _DRL_OFF
       _DRL_ON
       _HIBEAM_OFF
       _HIBEAM_ON
       _LIN_getPacket
         _memcpy
         _memset
       _POS_OFF
       _POS_ON
   _SYSTEM_Initialize
     _EUSART1_Initialize
       _EUSART1_SetErrorHandler
       _EUSART1_SetFramingErrorHandler
       _EUSART1_SetOverrunErrorHandler
       _EUSART1_SetRxInterruptHandler
       _EUSART1_SetTxInterruptHandler
     _LIN_Slave_Initialize
       _LIN_init
         _LIN_enableRx
         _LIN_setTimerHandler
           _TMR0_SetInterruptHandler
         _LIN_stopTimer
     _OSCILLATOR_Initialize
     _PIN_MANAGER_Initialize
     _TMR0_Initialize
       _TMR0_SetInterruptHandler
     _WDT_Initialize

 _INTERRUPT_InterruptManager (ROOT)
   NULL(Fake) *
   _EUSART1_Receive_ISR *
     NULL(Fake) *
     _EUSART1_DefaultErrorHandler *
       _EUSART1_RxDataHandler
     _EUSART1_DefaultFramingErrorHandler *
     _EUSART1_DefaultOverrunErrorHandler *
     _EUSART1_RxDataHandler *
   _EUSART1_Transmit_ISR *
   _TMR0_ISR *
     NULL(Fake) *
     _LIN_timerHandler *
       i1_LIN_stopTimer
     _TMR0_DefaultInterruptHandler *

Address spaces:
Name               Size   Autos  Total    Usage
BITCOMMON           14      0       0      0.0%
BITBANK0            80      0       0      0.0%
BITBANK1            80      0       0      0.0%
BITBANK2            80      0       0      0.0%
BIGRAM             240      0       0      0.0%
COMMON              14     14      14    100.0%
BANK0               80      9      79     98.8%
BANK1               80      5      13     16.2%
BANK2               80      0       0      0.0%
STACK                0      0       0      0.0%
DATA                 0      0     101      0.0%


Microchip Technology PIC Macro Assembler V3.00 build 20241204225717 
Symbol Table                                                                                   Wed Dec 17 15:31:48 2025

                        __end_of_LIN_breakCheck 056A                           __end_of_LIN_getPacket 0483  
                         ??_LIN_setTimerHandler 0072                        _eusart1TxBufferRemaining 003C  
                         __end_of_LIN_disableRx 0604                                              l20 0623  
                                            l22 0625                                              l30 0617  
                                            l15 0620                                              l32 0619  
                                            l17 0622                                              l41 061A  
                                            l25 0614                                              l43 061C  
                                            l27 0616                                              l46 061D  
                                            l48 061F                                              l80 023C  
                                            l81 024B                                              l75 022A  
                                            l77 0227                                              l69 0585  
                                            l94 0289                                              l86 0263  
                                            l78 022C                                              l79 023B  
                               ?_LIN_calcParity 0070                                             l200 0136  
                                           l211 0460                                             l203 015B  
                                           l205 0188                                             l222 0349  
                                           l214 0482                                             l232 04DA  
                                           l401 05DE                                             l242 03F0  
                                           l410 05D8                                             l243 03F3  
                                           l236 020E                                             l404 05EA  
                                           l181 0083                                             l341 0387  
                                           l253 05BA                                             l262 0603  
                                           l166 02EB                                             l246 0592  
                                           l407 05D2                                             l159 0507  
                                           l360 043D                                             l256 05F4  
                                           l353 0628                                             l266 0569  
                                           l347 05B2                                             l259 05FE  
                                           l523 0530                                             l365 03FB  
                                           l197 012B                                             l366 0404  
                                           l470 0543                                             l535 05F9  
                                           l369 0419                                             l545 05CC  
                                           l473 05C6                                             l476 0613  
                                           l398 05E4                                             l497 0556  
                                           u900 04A2                                             u901 04A1  
                                           u910 03E4                                             u911 03E3  
                                           u920 03F0                                             u921 03EF  
                                           u930 04F1                                             u931 04F0  
                                           u940 03FB                                             u941 03FA  
                                           u950 0400                                             u951 03FF  
                                           u960 0414                                             u961 0413  
                                           u970 0453                                             u971 0452  
                                           u980 0420                                             u981 041F  
                                           u990 0434                                             u991 0433  
                      __end_of_LIN_getFromTable 034A                                             wreg 0009  
                         __end_of_scheduleTable 05F0                                 __end_of_DRL_OFF 0626  
                                          l1102 04F1                                            l2002 04CF  
                                          l2004 04D9                                            l2012 05FF  
                                          l2020 034C                                            l2030 0363  
                                          l2022 0353                                            l2040 0380  
                                          l2032 0365                                            l2024 035C  
                                          l2042 0382                                            l2034 037C  
                                          l2026 035F                                            l2018 034A  
                                          l2300 02AB                                            l2044 0383  
                                          l2036 037E                                            l2028 0361  
                                          l2060 0525                                            l1093 0496  
                                          l2302 02BD                                            l2310 0055  
                                          l2046 0384                                            l2038 037F  
                                          l2062 0526                                            l2054 051D  
                                          l1096 04A2                                            l2304 02D4  
                                          l2320 006C                                            l2312 005A  
                                          l2048 0385                                            l2064 052D  
                                          l2056 0522                                            l2400 05A3  
                                          l2306 02E1                                            l2330 008F  
                                          l2322 006F                                            l2314 005D  
                                          l2058 0523                                            l2402 05A4  
                                          l2332 0097                                            l2324 0077  
                                          l2316 0065                                            l2308 004F  
                                          l1700 05C7                                            l1460 054C  
                                          l2404 05A5                                            l1710 0483  
                                          l1702 05F0                                            l2350 00CB  
                                          l2342 00B2                                            l2334 009B  
                                          l2326 007F                                            l2318 0069  
                                          l1470 05C3                                            l1462 054E  
                                          l1800 042E                                            l1720 03CA  
                                          l1712 0488                                            l1704 05F1  
                                          l2360 0108                                            l2352 00CE  
                                          l2344 00BB                                            l2336 00A3  
                                          l2328 0087                                            l1464 0550  
                                          l1456 0544                                            l1472 0611  
                                          l2192 0531                                            l1810 043C  
                                          l1802 0434                                            l1706 05FA  
                                          l1730 03E8                                            l1722 03CC  
                                          l1714 048D                                            l2290 0294  
                                          l2370 012E                                            l2362 010A  
                                          l2354 00D2                                            l2346 00C0  
                                          l2338 00A8                                            l1466 0553  
                                          l1458 0546                                            l2194 053A  
                                          l1804 0435                                            l1820 02F6  
                                          l1724 03D7                                            l1732 03EA  
                                          l1716 048F                                            l2284 028C  
                                          l1740 04DE                                            l2380 0142  
                                          l2372 0133                                            l2364 010D  
                                          l2356 00DA                                            l2348 00C8  
                                          l1708 05B3                                            l1900 0579  
                                          l1468 05C1                                            l2196 053D  
                                          l1806 0437                                            l1830 0315  
                                          l1814 02ED                                            l1750 0400  
                                          l1734 03F2                                            l1726 03DB  
                                          l1718 03C3                                            l2294 029F  
                                          l2286 0290                                            l1742 04E3  
                                          l1910 0223                                            l1902 020F  
                                          l2382 0150                                            l2374 013C  
                                          l2366 0115                                            l2358 00F1  
                                          l2390 015F                                            l2198 0540  
                                          l1808 043A                                            l1824 0301  
                                          l1832 0317                                            l1816 02F2  
                                          l1760 0415                                            l1752 0405  
                                          l1728 03E4                                            l2296 02A3  
                                          l2288 0292                                            l1744 04E5  
                                          l1912 0230                                            l1920 024D  
                                          l1904 0216                                            l2384 0155  
                                          l2376 013F                                            l1842 032D  
                                          l1834 031E                                            l1826 0313  
                                          l1818 02F4                                            l1754 040C  
                                          l1762 0417                                            l1746 03F5  
                                          l2298 02A5                                            l1738 04DB  
                                          l1930 0267                                            l1922 0252  
                                          l1914 0239                                            l1906 0219  
                                          l2386 0158                                            l2378 0141  
                                          l1770 0504                                            l1756 040E  
                                          l1748 03F5                                            l1772 0461  
                                          l1940 027A                                            l1932 026B  
                                          l1924 025B                                            l1916 0240  
                                          l1908 021F                                            l2476 0168  
                                          l1764 04F3                                            l1862 018A  
                                          l2478 033E                                            l1838 0324  
                                          l1758 0414                                            l1790 0453  
                                          l1782 043F                                            l1870 05F6  
                                          l1774 0465                                            l1942 027F  
                                          l1934 026E                                            l1918 0249  
                                          l1766 04FE                                            l2398 05A0  
                                          l1792 041A                                            l1872 0626  
                                          l1864 0204                                            l1848 0336  
                                          l1784 0441                                            l1776 0473  
                                          l1944 0283                                            l1936 0273  
                                          l1928 025E                                            l1880 05DF  
                                          l1768 0501                                            l1794 041A  
                                          l1866 020D                                            l1786 044B  
                                          l1778 0481                                            l1946 0286  
                                          l1938 0277                                            l1882 05D9  
                                          l1972 05AA                                            l1796 0420  
                                          l1788 044D                                            l1980 058E  
                                          l1884 05E5                                            l1876 05D3  
                                          l1798 042C                                            l1982 058F  
                                          l1878 05CD                                            l1992 0568  
                                          l1984 0557                                            l1976 0587  
                                          l1986 055F                                            l1978 058A  
                                          l1988 0566                                            l1996 04C2  
                                          l1998 04CD                                            u1000 0300  
                                          u1001 02FF                                            u1010 0313  
                                          u1011 0312                                            u1020 031D  
                                          u1021 031C                                            u1110 01B9  
                                          u1030 0191                                            u1111 01B7  
                                          u1031 018F                                            u1200 01E8  
                                          u1120 01C0                                            u1112 01BA  
                                          u1104 01B4                                            u1040 0198  
                                          u1032 0192                                            u1201 01E6  
                                          u1121 01BE                                            u1041 0196  
                                          u1210 01EF                                            u1202 01E9  
                                          u1130 01C7                                            u1122 01C1  
                                          u1050 019F                                            u1042 0199  
                                          u1211 01ED                                            u1131 01C5  
                                          u1051 019D                                            u1300 021F  
                                          u1301 021E                                            u1230 01F5  
                                          u1150 01CD                                            u1070 01A5  
                                          u1310 0223                                            u1231 01F3  
                                          u1151 01CB                                            u1071 01A3  
                                          u1311 0222                                            u1240 01FC  
                                          u1232 01F6                                            u1224 01F0  
                                          u1160 01D4                                            u1152 01CE  
                                          u1144 01C8                                            u1080 01AC  
                                          u1072 01A6                                            u1064 01A0  
                                          u1400 0273                                            u1320 0227  
                                          u1241 01FA                                            u1161 01D2  
                                          u1081 01AA                                            u1401 0272  
                                          u1321 0226                                            u1250 0203  
                                          u1242 01FD                                            u1170 01DB  
                                          u1162 01D5                                            u1090 01B3  
                                          u1082 01AD                                            u1410 027F  
                                          u1330 0230                                            u1251 0201  
                                          u1171 01D9                                            u1091 01B1  
                                          u1411 027E                                            u1331 022F  
                                          u1340 0239                                            u1341 0238  
                                          _LATA 0018                                            u1270 020C  
                                          u1190 01E1                                            u1350 0240  
                                          u1271 020A                                            u1191 01DF  
                                          u1351 023F                                            u1440 05B1  
                                          u1264 0204                                            u1192 01E2  
                                          u1184 01DC                                            u1360 0249  
                                          u1441 05AF                                            u1361 0248  
                                          u1450 05B2                                            u1370 0252  
                                          u1371 0251                                            u1460 055F  
                                          u1284 020D                                            u1380 025B  
                                          u1461 055E                                            u1381 025A  
                                          u1470 0566                                            u1390 0267  
                                          u1471 0565                                            u1391 0266  
                                          u1480 04CD                                            u1800 02AB  
                                          u1481 04CC                                            u1801 02AA  
                                          u1490 04D9                                            u1810 0055  
                                          u1491 04D8                                            u1811 0054  
                                          u1900 00C0                                            u1820 005A  
                                          u1901 00BF                                            u1821 0059  
                                          u1910 00DA                                            u1830 0065  
                                          u1911 00D9                                            u1831 0064  
                                          u1920 0108                                            u1840 0077  
                                          u1921 0107                                            u1841 0076  
                                          u1930 0115                                            u1850 007F  
                                          u1931 0114                                            u1851 007E  
                                          u1940 012A                                            u1860 008F  
                                          u1941 0129                                            u1925 0104  
                                          u1861 008E                                            u1790 029E  
                                          u1950 0155                                            u1870 0097  
                                          u1791 029D                                            u1951 0154  
                                          u1871 0096                                            u1880 00A3  
                                          u1881 00A2                                            u1890 00B1  
                                          u1891 00B0                                            _WPUA 1F39  
                                _LIN_sendPacket 043E                                   _EUSART1_Write 03F4  
                               __end_of_POS_OFF 061A                                            _main 05A0  
                                 ?_EUSART1_Read 0070                                            fsr0h 0005  
                                          fsr1h 0007                                            indf0 0000  
                                          fsr0l 0004                                            indf1 0001  
                                          fsr1l 0006                                            btemp 007E  
                                          start 0037                                   processLIN@cmd 006D  
                               ?_LIN_breakCheck 0070                         __end_of_TMR0_Initialize 0531  
                ??_TMR0_DefaultInterruptHandler 0070                   __end_of_OSCILLATOR_Initialize 05C7  
                             LIN_sendPacket@pid 0079                           _eusart1RxStatusBuffer 0020  
                                         ?_main 0070                                 LIN_init@command 0072  
                                         i1l250 059F                                           i1l256 0608  
                                         i1l442 0035                                           i1l443 0035  
                                         i1l435 0013                                           i1l372 04BE  
                                         i1l382 03C1                                           i1l542 0578  
                                         i1l438 0026                                           i1l375 04C0  
                                         i1l392 060C                                           i1l386 051C  
                                         i1l395 0610                                           i1l548 062A  
                                         i1l389 062B                                 _TMR0_WriteTimer 05F5  
                                         _OSCEN 0891                                           _TMR0H 059D  
                                         _TMR0L 059C                                           _TRISA 0012  
                              __end_of_LIN_init 0508                           __end_of_LIN_stopTimer 05F5  
                     ?_TMR0_SetInterruptHandler 0070                            _EUSART1_Transmit_ISR 04A3  
                              __end_of_TMR0_ISR 0579                                  _WDT_Initialize 0611  
                        __end_of_LIN_sendPacket 0461                                  ?_EUSART1_Write 0070  
                                         pclath 000A                                  _LIN_startTimer 0586  
                                ??_EUSART1_Read 0070                                           status 0003  
                                         wtemp0 007E      __end_of_EUSART1_DefaultFramingErrorHandler 062C  
          ??_EUSART1_DefaultFramingErrorHandler 0070             ?_EUSART1_DefaultFramingErrorHandler 0070  
            _EUSART1_DefaultFramingErrorHandler 062B                                ?_LIN_getChecksum 0070  
                             __end_of_HIBEAM_ON 061D                     LIN_queuePacket@tempSchedule 0068  
                               __initialization 0038                                    ?_LIN_handler 0070  
                    __end_of_EUSART1_Initialize 0388                                    __end_of_main 05AA  
                   ?_INTERRUPT_InterruptManager 0070                                          ??_main 007E  
                                     ??_DRL_OFF 0070                           ?_EUSART1_Transmit_ISR 0070  
                        __end_of_WDT_Initialize 0614                              LIN_sendPacket@data 007A  
                                     ??_POS_OFF 0070                          __end_of_LIN_startTimer 0593  
                               ?_LIN_sendPacket 0079                                          _ANSELA 1F38  
                                        _T0CON0 059E                                          _T0CON1 059F  
                                        _RA0PPS 1F10                                          _RC1REG 0119  
                                        _RC1STA 011D                                          i1l2014 0593  
                                        i1l2016 059C                                          i1l2200 0006  
                                        i1l2050 0609                                          i1l2210 001F  
                                        i1l2202 000B                                          i1l2052 060D  
                                        i1l2212 002A                                          i1l2204 000F  
                                        i1l2214 002E                                          i1l2206 0017  
                                        i1l2160 04B4                                          i1l2208 001B  
                                        _ODCONA 1F3A                                          i1l2170 0393  
                                        i1l2162 04BA                                          i1l2154 04A3  
                                        i1l2180 03AE                                          i1l2172 0399  
                                        i1l2164 04BB                                          i1l2156 04AA  
                                        i1l2182 03B8                                          i1l2174 039E  
                                        i1l2166 0388                                          i1l2158 04B1  
                                        i1l2190 0573                                          i1l2184 03BE  
                                        i1l2176 03A3                                          i1l2168 038E  
                                        i1l2178 03A9                                          i1l2186 056A  
                                        i1l2188 056C                                          _DRL_ON 0620  
                                        i1l1890 0513                                          i1l1892 0519  
                                        i1l1894 051A                                          i1l1886 0508  
                                        i1l1888 0510                                          i1l1896 0604  
                                        i1l1898 0605                                          u150_20 059C  
                                        u150_21 059B                                          _INLVLA 1F3C  
                                        u129_20 0519                                          u129_21 0518  
                                        u170_20 03B8                                          u170_21 03B7  
                                        u171_20 0573                                          u171_21 0572  
                                        u172_20 000B                                          u172_21 000A  
                                        u173_20 000F                                          u173_21 000E  
                                        u166_20 04AA                                          u174_20 0017  
                                        u166_21 04A9                                          u174_21 0016  
                                        u167_20 04BA                                          u175_20 001B  
                                        u167_21 04B9                                          u175_21 001A  
                                        u168_20 0393                                          u176_20 001F  
                                        u168_21 0392                                          u176_21 001E  
                                        u169_20 03A3                                          u177_20 002A  
                                        u169_21 03A2                                          u177_21 0029  
                                        u178_20 002E                                          u178_21 002D  
                                        _OSCFRQ 0893                                          _RX1PPS 1ECB  
                                        _TX1REG 011A                                          _WDTCON 080C  
                                        _TX1STA 011E                                          _POS_ON 0614  
                               _LIN_processData 0062                                 _LIN_queuePacket 028A  
                       __end_of_TMR0_WriteTimer 05FA                        ?_EUSART1_SetErrorHandler 0070  
                                        _memcpy 0483                                ?_TMR0_Initialize 0070  
                                        _memset 04DB                                    ??_HIBEAM_OFF 0070  
              ??_EUSART1_SetOverrunErrorHandler 0072                 ?_EUSART1_SetOverrunErrorHandler 0070  
                               ?_WDT_Initialize 0070                                _LIN_rxInProgress 0043  
                               ??_EUSART1_Write 0070        TMR0_SetInterruptHandler@InterruptHandler 0070  
                               ?_LIN_startTimer 0070                                 _eusart1RxBuffer 0028  
                               _eusart1TxBuffer 0030                               _SYSTEM_Initialize 0531  
                       __end_of__initialization 004C                              ?_SYSTEM_Initialize 0070  
                            __end_of_HIBEAM_OFF 0620                                   ?_LIN_checkPID 0070  
                 __end_of_EUSART1_RxDataHandler 051D                                       ?_LIN_init 0072  
                                __pcstackCOMMON 0070                                   ?_LIN_enableRx 0070  
                              ??_LIN_calcParity 0070                                 LIN_sendPacket@i 007D  
                                  __pidataBANK0 0629                             ??_SYSTEM_Initialize 0077  
                                     ?_TMR0_ISR 0070                            __end_of_EUSART1_Read 043E  
                        LIN_handler@rxDataIndex 003F                          ??_EUSART1_Transmit_ISR 0070  
                             ?_LIN_getFromTable 0070                     __end_of_EUSART1_Receive_ISR 03C2  
                        LIN_handler@LIN_rxState 0040                              ??_LIN_getFromTable 0071  
                     __end_of_SYSTEM_Initialize 0544                                   _eusart1RxHead 003B  
                                 _eusart1TxHead 003E                                   _eusart1RxTail 003A  
                                    __pbssBANK0 0020                                      __pbssBANK1 00A0  
                                 _eusart1TxTail 003D               _EUSART1_TxDefaultInterruptHandler 005E  
                                       ?_DRL_ON 0070                 ??_EUSART1_SetRxInterruptHandler 0072  
                                       ?_POS_ON 0070                        ?_EUSART1_get_last_status 0070  
                              ??_LIN_breakCheck 0071                                  ??_LIN_checkPID 0077  
                   __end_of_LIN_setTimerHandler 05BB                         __end_of_LIN_queuePacket 02EC  
               __end_of_EUSART1_SetErrorHandler 05EB                                  ??_LIN_enableRx 0070  
                                    __pmaintext 05A0                                _LIN_timerHandler 0593  
                                    ??_LIN_init 0076                             LIN_getChecksum@data 0071  
              __end_of_TMR0_SetInterruptHandler 05CD                                      ??_TMR0_ISR 0070  
                                    __pintentry 0004                                ?_TMR0_WriteTimer 0070  
                                       ?_memcpy 0070                                         ?_memset 0070  
                         LIN_getChecksum@length 0075          __end_of_EUSART1_SetFramingErrorHandler 05E5  
                _EUSART1_SetFramingErrorHandler 05DF                                _LIN_timerRunning 0042  
                                       _DRL_OFF 0623                    ?_EUSART1_DefaultErrorHandler 0070  
                                       _SP1BRGH 011C                                         _SP1BRGL 011B  
                                       _OSCTUNE 0892                                         _SLRCONA 1F3B  
                                       _POS_OFF 0617                         LIN_getChecksum@checksum 0077  
                  __end_of_LIN_Slave_Initialize 0586                                       _HIBEAM_ON 061A  
                           _EUSART1_is_rx_ready 05AA                                         __ptext1 0531  
                                       __ptext2 0611                                         __ptext3 051D  
                                       __ptext4 0544                                         __ptext5 05C1  
                                       __ptext6 0579                                         __ptext7 04F2  
                                       __ptext8 05B3                                         __ptext9 05C7  
                         _OSCILLATOR_Initialize 05C1                                ??_LIN_sendPacket 007C  
                            _EUSART1_Initialize 034A                        ??_PIN_MANAGER_Initialize 0070  
                 ??_EUSART1_DefaultErrorHandler 0070                                         clrloop0 05BC  
               __end_of_EUSART1_get_last_status 0629                       LIN_getFromTable@rxCommand 0075  
                          end_of_initialization 004C                            ?_EUSART1_is_rx_ready 0070  
                           ?_EUSART1_Initialize 0070                                         memcpy@d 0077  
                                       memcpy@n 0074                                         memcpy@s 0078  
                                       memset@c 0072                                         memset@n 0074  
                                       memset@p 0076                     _EUSART1_OverrunErrorHandler 0058  
                              ?_LIN_queuePacket 0070           __end_of_EUSART1_SetRxInterruptHandler 05D9  
                 _EUSART1_SetRxInterruptHandler 05D3                               ??i1_LIN_stopTimer 0070  
                                 _LIN_getPacket 0461                                      ?_HIBEAM_ON 0070  
                                 _LIN_disableRx 05FF                            ??_EUSART1_Initialize 0072  
                              ??_WDT_Initialize 0070                               LIN_getPacket@data 0079  
                      _TMR0_SetInterruptHandler 05C7                                      _processLIN 020F  
                          __end_of_LIN_checkPID 04DB                             LIN_init@tableLength 0076  
                              ??_LIN_startTimer 0071                            __end_of_LIN_enableRx 05FF  
                                 _scheduleTable 05EB                             EUSART1_Write@txData 0070  
                         ??_EUSART1_is_rx_ready 0070                                  __end_of_DRL_ON 0623  
                                  _EUSART1_Read 041A                                  __end_of_POS_ON 0617  
                                 _LIN_rxCommand 0060                                  ?_LIN_getPacket 0079  
                                ?_LIN_disableRx 0070                                  __end_of_memcpy 04A3  
                        ?_OSCILLATOR_Initialize 0070                                  __end_of_memset 04F2  
                           start_initialization 0038                                   _LIN_stopTimer 05F0  
                      __end_of_LIN_timerHandler 05A0                            _LIN_Slave_Initialize 0579  
 EUSART1_SetRxInterruptHandler@interruptHandler 0070   EUSART1_SetTxInterruptHandler@interruptHandler 0070  
                         __end_of_EUSART1_Write 041A                                        ??_DRL_ON 0070  
                         LIN_startTimer@timeout 0071                                        ??_POS_ON 0070  
                             LIN_calcParity@CMD 0071                               LIN_calcParity@PID 0072  
                         _EUSART1_RxDataHandler 0508                                     ??_HIBEAM_ON 0070  
                ?_EUSART1_SetRxInterruptHandler 0070                                     __pdataBANK0 006E  
                                      ??_memcpy 0076                                        ??_memset 0076  
                          processLIN@tempRxData 0065                                      memset@dest 0070  
                                   ?_processLIN 0070                                  _eusart1RxCount 0039  
                           LIN_init@processData 0074                                        ?_DRL_OFF 0070  
                                ?_LIN_stopTimer 0070               _EUSART1_RxDefaultInterruptHandler 005C  
                                     ___latbits 0000                                   __pcstackBANK0 0065  
                                 __pcstackBANK1 00A8                               ??_LIN_getChecksum 0073  
                         ?_LIN_Slave_Initialize 0070                                        ?_POS_OFF 0070  
               ??_EUSART1_SetTxInterruptHandler 0072                ??_EUSART1_SetFramingErrorHandler 0072  
               ?_EUSART1_SetFramingErrorHandler 0070                           _TMR0_InterruptHandler 0054  
                                     __pnvBANK0 0054                                 ??_LIN_getPacket 007A  
                        _PIN_MANAGER_Initialize 0544                                   ??_LIN_handler 00A8  
                              LIN_getChecksum@i 0076                                 ??_LIN_disableRx 0070  
                            LIN_getChecksum@pid 0070                            LIN_sendPacket@length 007C  
                  ??_INTERRUPT_InterruptManager 0070                                       _lampFlags 0045  
                                      _BAUD1CON 011F                                       _lampState 0046  
    __end_of_EUSART1_DefaultOverrunErrorHandler 060D            ??_EUSART1_DefaultOverrunErrorHandler 0070  
           ?_EUSART1_DefaultOverrunErrorHandler 0070              _EUSART1_DefaultOverrunErrorHandler 0609  
                          _EUSART1_ErrorHandler 0056                         _EUSART1_SetErrorHandler 05E5  
                               LIN_checkPID@pid 0077                                 i1_LIN_stopTimer 0604  
                             ??_TMR0_Initialize 0072                                        _LATAbits 0018  
       EUSART1_SetErrorHandler@interruptHandler 0070                                       clear_ram0 05BB  
                                      _PIE0bits 0716                                        _PIE1bits 0717  
                                  _LIN_checkPID 04C1                      ??_TMR0_SetInterruptHandler 0072  
                                      _PIR0bits 070C                                        _PIR1bits 070D  
                                      _LIN_init 04F2                          ?_EUSART1_RxDataHandler 0070  
                                  _LIN_enableRx 05FA                                        _TMR0_ISR 056A  
                              LIN_getPacket@cmd 007A                             __end_of_LIN_handler 0189  
                               ??_LIN_stopTimer 0070                          ??_LIN_Slave_Initialize 0077  
                         EUSART1_Read@readValue 0070                                _LIN_getFromTable 02EC  
         __end_of_EUSART1_SetTxInterruptHandler 05D3                   _EUSART1_SetTxInterruptHandler 05CD  
                                     memcpy@tmp 0076                         ??_OSCILLATOR_Initialize 0070  
                       _EUSART1_get_last_status 0626                                      _HIBEAM_OFF 061D  
                     ??_EUSART1_SetErrorHandler 0072             __end_of_EUSART1_DefaultErrorHandler 0611  
                   _EUSART1_DefaultErrorHandler 060D                     __end_of_EUSART1_is_rx_ready 05B3  
                                    _T0CON0bits 059E                         __end_ofi1_LIN_stopTimer 0609  
                                      __ptext10 034A                                        __ptext11 05CD  
                                      __ptext20 0461                                        __ptext12 05D3  
                                      __ptext21 04DB                                        __ptext13 05D9  
                                      __ptext30 0483                                        __ptext22 061A  
                                      __ptext14 05DF                                        __ptext31 043E  
                                      __ptext23 061D                                        __ptext15 05E5  
                                      __ptext40 0626                                        __ptext32 03C2  
                                      __ptext24 0620                                        __ptext16 004F  
                                      __ptext41 041A                                        __ptext33 03F4  
                                      __ptext25 0623                                        __ptext17 020F  
                                      __ptext50 0609                                        __ptext42 05AA  
                                      __ptext34 05FA                                        __ptext26 05F0  
                                      __ptext18 0614                                        __ptext51 062B  
                                      __ptext35 05FF                                        __ptext27 0586  
                                      __ptext19 0617                                        __ptext52 060D  
                                      __ptext44 056A                                        __ptext36 04C1  
                                      __ptext28 05F5                                        __ptext53 0508  
                                      __ptext45 0593                                        __ptext37 02EC  
                                      __ptext29 028A                                        __ptext46 062A  
                                      __ptext38 0189                                        __ptext47 0604  
                                      __ptext39 0557                                        __ptext48 04A3  
                                      __ptext49 0388                               ?_LIN_timerHandler 0070  
                       TMR0_WriteTimer@timerVal 0070                              ??_LIN_timerHandler 0070  
                             ??_TMR0_WriteTimer 0070                          LIN_getFromTable@length 0074  
          __end_of_TMR0_DefaultInterruptHandler 062B                    _TMR0_DefaultInterruptHandler 062A  
                                   _SIGNAL_Data 00A0                                      _RC1STAbits 011D  
                           _LIN_rxCommandLength 0064  EUSART1_SetOverrunErrorHandler@interruptHandler 0070  
                                   _LIN_handler 004F                                        int$flags 007E  
                               _LIN_getChecksum 03C2              __end_of_INTERRUPT_InterruptManager 0037  
                    _INTERRUPT_InterruptManager 0004                     _EUSART1_FramingErrorHandler 005A  
                           _EUSART1_Receive_ISR 0388                                    ??_processLIN 007B  
                                   _LIN_timeout 006E                                  _LIN_calcParity 0189  
                                    _INTCONbits 000B                                        memcpy@d1 0070  
                                      memcpy@s1 0072                             _LIN_setTimerHandler 05B3  
                                      intlevel1 0000                                   _CountCallBack 0041  
                          ?_EUSART1_Receive_ISR 0070                         ?_PIN_MANAGER_Initialize 0070  
        __end_of_EUSART1_SetOverrunErrorHandler 05DF                  _EUSART1_SetOverrunErrorHandler 05D9  
                         LIN_getFromTable@param 0070                    __end_of_EUSART1_Transmit_ISR 04C1  
                            __end_of_processLIN 028A                   ?_TMR0_DefaultInterruptHandler 0070  
                     ??_EUSART1_get_last_status 0070                                      _LIN_packet 0047  
                          ?_LIN_setTimerHandler 0070  EUSART1_SetFramingErrorHandler@interruptHandler 0070  
                ?_EUSART1_SetTxInterruptHandler 0070                                  _LIN_breakCheck 0557  
                                   ?_HIBEAM_OFF 0070                              _eusart1RxLastError 0038  
                        __end_of_LIN_calcParity 020F                                   __pstringtext1 05EB  
                            LIN_queuePacket@cmd 0066                                 _TMR0_Initialize 051D  
                             ??_LIN_queuePacket 0065                                ?i1_LIN_stopTimer 0070  
                                    _TX1STAbits 011E                           ??_EUSART1_Receive_ISR 0070  
                __end_of_PIN_MANAGER_Initialize 0557                             LIN_getFromTable@cmd 0073  
                              LIN_queuePacket@i 0067                         ??_EUSART1_RxDataHandler 0070  
                                 _lampFlags_old 0044                         __end_of_LIN_getChecksum 03F4  
